# Blender 4.1.1
# www.blender.org
mtllib aimpoint.mtl
o Cube
v 1.507035 1.441092 -0.638683
v 1.507035 -1.439420 -0.638683
v 1.507035 1.441092 0.558860
v 1.507035 -1.439420 0.558860
v -1.507035 1.441092 -0.638683
v -1.507035 -1.439420 -0.638683
v -1.507035 1.441092 0.558860
v -1.507035 -1.439420 0.558860
v -1.507035 -1.439420 -0.039911
v 0.000000 -1.439420 -0.638683
v 1.507035 0.000836 -0.638683
v -1.507035 0.000836 0.558860
v 1.507035 0.000836 0.558860
v -1.507035 0.000836 -0.638683
v 0.000000 1.441092 0.558860
v 1.507035 1.441092 -0.039911
v 0.000000 -1.439420 0.558860
v -1.507035 1.441092 -0.039911
v 0.000000 1.441092 -0.638683
v 1.507035 -1.439420 -0.039911
v 1.507035 0.000836 -0.039911
v -1.507035 0.000836 -0.039911
v 0.000000 1.441092 -0.039911
v -1.507035 -1.439420 0.259474
v -0.753517 -1.439420 -0.638683
v 1.507035 -0.719292 -0.638683
v -1.507035 0.720964 0.558860
v 1.507035 -0.719292 0.558860
v -1.507035 -0.719292 -0.638683
v -0.753517 1.441092 0.558860
v 1.507035 1.441092 0.259474
v 0.753517 -1.439420 0.558860
v -1.507035 1.441092 -0.339297
v 0.753517 1.441092 -0.638683
v 1.507035 -1.439420 -0.339297
v -1.507035 -1.439420 -0.339297
v 0.753517 -1.439420 -0.638683
v 1.507035 0.720964 -0.638683
v -1.507035 -0.719292 0.558860
v 1.507035 0.720964 0.558860
v -1.507035 0.720964 -0.638683
v 0.753517 1.441092 0.558860
v 1.507035 1.441092 -0.339297
v -0.753517 -1.439420 0.558860
v -1.507035 1.441092 0.259474
v -0.753517 1.441092 -0.638683
v 1.507035 -1.439420 0.259474
v 1.507035 0.000836 0.259474
v 1.507035 0.000836 -0.339297
v 1.507035 -0.719292 -0.039911
v 1.507035 0.720964 -0.039911
v -1.507035 0.000836 -0.339297
v -1.507035 0.000836 0.259474
v -1.507035 -0.719292 -0.039911
v -1.507035 0.720964 -0.039911
v 0.000000 1.441092 0.259474
v 0.000000 1.441092 -0.339297
v 0.753517 1.441092 -0.039911
v -0.753517 1.441092 -0.039911
v -0.753517 1.441092 -0.339297
v 0.753517 1.441092 -0.339297
v 0.753517 1.441092 0.259474
v -1.507035 0.720964 0.259474
v -1.507035 -0.719292 0.259474
v -1.507035 -0.719292 -0.339297
v 1.507035 0.720964 -0.339297
v 1.507035 -0.719292 -0.339297
v 1.507035 -0.719292 0.259474
v 1.507035 0.720964 0.259474
v -1.507035 0.720964 -0.339297
v -0.753517 1.441092 0.259474
v -1.507035 -1.439420 0.409167
v -1.130276 -1.439420 -0.638683
v 1.507035 -1.079356 -0.638683
v -1.507035 1.081028 0.558860
v 1.507035 -1.079356 0.558860
v -1.507035 -1.079356 -0.638683
v -1.130276 1.441092 0.558860
v 1.507035 1.441092 0.409167
v 1.130276 -1.439420 0.558860
v -1.507035 1.441092 -0.488990
v 1.130276 1.441092 -0.638683
v 1.507035 -1.439420 -0.488990
v -1.507035 -1.439420 -0.189604
v 0.376759 -1.439420 -0.638683
v 1.507035 0.360900 -0.638683
v -1.507035 -0.359228 0.558860
v 1.507035 0.360900 0.558860
v -1.507035 0.360900 -0.638683
v 0.376759 1.441092 0.558860
v 1.507035 1.441092 -0.189604
v -0.376759 -1.439420 0.558860
v -1.507035 1.441092 0.109781
v -0.376759 1.441092 -0.638683
v 1.507035 -1.439420 0.109781
v 0.000000 -1.079356 -0.638677
v 1.507035 0.000836 0.409167
v 1.507035 0.000836 -0.189604
v 1.507035 -1.079356 -0.039911
v 1.507035 0.360900 -0.039911
v -1.507035 0.000836 -0.488990
v -1.507035 0.000836 0.109781
v -1.507035 -1.079356 -0.039911
v -1.507035 0.360900 -0.039911
v 0.000000 -1.079356 0.558860
v 0.000000 1.441092 0.409167
v 0.000000 1.441092 -0.189604
v 1.130276 1.441092 -0.039911
v -0.376759 1.441092 -0.039911
v -1.507035 -1.439420 0.109781
v -0.376759 -1.439420 -0.638683
v 1.507035 -0.359228 -0.638683
v -1.507035 0.360900 0.558860
v 1.507035 -0.359228 0.558860
v -1.507035 -0.359228 -0.638683
v -0.376759 1.441092 0.558860
v 1.507035 1.441092 0.109781
v 0.376759 -1.439420 0.558860
v -1.507035 1.441092 -0.189604
v 0.376759 1.441092 -0.638683
v 1.507035 -1.439420 -0.189604
v -1.507035 -1.439420 -0.488990
v 1.130276 -1.439420 -0.638683
v 1.507035 1.081028 -0.638683
v -1.507035 -1.079356 0.558860
v 1.507035 1.081028 0.558860
v -1.507035 1.081028 -0.638683
v 1.130276 1.441092 0.558860
v 1.507035 1.441092 -0.488990
v -1.130276 -1.439420 0.558860
v -1.507035 1.441092 0.409167
v -1.130276 1.441092 -0.638683
v 1.507035 -1.439420 0.409167
v 1.507035 0.000836 0.109781
v 1.507035 0.000836 -0.488990
v 1.507035 -0.359228 -0.039911
v 1.507035 1.081028 -0.039911
v -1.507035 0.000836 -0.189604
v -1.507035 0.000836 0.409167
v -1.507035 -0.359228 -0.039911
v -1.507035 1.081028 -0.039911
v 0.000000 1.441092 0.109781
v 0.000000 1.441092 -0.488990
v 0.376759 1.441092 -0.039911
v -1.130276 1.441092 -0.039911
v -0.753517 1.441092 -0.189604
v -0.753517 1.441092 -0.488990
v -0.376759 1.441092 -0.339297
v -1.130276 1.441092 -0.339297
v 0.753517 1.441092 -0.189604
v 0.753517 1.441092 -0.488990
v 1.130276 1.441092 -0.339297
v 0.376759 1.441092 -0.339297
v 0.753517 1.441092 0.409167
v 0.753517 1.441092 0.109781
v 1.130276 1.441092 0.259474
v 0.376759 1.441092 0.259474
v 0.753517 -1.079356 0.558860
v -0.753517 -1.079356 0.558860
v -1.507035 0.720964 0.109781
v -1.507035 0.720964 0.409167
v -1.507035 0.360900 0.259474
v -1.507035 1.081028 0.259474
v -1.507035 -0.719292 0.109781
v -1.507035 -0.719292 0.409167
v -1.507035 -1.079356 0.259474
v -1.507035 -0.359228 0.259474
v -1.507035 -0.719292 -0.488990
v -1.507035 -0.719292 -0.189604
v -1.507035 -1.079356 -0.339297
v -1.507035 -0.359228 -0.339297
v 1.507035 0.720964 -0.189604
v 1.507035 0.720964 -0.488990
v 1.507035 0.360900 -0.339297
v 1.507035 1.081028 -0.339297
v 1.507035 -0.719292 -0.189604
v 1.507035 -0.719292 -0.488990
v 1.507035 -1.079356 -0.339297
v 1.507035 -0.359228 -0.339297
v 1.507035 -0.719292 0.409167
v 1.507035 -0.719292 0.109781
v 1.507035 -1.079356 0.259474
v 1.507035 -0.359228 0.259474
v -0.753517 -1.079356 -0.638677
v 0.753517 -1.079356 -0.638677
v 1.507035 0.720964 0.409167
v 1.507035 0.720964 0.109781
v 1.507035 0.360900 0.259474
v 1.507035 1.081028 0.259474
v -1.507035 0.720964 -0.488990
v -1.507035 0.720964 -0.189604
v -1.507035 0.360900 -0.339297
v -1.507035 1.081028 -0.339297
v -0.753517 1.441092 0.409167
v -0.753517 1.441092 0.109781
v -0.376759 1.441092 0.259474
v -1.130276 1.441092 0.259474
v -1.130276 1.441092 0.109781
v -0.376759 1.441092 0.109781
v -0.376759 1.441092 0.409167
v -1.507035 1.081028 -0.189604
v -1.507035 0.360900 -0.189604
v -1.507035 0.360900 -0.488990
v 1.507035 1.081028 0.109781
v 1.507035 0.360900 0.109781
v 1.507035 0.360900 0.409167
v 0.376759 -1.079356 -0.638677
v 1.130276 -1.079356 -0.638677
v -1.130276 -1.079356 -0.638677
v -0.376759 -1.079356 -0.638677
v 1.507035 -0.359228 0.109781
v 1.507035 -1.079356 0.109781
v 1.507035 -1.079356 0.409167
v 1.507035 -0.359228 -0.488990
v 1.507035 -1.079356 -0.488990
v 1.507035 -1.079356 -0.189604
v 1.507035 1.081028 -0.488990
v 1.507035 0.360900 -0.488990
v 1.507035 0.360900 -0.189604
v -1.507035 -0.359228 -0.189604
v -1.507035 -1.079356 -0.189604
v -1.507035 -1.079356 -0.488990
v -1.507035 -0.359228 0.409167
v -1.507035 -1.079356 0.409167
v -1.507035 -1.079356 0.109781
v -1.507035 1.081028 0.409167
v -1.507035 0.360900 0.409167
v -1.507035 0.360900 0.109781
v -0.376759 -1.079356 0.558860
v -1.130276 -1.079356 0.558860
v 1.130276 -1.079356 0.558860
v 0.376759 -1.079356 0.558860
v 0.376759 1.441092 0.109781
v 1.130276 1.441092 0.109781
v 1.130276 1.441092 0.409167
v 0.376759 1.441092 -0.488990
v 1.130276 1.441092 -0.488990
v 1.130276 1.441092 -0.189604
v -1.130276 1.441092 -0.488990
v -0.376759 1.441092 -0.488990
v -0.376759 1.441092 -0.189604
v -1.130276 1.441092 -0.189604
v 0.376759 1.441092 -0.189604
v 0.376759 1.441092 0.409167
v -1.507035 1.081028 0.109781
v -1.507035 -0.359228 0.109781
v -1.507035 -0.359228 -0.488990
v 1.507035 1.081028 -0.189604
v 1.507035 -0.359228 -0.189604
v 1.507035 -0.359228 0.409167
v 1.507035 1.081028 0.409167
v -1.507035 1.081028 -0.488990
v -1.130276 1.441092 0.409167
v -1.507035 -1.439420 0.484013
v -1.318655 -1.439420 -0.638683
v 1.507035 -1.259388 -0.638683
v -1.507035 1.261060 0.558860
v 1.507035 -1.259388 0.558860
v -1.507035 -1.259388 -0.638683
v -1.318655 1.441092 0.558860
v 1.507035 1.441092 0.484013
v 1.318655 -1.439420 0.558860
v -1.507035 1.441092 -0.563836
v 1.318655 1.441092 -0.638683
v 1.507035 -1.439420 -0.563836
v -1.507035 -1.439420 -0.114758
v 0.188379 -1.439420 -0.638683
v 1.507035 0.180868 -0.638683
v -1.507035 -0.179196 0.558860
v 1.507035 0.180868 0.558860
v -1.507035 0.180868 -0.638683
v 0.188379 1.441092 0.558860
v 1.507035 1.441092 -0.114758
v -0.188379 -1.439420 0.558860
v -1.507035 1.441092 0.034935
v -0.188379 1.441092 -0.638683
v 1.507035 -1.439420 0.034935
v 1.318655 0.000836 -0.638683
v 0.000000 -1.259388 -0.638683
v 1.507035 0.000836 0.484013
v 1.507035 0.000836 -0.114758
v 1.507035 -1.259388 -0.039911
v 1.507035 0.180868 -0.039911
v -1.507035 0.000836 -0.563836
v -1.507035 0.000836 0.034935
v -1.507035 -1.259388 -0.039911
v -1.507035 0.180868 -0.039911
v -1.318655 0.000836 0.558860
v 0.000000 -1.259388 0.558860
v 0.000000 1.441092 0.484013
v 0.000000 1.441092 -0.114758
v 1.318655 1.441092 -0.039911
v -0.188379 1.441092 -0.039911
v -1.507035 -1.439420 0.184628
v -0.565138 -1.439420 -0.638683
v 1.507035 -0.539260 -0.638683
v -1.507035 0.540932 0.558860
v 1.507035 -0.539260 0.558860
v -1.507035 -0.539260 -0.638683
v -0.565138 1.441092 0.558860
v 1.507035 1.441092 0.184628
v 0.565138 -1.439420 0.558860
v -1.507035 1.441092 -0.264451
v 0.565138 1.441092 -0.638683
v 1.507035 -1.439420 -0.264451
v -1.507035 -1.439420 -0.414143
v 0.941897 -1.439420 -0.638683
v 1.507035 0.900996 -0.638683
v -1.507035 -0.899324 0.558860
v 1.507035 0.900996 0.558860
v -1.507035 0.900996 -0.638683
v 0.941897 1.441092 0.558860
v 1.507035 1.441092 -0.414143
v -0.941897 -1.439420 0.558860
v -1.507035 1.441092 0.334321
v -0.941897 1.441092 -0.638683
v 1.507035 -1.439420 0.334321
v 1.507035 0.000836 0.184628
v 1.507035 0.000836 -0.414143
v 1.507035 -0.539260 -0.039911
v 1.507035 0.900996 -0.039911
v -1.507035 0.000836 -0.264451
v -1.507035 0.000836 0.334321
v -1.507035 -0.539260 -0.039911
v -1.507035 0.900996 -0.039911
v 0.000000 1.441092 0.184628
v 0.000000 1.441092 -0.414143
v 0.565138 1.441092 -0.039911
v -0.941897 1.441092 -0.039911
v -0.753517 1.441092 -0.114758
v -0.753517 1.441092 -0.414143
v -0.188379 1.441092 -0.339297
v -0.941897 1.441092 -0.339297
v 0.753517 1.441092 -0.114758
v 0.753517 1.441092 -0.414143
v 1.318655 1.441092 -0.339297
v 0.565138 1.441092 -0.339297
v 0.753517 1.441092 0.484013
v 0.753517 1.441092 0.184628
v 1.318655 1.441092 0.259474
v 0.565138 1.441092 0.259474
v 0.753517 -1.259388 0.558860
v -1.318655 -0.719292 0.558860
v -0.753517 -1.259388 0.558860
v -1.507035 0.720964 0.034935
v -1.507035 0.720964 0.334321
v -1.507035 0.180868 0.259474
v -1.507035 0.900996 0.259474
v -1.507035 -0.719292 0.034935
v -1.507035 -0.719292 0.334321
v -1.507035 -1.259388 0.259474
v -1.507035 -0.539260 0.259474
v -1.507035 -0.719292 -0.563836
v -1.507035 -0.719292 -0.264451
v -1.507035 -1.259388 -0.339297
v -1.507035 -0.539260 -0.339297
v 1.507035 0.720964 -0.114758
v 1.507035 0.720964 -0.414143
v 1.507035 0.180868 -0.339297
v 1.507035 0.900996 -0.339297
v 1.507035 -0.719292 -0.114758
v 1.507035 -0.719292 -0.414143
v 1.507035 -1.259388 -0.339297
v 1.507035 -0.539260 -0.339297
v 1.507035 -0.719292 0.484013
v 1.507035 -0.719292 0.184628
v 1.507035 -1.259388 0.259474
v 1.507035 -0.539260 0.259474
v -0.753517 -1.259388 -0.638683
v 1.318655 -0.719292 -0.638683
v 0.753517 -1.259388 -0.638683
v 1.318655 0.720964 -0.638683
v 1.507035 0.720964 0.484013
v 1.507035 0.720964 0.184628
v 1.507035 0.180868 0.259474
v 1.507035 0.900996 0.259474
v -1.507035 0.720964 -0.563836
v -1.507035 0.720964 -0.264451
v -1.507035 0.180868 -0.339297
v -1.507035 0.900996 -0.339297
v -1.318655 0.720964 0.558860
v -0.753517 1.441092 0.484013
v -0.753517 1.441092 0.184628
v -0.188379 1.441092 0.259474
v -0.941897 1.441092 0.259474
v -1.507035 -1.439420 0.334321
v -0.941897 -1.439420 -0.638683
v 1.507035 -0.899324 -0.638683
v -1.507035 0.900996 0.558860
v 1.507035 -0.899324 0.558860
v -1.507035 -0.899324 -0.638683
v -0.941897 1.441092 0.558860
v 1.507035 1.441092 0.334321
v 0.941897 -1.439420 0.558860
v -1.507035 1.441092 -0.414143
v 0.941897 1.441092 -0.638683
v 1.507035 -1.439420 -0.414143
v -1.507035 -1.439420 -0.264451
v 0.565138 -1.439420 -0.638683
v 1.507035 0.540932 -0.638683
v -1.507035 -0.539260 0.558860
v 1.507035 0.540932 0.558860
v -1.507035 0.540932 -0.638683
v 0.565138 1.441092 0.558860
v 1.507035 1.441092 -0.264451
v -0.565138 -1.439420 0.558860
v -1.507035 1.441092 0.184628
v -0.565138 1.441092 -0.638683
v 1.507035 -1.439420 0.184628
v 1.507035 0.000836 0.334321
v 1.507035 0.000836 -0.264451
v 1.507035 -0.899324 -0.039911
v 1.507035 0.540932 -0.039911
v -1.507035 0.000836 -0.414143
v -1.507035 0.000836 0.184628
v -1.507035 -0.899324 -0.039911
v -1.507035 0.540932 -0.039911
v 0.000000 -0.899324 0.558860
v 0.000000 1.441092 0.334321
v 0.000000 1.441092 -0.264451
v 0.941897 1.441092 -0.039911
v -0.565138 1.441092 -0.039911
v -1.507035 -1.439420 0.034935
v -0.188379 -1.439420 -0.638683
v 1.507035 -0.179196 -0.638683
v -1.507035 0.180868 0.558860
v 1.507035 -0.179196 0.558860
v -1.507035 -0.179196 -0.638683
v -0.188379 1.441092 0.558860
v 1.507035 1.441092 0.034935
v 0.188379 -1.439420 0.558860
v -1.507035 1.441092 -0.114758
v 0.188379 1.441092 -0.638683
v 1.507035 -1.439420 -0.114758
v -1.507035 -1.439420 -0.563836
v 1.318655 -1.439420 -0.638683
v 1.507035 1.261060 -0.638683
v -1.507035 -1.259388 0.558860
v 1.507035 1.261060 0.558860
v -1.507035 1.261060 -0.638683
v 1.318655 1.441092 0.558860
v 1.507035 1.441092 -0.563836
v -1.318655 -1.439420 0.558860
v -1.507035 1.441092 0.484013
v -1.318655 1.441092 -0.638683
v 1.507035 -1.439420 0.484013
v -1.318655 0.000836 -0.638683
v 0.000000 1.261060 -0.638677
v 1.507035 0.000836 0.034935
v 1.507035 0.000836 -0.563836
v 1.507035 -0.179196 -0.039911
v 1.507035 1.261060 -0.039911
v -1.507035 0.000836 -0.114758
v -1.507035 0.000836 0.484013
v -1.507035 -0.179196 -0.039911
v -1.507035 1.261060 -0.039911
v 1.318655 0.000836 0.558860
v 0.000000 1.261060 0.558860
v 0.000000 1.441092 0.034935
v 0.000000 1.441092 -0.563836
v 0.188379 1.441092 -0.039911
v -1.318655 1.441092 -0.039911
v -0.753517 1.441092 -0.264451
v -0.753517 1.441092 -0.563836
v -0.565138 1.441092 -0.339297
v -1.318655 1.441092 -0.339297
v 0.753517 1.441092 -0.264451
v 0.753517 1.441092 -0.563836
v 0.941897 1.441092 -0.339297
v 0.188379 1.441092 -0.339297
v 0.753517 1.441092 0.334321
v 0.753517 1.441092 0.034935
v 0.941897 1.441092 0.259474
v 0.188379 1.441092 0.259474
v 1.318655 0.720964 0.558860
v 0.753517 1.261060 0.558860
v 1.318655 -0.719292 0.558860
v 0.753517 -0.899324 0.558860
v -0.753517 -0.899324 0.558860
v -1.507035 0.720964 0.184628
v -1.507035 0.720964 0.484013
v -1.507035 0.540932 0.259474
v -1.507035 1.261060 0.259474
v -1.507035 -0.719292 0.184628
v -1.507035 -0.719292 0.484013
v -1.507035 -0.899324 0.259474
v -1.507035 -0.179196 0.259474
v -1.507035 -0.719292 -0.414143
v -1.507035 -0.719292 -0.114758
v -1.507035 -0.899324 -0.339297
v -1.507035 -0.179196 -0.339297
v 1.507035 0.720964 -0.264451
v 1.507035 0.720964 -0.563836
v 1.507035 0.540932 -0.339297
v 1.507035 1.261060 -0.339297
v 1.507035 -0.719292 -0.264451
v 1.507035 -0.719292 -0.563836
v 1.507035 -0.899324 -0.339297
v 1.507035 -0.179196 -0.339297
v 1.507035 -0.719292 0.334321
v 1.507035 -0.719292 0.034935
v 1.507035 -0.899324 0.259474
v 1.507035 -0.179196 0.259474
v -1.318655 0.720964 -0.638683
v -0.753517 1.261060 -0.638677
v -1.318655 -0.719292 -0.638683
v 0.753517 1.261060 -0.638677
v 1.507035 0.720964 0.334321
v 1.507035 0.720964 0.034935
v 1.507035 0.540932 0.259474
v 1.507035 1.261060 0.259474
v -1.507035 0.720964 -0.414143
v -1.507035 0.720964 -0.114758
v -1.507035 0.540932 -0.339297
v -1.507035 1.261060 -0.339297
v -0.753517 1.261060 0.558860
v -0.753517 1.441092 0.334321
v -0.753517 1.441092 0.034935
v -0.565138 1.441092 0.259474
v -1.318655 1.441092 0.259474
v -1.130276 1.441092 0.184628
v -1.130276 1.441092 0.034935
v -0.941897 1.441092 0.109781
v -1.318655 1.441092 0.109781
v -0.376759 1.441092 0.184628
v -0.376759 1.441092 0.034935
v -0.188379 1.441092 0.109781
v -0.565138 1.441092 0.109781
v -0.376759 1.441092 0.484013
v -0.376759 1.441092 0.334321
v -0.188379 1.441092 0.409167
v -0.565138 1.441092 0.409167
v -0.376759 1.261060 0.558860
v -1.318655 0.360900 0.558860
v -1.507035 1.081028 -0.264451
v -1.507035 1.081028 -0.114758
v -1.507035 0.900996 -0.189604
v -1.507035 1.261060 -0.189604
v -1.507035 0.360900 -0.264451
v -1.507035 0.360900 -0.114758
v -1.507035 0.180868 -0.189604
v -1.507035 0.540932 -0.189604
v -1.507035 0.360900 -0.563836
v -1.507035 0.360900 -0.414143
v -1.507035 0.180868 -0.488990
v -1.507035 0.540932 -0.488990
v 1.507035 1.081028 0.184628
v 1.507035 1.081028 0.034935
v 1.507035 0.900996 0.109781
v 1.507035 1.261060 0.109781
v 1.507035 0.360900 0.184628
v 1.507035 0.360900 0.034935
v 1.507035 0.180868 0.109781
v 1.507035 0.540932 0.109781
v 1.507035 0.360900 0.484013
v 1.507035 0.360900 0.334321
v 1.507035 0.180868 0.409167
v 1.507035 0.540932 0.409167
v 0.376759 1.261060 -0.638677
v 1.318655 0.360900 -0.638683
v 0.565138 -1.079356 -0.638677
v 0.188379 -1.079356 -0.638677
v 0.376759 -1.259388 -0.638683
v 1.318655 -1.079356 -0.638683
v 0.941897 -1.079356 -0.638677
v 1.130276 -1.259388 -0.638683
v -1.318655 -0.359228 -0.638683
v -0.941897 -1.079356 -0.638677
v -1.318655 -1.079356 -0.638683
v -1.130276 -1.259388 -0.638683
v -0.188379 -1.079356 -0.638677
v -0.565138 -1.079356 -0.638677
v -0.376759 -1.259388 -0.638683
v -1.318655 1.081028 -0.638683
v -1.130276 1.261060 -0.638677
v -1.318655 0.360900 -0.638683
v 1.507035 -0.359228 0.184628
v 1.507035 -0.359228 0.034935
v 1.507035 -0.539260 0.109781
v 1.507035 -0.179196 0.109781
v 1.507035 -1.079356 0.184628
v 1.507035 -1.079356 0.034935
v 1.507035 -1.259388 0.109781
v 1.507035 -0.899324 0.109781
v 1.507035 -1.079356 0.484013
v 1.507035 -1.079356 0.334321
v 1.507035 -1.259388 0.409167
v 1.507035 -0.899324 0.409167
v 1.507035 -0.359228 -0.414143
v 1.507035 -0.359228 -0.563836
v 1.507035 -0.539260 -0.488990
v 1.507035 -0.179196 -0.488990
v 1.507035 -1.079356 -0.414143
v 1.507035 -1.079356 -0.563836
v 1.507035 -1.259388 -0.488990
v 1.507035 -0.899324 -0.488990
v 1.507035 -1.079356 -0.114758
v 1.507035 -1.079356 -0.264451
v 1.507035 -1.259388 -0.189604
v 1.507035 -0.899324 -0.189604
v 1.507035 1.081028 -0.414143
v 1.507035 1.081028 -0.563836
v 1.507035 0.900996 -0.488990
v 1.507035 1.261060 -0.488990
v 1.507035 0.360900 -0.414143
v 1.507035 0.360900 -0.563836
v 1.507035 0.180868 -0.488990
v 1.507035 0.540932 -0.488990
v 1.507035 0.360900 -0.114758
v 1.507035 0.360900 -0.264451
v 1.507035 0.180868 -0.189604
v 1.507035 0.540932 -0.189604
v -1.507035 -0.359228 -0.264451
v -1.507035 -0.359228 -0.114758
v -1.507035 -0.539260 -0.189604
v -1.507035 -0.179196 -0.189604
v -1.507035 -1.079356 -0.264451
v -1.507035 -1.079356 -0.114758
v -1.507035 -1.259388 -0.189604
v -1.507035 -0.899324 -0.189604
v -1.507035 -1.079356 -0.563836
v -1.507035 -1.079356 -0.414143
v -1.507035 -1.259388 -0.488990
v -1.507035 -0.899324 -0.488990
v -1.507035 -0.359228 0.334321
v -1.507035 -0.359228 0.484013
v -1.507035 -0.539260 0.409167
v -1.507035 -0.179196 0.409167
v -1.507035 -1.079356 0.334321
v -1.507035 -1.079356 0.484013
v -1.507035 -1.259388 0.409167
v -1.507035 -0.899324 0.409167
v -1.507035 -1.079356 0.034935
v -1.507035 -1.079356 0.184628
v -1.507035 -1.259388 0.109781
v -1.507035 -0.899324 0.109781
v -1.507035 1.081028 0.334321
v -1.507035 1.081028 0.484013
v -1.507035 0.900996 0.409167
v -1.507035 1.261060 0.409167
v -1.507035 0.360900 0.334321
v -1.507035 0.360900 0.484013
v -1.507035 0.180868 0.409167
v -1.507035 0.540932 0.409167
v -1.507035 0.360900 0.034935
v -1.507035 0.360900 0.184628
v -1.507035 0.180868 0.109781
v -1.507035 0.540932 0.109781
v -0.565138 -1.079356 0.558860
v -0.188379 -1.079356 0.558860
v -0.376759 -1.259388 0.558860
v -0.376759 -0.899324 0.558860
v -1.318655 -1.079356 0.558860
v -0.941897 -1.079356 0.558860
v -1.130276 -1.259388 0.558860
v -1.130276 -0.899324 0.558860
v 1.318655 -0.359228 0.558860
v 0.941897 -1.079356 0.558860
v 1.318655 -1.079356 0.558860
v 1.130276 -1.259388 0.558860
v 1.130276 -0.899324 0.558860
v 0.188379 -1.079356 0.558860
v 0.565138 -1.079356 0.558860
v 0.376759 -1.259388 0.558860
v 0.376759 -0.899324 0.558860
v 1.318655 1.081028 0.558860
v 1.130276 1.261060 0.558860
v 1.318655 0.360900 0.558860
v 0.376759 1.441092 0.184628
v 0.376759 1.441092 0.034935
v 0.565138 1.441092 0.109781
v 0.188379 1.441092 0.109781
v 1.130276 1.441092 0.184628
v 1.130276 1.441092 0.034935
v 1.318655 1.441092 0.109781
v 0.941897 1.441092 0.109781
v 1.130276 1.441092 0.484013
v 1.130276 1.441092 0.334321
v 1.318655 1.441092 0.409167
v 0.941897 1.441092 0.409167
v 0.376759 1.441092 -0.414143
v 0.376759 1.441092 -0.563836
v 0.565138 1.441092 -0.488990
v 0.188379 1.441092 -0.488990
v 1.130276 1.441092 -0.414143
v 1.130276 1.441092 -0.563836
v 1.318655 1.441092 -0.488990
v 0.941897 1.441092 -0.488990
v 1.130276 1.441092 -0.114758
v 1.130276 1.441092 -0.264451
v 1.318655 1.441092 -0.189604
v 0.941897 1.441092 -0.189604
v -1.130276 1.441092 -0.414143
v -1.130276 1.441092 -0.563836
v -0.941897 1.441092 -0.488990
v -1.318655 1.441092 -0.488990
v -0.376759 1.441092 -0.414143
v -0.376759 1.441092 -0.563836
v -0.188379 1.441092 -0.488990
v -0.565138 1.441092 -0.488990
v -0.376759 1.441092 -0.114758
v -0.376759 1.441092 -0.264451
v -0.188379 1.441092 -0.189604
v -0.565138 1.441092 -0.189604
v -1.130276 1.441092 -0.114758
v -1.130276 1.441092 -0.264451
v -0.941897 1.441092 -0.189604
v -1.318655 1.441092 -0.189604
v 0.376759 1.441092 -0.114758
v 0.376759 1.441092 -0.264451
v 0.565138 1.441092 -0.189604
v 0.188379 1.441092 -0.189604
v 0.376759 1.441092 0.484013
v 0.376759 1.441092 0.334321
v 0.565138 1.441092 0.409167
v 0.188379 1.441092 0.409167
v 0.376759 1.261060 0.558860
v -1.318655 -0.359228 0.558860
v -1.507035 1.081028 0.034935
v -1.507035 1.081028 0.184628
v -1.507035 0.900996 0.109781
v -1.507035 1.261060 0.109781
v -1.507035 -0.359228 0.034935
v -1.507035 -0.359228 0.184628
v -1.507035 -0.539260 0.109781
v -1.507035 -0.179196 0.109781
v -1.507035 -0.359228 -0.563836
v -1.507035 -0.359228 -0.414143
v -1.507035 -0.539260 -0.488990
v -1.507035 -0.179196 -0.488990
v 1.507035 1.081028 -0.114758
v 1.507035 1.081028 -0.264451
v 1.507035 0.900996 -0.189604
v 1.507035 1.261060 -0.189604
v 1.507035 -0.359228 -0.114758
v 1.507035 -0.359228 -0.264451
v 1.507035 -0.539260 -0.189604
v 1.507035 -0.179196 -0.189604
v 1.507035 -0.359228 0.484013
v 1.507035 -0.359228 0.334321
v 1.507035 -0.539260 0.409167
v 1.507035 -0.179196 0.409167
v -0.376759 1.261060 -0.638677
v 1.318655 -0.359228 -0.638683
v 1.318655 1.081028 -0.638683
v 1.130276 1.261060 -0.638677
v 1.507035 1.081028 0.484013
v 1.507035 1.081028 0.334321
v 1.507035 0.900996 0.409167
v 1.507035 1.261060 0.409167
v -1.507035 1.081028 -0.563836
v -1.507035 1.081028 -0.414143
v -1.507035 0.900996 -0.488990
v -1.507035 1.261060 -0.488990
v -1.318655 1.081028 0.558860
v -1.130276 1.261060 0.558860
v -1.130276 1.441092 0.484013
v -1.130276 1.441092 0.334321
v -0.941897 1.441092 0.409167
v -1.318655 1.441092 0.409167
v -1.318655 1.441092 0.334321
v -0.941897 1.441092 0.334321
v -0.941897 1.441092 0.484013
v -0.941897 1.261060 0.558860
v -1.318655 0.900996 0.558860
v -1.507035 1.261060 -0.414143
v -1.507035 0.900996 -0.414143
v -1.507035 0.900996 -0.563836
v 1.507035 1.261060 0.334321
v 1.507035 0.900996 0.334321
v 1.507035 0.900996 0.484013
v 0.941897 1.261060 -0.638677
v 1.318655 0.900996 -0.638683
v 1.318655 -0.539260 -0.638683
v -0.565138 1.261060 -0.638677
v 1.507035 -0.179196 0.334321
v 1.507035 -0.539260 0.334321
v 1.507035 -0.539260 0.484013
v 1.507035 -0.179196 -0.264451
v 1.507035 -0.539260 -0.264451
v 1.507035 -0.539260 -0.114758
v 1.507035 1.261060 -0.264451
v 1.507035 0.900996 -0.264451
v 1.507035 0.900996 -0.114758
v -1.507035 -0.179196 -0.414143
v -1.507035 -0.539260 -0.414143
v -1.507035 -0.539260 -0.563836
v -1.507035 -0.179196 0.184628
v -1.507035 -0.539260 0.184628
v -1.507035 -0.539260 0.034935
v -1.507035 1.261060 0.184628
v -1.507035 0.900996 0.184628
v -1.507035 0.900996 0.034935
v -1.318655 -0.539260 0.558860
v 0.565138 1.261060 0.558860
v 0.188379 1.441092 0.334321
v 0.565138 1.441092 0.334321
v 0.565138 1.441092 0.484013
v 0.188379 1.441092 -0.264451
v 0.565138 1.441092 -0.264451
v 0.565138 1.441092 -0.114758
v -1.318655 1.441092 -0.264451
v -0.941897 1.441092 -0.264451
v -0.941897 1.441092 -0.114758
v -0.565138 1.441092 -0.264451
v -0.188379 1.441092 -0.264451
v -0.188379 1.441092 -0.114758
v -0.565138 1.441092 -0.563836
v -0.188379 1.441092 -0.563836
v -0.188379 1.441092 -0.414143
v -1.318655 1.441092 -0.563836
v -0.941897 1.441092 -0.563836
v -0.941897 1.441092 -0.414143
v 0.941897 1.441092 -0.264451
v 1.318655 1.441092 -0.264451
v 1.318655 1.441092 -0.114758
v 0.941897 1.441092 -0.563836
v 1.318655 1.441092 -0.563836
v 1.318655 1.441092 -0.414143
v 0.188379 1.441092 -0.563836
v 0.565138 1.441092 -0.563836
v 0.565138 1.441092 -0.414143
v 0.941897 1.441092 0.334321
v 1.318655 1.441092 0.334321
v 1.318655 1.441092 0.484013
v 0.941897 1.441092 0.034935
v 1.318655 1.441092 0.034935
v 1.318655 1.441092 0.184628
v 0.188379 1.441092 0.034935
v 0.565138 1.441092 0.034935
v 0.565138 1.441092 0.184628
v 1.318655 0.540932 0.558860
v 1.318655 0.180868 0.558860
v 1.318655 1.261060 0.558860
v 1.318655 0.900996 0.558860
v 0.565138 -0.899324 0.558860
v 0.565138 -1.259388 0.558860
v 0.188379 -1.259388 0.558860
v 1.318655 -0.899324 0.558860
v 1.318655 -1.259388 0.558860
v 0.941897 -1.259388 0.558860
v 1.318655 -0.179196 0.558860
v 1.318655 -0.539260 0.558860
v -0.941897 -0.899324 0.558860
v -0.941897 -1.259388 0.558860
v -1.318655 -1.259388 0.558860
v -0.188379 -0.899324 0.558860
v -0.188379 -1.259388 0.558860
v -0.565138 -1.259388 0.558860
v -1.507035 0.540932 0.184628
v -1.507035 0.180868 0.184628
v -1.507035 0.180868 0.034935
v -1.507035 0.540932 0.484013
v -1.507035 0.180868 0.484013
v -1.507035 0.180868 0.334321
v -1.507035 1.261060 0.484013
v -1.507035 0.900996 0.484013
v -1.507035 0.900996 0.334321
v -1.507035 -0.899324 0.184628
v -1.507035 -1.259388 0.184628
v -1.507035 -1.259388 0.034935
v -1.507035 -0.899324 0.484013
v -1.507035 -1.259388 0.484013
v -1.507035 -1.259388 0.334321
v -1.507035 -0.179196 0.484013
v -1.507035 -0.539260 0.484013
v -1.507035 -0.539260 0.334321
v -1.507035 -0.899324 -0.414143
v -1.507035 -1.259388 -0.414143
v -1.507035 -1.259388 -0.563836
v -1.507035 -0.899324 -0.114758
v -1.507035 -1.259388 -0.114758
v -1.507035 -1.259388 -0.264451
v -1.507035 -0.179196 -0.114758
v -1.507035 -0.539260 -0.114758
v -1.507035 -0.539260 -0.264451
v 1.507035 0.540932 -0.264451
v 1.507035 0.180868 -0.264451
v 1.507035 0.180868 -0.114758
v 1.507035 0.540932 -0.563836
v 1.507035 0.180868 -0.563836
v 1.507035 0.180868 -0.414143
v 1.507035 1.261060 -0.563836
v 1.507035 0.900996 -0.563836
v 1.507035 0.900996 -0.414143
v 1.507035 -0.899324 -0.264451
v 1.507035 -1.259388 -0.264451
v 1.507035 -1.259388 -0.114758
v 1.507035 -0.899324 -0.563836
v 1.507035 -1.259388 -0.563836
v 1.507035 -1.259388 -0.414143
v 1.507035 -0.179196 -0.563836
v 1.507035 -0.539260 -0.563836
v 1.507035 -0.539260 -0.414143
v 1.507035 -0.899324 0.334321
v 1.507035 -1.259388 0.334321
v 1.507035 -1.259388 0.484013
v 1.507035 -0.899324 0.034935
v 1.507035 -1.259388 0.034935
v 1.507035 -1.259388 0.184628
v 1.507035 -0.179196 0.034935
v 1.507035 -0.539260 0.034935
v 1.507035 -0.539260 0.184628
v -1.318655 0.540932 -0.638683
v -1.318655 0.180868 -0.638683
v -1.318655 1.261060 -0.638683
v -1.318655 0.900996 -0.638683
v -0.565138 -1.259388 -0.638683
v -0.188379 -1.259388 -0.638683
v -1.318655 -0.899324 -0.638683
v -1.318655 -1.259388 -0.638683
v -0.941897 -1.259388 -0.638683
v -1.318655 -0.179196 -0.638683
v -1.318655 -0.539260 -0.638683
v 0.941897 -1.259388 -0.638683
v 1.318655 -1.259388 -0.638683
v 0.188379 -1.259388 -0.638683
v 0.565138 -1.259388 -0.638683
v 1.318655 0.180868 -0.638683
v 0.188379 1.261060 -0.638677
v 1.507035 0.540932 0.334321
v 1.507035 0.180868 0.334321
v 1.507035 0.180868 0.484013
v 1.507035 0.540932 0.034935
v 1.507035 0.180868 0.034935
v 1.507035 0.180868 0.184628
v 1.507035 1.261060 0.034935
v 1.507035 0.900996 0.034935
v 1.507035 0.900996 0.184628
v -1.507035 0.540932 -0.414143
v -1.507035 0.180868 -0.414143
v -1.507035 0.180868 -0.563836
v -1.507035 0.540932 -0.114758
v -1.507035 0.180868 -0.114758
v -1.507035 0.180868 -0.264451
v -1.507035 1.261060 -0.114758
v -1.507035 0.900996 -0.114758
v -1.507035 0.900996 -0.264451
v -1.318655 0.180868 0.558860
v -0.188379 1.261060 0.558860
v -0.565138 1.441092 0.334321
v -0.188379 1.441092 0.334321
v -0.188379 1.441092 0.484013
v -0.565138 1.441092 0.034935
v -0.188379 1.441092 0.034935
v -0.188379 1.441092 0.184628
v -1.318655 1.441092 0.034935
v -0.941897 1.441092 0.034935
v -0.941897 1.441092 0.184628
v -1.318655 1.441092 0.184628
v -0.565138 1.441092 0.184628
v -0.565138 1.441092 0.484013
v -0.565138 1.261060 0.558860
v -1.318655 0.540932 0.558860
v -1.507035 1.261060 -0.264451
v -1.507035 0.540932 -0.264451
v -1.507035 0.540932 -0.563836
v 1.507035 1.261060 0.184628
v 1.507035 0.540932 0.184628
v 1.507035 0.540932 0.484013
v 0.565138 1.261060 -0.638677
v 1.318655 0.540932 -0.638683
v 1.318655 -0.899324 -0.638683
v -0.941897 1.261060 -0.638677
v 1.507035 -0.179196 0.184628
v 1.507035 -0.899324 0.184628
v 1.507035 -0.899324 0.484013
v 1.507035 -0.179196 -0.414143
v 1.507035 -0.899324 -0.414143
v 1.507035 -0.899324 -0.114758
v 1.507035 1.261060 -0.414143
v 1.507035 0.540932 -0.414143
v 1.507035 0.540932 -0.114758
v -1.507035 -0.179196 -0.264451
v -1.507035 -0.899324 -0.264451
v -1.507035 -0.899324 -0.563836
v -1.507035 -0.179196 0.334321
v -1.507035 -0.899324 0.334321
v -1.507035 -0.899324 0.034935
v -1.507035 1.261060 0.334321
v -1.507035 0.540932 0.334321
v -1.507035 0.540932 0.034935
v -0.565138 -0.899324 0.558860
v -1.318655 -0.899324 0.558860
v 0.941897 -0.899324 0.558860
v 0.188379 -0.899324 0.558860
v 0.941897 1.261060 0.558860
v 0.188379 1.441092 0.184628
v 0.941897 1.441092 0.184628
v 0.941897 1.441092 0.484013
v 0.188379 1.441092 -0.414143
v 0.941897 1.441092 -0.414143
v 0.941897 1.441092 -0.114758
v -1.318655 1.441092 -0.414143
v -0.565138 1.441092 -0.414143
v -0.565138 1.441092 -0.114758
v -1.318655 1.441092 -0.114758
v 0.188379 1.441092 -0.114758
v 0.188379 1.441092 0.484013
v 0.188379 1.261060 0.558860
v -1.318655 -0.179196 0.558860
v -1.507035 1.261060 0.034935
v -1.507035 -0.179196 0.034935
v -1.507035 -0.179196 -0.563836
v 1.507035 1.261060 -0.114758
v 1.507035 -0.179196 -0.114758
v 1.507035 -0.179196 0.484013
v -0.188379 1.261060 -0.638677
v 1.318655 -0.179196 -0.638683
v 1.318655 1.261060 -0.638683
v 1.507035 1.261060 0.484013
v -1.507035 1.261060 -0.563836
v -1.318655 1.261060 0.558860
v -1.318655 1.441092 0.484013
v -1.507035 -1.439420 0.521437
v -1.412845 -1.439420 -0.638683
v 1.507035 -1.349404 -0.638683
v -1.507035 1.351076 0.558860
v 1.507035 -1.349404 0.558860
v -1.507035 -1.349404 -0.638683
v -1.412845 1.441092 0.558860
v 1.507035 1.441092 0.521437
v 1.412845 -1.439420 0.558860
v -1.507035 1.441092 -0.601259
v 1.412845 1.441092 -0.638683
v 1.507035 -1.439420 -0.601259
v -1.507035 -1.439420 -0.077335
v 0.094190 -1.439420 -0.638683
v 1.507035 0.090852 -0.638683
v -1.507035 -0.089180 0.558860
v 1.507035 0.090852 0.558860
v -1.507035 0.090852 -0.638683
v 0.094190 1.441092 0.558860
v 1.507035 1.441092 -0.077335
v -0.094190 -1.439420 0.558860
v -1.507035 1.441092 -0.002488
v -0.094190 1.441092 -0.638683
v 1.507035 -1.439420 -0.002488
v 1.412845 0.000836 -0.638683
v 0.000000 -1.349404 -0.638683
v 1.507035 0.000836 0.521437
v 1.507035 0.000836 -0.077335
v 1.507035 -1.349404 -0.039911
v 1.507035 0.090852 -0.039911
v -1.507035 0.000836 -0.601259
v -1.507035 0.000836 -0.002488
v -1.507035 -1.349404 -0.039911
v -1.507035 0.090852 -0.039911
v -1.412845 0.000836 0.558860
v 0.000000 -1.349404 0.558860
v 0.000000 1.441092 0.521437
v 0.000000 1.441092 -0.077335
v 1.412845 1.441092 -0.039911
v -0.094190 1.441092 -0.039911
v -1.507035 -1.439420 0.222051
v -0.659328 -1.439420 -0.638683
v 1.507035 -0.629276 -0.638683
v -1.507035 0.630948 0.558860
v 1.507035 -0.629276 0.558860
v -1.507035 -0.629276 -0.638683
v -0.659328 1.441092 0.558860
v 1.507035 1.441092 0.222051
v 0.659328 -1.439420 0.558860
v -1.507035 1.441092 -0.301874
v 0.659328 1.441092 -0.638683
v 1.507035 -1.439420 -0.301874
v -1.507035 -1.439420 -0.376720
v 0.847707 -1.439420 -0.638683
v 1.507035 0.810980 -0.638683
v -1.507035 -0.809308 0.558860
v 1.507035 0.810980 0.558860
v -1.507035 0.810980 -0.638683
v 0.847707 1.441092 0.558860
v 1.507035 1.441092 -0.376720
v -0.847707 -1.439420 0.558860
v -1.507035 1.441092 0.296897
v -0.847707 1.441092 -0.638683
v 1.507035 -1.439420 0.296897
v 1.507035 0.000836 0.222051
v 1.507035 0.000836 -0.376720
v 1.507035 -0.629276 -0.039911
v 1.507035 0.810980 -0.039911
v -1.507035 0.000836 -0.301874
v -1.507035 0.000836 0.296897
v -1.507035 -0.629276 -0.039911
v -1.507035 0.810980 -0.039911
v 0.000000 1.441092 0.222051
v 0.000000 1.441092 -0.376720
v 0.659328 1.441092 -0.039911
v -0.847707 1.441092 -0.039911
v -0.753517 1.441092 -0.077335
v -0.753517 1.441092 -0.376720
v -0.094190 1.441092 -0.339297
v -0.847707 1.441092 -0.339297
v 0.753517 1.441092 -0.077335
v 0.753517 1.441092 -0.376720
v 1.412845 1.441092 -0.339297
v 0.659328 1.441092 -0.339297
v 0.753517 1.441092 0.521437
v 0.753517 1.441092 0.222051
v 1.412845 1.441092 0.259474
v 0.659328 1.441092 0.259474
v 0.753517 -1.349404 0.558860
v -1.412845 -0.719292 0.558860
v -0.753517 -1.349404 0.558860
v -1.507035 0.720964 -0.002488
v -1.507035 0.720964 0.296897
v -1.507035 0.090852 0.259474
v -1.507035 0.810980 0.259474
v -1.507035 -0.719292 -0.002488
v -1.507035 -0.719292 0.296897
v -1.507035 -1.349404 0.259474
v -1.507035 -0.629276 0.259474
v -1.507035 -0.719292 -0.601259
v -1.507035 -0.719292 -0.301874
v -1.507035 -1.349404 -0.339297
v -1.507035 -0.629276 -0.339297
v 1.507035 0.720964 -0.077335
v 1.507035 0.720964 -0.376720
v 1.507035 0.090852 -0.339297
v 1.507035 0.810980 -0.339297
v 1.507035 -0.719292 -0.077335
v 1.507035 -0.719292 -0.376720
v 1.507035 -1.349404 -0.339297
v 1.507035 -0.629276 -0.339297
v 1.507035 -0.719292 0.521437
v 1.507035 -0.719292 0.222051
v 1.507035 -1.349404 0.259474
v 1.507035 -0.629276 0.259474
v -0.753517 -1.349404 -0.638683
v 1.412845 -0.719292 -0.638683
v 0.753517 -1.349404 -0.638683
v 1.412845 0.720964 -0.638683
v 1.507035 0.720964 0.521437
v 1.507035 0.720964 0.222051
v 1.507035 0.090852 0.259474
v 1.507035 0.810980 0.259474
v -1.507035 0.720964 -0.601259
v -1.507035 0.720964 -0.301874
v -1.507035 0.090852 -0.339297
v -1.507035 0.810980 -0.339297
v -1.412845 0.720964 0.558860
v -0.753517 1.441092 0.521437
v -0.753517 1.441092 0.222051
v -0.094190 1.441092 0.259474
v -0.847707 1.441092 0.259474
v -1.507035 -1.439420 0.371744
v -1.036086 -1.439420 -0.638683
v 1.507035 -0.989340 -0.638683
v -1.507035 0.991012 0.558860
v 1.507035 -0.989340 0.558860
v -1.507035 -0.989340 -0.638683
v -1.036086 1.441092 0.558860
v 1.507035 1.441092 0.371744
v 1.036086 -1.439420 0.558860
v -1.507035 1.441092 -0.451567
v 1.036086 1.441092 -0.638683
v 1.507035 -1.439420 -0.451567
v -1.507035 -1.439420 -0.227027
v 0.470948 -1.439420 -0.638683
v 1.507035 0.450916 -0.638683
v -1.507035 -0.449244 0.558860
v 1.507035 0.450916 0.558860
v -1.507035 0.450916 -0.638683
v 0.470948 1.441092 0.558860
v 1.507035 1.441092 -0.227027
v -0.470948 -1.439420 0.558860
v -1.507035 1.441092 0.147205
v -0.470948 1.441092 -0.638683
v 1.507035 -1.439420 0.147205
v 1.507035 0.000836 0.371744
v 1.507035 0.000836 -0.227027
v 1.507035 -0.989340 -0.039911
v 1.507035 0.450916 -0.039911
v -1.507035 0.000836 -0.451567
v -1.507035 0.000836 0.147205
v -1.507035 -0.989340 -0.039911
v -1.507035 0.450916 -0.039911
v 0.000000 -0.989340 0.558860
v 0.000000 1.441092 0.371744
v 0.000000 1.441092 -0.227027
v 1.036086 1.441092 -0.039911
v -0.470948 1.441092 -0.039911
v -1.507035 -1.439420 0.072358
v -0.282569 -1.439420 -0.638683
v 1.507035 -0.269212 -0.638683
v -1.507035 0.270884 0.558860
v 1.507035 -0.269212 0.558860
v -1.507035 -0.269212 -0.638683
v -0.282569 1.441092 0.558860
v 1.507035 1.441092 0.072358
v 0.282569 -1.439420 0.558860
v -1.507035 1.441092 -0.152181
v 0.282569 1.441092 -0.638683
v 1.507035 -1.439420 -0.152181
v -1.507035 -1.439420 -0.526413
v 1.224466 -1.439420 -0.638683
v 1.507035 1.171044 -0.638683
v -1.507035 -1.169372 0.558860
v 1.507035 1.171044 0.558860
v -1.507035 1.171044 -0.638683
v 1.224466 1.441092 0.558860
v 1.507035 1.441092 -0.526413
v -1.224466 -1.439420 0.558860
v -1.507035 1.441092 0.446590
v -1.224466 1.441092 -0.638683
v 1.507035 -1.439420 0.446590
v -1.224466 0.000836 -0.638677
v 1.507035 0.000836 0.072358
v 1.507035 0.000836 -0.526413
v 1.507035 -0.269212 -0.039911
v 1.507035 1.171044 -0.039911
v -1.507035 0.000836 -0.152181
v -1.507035 0.000836 0.446590
v -1.507035 -0.269212 -0.039911
v -1.507035 1.171044 -0.039911
v 1.224466 0.000836 0.558860
v 0.000000 1.441092 0.072358
v 0.000000 1.441092 -0.526413
v 0.282569 1.441092 -0.039911
v -1.224466 1.441092 -0.039911
v -0.753517 1.441092 -0.227027
v -0.753517 1.441092 -0.526413
v -0.470948 1.441092 -0.339297
v -1.224466 1.441092 -0.339297
v 0.753517 1.441092 -0.227027
v 0.753517 1.441092 -0.526413
v 1.036086 1.441092 -0.339297
v 0.282569 1.441092 -0.339297
v 0.753517 1.441092 0.371744
v 0.753517 1.441092 0.072358
v 1.036086 1.441092 0.259474
v 0.282569 1.441092 0.259474
v 1.224466 0.720964 0.558860
v 1.224466 -0.719292 0.558860
v 0.753517 -0.989340 0.558860
v -0.753517 -0.989340 0.558860
v -1.507035 0.720964 0.147205
v -1.507035 0.720964 0.446590
v -1.507035 0.450916 0.259474
v -1.507035 1.171044 0.259474
v -1.507035 -0.719292 0.147205
v -1.507035 -0.719292 0.446590
v -1.507035 -0.989340 0.259474
v -1.507035 -0.269212 0.259474
v -1.507035 -0.719292 -0.451567
v -1.507035 -0.719292 -0.152181
v -1.507035 -0.989340 -0.339297
v -1.507035 -0.269212 -0.339297
v 1.507035 0.720964 -0.227027
v 1.507035 0.720964 -0.526413
v 1.507035 0.450916 -0.339297
v 1.507035 1.171044 -0.339297
v 1.507035 -0.719292 -0.227027
v 1.507035 -0.719292 -0.526413
v 1.507035 -0.989340 -0.339297
v 1.507035 -0.269212 -0.339297
v 1.507035 -0.719292 0.371744
v 1.507035 -0.719292 0.072358
v 1.507035 -0.989340 0.259474
v 1.507035 -0.269212 0.259474
v -1.224466 0.720964 -0.638677
v -1.224466 -0.719292 -0.638677
v 1.507035 0.720964 0.371744
v 1.507035 0.720964 0.072358
v 1.507035 0.450916 0.259474
v 1.507035 1.171044 0.259474
v -1.507035 0.720964 -0.451567
v -1.507035 0.720964 -0.152181
v -1.507035 0.450916 -0.339297
v -1.507035 1.171044 -0.339297
v -0.753517 1.441092 0.371744
v -0.753517 1.441092 0.072358
v -0.470948 1.441092 0.259474
v -1.224466 1.441092 0.259474
v -1.130276 1.441092 0.222051
v -1.130276 1.441092 0.072358
v -0.847707 1.441092 0.109781
v -1.224466 1.441092 0.109781
v -0.376759 1.441092 0.222051
v -0.376759 1.441092 0.072358
v -0.094190 1.441092 0.109781
v -0.470948 1.441092 0.109781
v -0.376759 1.441092 0.521437
v -0.376759 1.441092 0.371744
v -0.094190 1.441092 0.409167
v -0.470948 1.441092 0.409167
v -1.412845 0.360900 0.558860
v -1.507035 1.081028 -0.301874
v -1.507035 1.081028 -0.152181
v -1.507035 0.810980 -0.189604
v -1.507035 1.171044 -0.189604
v -1.507035 0.360900 -0.301874
v -1.507035 0.360900 -0.152181
v -1.507035 0.090852 -0.189604
v -1.507035 0.450916 -0.189604
v -1.507035 0.360900 -0.601259
v -1.507035 0.360900 -0.451567
v -1.507035 0.090852 -0.488990
v -1.507035 0.450916 -0.488990
v 1.507035 1.081028 0.222051
v 1.507035 1.081028 0.072358
v 1.507035 0.810980 0.109781
v 1.507035 1.171044 0.109781
v 1.507035 0.360900 0.222051
v 1.507035 0.360900 0.072358
v 1.507035 0.090852 0.109781
v 1.507035 0.450916 0.109781
v 1.507035 0.360900 0.521437
v 1.507035 0.360900 0.371744
v 1.507035 0.090852 0.409167
v 1.507035 0.450916 0.409167
v 1.412845 0.360900 -0.638683
v 0.659328 -1.079356 -0.638677
v 0.282569 -1.079356 -0.638677
v 0.376759 -1.349404 -0.638683
v 1.412845 -1.079356 -0.638683
v 1.036086 -1.079356 -0.638677
v 1.130276 -1.349404 -0.638683
v -1.224466 -0.359228 -0.638677
v -0.847707 -1.079356 -0.638677
v -1.224466 -1.079356 -0.638677
v -1.130276 -1.349404 -0.638683
v -0.094190 -1.079356 -0.638677
v -0.470948 -1.079356 -0.638677
v -0.376759 -1.349404 -0.638683
v -1.224466 1.081028 -0.638677
v -1.224466 0.360900 -0.638677
v 1.507035 -0.359228 0.222051
v 1.507035 -0.359228 0.072358
v 1.507035 -0.629276 0.109781
v 1.507035 -0.269212 0.109781
v 1.507035 -1.079356 0.222051
v 1.507035 -1.079356 0.072358
v 1.507035 -1.349404 0.109781
v 1.507035 -0.989340 0.109781
v 1.507035 -1.079356 0.521437
v 1.507035 -1.079356 0.371744
v 1.507035 -1.349404 0.409167
v 1.507035 -0.989340 0.409167
v 1.507035 -0.359228 -0.376720
v 1.507035 -0.359228 -0.526413
v 1.507035 -0.629276 -0.488990
v 1.507035 -0.269212 -0.488990
v 1.507035 -1.079356 -0.376720
v 1.507035 -1.079356 -0.526413
v 1.507035 -1.349404 -0.488990
v 1.507035 -0.989340 -0.488990
v 1.507035 -1.079356 -0.077335
v 1.507035 -1.079356 -0.227027
v 1.507035 -1.349404 -0.189604
v 1.507035 -0.989340 -0.189604
v 1.507035 1.081028 -0.376720
v 1.507035 1.081028 -0.526413
v 1.507035 0.810980 -0.488990
v 1.507035 1.171044 -0.488990
v 1.507035 0.360900 -0.376720
v 1.507035 0.360900 -0.526413
v 1.507035 0.090852 -0.488990
v 1.507035 0.450916 -0.488990
v 1.507035 0.360900 -0.077335
v 1.507035 0.360900 -0.227027
v 1.507035 0.090852 -0.189604
v 1.507035 0.450916 -0.189604
v -1.507035 -0.359228 -0.301874
v -1.507035 -0.359228 -0.152181
v -1.507035 -0.629276 -0.189604
v -1.507035 -0.269212 -0.189604
v -1.507035 -1.079356 -0.301874
v -1.507035 -1.079356 -0.152181
v -1.507035 -1.349404 -0.189604
v -1.507035 -0.989340 -0.189604
v -1.507035 -1.079356 -0.601259
v -1.507035 -1.079356 -0.451567
v -1.507035 -1.349404 -0.488990
v -1.507035 -0.989340 -0.488990
v -1.507035 -0.359228 0.296897
v -1.507035 -0.359228 0.446590
v -1.507035 -0.629276 0.409167
v -1.507035 -0.269212 0.409167
v -1.507035 -1.079356 0.296897
v -1.507035 -1.079356 0.446590
v -1.507035 -1.349404 0.409167
v -1.507035 -0.989340 0.409167
v -1.507035 -1.079356 -0.002488
v -1.507035 -1.079356 0.147205
v -1.507035 -1.349404 0.109781
v -1.507035 -0.989340 0.109781
v -1.507035 1.081028 0.296897
v -1.507035 1.081028 0.446590
v -1.507035 0.810980 0.409167
v -1.507035 1.171044 0.409167
v -1.507035 0.360900 0.296897
v -1.507035 0.360900 0.446590
v -1.507035 0.090852 0.409167
v -1.507035 0.450916 0.409167
v -1.507035 0.360900 -0.002488
v -1.507035 0.360900 0.147205
v -1.507035 0.090852 0.109781
v -1.507035 0.450916 0.109781
v -0.659328 -1.079356 0.558860
v -0.282569 -1.079356 0.558860
v -0.376759 -1.349404 0.558860
v -0.376759 -0.989340 0.558860
v -1.412845 -1.079356 0.558860
v -1.036086 -1.079356 0.558860
v -1.130276 -1.349404 0.558860
v -1.130276 -0.989340 0.558860
v 1.224466 -0.359228 0.558860
v 0.847707 -1.079356 0.558860
v 1.224466 -1.079356 0.558860
v 1.130276 -1.349404 0.558860
v 1.130276 -0.989340 0.558860
v 0.094190 -1.079356 0.558860
v 0.470948 -1.079356 0.558860
v 0.376759 -1.349404 0.558860
v 0.376759 -0.989340 0.558860
v 1.224466 1.081028 0.558860
v 1.224466 0.360900 0.558860
v 0.376759 1.441092 0.222051
v 0.376759 1.441092 0.072358
v 0.659328 1.441092 0.109781
v 0.282569 1.441092 0.109781
v 1.130276 1.441092 0.222051
v 1.130276 1.441092 0.072358
v 1.412845 1.441092 0.109781
v 1.036086 1.441092 0.109781
v 1.130276 1.441092 0.521437
v 1.130276 1.441092 0.371744
v 1.412845 1.441092 0.409167
v 1.036086 1.441092 0.409167
v 0.376759 1.441092 -0.376720
v 0.376759 1.441092 -0.526413
v 0.659328 1.441092 -0.488990
v 0.282569 1.441092 -0.488990
v 1.130276 1.441092 -0.376720
v 1.130276 1.441092 -0.526413
v 1.412845 1.441092 -0.488990
v 1.036086 1.441092 -0.488990
v 1.130276 1.441092 -0.077335
v 1.130276 1.441092 -0.227027
v 1.412845 1.441092 -0.189604
v 1.036086 1.441092 -0.189604
v -1.130276 1.441092 -0.376720
v -1.130276 1.441092 -0.526413
v -0.847707 1.441092 -0.488990
v -1.224466 1.441092 -0.488990
v -0.376759 1.441092 -0.376720
v -0.376759 1.441092 -0.526413
v -0.094190 1.441092 -0.488990
v -0.470948 1.441092 -0.488990
v -0.376759 1.441092 -0.077335
v -0.376759 1.441092 -0.227027
v -0.094190 1.441092 -0.189604
v -0.470948 1.441092 -0.189604
v -1.130276 1.441092 -0.077335
v -1.130276 1.441092 -0.227027
v -0.847707 1.441092 -0.189604
v -1.224466 1.441092 -0.189604
v 0.376759 1.441092 -0.077335
v 0.376759 1.441092 -0.227027
v 0.659328 1.441092 -0.189604
v 0.282569 1.441092 -0.189604
v 0.376759 1.441092 0.521437
v 0.376759 1.441092 0.371744
v 0.659328 1.441092 0.409167
v 0.282569 1.441092 0.409167
v -1.412845 -0.359228 0.558860
v -1.507035 1.081028 -0.002488
v -1.507035 1.081028 0.147205
v -1.507035 0.810980 0.109781
v -1.507035 1.171044 0.109781
v -1.507035 -0.359228 -0.002488
v -1.507035 -0.359228 0.147205
v -1.507035 -0.629276 0.109781
v -1.507035 -0.269212 0.109781
v -1.507035 -0.359228 -0.601259
v -1.507035 -0.359228 -0.451567
v -1.507035 -0.629276 -0.488990
v -1.507035 -0.269212 -0.488990
v 1.507035 1.081028 -0.077335
v 1.507035 1.081028 -0.227027
v 1.507035 0.810980 -0.189604
v 1.507035 1.171044 -0.189604
v 1.507035 -0.359228 -0.077335
v 1.507035 -0.359228 -0.227027
v 1.507035 -0.629276 -0.189604
v 1.507035 -0.269212 -0.189604
v 1.507035 -0.359228 0.521437
v 1.507035 -0.359228 0.371744
v 1.507035 -0.629276 0.409167
v 1.507035 -0.269212 0.409167
v 1.412845 -0.359228 -0.638683
v 1.412845 1.081028 -0.638683
v 1.507035 1.081028 0.521437
v 1.507035 1.081028 0.371744
v 1.507035 0.810980 0.409167
v 1.507035 1.171044 0.409167
v -1.507035 1.081028 -0.601259
v -1.507035 1.081028 -0.451567
v -1.507035 0.810980 -0.488990
v -1.507035 1.171044 -0.488990
v -1.412845 1.081028 0.558860
v -1.130276 1.441092 0.521437
v -1.130276 1.441092 0.371744
v -0.847707 1.441092 0.409167
v -1.224466 1.441092 0.409167
v -1.507035 -1.439420 0.446590
v -1.224466 -1.439420 -0.638683
v 1.507035 -1.169372 -0.638683
v -1.507035 1.171044 0.558860
v 1.507035 -1.169372 0.558860
v -1.507035 -1.169372 -0.638683
v -1.224466 1.441092 0.558860
v 1.507035 1.441092 0.446590
v 1.224466 -1.439420 0.558860
v -1.507035 1.441092 -0.526413
v 1.224466 1.441092 -0.638683
v 1.507035 -1.439420 -0.526413
v -1.507035 -1.439420 -0.152181
v 0.282569 -1.439420 -0.638683
v 1.507035 0.270884 -0.638683
v -1.507035 -0.269212 0.558860
v 1.507035 0.270884 0.558860
v -1.507035 0.270884 -0.638683
v 0.282569 1.441092 0.558860
v 1.507035 1.441092 -0.152181
v -0.282569 -1.439420 0.558860
v -1.507035 1.441092 0.072358
v -0.282569 1.441092 -0.638683
v 1.507035 -1.439420 0.072358
v 1.224466 0.000836 -0.638677
v 0.000000 -1.169372 -0.638683
v 1.507035 0.000836 0.446590
v 1.507035 0.000836 -0.152181
v 1.507035 -1.169372 -0.039911
v 1.507035 0.270884 -0.039911
v -1.507035 0.000836 -0.526413
v -1.507035 0.000836 0.072358
v -1.507035 -1.169372 -0.039911
v -1.507035 0.270884 -0.039911
v -1.224466 0.000836 0.558860
v 0.000000 -1.169372 0.558860
v 0.000000 1.441092 0.446590
v 0.000000 1.441092 -0.152181
v 1.224466 1.441092 -0.039911
v -0.282569 1.441092 -0.039911
v -1.507035 -1.439420 0.147205
v -0.470948 -1.439420 -0.638683
v 1.507035 -0.449244 -0.638683
v -1.507035 0.450916 0.558860
v 1.507035 -0.449244 0.558860
v -1.507035 -0.449244 -0.638683
v -0.470948 1.441092 0.558860
v 1.507035 1.441092 0.147205
v 0.470948 -1.439420 0.558860
v -1.507035 1.441092 -0.227027
v 0.470948 1.441092 -0.638683
v 1.507035 -1.439420 -0.227027
v -1.507035 -1.439420 -0.451567
v 1.036086 -1.439420 -0.638683
v 1.507035 0.991012 -0.638683
v -1.507035 -0.989340 0.558860
v 1.507035 0.991012 0.558860
v -1.507035 0.991012 -0.638683
v 1.036086 1.441092 0.558860
v 1.507035 1.441092 -0.451567
v -1.036086 -1.439420 0.558860
v -1.507035 1.441092 0.371744
v -1.036086 1.441092 -0.638683
v 1.507035 -1.439420 0.371744
v 1.507035 0.000836 0.147205
v 1.507035 0.000836 -0.451567
v 1.507035 -0.449244 -0.039911
v 1.507035 0.991012 -0.039911
v -1.507035 0.000836 -0.227027
v -1.507035 0.000836 0.371744
v -1.507035 -0.449244 -0.039911
v -1.507035 0.991012 -0.039911
v 0.000000 1.441092 0.147205
v 0.000000 1.441092 -0.451567
v 0.470948 1.441092 -0.039911
v -1.036086 1.441092 -0.039911
v -0.753517 1.441092 -0.152181
v -0.753517 1.441092 -0.451567
v -0.282569 1.441092 -0.339297
v -1.036086 1.441092 -0.339297
v 0.753517 1.441092 -0.152181
v 0.753517 1.441092 -0.451567
v 1.224466 1.441092 -0.339297
v 0.470948 1.441092 -0.339297
v 0.753517 1.441092 0.446590
v 0.753517 1.441092 0.147205
v 1.224466 1.441092 0.259474
v 0.470948 1.441092 0.259474
v 0.753517 -1.169372 0.558860
v -1.224466 -0.719292 0.558860
v -0.753517 -1.169372 0.558860
v -1.507035 0.720964 0.072358
v -1.507035 0.720964 0.371744
v -1.507035 0.270884 0.259474
v -1.507035 0.991012 0.259474
v -1.507035 -0.719292 0.072358
v -1.507035 -0.719292 0.371744
v -1.507035 -1.169372 0.259474
v -1.507035 -0.449244 0.259474
v -1.507035 -0.719292 -0.526413
v -1.507035 -0.719292 -0.227027
v -1.507035 -1.169372 -0.339297
v -1.507035 -0.449244 -0.339297
v 1.507035 0.720964 -0.152181
v 1.507035 0.720964 -0.451567
v 1.507035 0.270884 -0.339297
v 1.507035 0.991012 -0.339297
v 1.507035 -0.719292 -0.152181
v 1.507035 -0.719292 -0.451567
v 1.507035 -1.169372 -0.339297
v 1.507035 -0.449244 -0.339297
v 1.507035 -0.719292 0.446590
v 1.507035 -0.719292 0.147205
v 1.507035 -1.169372 0.259474
v 1.507035 -0.449244 0.259474
v -0.753517 -1.169372 -0.638683
v 1.224466 -0.719292 -0.638677
v 0.753517 -1.169372 -0.638683
v 1.224466 0.720964 -0.638677
v 1.507035 0.720964 0.446590
v 1.507035 0.720964 0.147205
v 1.507035 0.270884 0.259474
v 1.507035 0.991012 0.259474
v -1.507035 0.720964 -0.526413
v -1.507035 0.720964 -0.227027
v -1.507035 0.270884 -0.339297
v -1.507035 0.991012 -0.339297
v -1.224466 0.720964 0.558860
v -0.753517 1.441092 0.446590
v -0.753517 1.441092 0.147205
v -0.282569 1.441092 0.259474
v -1.036086 1.441092 0.259474
v -1.507035 -1.439420 0.296897
v -0.847707 -1.439420 -0.638683
v 1.507035 -0.809308 -0.638683
v -1.507035 0.810980 0.558860
v 1.507035 -0.809308 0.558860
v -1.507035 -0.809308 -0.638683
v -0.847707 1.441092 0.558860
v 1.507035 1.441092 0.296897
v 0.847707 -1.439420 0.558860
v -1.507035 1.441092 -0.376720
v 0.847707 1.441092 -0.638683
v 1.507035 -1.439420 -0.376720
v -1.507035 -1.439420 -0.301874
v 0.659328 -1.439420 -0.638683
v 1.507035 0.630948 -0.638683
v -1.507035 -0.629276 0.558860
v 1.507035 0.630948 0.558860
v -1.507035 0.630948 -0.638683
v 0.659328 1.441092 0.558860
v 1.507035 1.441092 -0.301874
v -0.659328 -1.439420 0.558860
v -1.507035 1.441092 0.222051
v -0.659328 1.441092 -0.638683
v 1.507035 -1.439420 0.222051
v 1.507035 0.000836 0.296897
v 1.507035 0.000836 -0.301874
v 1.507035 -0.809308 -0.039911
v 1.507035 0.630948 -0.039911
v -1.507035 0.000836 -0.376720
v -1.507035 0.000836 0.222051
v -1.507035 -0.809308 -0.039911
v -1.507035 0.630948 -0.039911
v 0.000000 1.441092 0.296897
v 0.000000 1.441092 -0.301874
v 0.847707 1.441092 -0.039911
v -0.659328 1.441092 -0.039911
v -1.507035 -1.439420 -0.002488
v -0.094190 -1.439420 -0.638683
v 1.507035 -0.089180 -0.638683
v -1.507035 0.090852 0.558860
v 1.507035 -0.089180 0.558860
v -1.507035 -0.089180 -0.638683
v -0.094190 1.441092 0.558860
v 1.507035 1.441092 -0.002488
v 0.094190 -1.439420 0.558860
v -1.507035 1.441092 -0.077335
v 0.094190 1.441092 -0.638683
v 1.507035 -1.439420 -0.077335
v -1.507035 -1.439420 -0.601259
v 1.412845 -1.439420 -0.638683
v 1.507035 1.351076 -0.638683
v -1.507035 -1.349404 0.558860
v 1.507035 1.351076 0.558860
v -1.507035 1.351076 -0.638683
v 1.412845 1.441092 0.558860
v 1.507035 1.441092 -0.601259
v -1.412845 -1.439420 0.558860
v -1.507035 1.441092 0.521437
v -1.412845 1.441092 -0.638683
v 1.507035 -1.439420 0.521437
v -1.412845 0.000836 -0.638683
v 0.000000 1.351076 -0.638683
v 1.507035 0.000836 -0.002488
v 1.507035 0.000836 -0.601259
v 1.507035 -0.089180 -0.039911
v 1.507035 1.351076 -0.039911
v -1.507035 0.000836 -0.077335
v -1.507035 0.000836 0.521437
v -1.507035 -0.089180 -0.039911
v -1.507035 1.351076 -0.039911
v 1.412845 0.000836 0.558860
v 0.000000 1.351076 0.558860
v 0.000000 1.441092 -0.002488
v 0.000000 1.441092 -0.601259
v 0.094190 1.441092 -0.039911
v -1.412845 1.441092 -0.039911
v -0.753517 1.441092 -0.301874
v -0.753517 1.441092 -0.601259
v -0.659328 1.441092 -0.339297
v -1.412845 1.441092 -0.339297
v 0.753517 1.441092 -0.301874
v 0.753517 1.441092 -0.601259
v 0.847707 1.441092 -0.339297
v 0.094190 1.441092 -0.339297
v 0.753517 1.441092 0.296897
v 0.753517 1.441092 -0.002488
v 0.847707 1.441092 0.259474
v 0.094190 1.441092 0.259474
v 1.412845 0.720964 0.558860
v 0.753517 1.351076 0.558860
v 1.412845 -0.719292 0.558860
v -1.507035 0.720964 0.222051
v -1.507035 0.720964 0.521437
v -1.507035 0.630948 0.259474
v -1.507035 1.351076 0.259474
v -1.507035 -0.719292 0.222051
v -1.507035 -0.719292 0.521437
v -1.507035 -0.809308 0.259474
v -1.507035 -0.089180 0.259474
v -1.507035 -0.719292 -0.376720
v -1.507035 -0.719292 -0.077335
v -1.507035 -0.809308 -0.339297
v -1.507035 -0.089180 -0.339297
v 1.507035 0.720964 -0.301874
v 1.507035 0.720964 -0.601259
v 1.507035 0.630948 -0.339297
v 1.507035 1.351076 -0.339297
v 1.507035 -0.719292 -0.301874
v 1.507035 -0.719292 -0.601259
v 1.507035 -0.809308 -0.339297
v 1.507035 -0.089180 -0.339297
v 1.507035 -0.719292 0.296897
v 1.507035 -0.719292 -0.002488
v 1.507035 -0.809308 0.259474
v 1.507035 -0.089180 0.259474
v -1.412845 0.720964 -0.638683
v -0.753517 1.351076 -0.638683
v -1.412845 -0.719292 -0.638683
v 0.753517 1.351076 -0.638683
v 1.507035 0.720964 0.296897
v 1.507035 0.720964 -0.002488
v 1.507035 0.630948 0.259474
v 1.507035 1.351076 0.259474
v -1.507035 0.720964 -0.376720
v -1.507035 0.720964 -0.077335
v -1.507035 0.630948 -0.339297
v -1.507035 1.351076 -0.339297
v -0.753517 1.351076 0.558860
v -0.753517 1.441092 0.296897
v -0.753517 1.441092 -0.002488
v -0.659328 1.441092 0.259474
v -1.412845 1.441092 0.259474
v -1.130276 1.441092 0.147205
v -1.130276 1.441092 -0.002488
v -1.036086 1.441092 0.109781
v -1.412845 1.441092 0.109781
v -0.376759 1.441092 0.147205
v -0.376759 1.441092 -0.002488
v -0.282569 1.441092 0.109781
v -0.659328 1.441092 0.109781
v -0.376759 1.441092 0.446590
v -0.376759 1.441092 0.296897
v -0.282569 1.441092 0.409167
v -0.659328 1.441092 0.409167
v -0.376759 1.351076 0.558860
v -1.224466 0.360900 0.558860
v -1.507035 1.081028 -0.227027
v -1.507035 1.081028 -0.077335
v -1.507035 0.991012 -0.189604
v -1.507035 1.351076 -0.189604
v -1.507035 0.360900 -0.227027
v -1.507035 0.360900 -0.077335
v -1.507035 0.270884 -0.189604
v -1.507035 0.630948 -0.189604
v -1.507035 0.360900 -0.526413
v -1.507035 0.360900 -0.376720
v -1.507035 0.270884 -0.488990
v -1.507035 0.630948 -0.488990
v 1.507035 1.081028 0.147205
v 1.507035 1.081028 -0.002488
v 1.507035 0.991012 0.109781
v 1.507035 1.351076 0.109781
v 1.507035 0.360900 0.147205
v 1.507035 0.360900 -0.002488
v 1.507035 0.270884 0.109781
v 1.507035 0.630948 0.109781
v 1.507035 0.360900 0.446590
v 1.507035 0.360900 0.296897
v 1.507035 0.270884 0.409167
v 1.507035 0.630948 0.409167
v 0.376759 1.351076 -0.638683
v 1.224466 0.360900 -0.638677
v 0.470948 -1.079356 -0.638677
v 0.094190 -1.079356 -0.638677
v 0.376759 -1.169372 -0.638683
v 1.224466 -1.079356 -0.638677
v 0.847707 -1.079356 -0.638677
v 1.130276 -1.169372 -0.638683
v -1.412845 -0.359228 -0.638683
v -1.036086 -1.079356 -0.638677
v -1.412845 -1.079356 -0.638683
v -1.130276 -1.169372 -0.638683
v -0.282569 -1.079356 -0.638677
v -0.659328 -1.079356 -0.638677
v -0.376759 -1.169372 -0.638683
v -1.412845 1.081028 -0.638683
v -1.130276 1.351076 -0.638683
v -1.412845 0.360900 -0.638683
v 1.507035 -0.359228 0.147205
v 1.507035 -0.359228 -0.002488
v 1.507035 -0.449244 0.109781
v 1.507035 -0.089180 0.109781
v 1.507035 -1.079356 0.147205
v 1.507035 -1.079356 -0.002488
v 1.507035 -1.169372 0.109781
v 1.507035 -0.809308 0.109781
v 1.507035 -1.079356 0.446590
v 1.507035 -1.079356 0.296897
v 1.507035 -1.169372 0.409167
v 1.507035 -0.809308 0.409167
v 1.507035 -0.359228 -0.451567
v 1.507035 -0.359228 -0.601259
v 1.507035 -0.449244 -0.488990
v 1.507035 -0.089180 -0.488990
v 1.507035 -1.079356 -0.451567
v 1.507035 -1.079356 -0.601259
v 1.507035 -1.169372 -0.488990
v 1.507035 -0.809308 -0.488990
v 1.507035 -1.079356 -0.152181
v 1.507035 -1.079356 -0.301874
v 1.507035 -1.169372 -0.189604
v 1.507035 -0.809308 -0.189604
v 1.507035 1.081028 -0.451567
v 1.507035 1.081028 -0.601259
v 1.507035 0.991012 -0.488990
v 1.507035 1.351076 -0.488990
v 1.507035 0.360900 -0.451567
v 1.507035 0.360900 -0.601259
v 1.507035 0.270884 -0.488990
v 1.507035 0.630948 -0.488990
v 1.507035 0.360900 -0.152181
v 1.507035 0.360900 -0.301874
v 1.507035 0.270884 -0.189604
v 1.507035 0.630948 -0.189604
v -1.507035 -0.359228 -0.227027
v -1.507035 -0.359228 -0.077335
v -1.507035 -0.449244 -0.189604
v -1.507035 -0.089180 -0.189604
v -1.507035 -1.079356 -0.227027
v -1.507035 -1.079356 -0.077335
v -1.507035 -1.169372 -0.189604
v -1.507035 -0.809308 -0.189604
v -1.507035 -1.079356 -0.526413
v -1.507035 -1.079356 -0.376720
v -1.507035 -1.169372 -0.488990
v -1.507035 -0.809308 -0.488990
v -1.507035 -0.359228 0.371744
v -1.507035 -0.359228 0.521437
v -1.507035 -0.449244 0.409167
v -1.507035 -0.089180 0.409167
v -1.507035 -1.079356 0.371744
v -1.507035 -1.079356 0.521437
v -1.507035 -1.169372 0.409167
v -1.507035 -0.809308 0.409167
v -1.507035 -1.079356 0.072358
v -1.507035 -1.079356 0.222051
v -1.507035 -1.169372 0.109781
v -1.507035 -0.809308 0.109781
v -1.507035 1.081028 0.371744
v -1.507035 1.081028 0.521437
v -1.507035 0.991012 0.409167
v -1.507035 1.351076 0.409167
v -1.507035 0.360900 0.371744
v -1.507035 0.360900 0.521437
v -1.507035 0.270884 0.409167
v -1.507035 0.630948 0.409167
v -1.507035 0.360900 0.072358
v -1.507035 0.360900 0.222051
v -1.507035 0.270884 0.109781
v -1.507035 0.630948 0.109781
v -0.470948 -1.079356 0.558860
v -0.094190 -1.079356 0.558860
v -0.376759 -1.169372 0.558860
v -1.224466 -1.079356 0.558860
v -0.847707 -1.079356 0.558860
v -1.130276 -1.169372 0.558860
v 1.412845 -0.359228 0.558860
v 1.036086 -1.079356 0.558860
v 1.412845 -1.079356 0.558860
v 1.130276 -1.169372 0.558860
v 0.282569 -1.079356 0.558860
v 0.659328 -1.079356 0.558860
v 0.376759 -1.169372 0.558860
v 1.412845 1.081028 0.558860
v 1.130276 1.351076 0.558860
v 1.412845 0.360900 0.558860
v 0.376759 1.441092 0.147205
v 0.376759 1.441092 -0.002488
v 0.470948 1.441092 0.109781
v 0.094190 1.441092 0.109781
v 1.130276 1.441092 0.147205
v 1.130276 1.441092 -0.002488
v 1.224466 1.441092 0.109781
v 0.847707 1.441092 0.109781
v 1.130276 1.441092 0.446590
v 1.130276 1.441092 0.296897
v 1.224466 1.441092 0.409167
v 0.847707 1.441092 0.409167
v 0.376759 1.441092 -0.451567
v 0.376759 1.441092 -0.601259
v 0.470948 1.441092 -0.488990
v 0.094190 1.441092 -0.488990
v 1.130276 1.441092 -0.451567
v 1.130276 1.441092 -0.601259
v 1.224466 1.441092 -0.488990
v 0.847707 1.441092 -0.488990
v 1.130276 1.441092 -0.152181
v 1.130276 1.441092 -0.301874
v 1.224466 1.441092 -0.189604
v 0.847707 1.441092 -0.189604
v -1.130276 1.441092 -0.451567
v -1.130276 1.441092 -0.601259
v -1.036086 1.441092 -0.488990
v -1.412845 1.441092 -0.488990
v -0.376759 1.441092 -0.451567
v -0.376759 1.441092 -0.601259
v -0.282569 1.441092 -0.488990
v -0.659328 1.441092 -0.488990
v -0.376759 1.441092 -0.152181
v -0.376759 1.441092 -0.301874
v -0.282569 1.441092 -0.189604
v -0.659328 1.441092 -0.189604
v -1.130276 1.441092 -0.152181
v -1.130276 1.441092 -0.301874
v -1.036086 1.441092 -0.189604
v -1.412845 1.441092 -0.189604
v 0.376759 1.441092 -0.152181
v 0.376759 1.441092 -0.301874
v 0.470948 1.441092 -0.189604
v 0.094190 1.441092 -0.189604
v 0.376759 1.441092 0.446590
v 0.376759 1.441092 0.296897
v 0.470948 1.441092 0.409167
v 0.094190 1.441092 0.409167
v 0.376759 1.351076 0.558860
v -1.224466 -0.359228 0.558860
v -1.507035 1.081028 0.072358
v -1.507035 1.081028 0.222051
v -1.507035 0.991012 0.109781
v -1.507035 1.351076 0.109781
v -1.507035 -0.359228 0.072358
v -1.507035 -0.359228 0.222051
v -1.507035 -0.449244 0.109781
v -1.507035 -0.089180 0.109781
v -1.507035 -0.359228 -0.526413
v -1.507035 -0.359228 -0.376720
v -1.507035 -0.449244 -0.488990
v -1.507035 -0.089180 -0.488990
v 1.507035 1.081028 -0.152181
v 1.507035 1.081028 -0.301874
v 1.507035 0.991012 -0.189604
v 1.507035 1.351076 -0.189604
v 1.507035 -0.359228 -0.152181
v 1.507035 -0.359228 -0.301874
v 1.507035 -0.449244 -0.189604
v 1.507035 -0.089180 -0.189604
v 1.507035 -0.359228 0.446590
v 1.507035 -0.359228 0.296897
v 1.507035 -0.449244 0.409167
v 1.507035 -0.089180 0.409167
v -0.376759 1.351076 -0.638683
v 1.224466 -0.359228 -0.638677
v 1.224466 1.081028 -0.638677
v 1.130276 1.351076 -0.638683
v 1.507035 1.081028 0.446590
v 1.507035 1.081028 0.296897
v 1.507035 0.991012 0.409167
v 1.507035 1.351076 0.409167
v -1.507035 1.081028 -0.526413
v -1.507035 1.081028 -0.376720
v -1.507035 0.991012 -0.488990
v -1.507035 1.351076 -0.488990
v -1.224466 1.081028 0.558860
v -1.130276 1.351076 0.558860
v -1.130276 1.441092 0.446590
v -1.130276 1.441092 0.296897
v -1.036086 1.441092 0.409167
v -1.412845 1.441092 0.409167
v -1.318655 1.441092 0.371744
v -1.318655 1.441092 0.296897
v -1.224466 1.441092 0.334321
v -1.412845 1.441092 0.334321
v -0.941897 1.441092 0.371744
v -0.941897 1.441092 0.296897
v -0.847707 1.441092 0.334321
v -1.036086 1.441092 0.334321
v -0.941897 1.441092 0.521437
v -0.941897 1.441092 0.446590
v -0.847707 1.441092 0.484013
v -1.036086 1.441092 0.484013
v -1.036086 1.261060 0.558860
v -0.847707 1.261060 0.558860
v -0.941897 1.351076 0.558860
v -1.412845 0.900996 0.558860
v -1.224466 0.900996 0.558860
v -1.318655 0.810980 0.558860
v -1.318655 0.991012 0.558860
v -1.507035 1.261060 -0.451567
v -1.507035 1.261060 -0.376720
v -1.507035 1.171044 -0.414143
v -1.507035 1.351076 -0.414143
v -1.507035 0.900996 -0.451567
v -1.507035 0.900996 -0.376720
v -1.507035 0.810980 -0.414143
v -1.507035 0.991012 -0.414143
v -1.507035 0.900996 -0.601259
v -1.507035 0.900996 -0.526413
v -1.507035 0.810980 -0.563836
v -1.507035 0.991012 -0.563836
v 1.507035 1.261060 0.371744
v 1.507035 1.261060 0.296897
v 1.507035 1.171044 0.334321
v 1.507035 1.351076 0.334321
v 1.507035 0.900996 0.371744
v 1.507035 0.900996 0.296897
v 1.507035 0.810980 0.334321
v 1.507035 0.991012 0.334321
v 1.507035 0.900996 0.521437
v 1.507035 0.900996 0.446590
v 1.507035 0.810980 0.484013
v 1.507035 0.991012 0.484013
v 1.036086 1.261060 -0.638677
v 0.847707 1.261060 -0.638677
v 0.941897 1.351076 -0.638683
v 1.412845 0.900996 -0.638683
v 1.224466 0.900996 -0.638677
v 1.318655 0.810980 -0.638683
v 1.318655 0.991012 -0.638683
v 1.412845 -0.539260 -0.638683
v 1.224466 -0.539260 -0.638677
v 1.318655 -0.629276 -0.638683
v 1.318655 -0.449244 -0.638683
v -0.470948 1.261060 -0.638677
v -0.659328 1.261060 -0.638677
v -0.565138 1.351076 -0.638683
v 1.507035 -0.179196 0.371744
v 1.507035 -0.179196 0.296897
v 1.507035 -0.269212 0.334321
v 1.507035 -0.089180 0.334321
v 1.507035 -0.539260 0.371744
v 1.507035 -0.539260 0.296897
v 1.507035 -0.629276 0.334321
v 1.507035 -0.449244 0.334321
v 1.507035 -0.539260 0.521437
v 1.507035 -0.539260 0.446590
v 1.507035 -0.629276 0.484013
v 1.507035 -0.449244 0.484013
v 1.507035 -0.179196 -0.227027
v 1.507035 -0.179196 -0.301874
v 1.507035 -0.269212 -0.264451
v 1.507035 -0.089180 -0.264451
v 1.507035 -0.539260 -0.227027
v 1.507035 -0.539260 -0.301874
v 1.507035 -0.629276 -0.264451
v 1.507035 -0.449244 -0.264451
v 1.507035 -0.539260 -0.077335
v 1.507035 -0.539260 -0.152181
v 1.507035 -0.629276 -0.114758
v 1.507035 -0.449244 -0.114758
v 1.507035 1.261060 -0.227027
v 1.507035 1.261060 -0.301874
v 1.507035 1.171044 -0.264451
v 1.507035 1.351076 -0.264451
v 1.507035 0.900996 -0.227027
v 1.507035 0.900996 -0.301874
v 1.507035 0.810980 -0.264451
v 1.507035 0.991012 -0.264451
v 1.507035 0.900996 -0.077335
v 1.507035 0.900996 -0.152181
v 1.507035 0.810980 -0.114758
v 1.507035 0.991012 -0.114758
v -1.507035 -0.179196 -0.451567
v -1.507035 -0.179196 -0.376720
v -1.507035 -0.269212 -0.414143
v -1.507035 -0.089180 -0.414143
v -1.507035 -0.539260 -0.451567
v -1.507035 -0.539260 -0.376720
v -1.507035 -0.629276 -0.414143
v -1.507035 -0.449244 -0.414143
v -1.507035 -0.539260 -0.601259
v -1.507035 -0.539260 -0.526413
v -1.507035 -0.629276 -0.563836
v -1.507035 -0.449244 -0.563836
v -1.507035 -0.179196 0.147205
v -1.507035 -0.179196 0.222051
v -1.507035 -0.269212 0.184628
v -1.507035 -0.089180 0.184628
v -1.507035 -0.539260 0.147205
v -1.507035 -0.539260 0.222051
v -1.507035 -0.629276 0.184628
v -1.507035 -0.449244 0.184628
v -1.507035 -0.539260 -0.002488
v -1.507035 -0.539260 0.072358
v -1.507035 -0.629276 0.034935
v -1.507035 -0.449244 0.034935
v -1.507035 1.261060 0.147205
v -1.507035 1.261060 0.222051
v -1.507035 1.171044 0.184628
v -1.507035 1.351076 0.184628
v -1.507035 0.900996 0.147205
v -1.507035 0.900996 0.222051
v -1.507035 0.810980 0.184628
v -1.507035 0.991012 0.184628
v -1.507035 0.900996 -0.002488
v -1.507035 0.900996 0.072358
v -1.507035 0.810980 0.034935
v -1.507035 0.991012 0.034935
v -1.412845 -0.539260 0.558860
v -1.224466 -0.539260 0.558860
v -1.318655 -0.629276 0.558860
v -1.318655 -0.449244 0.558860
v 0.470948 1.261060 0.558860
v 0.659328 1.261060 0.558860
v 0.565138 1.351076 0.558860
v 0.188379 1.441092 0.371744
v 0.188379 1.441092 0.296897
v 0.282569 1.441092 0.334321
v 0.094190 1.441092 0.334321
v 0.565138 1.441092 0.371744
v 0.565138 1.441092 0.296897
v 0.659328 1.441092 0.334321
v 0.470948 1.441092 0.334321
v 0.565138 1.441092 0.521437
v 0.565138 1.441092 0.446590
v 0.659328 1.441092 0.484013
v 0.470948 1.441092 0.484013
v 0.188379 1.441092 -0.227027
v 0.188379 1.441092 -0.301874
v 0.282569 1.441092 -0.264451
v 0.094190 1.441092 -0.264451
v 0.565138 1.441092 -0.227027
v 0.565138 1.441092 -0.301874
v 0.659328 1.441092 -0.264451
v 0.470948 1.441092 -0.264451
v 0.565138 1.441092 -0.077335
v 0.565138 1.441092 -0.152181
v 0.659328 1.441092 -0.114758
v 0.470948 1.441092 -0.114758
v -1.318655 1.441092 -0.227027
v -1.318655 1.441092 -0.301874
v -1.224466 1.441092 -0.264451
v -1.412845 1.441092 -0.264451
v -0.941897 1.441092 -0.227027
v -0.941897 1.441092 -0.301874
v -0.847707 1.441092 -0.264451
v -1.036086 1.441092 -0.264451
v -0.941897 1.441092 -0.077335
v -0.941897 1.441092 -0.152181
v -0.847707 1.441092 -0.114758
v -1.036086 1.441092 -0.114758
v -0.565138 1.441092 -0.227027
v -0.565138 1.441092 -0.301874
v -0.470948 1.441092 -0.264451
v -0.659328 1.441092 -0.264451
v -0.188379 1.441092 -0.227027
v -0.188379 1.441092 -0.301874
v -0.094190 1.441092 -0.264451
v -0.282569 1.441092 -0.264451
v -0.188379 1.441092 -0.077335
v -0.188379 1.441092 -0.152181
v -0.094190 1.441092 -0.114758
v -0.282569 1.441092 -0.114758
v -0.565138 1.441092 -0.526413
v -0.565138 1.441092 -0.601259
v -0.470948 1.441092 -0.563836
v -0.659328 1.441092 -0.563836
v -0.188379 1.441092 -0.526413
v -0.188379 1.441092 -0.601259
v -0.094190 1.441092 -0.563836
v -0.282569 1.441092 -0.563836
v -0.188379 1.441092 -0.376720
v -0.188379 1.441092 -0.451567
v -0.094190 1.441092 -0.414143
v -0.282569 1.441092 -0.414143
v -1.318655 1.441092 -0.526413
v -1.318655 1.441092 -0.601259
v -1.224466 1.441092 -0.563836
v -1.412845 1.441092 -0.563836
v -0.941897 1.441092 -0.526413
v -0.941897 1.441092 -0.601259
v -0.847707 1.441092 -0.563836
v -1.036086 1.441092 -0.563836
v -0.941897 1.441092 -0.376720
v -0.941897 1.441092 -0.451567
v -0.847707 1.441092 -0.414143
v -1.036086 1.441092 -0.414143
v 0.941897 1.441092 -0.227027
v 0.941897 1.441092 -0.301874
v 1.036086 1.441092 -0.264451
v 0.847707 1.441092 -0.264451
v 1.318655 1.441092 -0.227027
v 1.318655 1.441092 -0.301874
v 1.412845 1.441092 -0.264451
v 1.224466 1.441092 -0.264451
v 1.318655 1.441092 -0.077335
v 1.318655 1.441092 -0.152181
v 1.412845 1.441092 -0.114758
v 1.224466 1.441092 -0.114758
v 0.941897 1.441092 -0.526413
v 0.941897 1.441092 -0.601259
v 1.036086 1.441092 -0.563836
v 0.847707 1.441092 -0.563836
v 1.318655 1.441092 -0.526413
v 1.318655 1.441092 -0.601259
v 1.412845 1.441092 -0.563836
v 1.224466 1.441092 -0.563836
v 1.318655 1.441092 -0.376720
v 1.318655 1.441092 -0.451567
v 1.412845 1.441092 -0.414143
v 1.224466 1.441092 -0.414143
v 0.188379 1.441092 -0.526413
v 0.188379 1.441092 -0.601259
v 0.282569 1.441092 -0.563836
v 0.094190 1.441092 -0.563836
v 0.565138 1.441092 -0.526413
v 0.565138 1.441092 -0.601259
v 0.659328 1.441092 -0.563836
v 0.470948 1.441092 -0.563836
v 0.565138 1.441092 -0.376720
v 0.565138 1.441092 -0.451567
v 0.659328 1.441092 -0.414143
v 0.470948 1.441092 -0.414143
v 0.941897 1.441092 0.371744
v 0.941897 1.441092 0.296897
v 1.036086 1.441092 0.334321
v 0.847707 1.441092 0.334321
v 1.318655 1.441092 0.371744
v 1.318655 1.441092 0.296897
v 1.412845 1.441092 0.334321
v 1.224466 1.441092 0.334321
v 1.318655 1.441092 0.521437
v 1.318655 1.441092 0.446590
v 1.412845 1.441092 0.484013
v 1.224466 1.441092 0.484013
v 0.941897 1.441092 0.072358
v 0.941897 1.441092 -0.002488
v 1.036086 1.441092 0.034935
v 0.847707 1.441092 0.034935
v 1.318655 1.441092 0.072358
v 1.318655 1.441092 -0.002488
v 1.412845 1.441092 0.034935
v 1.224466 1.441092 0.034935
v 1.318655 1.441092 0.222051
v 1.318655 1.441092 0.147205
v 1.412845 1.441092 0.184628
v 1.224466 1.441092 0.184628
v 0.188379 1.441092 0.072358
v 0.188379 1.441092 -0.002488
v 0.282569 1.441092 0.034935
v 0.094190 1.441092 0.034935
v 0.565138 1.441092 0.072358
v 0.565138 1.441092 -0.002488
v 0.659328 1.441092 0.034935
v 0.470948 1.441092 0.034935
v 0.565138 1.441092 0.222051
v 0.565138 1.441092 0.147205
v 0.659328 1.441092 0.184628
v 0.470948 1.441092 0.184628
v 1.224466 0.540932 0.558860
v 1.412845 0.540932 0.558860
v 1.318655 0.450916 0.558860
v 1.318655 0.630948 0.558860
v 1.224466 0.180868 0.558860
v 1.412845 0.180868 0.558860
v 1.318655 0.090852 0.558860
v 1.318655 0.270884 0.558860
v 1.224466 1.261060 0.558860
v 1.412845 1.261060 0.558860
v 1.318655 1.171044 0.558860
v 1.318655 1.351076 0.558860
v 1.224466 0.900996 0.558860
v 1.412845 0.900996 0.558860
v 1.318655 0.810980 0.558860
v 1.318655 0.991012 0.558860
v 0.470948 -0.899324 0.558860
v 0.659328 -0.899324 0.558860
v 0.565138 -0.989340 0.558860
v 0.470948 -1.259388 0.558860
v 0.659328 -1.259388 0.558860
v 0.565138 -1.349404 0.558860
v 0.565138 -1.169372 0.558860
v 0.094190 -1.259388 0.558860
v 0.282569 -1.259388 0.558860
v 0.188379 -1.349404 0.558860
v 0.188379 -1.169372 0.558860
v 1.224466 -0.899324 0.558860
v 1.412845 -0.899324 0.558860
v 1.318655 -0.989340 0.558860
v 1.318655 -0.809308 0.558860
v 1.224466 -1.259388 0.558860
v 1.412845 -1.259388 0.558860
v 1.318655 -1.349404 0.558860
v 1.318655 -1.169372 0.558860
v 0.847707 -1.259388 0.558860
v 1.036086 -1.259388 0.558860
v 0.941897 -1.349404 0.558860
v 0.941897 -1.169372 0.558860
v 1.224466 -0.179196 0.558860
v 1.412845 -0.179196 0.558860
v 1.318655 -0.269212 0.558860
v 1.318655 -0.089180 0.558860
v 1.224466 -0.539260 0.558860
v 1.412845 -0.539260 0.558860
v 1.318655 -0.629276 0.558860
v 1.318655 -0.449244 0.558860
v -1.036086 -0.899324 0.558860
v -0.847707 -0.899324 0.558860
v -0.941897 -0.989340 0.558860
v -1.036086 -1.259388 0.558860
v -0.847707 -1.259388 0.558860
v -0.941897 -1.349404 0.558860
v -0.941897 -1.169372 0.558860
v -1.412845 -1.259388 0.558860
v -1.224466 -1.259388 0.558860
v -1.318655 -1.349404 0.558860
v -1.318655 -1.169372 0.558860
v -0.282569 -0.899324 0.558860
v -0.094190 -0.899324 0.558860
v -0.188379 -0.989340 0.558860
v -0.282569 -1.259388 0.558860
v -0.094190 -1.259388 0.558860
v -0.188379 -1.349404 0.558860
v -0.188379 -1.169372 0.558860
v -0.659328 -1.259388 0.558860
v -0.470948 -1.259388 0.558860
v -0.565138 -1.349404 0.558860
v -0.565138 -1.169372 0.558860
v -1.507035 0.540932 0.147205
v -1.507035 0.540932 0.222051
v -1.507035 0.450916 0.184628
v -1.507035 0.630948 0.184628
v -1.507035 0.180868 0.147205
v -1.507035 0.180868 0.222051
v -1.507035 0.090852 0.184628
v -1.507035 0.270884 0.184628
v -1.507035 0.180868 -0.002488
v -1.507035 0.180868 0.072358
v -1.507035 0.090852 0.034935
v -1.507035 0.270884 0.034935
v -1.507035 0.540932 0.446590
v -1.507035 0.540932 0.521437
v -1.507035 0.450916 0.484013
v -1.507035 0.630948 0.484013
v -1.507035 0.180868 0.446590
v -1.507035 0.180868 0.521437
v -1.507035 0.090852 0.484013
v -1.507035 0.270884 0.484013
v -1.507035 0.180868 0.296897
v -1.507035 0.180868 0.371744
v -1.507035 0.090852 0.334321
v -1.507035 0.270884 0.334321
v -1.507035 1.261060 0.446590
v -1.507035 1.261060 0.521437
v -1.507035 1.171044 0.484013
v -1.507035 1.351076 0.484013
v -1.507035 0.900996 0.446590
v -1.507035 0.900996 0.521437
v -1.507035 0.810980 0.484013
v -1.507035 0.991012 0.484013
v -1.507035 0.900996 0.296897
v -1.507035 0.900996 0.371744
v -1.507035 0.810980 0.334321
v -1.507035 0.991012 0.334321
v -1.507035 -0.899324 0.147205
v -1.507035 -0.899324 0.222051
v -1.507035 -0.989340 0.184628
v -1.507035 -0.809308 0.184628
v -1.507035 -1.259388 0.147205
v -1.507035 -1.259388 0.222051
v -1.507035 -1.349404 0.184628
v -1.507035 -1.169372 0.184628
v -1.507035 -1.259388 -0.002488
v -1.507035 -1.259388 0.072358
v -1.507035 -1.349404 0.034935
v -1.507035 -1.169372 0.034935
v -1.507035 -0.899324 0.446590
v -1.507035 -0.899324 0.521437
v -1.507035 -0.989340 0.484013
v -1.507035 -0.809308 0.484013
v -1.507035 -1.259388 0.446590
v -1.507035 -1.259388 0.521437
v -1.507035 -1.349404 0.484013
v -1.507035 -1.169372 0.484013
v -1.507035 -1.259388 0.296897
v -1.507035 -1.259388 0.371744
v -1.507035 -1.349404 0.334321
v -1.507035 -1.169372 0.334321
v -1.507035 -0.179196 0.446590
v -1.507035 -0.179196 0.521437
v -1.507035 -0.269212 0.484013
v -1.507035 -0.089180 0.484013
v -1.507035 -0.539260 0.446590
v -1.507035 -0.539260 0.521437
v -1.507035 -0.629276 0.484013
v -1.507035 -0.449244 0.484013
v -1.507035 -0.539260 0.296897
v -1.507035 -0.539260 0.371744
v -1.507035 -0.629276 0.334321
v -1.507035 -0.449244 0.334321
v -1.507035 -0.899324 -0.451567
v -1.507035 -0.899324 -0.376720
v -1.507035 -0.989340 -0.414143
v -1.507035 -0.809308 -0.414143
v -1.507035 -1.259388 -0.451567
v -1.507035 -1.259388 -0.376720
v -1.507035 -1.349404 -0.414143
v -1.507035 -1.169372 -0.414143
v -1.507035 -1.259388 -0.601259
v -1.507035 -1.259388 -0.526413
v -1.507035 -1.349404 -0.563836
v -1.507035 -1.169372 -0.563836
v -1.507035 -0.899324 -0.152181
v -1.507035 -0.899324 -0.077335
v -1.507035 -0.989340 -0.114758
v -1.507035 -0.809308 -0.114758
v -1.507035 -1.259388 -0.152181
v -1.507035 -1.259388 -0.077335
v -1.507035 -1.349404 -0.114758
v -1.507035 -1.169372 -0.114758
v -1.507035 -1.259388 -0.301874
v -1.507035 -1.259388 -0.227027
v -1.507035 -1.349404 -0.264451
v -1.507035 -1.169372 -0.264451
v -1.507035 -0.179196 -0.152181
v -1.507035 -0.179196 -0.077335
v -1.507035 -0.269212 -0.114758
v -1.507035 -0.089180 -0.114758
v -1.507035 -0.539260 -0.152181
v -1.507035 -0.539260 -0.077335
v -1.507035 -0.629276 -0.114758
v -1.507035 -0.449244 -0.114758
v -1.507035 -0.539260 -0.301874
v -1.507035 -0.539260 -0.227027
v -1.507035 -0.629276 -0.264451
v -1.507035 -0.449244 -0.264451
v 1.507035 0.540932 -0.227027
v 1.507035 0.540932 -0.301874
v 1.507035 0.450916 -0.264451
v 1.507035 0.630948 -0.264451
v 1.507035 0.180868 -0.227027
v 1.507035 0.180868 -0.301874
v 1.507035 0.090852 -0.264451
v 1.507035 0.270884 -0.264451
v 1.507035 0.180868 -0.077335
v 1.507035 0.180868 -0.152181
v 1.507035 0.090852 -0.114758
v 1.507035 0.270884 -0.114758
v 1.507035 0.540932 -0.526413
v 1.507035 0.540932 -0.601259
v 1.507035 0.450916 -0.563836
v 1.507035 0.630948 -0.563836
v 1.507035 0.180868 -0.526413
v 1.507035 0.180868 -0.601259
v 1.507035 0.090852 -0.563836
v 1.507035 0.270884 -0.563836
v 1.507035 0.180868 -0.376720
v 1.507035 0.180868 -0.451567
v 1.507035 0.090852 -0.414143
v 1.507035 0.270884 -0.414143
v 1.507035 1.261060 -0.526413
v 1.507035 1.261060 -0.601259
v 1.507035 1.171044 -0.563836
v 1.507035 1.351076 -0.563836
v 1.507035 0.900996 -0.526413
v 1.507035 0.900996 -0.601259
v 1.507035 0.810980 -0.563836
v 1.507035 0.991012 -0.563836
v 1.507035 0.900996 -0.376720
v 1.507035 0.900996 -0.451567
v 1.507035 0.810980 -0.414143
v 1.507035 0.991012 -0.414143
v 1.507035 -0.899324 -0.227027
v 1.507035 -0.899324 -0.301874
v 1.507035 -0.989340 -0.264451
v 1.507035 -0.809308 -0.264451
v 1.507035 -1.259388 -0.227027
v 1.507035 -1.259388 -0.301874
v 1.507035 -1.349404 -0.264451
v 1.507035 -1.169372 -0.264451
v 1.507035 -1.259388 -0.077335
v 1.507035 -1.259388 -0.152181
v 1.507035 -1.349404 -0.114758
v 1.507035 -1.169372 -0.114758
v 1.507035 -0.899324 -0.526413
v 1.507035 -0.899324 -0.601259
v 1.507035 -0.989340 -0.563836
v 1.507035 -0.809308 -0.563836
v 1.507035 -1.259388 -0.526413
v 1.507035 -1.259388 -0.601259
v 1.507035 -1.349404 -0.563836
v 1.507035 -1.169372 -0.563836
v 1.507035 -1.259388 -0.376720
v 1.507035 -1.259388 -0.451567
v 1.507035 -1.349404 -0.414143
v 1.507035 -1.169372 -0.414143
v 1.507035 -0.179196 -0.526413
v 1.507035 -0.179196 -0.601259
v 1.507035 -0.269212 -0.563836
v 1.507035 -0.089180 -0.563836
v 1.507035 -0.539260 -0.526413
v 1.507035 -0.539260 -0.601259
v 1.507035 -0.629276 -0.563836
v 1.507035 -0.449244 -0.563836
v 1.507035 -0.539260 -0.376720
v 1.507035 -0.539260 -0.451567
v 1.507035 -0.629276 -0.414143
v 1.507035 -0.449244 -0.414143
v 1.507035 -0.899324 0.371744
v 1.507035 -0.899324 0.296897
v 1.507035 -0.989340 0.334321
v 1.507035 -0.809308 0.334321
v 1.507035 -1.259388 0.371744
v 1.507035 -1.259388 0.296897
v 1.507035 -1.349404 0.334321
v 1.507035 -1.169372 0.334321
v 1.507035 -1.259388 0.521437
v 1.507035 -1.259388 0.446590
v 1.507035 -1.349404 0.484013
v 1.507035 -1.169372 0.484013
v 1.507035 -0.899324 0.072358
v 1.507035 -0.899324 -0.002488
v 1.507035 -0.989340 0.034935
v 1.507035 -0.809308 0.034935
v 1.507035 -1.259388 0.072358
v 1.507035 -1.259388 -0.002488
v 1.507035 -1.349404 0.034935
v 1.507035 -1.169372 0.034935
v 1.507035 -1.259388 0.222051
v 1.507035 -1.259388 0.147205
v 1.507035 -1.349404 0.184628
v 1.507035 -1.169372 0.184628
v 1.507035 -0.179196 0.072358
v 1.507035 -0.179196 -0.002488
v 1.507035 -0.269212 0.034935
v 1.507035 -0.089180 0.034935
v 1.507035 -0.539260 0.072358
v 1.507035 -0.539260 -0.002488
v 1.507035 -0.629276 0.034935
v 1.507035 -0.449244 0.034935
v 1.507035 -0.539260 0.222051
v 1.507035 -0.539260 0.147205
v 1.507035 -0.629276 0.184628
v 1.507035 -0.449244 0.184628
v -1.224466 0.540932 -0.638677
v -1.412845 0.540932 -0.638683
v -1.318655 0.450916 -0.638683
v -1.318655 0.630948 -0.638683
v -1.224466 0.180868 -0.638677
v -1.412845 0.180868 -0.638683
v -1.318655 0.090852 -0.638683
v -1.318655 0.270884 -0.638683
v -1.224466 1.261060 -0.638677
v -1.412845 1.261060 -0.638683
v -1.318655 1.171044 -0.638683
v -1.318655 1.351076 -0.638683
v -1.224466 0.900996 -0.638677
v -1.412845 0.900996 -0.638683
v -1.318655 0.810980 -0.638683
v -1.318655 0.991012 -0.638683
v -0.470948 -1.259388 -0.638683
v -0.659328 -1.259388 -0.638683
v -0.565138 -1.349404 -0.638683
v -0.565138 -1.169372 -0.638683
v -0.094190 -1.259388 -0.638683
v -0.282569 -1.259388 -0.638683
v -0.188379 -1.349404 -0.638683
v -0.188379 -1.169372 -0.638683
v -1.224466 -0.899324 -0.638677
v -1.412845 -0.899324 -0.638683
v -1.318655 -0.989340 -0.638683
v -1.318655 -0.809308 -0.638683
v -1.224466 -1.259388 -0.638683
v -1.412845 -1.259388 -0.638683
v -1.318655 -1.349404 -0.638683
v -1.318655 -1.169372 -0.638683
v -0.847707 -1.259388 -0.638683
v -1.036086 -1.259388 -0.638683
v -0.941897 -1.349404 -0.638683
v -0.941897 -1.169372 -0.638683
v -1.224466 -0.179196 -0.638677
v -1.412845 -0.179196 -0.638683
v -1.318655 -0.269212 -0.638683
v -1.318655 -0.089180 -0.638683
v -1.224466 -0.539260 -0.638677
v -1.412845 -0.539260 -0.638683
v -1.318655 -0.629276 -0.638683
v -1.318655 -0.449244 -0.638683
v 1.036086 -1.259388 -0.638683
v 0.847707 -1.259388 -0.638683
v 0.941897 -1.349404 -0.638683
v 0.941897 -1.169372 -0.638683
v 1.412845 -1.259388 -0.638683
v 1.224466 -1.259388 -0.638683
v 1.318655 -1.349404 -0.638683
v 1.318655 -1.169372 -0.638683
v 0.282569 -1.259388 -0.638683
v 0.094190 -1.259388 -0.638683
v 0.188379 -1.349404 -0.638683
v 0.188379 -1.169372 -0.638683
v 0.659328 -1.259388 -0.638683
v 0.470948 -1.259388 -0.638683
v 0.565138 -1.349404 -0.638683
v 0.565138 -1.169372 -0.638683
v 1.412845 0.180868 -0.638683
v 1.224466 0.180868 -0.638677
v 1.318655 0.090852 -0.638683
v 1.318655 0.270884 -0.638683
v 0.282569 1.261060 -0.638677
v 0.094190 1.261060 -0.638677
v 0.188379 1.351076 -0.638683
v 1.507035 0.540932 0.371744
v 1.507035 0.540932 0.296897
v 1.507035 0.450916 0.334321
v 1.507035 0.630948 0.334321
v 1.507035 0.180868 0.371744
v 1.507035 0.180868 0.296897
v 1.507035 0.090852 0.334321
v 1.507035 0.270884 0.334321
v 1.507035 0.180868 0.521437
v 1.507035 0.180868 0.446590
v 1.507035 0.090852 0.484013
v 1.507035 0.270884 0.484013
v 1.507035 0.540932 0.072358
v 1.507035 0.540932 -0.002488
v 1.507035 0.450916 0.034935
v 1.507035 0.630948 0.034935
v 1.507035 0.180868 0.072358
v 1.507035 0.180868 -0.002488
v 1.507035 0.090852 0.034935
v 1.507035 0.270884 0.034935
v 1.507035 0.180868 0.222051
v 1.507035 0.180868 0.147205
v 1.507035 0.090852 0.184628
v 1.507035 0.270884 0.184628
v 1.507035 1.261060 0.072358
v 1.507035 1.261060 -0.002488
v 1.507035 1.171044 0.034935
v 1.507035 1.351076 0.034935
v 1.507035 0.900996 0.072358
v 1.507035 0.900996 -0.002488
v 1.507035 0.810980 0.034935
v 1.507035 0.991012 0.034935
v 1.507035 0.900996 0.222051
v 1.507035 0.900996 0.147205
v 1.507035 0.810980 0.184628
v 1.507035 0.991012 0.184628
v -1.507035 0.540932 -0.451567
v -1.507035 0.540932 -0.376720
v -1.507035 0.450916 -0.414143
v -1.507035 0.630948 -0.414143
v -1.507035 0.180868 -0.451567
v -1.507035 0.180868 -0.376720
v -1.507035 0.090852 -0.414143
v -1.507035 0.270884 -0.414143
v -1.507035 0.180868 -0.601259
v -1.507035 0.180868 -0.526413
v -1.507035 0.090852 -0.563836
v -1.507035 0.270884 -0.563836
v -1.507035 0.540932 -0.152181
v -1.507035 0.540932 -0.077335
v -1.507035 0.450916 -0.114758
v -1.507035 0.630948 -0.114758
v -1.507035 0.180868 -0.152181
v -1.507035 0.180868 -0.077335
v -1.507035 0.090852 -0.114758
v -1.507035 0.270884 -0.114758
v -1.507035 0.180868 -0.301874
v -1.507035 0.180868 -0.227027
v -1.507035 0.090852 -0.264451
v -1.507035 0.270884 -0.264451
v -1.507035 1.261060 -0.152181
v -1.507035 1.261060 -0.077335
v -1.507035 1.171044 -0.114758
v -1.507035 1.351076 -0.114758
v -1.507035 0.900996 -0.152181
v -1.507035 0.900996 -0.077335
v -1.507035 0.810980 -0.114758
v -1.507035 0.991012 -0.114758
v -1.507035 0.900996 -0.301874
v -1.507035 0.900996 -0.227027
v -1.507035 0.810980 -0.264451
v -1.507035 0.991012 -0.264451
v -1.412845 0.180868 0.558860
v -1.224466 0.180868 0.558860
v -1.318655 0.090852 0.558860
v -1.318655 0.270884 0.558860
v -0.282569 1.261060 0.558860
v -0.094190 1.261060 0.558860
v -0.188379 1.351076 0.558860
v -0.565138 1.441092 0.371744
v -0.565138 1.441092 0.296897
v -0.470948 1.441092 0.334321
v -0.659328 1.441092 0.334321
v -0.188379 1.441092 0.371744
v -0.188379 1.441092 0.296897
v -0.094190 1.441092 0.334321
v -0.282569 1.441092 0.334321
v -0.188379 1.441092 0.521437
v -0.188379 1.441092 0.446590
v -0.094190 1.441092 0.484013
v -0.282569 1.441092 0.484013
v -0.565138 1.441092 0.072358
v -0.565138 1.441092 -0.002488
v -0.470948 1.441092 0.034935
v -0.659328 1.441092 0.034935
v -0.188379 1.441092 0.072358
v -0.188379 1.441092 -0.002488
v -0.094190 1.441092 0.034935
v -0.282569 1.441092 0.034935
v -0.188379 1.441092 0.222051
v -0.188379 1.441092 0.147205
v -0.094190 1.441092 0.184628
v -0.282569 1.441092 0.184628
v -1.318655 1.441092 0.072358
v -1.318655 1.441092 -0.002488
v -1.224466 1.441092 0.034935
v -1.412845 1.441092 0.034935
v -0.941897 1.441092 0.072358
v -0.941897 1.441092 -0.002488
v -0.847707 1.441092 0.034935
v -1.036086 1.441092 0.034935
v -0.941897 1.441092 0.222051
v -0.941897 1.441092 0.147205
v -0.847707 1.441092 0.184628
v -1.036086 1.441092 0.184628
v -1.318655 1.441092 0.222051
v -1.318655 1.441092 0.147205
v -1.224466 1.441092 0.184628
v -1.412845 1.441092 0.184628
v -0.565138 1.441092 0.222051
v -0.565138 1.441092 0.147205
v -0.470948 1.441092 0.184628
v -0.659328 1.441092 0.184628
v -0.565138 1.441092 0.521437
v -0.565138 1.441092 0.446590
v -0.470948 1.441092 0.484013
v -0.659328 1.441092 0.484013
v -0.659328 1.261060 0.558860
v -0.470948 1.261060 0.558860
v -0.565138 1.351076 0.558860
v -1.412845 0.540932 0.558860
v -1.224466 0.540932 0.558860
v -1.318655 0.450916 0.558860
v -1.318655 0.630948 0.558860
v -1.507035 1.261060 -0.301874
v -1.507035 1.261060 -0.227027
v -1.507035 1.171044 -0.264451
v -1.507035 1.351076 -0.264451
v -1.507035 0.540932 -0.301874
v -1.507035 0.540932 -0.227027
v -1.507035 0.450916 -0.264451
v -1.507035 0.630948 -0.264451
v -1.507035 0.540932 -0.601259
v -1.507035 0.540932 -0.526413
v -1.507035 0.450916 -0.563836
v -1.507035 0.630948 -0.563836
v 1.507035 1.261060 0.222051
v 1.507035 1.261060 0.147205
v 1.507035 1.171044 0.184628
v 1.507035 1.351076 0.184628
v 1.507035 0.540932 0.222051
v 1.507035 0.540932 0.147205
v 1.507035 0.450916 0.184628
v 1.507035 0.630948 0.184628
v 1.507035 0.540932 0.521437
v 1.507035 0.540932 0.446590
v 1.507035 0.450916 0.484013
v 1.507035 0.630948 0.484013
v 0.659328 1.261060 -0.638677
v 0.470948 1.261060 -0.638677
v 0.565138 1.351076 -0.638683
v 1.412845 0.540932 -0.638683
v 1.224466 0.540932 -0.638677
v 1.318655 0.450916 -0.638683
v 1.318655 0.630948 -0.638683
v 1.412845 -0.899324 -0.638683
v 1.224466 -0.899324 -0.638677
v 1.318655 -0.989340 -0.638683
v 1.318655 -0.809308 -0.638683
v -0.847707 1.261060 -0.638677
v -1.036086 1.261060 -0.638677
v -0.941897 1.351076 -0.638683
v 1.507035 -0.179196 0.222051
v 1.507035 -0.179196 0.147205
v 1.507035 -0.269212 0.184628
v 1.507035 -0.089180 0.184628
v 1.507035 -0.899324 0.222051
v 1.507035 -0.899324 0.147205
v 1.507035 -0.989340 0.184628
v 1.507035 -0.809308 0.184628
v 1.507035 -0.899324 0.521437
v 1.507035 -0.899324 0.446590
v 1.507035 -0.989340 0.484013
v 1.507035 -0.809308 0.484013
v 1.507035 -0.179196 -0.376720
v 1.507035 -0.179196 -0.451567
v 1.507035 -0.269212 -0.414143
v 1.507035 -0.089180 -0.414143
v 1.507035 -0.899324 -0.376720
v 1.507035 -0.899324 -0.451567
v 1.507035 -0.989340 -0.414143
v 1.507035 -0.809308 -0.414143
v 1.507035 -0.899324 -0.077335
v 1.507035 -0.899324 -0.152181
v 1.507035 -0.989340 -0.114758
v 1.507035 -0.809308 -0.114758
v 1.507035 1.261060 -0.376720
v 1.507035 1.261060 -0.451567
v 1.507035 1.171044 -0.414143
v 1.507035 1.351076 -0.414143
v 1.507035 0.540932 -0.376720
v 1.507035 0.540932 -0.451567
v 1.507035 0.450916 -0.414143
v 1.507035 0.630948 -0.414143
v 1.507035 0.540932 -0.077335
v 1.507035 0.540932 -0.152181
v 1.507035 0.450916 -0.114758
v 1.507035 0.630948 -0.114758
v -1.507035 -0.179196 -0.301874
v -1.507035 -0.179196 -0.227027
v -1.507035 -0.269212 -0.264451
v -1.507035 -0.089180 -0.264451
v -1.507035 -0.899324 -0.301874
v -1.507035 -0.899324 -0.227027
v -1.507035 -0.989340 -0.264451
v -1.507035 -0.809308 -0.264451
v -1.507035 -0.899324 -0.601259
v -1.507035 -0.899324 -0.526413
v -1.507035 -0.989340 -0.563836
v -1.507035 -0.809308 -0.563836
v -1.507035 -0.179196 0.296897
v -1.507035 -0.179196 0.371744
v -1.507035 -0.269212 0.334321
v -1.507035 -0.089180 0.334321
v -1.507035 -0.899324 0.296897
v -1.507035 -0.899324 0.371744
v -1.507035 -0.989340 0.334321
v -1.507035 -0.809308 0.334321
v -1.507035 -0.899324 -0.002488
v -1.507035 -0.899324 0.072358
v -1.507035 -0.989340 0.034935
v -1.507035 -0.809308 0.034935
v -1.507035 1.261060 0.296897
v -1.507035 1.261060 0.371744
v -1.507035 1.171044 0.334321
v -1.507035 1.351076 0.334321
v -1.507035 0.540932 0.296897
v -1.507035 0.540932 0.371744
v -1.507035 0.450916 0.334321
v -1.507035 0.630948 0.334321
v -1.507035 0.540932 -0.002488
v -1.507035 0.540932 0.072358
v -1.507035 0.450916 0.034935
v -1.507035 0.630948 0.034935
v -0.659328 -0.899324 0.558860
v -0.470948 -0.899324 0.558860
v -0.565138 -0.989340 0.558860
v -1.412845 -0.899324 0.558860
v -1.224466 -0.899324 0.558860
v -1.318655 -0.989340 0.558860
v -1.318655 -0.809308 0.558860
v 0.847707 -0.899324 0.558860
v 1.036086 -0.899324 0.558860
v 0.941897 -0.989340 0.558860
v 0.094190 -0.899324 0.558860
v 0.282569 -0.899324 0.558860
v 0.188379 -0.989340 0.558860
v 0.847707 1.261060 0.558860
v 1.036086 1.261060 0.558860
v 0.941897 1.351076 0.558860
v 0.188379 1.441092 0.222051
v 0.188379 1.441092 0.147205
v 0.282569 1.441092 0.184628
v 0.094190 1.441092 0.184628
v 0.941897 1.441092 0.222051
v 0.941897 1.441092 0.147205
v 1.036086 1.441092 0.184628
v 0.847707 1.441092 0.184628
v 0.941897 1.441092 0.521437
v 0.941897 1.441092 0.446590
v 1.036086 1.441092 0.484013
v 0.847707 1.441092 0.484013
v 0.188379 1.441092 -0.376720
v 0.188379 1.441092 -0.451567
v 0.282569 1.441092 -0.414143
v 0.094190 1.441092 -0.414143
v 0.941897 1.441092 -0.376720
v 0.941897 1.441092 -0.451567
v 1.036086 1.441092 -0.414143
v 0.847707 1.441092 -0.414143
v 0.941897 1.441092 -0.077335
v 0.941897 1.441092 -0.152181
v 1.036086 1.441092 -0.114758
v 0.847707 1.441092 -0.114758
v -1.318655 1.441092 -0.376720
v -1.318655 1.441092 -0.451567
v -1.224466 1.441092 -0.414143
v -1.412845 1.441092 -0.414143
v -0.565138 1.441092 -0.376720
v -0.565138 1.441092 -0.451567
v -0.470948 1.441092 -0.414143
v -0.659328 1.441092 -0.414143
v -0.565138 1.441092 -0.077335
v -0.565138 1.441092 -0.152181
v -0.470948 1.441092 -0.114758
v -0.659328 1.441092 -0.114758
v -1.318655 1.441092 -0.077335
v -1.318655 1.441092 -0.152181
v -1.224466 1.441092 -0.114758
v -1.412845 1.441092 -0.114758
v 0.188379 1.441092 -0.077335
v 0.188379 1.441092 -0.152181
v 0.282569 1.441092 -0.114758
v 0.094190 1.441092 -0.114758
v 0.188379 1.441092 0.521437
v 0.188379 1.441092 0.446590
v 0.282569 1.441092 0.484013
v 0.094190 1.441092 0.484013
v 0.094190 1.261060 0.558860
v 0.282569 1.261060 0.558860
v 0.188379 1.351076 0.558860
v -1.412845 -0.179196 0.558860
v -1.224466 -0.179196 0.558860
v -1.318655 -0.269212 0.558860
v -1.318655 -0.089180 0.558860
v -1.507035 1.261060 -0.002488
v -1.507035 1.261060 0.072358
v -1.507035 1.171044 0.034935
v -1.507035 1.351076 0.034935
v -1.507035 -0.179196 -0.002488
v -1.507035 -0.179196 0.072358
v -1.507035 -0.269212 0.034935
v -1.507035 -0.089180 0.034935
v -1.507035 -0.179196 -0.601259
v -1.507035 -0.179196 -0.526413
v -1.507035 -0.269212 -0.563836
v -1.507035 -0.089180 -0.563836
v 1.507035 1.261060 -0.077335
v 1.507035 1.261060 -0.152181
v 1.507035 1.171044 -0.114758
v 1.507035 1.351076 -0.114758
v 1.507035 -0.179196 -0.077335
v 1.507035 -0.179196 -0.152181
v 1.507035 -0.269212 -0.114758
v 1.507035 -0.089180 -0.114758
v 1.507035 -0.179196 0.521437
v 1.507035 -0.179196 0.446590
v 1.507035 -0.269212 0.484013
v 1.507035 -0.089180 0.484013
v -0.094190 1.261060 -0.638677
v -0.282569 1.261060 -0.638677
v -0.188379 1.351076 -0.638683
v 1.412845 -0.179196 -0.638683
v 1.224466 -0.179196 -0.638677
v 1.318655 -0.269212 -0.638683
v 1.318655 -0.089180 -0.638683
v 1.412845 1.261060 -0.638683
v 1.224466 1.261060 -0.638677
v 1.318655 1.171044 -0.638683
v 1.318655 1.351076 -0.638683
v 1.507035 1.261060 0.521437
v 1.507035 1.261060 0.446590
v 1.507035 1.171044 0.484013
v 1.507035 1.351076 0.484013
v -1.507035 1.261060 -0.601259
v -1.507035 1.261060 -0.526413
v -1.507035 1.171044 -0.563836
v -1.507035 1.351076 -0.563836
v -1.412845 1.261060 0.558860
v -1.224466 1.261060 0.558860
v -1.318655 1.171044 0.558860
v -1.318655 1.351076 0.558860
v -1.318655 1.441092 0.521437
v -1.318655 1.441092 0.446590
v -1.224466 1.441092 0.484013
v -1.412845 1.441092 0.484013
v -1.412845 1.441092 0.446590
v -1.224466 1.441092 0.446590
v -1.224466 1.441092 0.521437
v -1.224466 1.351076 0.558860
v -1.224466 1.171044 0.558860
v -1.412845 1.171044 0.558860
v -1.507035 1.351076 -0.526413
v -1.507035 1.171044 -0.526413
v -1.507035 1.171044 -0.601259
v 1.507035 1.351076 0.446590
v 1.507035 1.171044 0.446590
v 1.507035 1.171044 0.521437
v 1.224466 1.351076 -0.638683
v 1.224466 1.171044 -0.638677
v 1.412845 1.171044 -0.638683
v 1.224466 -0.089180 -0.638677
v 1.224466 -0.269212 -0.638677
v 1.412845 -0.269212 -0.638683
v -0.282569 1.351076 -0.638683
v 1.507035 -0.089180 0.446590
v 1.507035 -0.269212 0.446590
v 1.507035 -0.269212 0.521437
v 1.507035 -0.089180 -0.152181
v 1.507035 -0.269212 -0.152181
v 1.507035 -0.269212 -0.077335
v 1.507035 1.351076 -0.152181
v 1.507035 1.171044 -0.152181
v 1.507035 1.171044 -0.077335
v -1.507035 -0.089180 -0.526413
v -1.507035 -0.269212 -0.526413
v -1.507035 -0.269212 -0.601259
v -1.507035 -0.089180 0.072358
v -1.507035 -0.269212 0.072358
v -1.507035 -0.269212 -0.002488
v -1.507035 1.351076 0.072358
v -1.507035 1.171044 0.072358
v -1.507035 1.171044 -0.002488
v -1.224466 -0.089180 0.558860
v -1.224466 -0.269212 0.558860
v -1.412845 -0.269212 0.558860
v 0.282569 1.351076 0.558860
v 0.094190 1.441092 0.446590
v 0.282569 1.441092 0.446590
v 0.282569 1.441092 0.521437
v 0.094190 1.441092 -0.152181
v 0.282569 1.441092 -0.152181
v 0.282569 1.441092 -0.077335
v -1.412845 1.441092 -0.152181
v -1.224466 1.441092 -0.152181
v -1.224466 1.441092 -0.077335
v -0.659328 1.441092 -0.152181
v -0.470948 1.441092 -0.152181
v -0.470948 1.441092 -0.077335
v -0.659328 1.441092 -0.451567
v -0.470948 1.441092 -0.451567
v -0.470948 1.441092 -0.376720
v -1.412845 1.441092 -0.451567
v -1.224466 1.441092 -0.451567
v -1.224466 1.441092 -0.376720
v 0.847707 1.441092 -0.152181
v 1.036086 1.441092 -0.152181
v 1.036086 1.441092 -0.077335
v 0.847707 1.441092 -0.451567
v 1.036086 1.441092 -0.451567
v 1.036086 1.441092 -0.376720
v 0.094190 1.441092 -0.451567
v 0.282569 1.441092 -0.451567
v 0.282569 1.441092 -0.376720
v 0.847707 1.441092 0.446590
v 1.036086 1.441092 0.446590
v 1.036086 1.441092 0.521437
v 0.847707 1.441092 0.147205
v 1.036086 1.441092 0.147205
v 1.036086 1.441092 0.222051
v 0.094190 1.441092 0.147205
v 0.282569 1.441092 0.147205
v 0.282569 1.441092 0.222051
v 1.036086 1.351076 0.558860
v 0.282569 -0.989340 0.558860
v 0.094190 -0.989340 0.558860
v 1.036086 -0.989340 0.558860
v 0.847707 -0.989340 0.558860
v -1.224466 -0.809308 0.558860
v -1.224466 -0.989340 0.558860
v -1.412845 -0.989340 0.558860
v -0.470948 -0.989340 0.558860
v -0.659328 -0.989340 0.558860
v -1.507035 0.630948 0.072358
v -1.507035 0.450916 0.072358
v -1.507035 0.450916 -0.002488
v -1.507035 0.630948 0.371744
v -1.507035 0.450916 0.371744
v -1.507035 0.450916 0.296897
v -1.507035 1.351076 0.371744
v -1.507035 1.171044 0.371744
v -1.507035 1.171044 0.296897
v -1.507035 -0.809308 0.072358
v -1.507035 -0.989340 0.072358
v -1.507035 -0.989340 -0.002488
v -1.507035 -0.809308 0.371744
v -1.507035 -0.989340 0.371744
v -1.507035 -0.989340 0.296897
v -1.507035 -0.089180 0.371744
v -1.507035 -0.269212 0.371744
v -1.507035 -0.269212 0.296897
v -1.507035 -0.809308 -0.526413
v -1.507035 -0.989340 -0.526413
v -1.507035 -0.989340 -0.601259
v -1.507035 -0.809308 -0.227027
v -1.507035 -0.989340 -0.227027
v -1.507035 -0.989340 -0.301874
v -1.507035 -0.089180 -0.227027
v -1.507035 -0.269212 -0.227027
v -1.507035 -0.269212 -0.301874
v 1.507035 0.630948 -0.152181
v 1.507035 0.450916 -0.152181
v 1.507035 0.450916 -0.077335
v 1.507035 0.630948 -0.451567
v 1.507035 0.450916 -0.451567
v 1.507035 0.450916 -0.376720
v 1.507035 1.351076 -0.451567
v 1.507035 1.171044 -0.451567
v 1.507035 1.171044 -0.376720
v 1.507035 -0.809308 -0.152181
v 1.507035 -0.989340 -0.152181
v 1.507035 -0.989340 -0.077335
v 1.507035 -0.809308 -0.451567
v 1.507035 -0.989340 -0.451567
v 1.507035 -0.989340 -0.376720
v 1.507035 -0.089180 -0.451567
v 1.507035 -0.269212 -0.451567
v 1.507035 -0.269212 -0.376720
v 1.507035 -0.809308 0.446590
v 1.507035 -0.989340 0.446590
v 1.507035 -0.989340 0.521437
v 1.507035 -0.809308 0.147205
v 1.507035 -0.989340 0.147205
v 1.507035 -0.989340 0.222051
v 1.507035 -0.089180 0.147205
v 1.507035 -0.269212 0.147205
v 1.507035 -0.269212 0.222051
v -1.036086 1.351076 -0.638683
v 1.224466 -0.809308 -0.638677
v 1.224466 -0.989340 -0.638677
v 1.412845 -0.989340 -0.638683
v 1.224466 0.630948 -0.638677
v 1.224466 0.450916 -0.638677
v 1.412845 0.450916 -0.638683
v 0.470948 1.351076 -0.638683
v 1.507035 0.630948 0.446590
v 1.507035 0.450916 0.446590
v 1.507035 0.450916 0.521437
v 1.507035 0.630948 0.147205
v 1.507035 0.450916 0.147205
v 1.507035 0.450916 0.222051
v 1.507035 1.351076 0.147205
v 1.507035 1.171044 0.147205
v 1.507035 1.171044 0.222051
v -1.507035 0.630948 -0.526413
v -1.507035 0.450916 -0.526413
v -1.507035 0.450916 -0.601259
v -1.507035 0.630948 -0.227027
v -1.507035 0.450916 -0.227027
v -1.507035 0.450916 -0.301874
v -1.507035 1.351076 -0.227027
v -1.507035 1.171044 -0.227027
v -1.507035 1.171044 -0.301874
v -1.224466 0.630948 0.558860
v -1.224466 0.450916 0.558860
v -1.412845 0.450916 0.558860
v -0.470948 1.351076 0.558860
v -0.659328 1.441092 0.446590
v -0.470948 1.441092 0.446590
v -0.470948 1.441092 0.521437
v -0.659328 1.441092 0.147205
v -0.470948 1.441092 0.147205
v -0.470948 1.441092 0.222051
v -1.412845 1.441092 0.147205
v -1.224466 1.441092 0.147205
v -1.224466 1.441092 0.222051
v -1.036086 1.441092 0.147205
v -0.847707 1.441092 0.147205
v -0.847707 1.441092 0.222051
v -1.036086 1.441092 -0.002488
v -0.847707 1.441092 -0.002488
v -0.847707 1.441092 0.072358
v -1.412845 1.441092 -0.002488
v -1.224466 1.441092 -0.002488
v -1.224466 1.441092 0.072358
v -0.282569 1.441092 0.147205
v -0.094190 1.441092 0.147205
v -0.094190 1.441092 0.222051
v -0.282569 1.441092 -0.002488
v -0.094190 1.441092 -0.002488
v -0.094190 1.441092 0.072358
v -0.659328 1.441092 -0.002488
v -0.470948 1.441092 -0.002488
v -0.470948 1.441092 0.072358
v -0.282569 1.441092 0.446590
v -0.094190 1.441092 0.446590
v -0.094190 1.441092 0.521437
v -0.282569 1.441092 0.296897
v -0.094190 1.441092 0.296897
v -0.094190 1.441092 0.371744
v -0.659328 1.441092 0.296897
v -0.470948 1.441092 0.296897
v -0.470948 1.441092 0.371744
v -0.094190 1.351076 0.558860
v -1.224466 0.270884 0.558860
v -1.224466 0.090852 0.558860
v -1.412845 0.090852 0.558860
v -1.507035 0.991012 -0.227027
v -1.507035 0.810980 -0.227027
v -1.507035 0.810980 -0.301874
v -1.507035 0.991012 -0.077335
v -1.507035 0.810980 -0.077335
v -1.507035 0.810980 -0.152181
v -1.507035 1.351076 -0.077335
v -1.507035 1.171044 -0.077335
v -1.507035 1.171044 -0.152181
v -1.507035 0.270884 -0.227027
v -1.507035 0.090852 -0.227027
v -1.507035 0.090852 -0.301874
v -1.507035 0.270884 -0.077335
v -1.507035 0.090852 -0.077335
v -1.507035 0.090852 -0.152181
v -1.507035 0.630948 -0.077335
v -1.507035 0.450916 -0.077335
v -1.507035 0.450916 -0.152181
v -1.507035 0.270884 -0.526413
v -1.507035 0.090852 -0.526413
v -1.507035 0.090852 -0.601259
v -1.507035 0.270884 -0.376720
v -1.507035 0.090852 -0.376720
v -1.507035 0.090852 -0.451567
v -1.507035 0.630948 -0.376720
v -1.507035 0.450916 -0.376720
v -1.507035 0.450916 -0.451567
v 1.507035 0.991012 0.147205
v 1.507035 0.810980 0.147205
v 1.507035 0.810980 0.222051
v 1.507035 0.991012 -0.002488
v 1.507035 0.810980 -0.002488
v 1.507035 0.810980 0.072358
v 1.507035 1.351076 -0.002488
v 1.507035 1.171044 -0.002488
v 1.507035 1.171044 0.072358
v 1.507035 0.270884 0.147205
v 1.507035 0.090852 0.147205
v 1.507035 0.090852 0.222051
v 1.507035 0.270884 -0.002488
v 1.507035 0.090852 -0.002488
v 1.507035 0.090852 0.072358
v 1.507035 0.630948 -0.002488
v 1.507035 0.450916 -0.002488
v 1.507035 0.450916 0.072358
v 1.507035 0.270884 0.446590
v 1.507035 0.090852 0.446590
v 1.507035 0.090852 0.521437
v 1.507035 0.270884 0.296897
v 1.507035 0.090852 0.296897
v 1.507035 0.090852 0.371744
v 1.507035 0.630948 0.296897
v 1.507035 0.450916 0.296897
v 1.507035 0.450916 0.371744
v 0.094190 1.351076 -0.638683
v 1.224466 0.270884 -0.638677
v 1.224466 0.090852 -0.638677
v 1.412845 0.090852 -0.638683
v 0.470948 -1.169372 -0.638683
v 0.470948 -1.349404 -0.638683
v 0.659328 -1.349404 -0.638683
v 0.094190 -1.169372 -0.638683
v 0.094190 -1.349404 -0.638683
v 0.282569 -1.349404 -0.638683
v 1.224466 -1.169372 -0.638683
v 1.224466 -1.349404 -0.638683
v 1.412845 -1.349404 -0.638683
v 0.847707 -1.169372 -0.638683
v 0.847707 -1.349404 -0.638683
v 1.036086 -1.349404 -0.638683
v -1.412845 -0.449244 -0.638683
v -1.412845 -0.629276 -0.638683
v -1.224466 -0.629276 -0.638677
v -1.412845 -0.089180 -0.638683
v -1.412845 -0.269212 -0.638683
v -1.224466 -0.269212 -0.638677
v -1.036086 -1.169372 -0.638683
v -1.036086 -1.349404 -0.638683
v -0.847707 -1.349404 -0.638683
v -1.412845 -1.169372 -0.638683
v -1.412845 -1.349404 -0.638683
v -1.224466 -1.349404 -0.638683
v -1.412845 -0.809308 -0.638683
v -1.412845 -0.989340 -0.638683
v -1.224466 -0.989340 -0.638677
v -0.282569 -1.169372 -0.638683
v -0.282569 -1.349404 -0.638683
v -0.094190 -1.349404 -0.638683
v -0.659328 -1.169372 -0.638683
v -0.659328 -1.349404 -0.638683
v -0.470948 -1.349404 -0.638683
v -1.412845 0.991012 -0.638683
v -1.412845 0.810980 -0.638683
v -1.224466 0.810980 -0.638677
v -1.412845 1.351076 -0.638683
v -1.412845 1.171044 -0.638683
v -1.224466 1.171044 -0.638677
v -1.412845 0.270884 -0.638683
v -1.412845 0.090852 -0.638683
v -1.224466 0.090852 -0.638677
v -1.412845 0.630948 -0.638683
v -1.412845 0.450916 -0.638683
v -1.224466 0.450916 -0.638677
v 1.507035 -0.449244 0.147205
v 1.507035 -0.629276 0.147205
v 1.507035 -0.629276 0.222051
v 1.507035 -0.449244 -0.002488
v 1.507035 -0.629276 -0.002488
v 1.507035 -0.629276 0.072358
v 1.507035 -0.089180 -0.002488
v 1.507035 -0.269212 -0.002488
v 1.507035 -0.269212 0.072358
v 1.507035 -1.169372 0.147205
v 1.507035 -1.349404 0.147205
v 1.507035 -1.349404 0.222051
v 1.507035 -1.169372 -0.002488
v 1.507035 -1.349404 -0.002488
v 1.507035 -1.349404 0.072358
v 1.507035 -0.809308 -0.002488
v 1.507035 -0.989340 -0.002488
v 1.507035 -0.989340 0.072358
v 1.507035 -1.169372 0.446590
v 1.507035 -1.349404 0.446590
v 1.507035 -1.349404 0.521437
v 1.507035 -1.169372 0.296897
v 1.507035 -1.349404 0.296897
v 1.507035 -1.349404 0.371744
v 1.507035 -0.809308 0.296897
v 1.507035 -0.989340 0.296897
v 1.507035 -0.989340 0.371744
v 1.507035 -0.449244 -0.451567
v 1.507035 -0.629276 -0.451567
v 1.507035 -0.629276 -0.376720
v 1.507035 -0.449244 -0.601259
v 1.507035 -0.629276 -0.601259
v 1.507035 -0.629276 -0.526413
v 1.507035 -0.089180 -0.601259
v 1.507035 -0.269212 -0.601259
v 1.507035 -0.269212 -0.526413
v 1.507035 -1.169372 -0.451567
v 1.507035 -1.349404 -0.451567
v 1.507035 -1.349404 -0.376720
v 1.507035 -1.169372 -0.601259
v 1.507035 -1.349404 -0.601259
v 1.507035 -1.349404 -0.526413
v 1.507035 -0.809308 -0.601259
v 1.507035 -0.989340 -0.601259
v 1.507035 -0.989340 -0.526413
v 1.507035 -1.169372 -0.152181
v 1.507035 -1.349404 -0.152181
v 1.507035 -1.349404 -0.077335
v 1.507035 -1.169372 -0.301874
v 1.507035 -1.349404 -0.301874
v 1.507035 -1.349404 -0.227027
v 1.507035 -0.809308 -0.301874
v 1.507035 -0.989340 -0.301874
v 1.507035 -0.989340 -0.227027
v 1.507035 0.991012 -0.451567
v 1.507035 0.810980 -0.451567
v 1.507035 0.810980 -0.376720
v 1.507035 0.991012 -0.601259
v 1.507035 0.810980 -0.601259
v 1.507035 0.810980 -0.526413
v 1.507035 1.351076 -0.601259
v 1.507035 1.171044 -0.601259
v 1.507035 1.171044 -0.526413
v 1.507035 0.270884 -0.451567
v 1.507035 0.090852 -0.451567
v 1.507035 0.090852 -0.376720
v 1.507035 0.270884 -0.601259
v 1.507035 0.090852 -0.601259
v 1.507035 0.090852 -0.526413
v 1.507035 0.630948 -0.601259
v 1.507035 0.450916 -0.601259
v 1.507035 0.450916 -0.526413
v 1.507035 0.270884 -0.152181
v 1.507035 0.090852 -0.152181
v 1.507035 0.090852 -0.077335
v 1.507035 0.270884 -0.301874
v 1.507035 0.090852 -0.301874
v 1.507035 0.090852 -0.227027
v 1.507035 0.630948 -0.301874
v 1.507035 0.450916 -0.301874
v 1.507035 0.450916 -0.227027
v -1.507035 -0.449244 -0.227027
v -1.507035 -0.629276 -0.227027
v -1.507035 -0.629276 -0.301874
v -1.507035 -0.449244 -0.077335
v -1.507035 -0.629276 -0.077335
v -1.507035 -0.629276 -0.152181
v -1.507035 -0.089180 -0.077335
v -1.507035 -0.269212 -0.077335
v -1.507035 -0.269212 -0.152181
v -1.507035 -1.169372 -0.227027
v -1.507035 -1.349404 -0.227027
v -1.507035 -1.349404 -0.301874
v -1.507035 -1.169372 -0.077335
v -1.507035 -1.349404 -0.077335
v -1.507035 -1.349404 -0.152181
v -1.507035 -0.809308 -0.077335
v -1.507035 -0.989340 -0.077335
v -1.507035 -0.989340 -0.152181
v -1.507035 -1.169372 -0.526413
v -1.507035 -1.349404 -0.526413
v -1.507035 -1.349404 -0.601259
v -1.507035 -1.169372 -0.376720
v -1.507035 -1.349404 -0.376720
v -1.507035 -1.349404 -0.451567
v -1.507035 -0.809308 -0.376720
v -1.507035 -0.989340 -0.376720
v -1.507035 -0.989340 -0.451567
v -1.507035 -0.449244 0.371744
v -1.507035 -0.629276 0.371744
v -1.507035 -0.629276 0.296897
v -1.507035 -0.449244 0.521437
v -1.507035 -0.629276 0.521437
v -1.507035 -0.629276 0.446590
v -1.507035 -0.089180 0.521437
v -1.507035 -0.269212 0.521437
v -1.507035 -0.269212 0.446590
v -1.507035 -1.169372 0.371744
v -1.507035 -1.349404 0.371744
v -1.507035 -1.349404 0.296897
v -1.507035 -1.169372 0.521437
v -1.507035 -1.349404 0.521437
v -1.507035 -1.349404 0.446590
v -1.507035 -0.809308 0.521437
v -1.507035 -0.989340 0.521437
v -1.507035 -0.989340 0.446590
v -1.507035 -1.169372 0.072358
v -1.507035 -1.349404 0.072358
v -1.507035 -1.349404 -0.002488
v -1.507035 -1.169372 0.222051
v -1.507035 -1.349404 0.222051
v -1.507035 -1.349404 0.147205
v -1.507035 -0.809308 0.222051
v -1.507035 -0.989340 0.222051
v -1.507035 -0.989340 0.147205
v -1.507035 0.991012 0.371744
v -1.507035 0.810980 0.371744
v -1.507035 0.810980 0.296897
v -1.507035 0.991012 0.521437
v -1.507035 0.810980 0.521437
v -1.507035 0.810980 0.446590
v -1.507035 1.351076 0.521437
v -1.507035 1.171044 0.521437
v -1.507035 1.171044 0.446590
v -1.507035 0.270884 0.371744
v -1.507035 0.090852 0.371744
v -1.507035 0.090852 0.296897
v -1.507035 0.270884 0.521437
v -1.507035 0.090852 0.521437
v -1.507035 0.090852 0.446590
v -1.507035 0.630948 0.521437
v -1.507035 0.450916 0.521437
v -1.507035 0.450916 0.446590
v -1.507035 0.270884 0.072358
v -1.507035 0.090852 0.072358
v -1.507035 0.090852 -0.002488
v -1.507035 0.270884 0.222051
v -1.507035 0.090852 0.222051
v -1.507035 0.090852 0.147205
v -1.507035 0.630948 0.222051
v -1.507035 0.450916 0.222051
v -1.507035 0.450916 0.147205
v -0.470948 -1.169372 0.558860
v -0.470948 -1.349404 0.558860
v -0.659328 -1.349404 0.558860
v -0.094190 -1.169372 0.558860
v -0.094190 -1.349404 0.558860
v -0.282569 -1.349404 0.558860
v -0.094190 -0.989340 0.558860
v -0.282569 -0.989340 0.558860
v -1.224466 -1.169372 0.558860
v -1.224466 -1.349404 0.558860
v -1.412845 -1.349404 0.558860
v -0.847707 -1.169372 0.558860
v -0.847707 -1.349404 0.558860
v -1.036086 -1.349404 0.558860
v -0.847707 -0.989340 0.558860
v -1.036086 -0.989340 0.558860
v 1.412845 -0.449244 0.558860
v 1.412845 -0.629276 0.558860
v 1.224466 -0.629276 0.558860
v 1.412845 -0.089180 0.558860
v 1.412845 -0.269212 0.558860
v 1.224466 -0.269212 0.558860
v 1.036086 -1.169372 0.558860
v 1.036086 -1.349404 0.558860
v 0.847707 -1.349404 0.558860
v 1.412845 -1.169372 0.558860
v 1.412845 -1.349404 0.558860
v 1.224466 -1.349404 0.558860
v 1.412845 -0.809308 0.558860
v 1.412845 -0.989340 0.558860
v 1.224466 -0.989340 0.558860
v 0.282569 -1.169372 0.558860
v 0.282569 -1.349404 0.558860
v 0.094190 -1.349404 0.558860
v 0.659328 -1.169372 0.558860
v 0.659328 -1.349404 0.558860
v 0.470948 -1.349404 0.558860
v 0.659328 -0.989340 0.558860
v 0.470948 -0.989340 0.558860
v 1.412845 0.991012 0.558860
v 1.412845 0.810980 0.558860
v 1.224466 0.810980 0.558860
v 1.412845 1.351076 0.558860
v 1.412845 1.171044 0.558860
v 1.224466 1.171044 0.558860
v 1.412845 0.270884 0.558860
v 1.412845 0.090852 0.558860
v 1.224466 0.090852 0.558860
v 1.412845 0.630948 0.558860
v 1.412845 0.450916 0.558860
v 1.224466 0.450916 0.558860
v 0.470948 1.441092 0.147205
v 0.659328 1.441092 0.147205
v 0.659328 1.441092 0.222051
v 0.470948 1.441092 -0.002488
v 0.659328 1.441092 -0.002488
v 0.659328 1.441092 0.072358
v 0.094190 1.441092 -0.002488
v 0.282569 1.441092 -0.002488
v 0.282569 1.441092 0.072358
v 1.224466 1.441092 0.147205
v 1.412845 1.441092 0.147205
v 1.412845 1.441092 0.222051
v 1.224466 1.441092 -0.002488
v 1.412845 1.441092 -0.002488
v 1.412845 1.441092 0.072358
v 0.847707 1.441092 -0.002488
v 1.036086 1.441092 -0.002488
v 1.036086 1.441092 0.072358
v 1.224466 1.441092 0.446590
v 1.412845 1.441092 0.446590
v 1.412845 1.441092 0.521437
v 1.224466 1.441092 0.296897
v 1.412845 1.441092 0.296897
v 1.412845 1.441092 0.371744
v 0.847707 1.441092 0.296897
v 1.036086 1.441092 0.296897
v 1.036086 1.441092 0.371744
v 0.470948 1.441092 -0.451567
v 0.659328 1.441092 -0.451567
v 0.659328 1.441092 -0.376720
v 0.470948 1.441092 -0.601259
v 0.659328 1.441092 -0.601259
v 0.659328 1.441092 -0.526413
v 0.094190 1.441092 -0.601259
v 0.282569 1.441092 -0.601259
v 0.282569 1.441092 -0.526413
v 1.224466 1.441092 -0.451567
v 1.412845 1.441092 -0.451567
v 1.412845 1.441092 -0.376720
v 1.224466 1.441092 -0.601259
v 1.412845 1.441092 -0.601259
v 1.412845 1.441092 -0.526413
v 0.847707 1.441092 -0.601259
v 1.036086 1.441092 -0.601259
v 1.036086 1.441092 -0.526413
v 1.224466 1.441092 -0.152181
v 1.412845 1.441092 -0.152181
v 1.412845 1.441092 -0.077335
v 1.224466 1.441092 -0.301874
v 1.412845 1.441092 -0.301874
v 1.412845 1.441092 -0.227027
v 0.847707 1.441092 -0.301874
v 1.036086 1.441092 -0.301874
v 1.036086 1.441092 -0.227027
v -1.036086 1.441092 -0.451567
v -0.847707 1.441092 -0.451567
v -0.847707 1.441092 -0.376720
v -1.036086 1.441092 -0.601259
v -0.847707 1.441092 -0.601259
v -0.847707 1.441092 -0.526413
v -1.412845 1.441092 -0.601259
v -1.224466 1.441092 -0.601259
v -1.224466 1.441092 -0.526413
v -0.282569 1.441092 -0.451567
v -0.094190 1.441092 -0.451567
v -0.094190 1.441092 -0.376720
v -0.282569 1.441092 -0.601259
v -0.094190 1.441092 -0.601259
v -0.094190 1.441092 -0.526413
v -0.659328 1.441092 -0.601259
v -0.470948 1.441092 -0.601259
v -0.470948 1.441092 -0.526413
v -0.282569 1.441092 -0.152181
v -0.094190 1.441092 -0.152181
v -0.094190 1.441092 -0.077335
v -0.282569 1.441092 -0.301874
v -0.094190 1.441092 -0.301874
v -0.094190 1.441092 -0.227027
v -0.659328 1.441092 -0.301874
v -0.470948 1.441092 -0.301874
v -0.470948 1.441092 -0.227027
v -1.036086 1.441092 -0.152181
v -0.847707 1.441092 -0.152181
v -0.847707 1.441092 -0.077335
v -1.036086 1.441092 -0.301874
v -0.847707 1.441092 -0.301874
v -0.847707 1.441092 -0.227027
v -1.412845 1.441092 -0.301874
v -1.224466 1.441092 -0.301874
v -1.224466 1.441092 -0.227027
v 0.470948 1.441092 -0.152181
v 0.659328 1.441092 -0.152181
v 0.659328 1.441092 -0.077335
v 0.470948 1.441092 -0.301874
v 0.659328 1.441092 -0.301874
v 0.659328 1.441092 -0.227027
v 0.094190 1.441092 -0.301874
v 0.282569 1.441092 -0.301874
v 0.282569 1.441092 -0.227027
v 0.470948 1.441092 0.446590
v 0.659328 1.441092 0.446590
v 0.659328 1.441092 0.521437
v 0.470948 1.441092 0.296897
v 0.659328 1.441092 0.296897
v 0.659328 1.441092 0.371744
v 0.094190 1.441092 0.296897
v 0.282569 1.441092 0.296897
v 0.282569 1.441092 0.371744
v 0.659328 1.351076 0.558860
v -1.224466 -0.449244 0.558860
v -1.224466 -0.629276 0.558860
v -1.412845 -0.629276 0.558860
v -1.507035 0.991012 0.072358
v -1.507035 0.810980 0.072358
v -1.507035 0.810980 -0.002488
v -1.507035 0.991012 0.222051
v -1.507035 0.810980 0.222051
v -1.507035 0.810980 0.147205
v -1.507035 1.351076 0.222051
v -1.507035 1.171044 0.222051
v -1.507035 1.171044 0.147205
v -1.507035 -0.449244 0.072358
v -1.507035 -0.629276 0.072358
v -1.507035 -0.629276 -0.002488
v -1.507035 -0.449244 0.222051
v -1.507035 -0.629276 0.222051
v -1.507035 -0.629276 0.147205
v -1.507035 -0.089180 0.222051
v -1.507035 -0.269212 0.222051
v -1.507035 -0.269212 0.147205
v -1.507035 -0.449244 -0.526413
v -1.507035 -0.629276 -0.526413
v -1.507035 -0.629276 -0.601259
v -1.507035 -0.449244 -0.376720
v -1.507035 -0.629276 -0.376720
v -1.507035 -0.629276 -0.451567
v -1.507035 -0.089180 -0.376720
v -1.507035 -0.269212 -0.376720
v -1.507035 -0.269212 -0.451567
v 1.507035 0.991012 -0.152181
v 1.507035 0.810980 -0.152181
v 1.507035 0.810980 -0.077335
v 1.507035 0.991012 -0.301874
v 1.507035 0.810980 -0.301874
v 1.507035 0.810980 -0.227027
v 1.507035 1.351076 -0.301874
v 1.507035 1.171044 -0.301874
v 1.507035 1.171044 -0.227027
v 1.507035 -0.449244 -0.152181
v 1.507035 -0.629276 -0.152181
v 1.507035 -0.629276 -0.077335
v 1.507035 -0.449244 -0.301874
v 1.507035 -0.629276 -0.301874
v 1.507035 -0.629276 -0.227027
v 1.507035 -0.089180 -0.301874
v 1.507035 -0.269212 -0.301874
v 1.507035 -0.269212 -0.227027
v 1.507035 -0.449244 0.446590
v 1.507035 -0.629276 0.446590
v 1.507035 -0.629276 0.521437
v 1.507035 -0.449244 0.296897
v 1.507035 -0.629276 0.296897
v 1.507035 -0.629276 0.371744
v 1.507035 -0.089180 0.296897
v 1.507035 -0.269212 0.296897
v 1.507035 -0.269212 0.371744
v -0.659328 1.351076 -0.638683
v 1.224466 -0.449244 -0.638677
v 1.224466 -0.629276 -0.638677
v 1.412845 -0.629276 -0.638683
v 1.224466 0.991012 -0.638677
v 1.224466 0.810980 -0.638677
v 1.412845 0.810980 -0.638683
v 0.847707 1.351076 -0.638683
v 1.507035 0.991012 0.446590
v 1.507035 0.810980 0.446590
v 1.507035 0.810980 0.521437
v 1.507035 0.991012 0.296897
v 1.507035 0.810980 0.296897
v 1.507035 0.810980 0.371744
v 1.507035 1.351076 0.296897
v 1.507035 1.171044 0.296897
v 1.507035 1.171044 0.371744
v -1.507035 0.991012 -0.526413
v -1.507035 0.810980 -0.526413
v -1.507035 0.810980 -0.601259
v -1.507035 0.991012 -0.376720
v -1.507035 0.810980 -0.376720
v -1.507035 0.810980 -0.451567
v -1.507035 1.351076 -0.376720
v -1.507035 1.171044 -0.376720
v -1.507035 1.171044 -0.451567
v -1.224466 0.991012 0.558860
v -1.224466 0.810980 0.558860
v -1.412845 0.810980 0.558860
v -0.847707 1.351076 0.558860
v -1.036086 1.441092 0.446590
v -0.847707 1.441092 0.446590
v -0.847707 1.441092 0.521437
v -1.036086 1.441092 0.296897
v -0.847707 1.441092 0.296897
v -0.847707 1.441092 0.371744
v -1.412845 1.441092 0.296897
v -1.224466 1.441092 0.296897
v -1.224466 1.441092 0.371744
v -1.412845 1.441092 0.371744
v -1.036086 1.441092 0.371744
v -1.036086 1.441092 0.521437
v -1.036086 1.351076 0.558860
v -1.412845 0.991012 0.558860
v -1.507035 1.351076 -0.451567
v -1.507035 0.991012 -0.451567
v -1.507035 0.991012 -0.601259
v 1.507035 1.351076 0.371744
v 1.507035 0.991012 0.371744
v 1.507035 0.991012 0.521437
v 1.036086 1.351076 -0.638683
v 1.412845 0.991012 -0.638683
v 1.412845 -0.449244 -0.638683
v -0.470948 1.351076 -0.638683
v 1.507035 -0.089180 0.371744
v 1.507035 -0.449244 0.371744
v 1.507035 -0.449244 0.521437
v 1.507035 -0.089180 -0.227027
v 1.507035 -0.449244 -0.227027
v 1.507035 -0.449244 -0.077335
v 1.507035 1.351076 -0.227027
v 1.507035 0.991012 -0.227027
v 1.507035 0.991012 -0.077335
v -1.507035 -0.089180 -0.451567
v -1.507035 -0.449244 -0.451567
v -1.507035 -0.449244 -0.601259
v -1.507035 -0.089180 0.147205
v -1.507035 -0.449244 0.147205
v -1.507035 -0.449244 -0.002488
v -1.507035 1.351076 0.147205
v -1.507035 0.991012 0.147205
v -1.507035 0.991012 -0.002488
v -1.412845 -0.449244 0.558860
v 0.470948 1.351076 0.558860
v 0.094190 1.441092 0.371744
v 0.470948 1.441092 0.371744
v 0.470948 1.441092 0.521437
v 0.094190 1.441092 -0.227027
v 0.470948 1.441092 -0.227027
v 0.470948 1.441092 -0.077335
v -1.412845 1.441092 -0.227027
v -1.036086 1.441092 -0.227027
v -1.036086 1.441092 -0.077335
v -0.659328 1.441092 -0.227027
v -0.282569 1.441092 -0.227027
v -0.282569 1.441092 -0.077335
v -0.659328 1.441092 -0.526413
v -0.282569 1.441092 -0.526413
v -0.282569 1.441092 -0.376720
v -1.412845 1.441092 -0.526413
v -1.036086 1.441092 -0.526413
v -1.036086 1.441092 -0.376720
v 0.847707 1.441092 -0.227027
v 1.224466 1.441092 -0.227027
v 1.224466 1.441092 -0.077335
v 0.847707 1.441092 -0.526413
v 1.224466 1.441092 -0.526413
v 1.224466 1.441092 -0.376720
v 0.094190 1.441092 -0.526413
v 0.470948 1.441092 -0.526413
v 0.470948 1.441092 -0.376720
v 0.847707 1.441092 0.371744
v 1.224466 1.441092 0.371744
v 1.224466 1.441092 0.521437
v 0.847707 1.441092 0.072358
v 1.224466 1.441092 0.072358
v 1.224466 1.441092 0.222051
v 0.094190 1.441092 0.072358
v 0.470948 1.441092 0.072358
v 0.470948 1.441092 0.222051
v 1.224466 0.630948 0.558860
v 1.224466 0.270884 0.558860
v 1.224466 1.351076 0.558860
v 1.224466 0.991012 0.558860
v 0.470948 -1.169372 0.558860
v 0.094190 -1.169372 0.558860
v 1.224466 -0.809308 0.558860
v 1.224466 -1.169372 0.558860
v 0.847707 -1.169372 0.558860
v 1.224466 -0.089180 0.558860
v 1.224466 -0.449244 0.558860
v -1.036086 -1.169372 0.558860
v -1.412845 -1.169372 0.558860
v -0.282569 -1.169372 0.558860
v -0.659328 -1.169372 0.558860
v -1.507035 0.630948 0.147205
v -1.507035 0.270884 0.147205
v -1.507035 0.270884 -0.002488
v -1.507035 0.630948 0.446590
v -1.507035 0.270884 0.446590
v -1.507035 0.270884 0.296897
v -1.507035 1.351076 0.446590
v -1.507035 0.991012 0.446590
v -1.507035 0.991012 0.296897
v -1.507035 -0.809308 0.147205
v -1.507035 -1.169372 0.147205
v -1.507035 -1.169372 -0.002488
v -1.507035 -0.809308 0.446590
v -1.507035 -1.169372 0.446590
v -1.507035 -1.169372 0.296897
v -1.507035 -0.089180 0.446590
v -1.507035 -0.449244 0.446590
v -1.507035 -0.449244 0.296897
v -1.507035 -0.809308 -0.451567
v -1.507035 -1.169372 -0.451567
v -1.507035 -1.169372 -0.601259
v -1.507035 -0.809308 -0.152181
v -1.507035 -1.169372 -0.152181
v -1.507035 -1.169372 -0.301874
v -1.507035 -0.089180 -0.152181
v -1.507035 -0.449244 -0.152181
v -1.507035 -0.449244 -0.301874
v 1.507035 0.630948 -0.227027
v 1.507035 0.270884 -0.227027
v 1.507035 0.270884 -0.077335
v 1.507035 0.630948 -0.526413
v 1.507035 0.270884 -0.526413
v 1.507035 0.270884 -0.376720
v 1.507035 1.351076 -0.526413
v 1.507035 0.991012 -0.526413
v 1.507035 0.991012 -0.376720
v 1.507035 -0.809308 -0.227027
v 1.507035 -1.169372 -0.227027
v 1.507035 -1.169372 -0.077335
v 1.507035 -0.809308 -0.526413
v 1.507035 -1.169372 -0.526413
v 1.507035 -1.169372 -0.376720
v 1.507035 -0.089180 -0.526413
v 1.507035 -0.449244 -0.526413
v 1.507035 -0.449244 -0.376720
v 1.507035 -0.809308 0.371744
v 1.507035 -1.169372 0.371744
v 1.507035 -1.169372 0.521437
v 1.507035 -0.809308 0.072358
v 1.507035 -1.169372 0.072358
v 1.507035 -1.169372 0.222051
v 1.507035 -0.089180 0.072358
v 1.507035 -0.449244 0.072358
v 1.507035 -0.449244 0.222051
v -1.224466 0.630948 -0.638677
v -1.224466 0.270884 -0.638677
v -1.224466 1.351076 -0.638683
v -1.224466 0.991012 -0.638677
v -0.470948 -1.169372 -0.638683
v -0.094190 -1.169372 -0.638683
v -1.224466 -0.809308 -0.638677
v -1.224466 -1.169372 -0.638683
v -0.847707 -1.169372 -0.638683
v -1.224466 -0.089180 -0.638677
v -1.224466 -0.449244 -0.638677
v 1.036086 -1.169372 -0.638683
v 1.412845 -1.169372 -0.638683
v 0.282569 -1.169372 -0.638683
v 0.659328 -1.169372 -0.638683
v 1.412845 0.270884 -0.638683
v 0.282569 1.351076 -0.638683
v 1.507035 0.630948 0.371744
v 1.507035 0.270884 0.371744
v 1.507035 0.270884 0.521437
v 1.507035 0.630948 0.072358
v 1.507035 0.270884 0.072358
v 1.507035 0.270884 0.222051
v 1.507035 1.351076 0.072358
v 1.507035 0.991012 0.072358
v 1.507035 0.991012 0.222051
v -1.507035 0.630948 -0.451567
v -1.507035 0.270884 -0.451567
v -1.507035 0.270884 -0.601259
v -1.507035 0.630948 -0.152181
v -1.507035 0.270884 -0.152181
v -1.507035 0.270884 -0.301874
v -1.507035 1.351076 -0.152181
v -1.507035 0.991012 -0.152181
v -1.507035 0.991012 -0.301874
v -1.412845 0.270884 0.558860
v -0.282569 1.351076 0.558860
v -0.659328 1.441092 0.371744
v -0.282569 1.441092 0.371744
v -0.282569 1.441092 0.521437
v -0.659328 1.441092 0.072358
v -0.282569 1.441092 0.072358
v -0.282569 1.441092 0.222051
v -1.412845 1.441092 0.072358
v -1.036086 1.441092 0.072358
v -1.036086 1.441092 0.222051
v -1.412845 1.441092 0.222051
v -0.659328 1.441092 0.222051
v -0.659328 1.441092 0.521437
v -0.659328 1.351076 0.558860
v -1.412845 0.630948 0.558860
v -1.507035 1.351076 -0.301874
v -1.507035 0.630948 -0.301874
v -1.507035 0.630948 -0.601259
v 1.507035 1.351076 0.222051
v 1.507035 0.630948 0.222051
v 1.507035 0.630948 0.521437
v 0.659328 1.351076 -0.638683
v 1.412845 0.630948 -0.638683
v 1.412845 -0.809308 -0.638683
v -0.847707 1.351076 -0.638683
v 1.507035 -0.089180 0.222051
v 1.507035 -0.809308 0.222051
v 1.507035 -0.809308 0.521437
v 1.507035 -0.089180 -0.376720
v 1.507035 -0.809308 -0.376720
v 1.507035 -0.809308 -0.077335
v 1.507035 1.351076 -0.376720
v 1.507035 0.630948 -0.376720
v 1.507035 0.630948 -0.077335
v -1.507035 -0.089180 -0.301874
v -1.507035 -0.809308 -0.301874
v -1.507035 -0.809308 -0.601259
v -1.507035 -0.089180 0.296897
v -1.507035 -0.809308 0.296897
v -1.507035 -0.809308 -0.002488
v -1.507035 1.351076 0.296897
v -1.507035 0.630948 0.296897
v -1.507035 0.630948 -0.002488
v -1.412845 -0.809308 0.558860
v 0.847707 1.351076 0.558860
v 0.094190 1.441092 0.222051
v 0.847707 1.441092 0.222051
v 0.847707 1.441092 0.521437
v 0.094190 1.441092 -0.376720
v 0.847707 1.441092 -0.376720
v 0.847707 1.441092 -0.077335
v -1.412845 1.441092 -0.376720
v -0.659328 1.441092 -0.376720
v -0.659328 1.441092 -0.077335
v -1.412845 1.441092 -0.077335
v 0.094190 1.441092 -0.077335
v 0.094190 1.441092 0.521437
v 0.094190 1.351076 0.558860
v -1.412845 -0.089180 0.558860
v -1.507035 1.351076 -0.002488
v -1.507035 -0.089180 -0.002488
v -1.507035 -0.089180 -0.601259
v 1.507035 1.351076 -0.077335
v 1.507035 -0.089180 -0.077335
v 1.507035 -0.089180 0.521437
v -0.094190 1.351076 -0.638683
v 1.412845 -0.089180 -0.638683
v 1.412845 1.351076 -0.638683
v 1.507035 1.351076 0.521437
v -1.507035 1.351076 -0.601259
v -1.412845 1.351076 0.558860
v -1.412845 1.441092 0.521437
v 0.000000 -0.899324 -0.080974
v 0.000000 1.261060 -0.080974
v 0.753517 1.261060 -0.080974
v 0.753517 -0.899324 -0.080974
v -0.753517 -0.899324 -0.080974
v -0.753517 1.261060 -0.080974
v -0.376759 1.261060 -0.080974
v -0.376759 -0.899324 -0.080974
v -1.130276 -0.899324 -0.080974
v 1.130276 -0.899324 -0.080974
v 0.376759 -0.899324 -0.080974
v 1.130276 1.261060 -0.080974
v 0.376759 1.261060 -0.080974
v -1.130276 1.261060 -0.080974
v -0.941897 1.261060 -0.080974
v 0.565138 1.261060 -0.080974
v 0.565138 -0.899324 -0.080974
v -0.941897 -0.899324 -0.080974
v -0.188379 -0.899324 -0.080974
v -0.188379 1.261060 -0.080974
v -0.565138 1.261060 -0.080974
v -0.565138 -0.899324 -0.080974
v 0.941897 -0.899324 -0.080974
v 0.188379 -0.899324 -0.080974
v 0.941897 1.261060 -0.080974
v 0.188379 1.261060 -0.080974
v 1.224466 0.000836 -0.080974
v 1.224466 0.720964 -0.080974
v 1.224466 -0.719292 -0.080974
v 1.224466 -0.359228 -0.080974
v 1.224466 1.081028 -0.080974
v 1.224466 0.360900 -0.080974
v -1.224466 0.000836 -0.080974
v -1.224466 -0.719292 -0.080974
v -1.224466 0.720964 -0.080974
v -1.224466 0.360900 -0.080974
v -1.224466 -0.359228 -0.080974
v -1.224466 1.081028 -0.080974
v -1.036086 1.261060 -0.080974
v -0.847707 1.261060 -0.080974
v -1.224466 0.900996 -0.080974
v -1.224466 -0.539260 -0.080974
v 0.470948 1.261060 -0.080974
v 0.659328 1.261060 -0.080974
v 1.224466 0.540932 -0.080974
v 1.224466 0.180868 -0.080974
v 1.224466 1.261060 -0.080974
v 1.224466 0.900996 -0.080974
v 0.470948 -0.899324 -0.080974
v 0.659328 -0.899324 -0.080974
v 1.224466 -0.899324 -0.080974
v 1.224466 -0.179196 -0.080974
v 1.224466 -0.539260 -0.080974
v -1.036086 -0.899324 -0.080974
v -0.847707 -0.899324 -0.080974
v -0.282569 -0.899324 -0.080974
v -0.094190 -0.899324 -0.080974
v -1.224466 0.180868 -0.080974
v -0.282569 1.261060 -0.080974
v -0.094190 1.261060 -0.080974
v -0.659328 1.261060 -0.080974
v -0.470948 1.261060 -0.080974
v -1.224466 0.540932 -0.080974
v -0.659328 -0.899324 -0.080974
v -0.470948 -0.899324 -0.080974
v -1.224466 -0.899324 -0.080974
v 0.847707 -0.899324 -0.080974
v 1.036086 -0.899324 -0.080974
v 0.094190 -0.899324 -0.080974
v 0.282569 -0.899324 -0.080974
v 0.847707 1.261060 -0.080974
v 1.036086 1.261060 -0.080974
v 0.094190 1.261060 -0.080974
v 0.282569 1.261060 -0.080974
v -1.224466 -0.179196 -0.080974
v -1.224466 1.261060 -0.080974
v -1.224466 1.171044 -0.080974
v -1.224466 -0.089180 -0.080974
v -1.224466 -0.269212 -0.080974
v -1.224466 -0.809308 -0.080974
v -1.224466 0.630948 -0.080974
v -1.224466 0.450916 -0.080974
v -1.224466 0.270884 -0.080974
v -1.224466 0.090852 -0.080974
v 1.224466 -0.629276 -0.080974
v 1.224466 -0.269212 -0.080974
v 1.224466 0.810980 -0.080974
v 1.224466 1.171044 -0.080974
v 1.224466 0.090852 -0.080974
v 1.224466 0.450916 -0.080974
v -1.224466 -0.449244 -0.080974
v -1.224466 -0.629276 -0.080974
v -1.224466 0.991012 -0.080974
v -1.224466 0.810980 -0.080974
v 1.224466 0.630948 -0.080974
v 1.224466 0.270884 -0.080974
v 1.224466 0.991012 -0.080974
v 1.224466 -0.809308 -0.080974
v 1.224466 -0.089180 -0.080974
v 1.224466 -0.449244 -0.080974
v 0.000000 -1.079356 -0.175937
v -0.753517 -1.079356 -0.175937
v 0.753517 -1.079356 -0.175937
v 0.376759 -1.079356 -0.175937
v 1.130276 -1.079356 -0.175937
v -1.130276 -1.079356 -0.175937
v -0.376759 -1.079356 -0.175937
v 0.000000 1.261060 -0.175937
v -0.753517 1.261060 -0.175937
v 0.753517 1.261060 -0.175937
v 0.376759 1.261060 -0.175937
v 0.565138 -1.079356 -0.175937
v 0.188379 -1.079356 -0.175937
v 0.941897 -1.079356 -0.175937
v -0.941897 -1.079356 -0.175937
v -0.188379 -1.079356 -0.175937
v -0.565138 -1.079356 -0.175937
v -1.130276 1.261060 -0.175937
v -0.376759 1.261060 -0.175937
v 1.130276 1.261060 -0.175937
v 0.941897 1.261060 -0.175937
v -0.565138 1.261060 -0.175937
v 0.188379 1.261060 -0.175937
v 0.565138 1.261060 -0.175937
v -0.941897 1.261060 -0.175937
v -0.188379 1.261060 -0.175937
v -1.224466 0.000836 -0.175937
v -1.224466 0.720964 -0.175937
v -1.224466 -0.719292 -0.175937
v 0.659328 -1.079356 -0.175937
v 0.282569 -1.079356 -0.175937
v 1.036086 -1.079356 -0.175937
v -1.224466 -0.359228 -0.175937
v -0.847707 -1.079356 -0.175937
v -1.224466 -1.079356 -0.175937
v -0.094190 -1.079356 -0.175937
v -0.470948 -1.079356 -0.175937
v -1.224466 1.081028 -0.175937
v -1.224466 0.360900 -0.175937
v 1.224466 0.000836 -0.175937
v 1.224466 -0.719292 -0.175937
v 1.224466 0.720964 -0.175937
v 1.224466 0.360900 -0.175937
v 0.470948 -1.079356 -0.175937
v 0.094190 -1.079356 -0.175937
v 1.224466 -1.079356 -0.175937
v 0.847707 -1.079356 -0.175937
v -1.036086 -1.079356 -0.175937
v -0.282569 -1.079356 -0.175937
v -0.659328 -1.079356 -0.175937
v 1.224466 -0.359228 -0.175937
v 1.224466 1.081028 -0.175937
v 1.036086 1.261060 -0.175937
v 0.847707 1.261060 -0.175937
v 1.224466 0.900996 -0.175937
v 1.224466 -0.539260 -0.175937
v -0.470948 1.261060 -0.175937
v -0.659328 1.261060 -0.175937
v -1.224466 0.540932 -0.175937
v -1.224466 0.180868 -0.175937
v -1.224466 1.261060 -0.175937
v -1.224466 0.900996 -0.175937
v -1.224466 -0.899324 -0.175937
v -1.224466 -0.179196 -0.175937
v -1.224466 -0.539260 -0.175937
v 1.224466 0.180868 -0.175937
v 0.282569 1.261060 -0.175937
v 0.094190 1.261060 -0.175937
v 0.659328 1.261060 -0.175937
v 0.470948 1.261060 -0.175937
v 1.224466 0.540932 -0.175937
v 1.224466 -0.899324 -0.175937
v -0.847707 1.261060 -0.175937
v -1.036086 1.261060 -0.175937
v -0.094190 1.261060 -0.175937
v -0.282569 1.261060 -0.175937
v 1.224466 -0.179196 -0.175937
v 1.224466 1.261060 -0.175937
v 1.224466 1.171044 -0.175937
v 1.224466 -0.089180 -0.175937
v 1.224466 -0.269212 -0.175937
v 1.224466 -0.809308 -0.175937
v 1.224466 -0.989340 -0.175937
v 1.224466 0.630948 -0.175937
v 1.224466 0.450916 -0.175937
v 1.224466 0.270884 -0.175937
v 1.224466 0.090852 -0.175937
v -1.224466 -0.629276 -0.175937
v -1.224466 -0.269212 -0.175937
v -1.224466 -0.989340 -0.175937
v -1.224466 0.810980 -0.175937
v -1.224466 1.171044 -0.175937
v -1.224466 0.090852 -0.175937
v -1.224466 0.450916 -0.175937
v 1.224466 -0.449244 -0.175937
v 1.224466 -0.629276 -0.175937
v 1.224466 0.991012 -0.175937
v 1.224466 0.810980 -0.175937
v -1.224466 0.630948 -0.175937
v -1.224466 0.270884 -0.175937
v -1.224466 0.991012 -0.175937
v -1.224466 -0.809308 -0.175937
v -1.224466 -0.089180 -0.175937
v -1.224466 -0.449244 -0.175937
v 1.507035 -1.803318 -0.638683
v 1.507035 -1.803318 0.558860
v -1.507035 -1.803318 -0.638683
v -1.507035 -1.803318 0.558860
v -1.507035 -1.803318 -0.039911
v 0.000000 -1.803318 -0.638683
v 0.000000 -1.803318 0.558860
v 1.507035 -1.803318 -0.039911
v 0.000000 -1.803318 -0.039911
v -1.507035 -1.803318 0.259474
v -0.753517 -1.803318 -0.638683
v 0.753517 -1.803318 0.558860
v 1.507035 -1.803318 -0.339297
v -1.507035 -1.803318 -0.339297
v 0.753517 -1.803318 -0.638683
v -0.753517 -1.803318 0.558860
v 1.507035 -1.803318 0.259474
v 0.000000 -1.803318 0.259474
v 0.000000 -1.803318 -0.339297
v -0.753517 -1.803318 -0.039911
v 0.753517 -1.803318 -0.039911
v 0.753517 -1.803318 -0.339297
v -0.753517 -1.803318 -0.339297
v -0.753517 -1.803318 0.259474
v 0.753517 -1.803318 0.259474
v -1.507035 -1.803318 0.409167
v -1.130276 -1.803318 -0.638683
v 1.130276 -1.803318 0.558860
v 1.507035 -1.803318 -0.488990
v -1.507035 -1.803318 -0.189604
v 0.376759 -1.803318 -0.638683
v -0.376759 -1.803318 0.558860
v 1.507035 -1.803318 0.109781
v 0.000000 -1.803318 0.409167
v 0.000000 -1.803318 -0.189604
v -1.130276 -1.803318 -0.039911
v 0.376759 -1.803318 -0.039911
v -1.507035 -1.803318 0.109781
v -0.376759 -1.803318 -0.638683
v 0.376759 -1.803318 0.558860
v 1.507035 -1.803318 -0.189604
v -1.507035 -1.803318 -0.488990
v 1.130276 -1.803318 -0.638683
v -1.130276 -1.803318 0.558860
v 1.507035 -1.803318 0.409167
v 0.000000 -1.803318 0.109781
v 0.000000 -1.803318 -0.488990
v -0.376759 -1.803318 -0.039911
v 1.130276 -1.803318 -0.039911
v 0.753517 -1.803318 -0.189604
v 0.753517 -1.803318 -0.488990
v 0.376759 -1.803318 -0.339297
v 1.130276 -1.803318 -0.339297
v -0.753517 -1.803318 -0.189604
v -0.753517 -1.803318 -0.488990
v -1.130276 -1.803318 -0.339297
v -0.376759 -1.803318 -0.339297
v -0.753517 -1.803318 0.409167
v -0.753517 -1.803318 0.109781
v -1.130276 -1.803318 0.259474
v -0.376759 -1.803318 0.259474
v 0.753517 -1.803318 0.409167
v 0.753517 -1.803318 0.109781
v 0.376759 -1.803318 0.259474
v 1.130276 -1.803318 0.259474
v 1.130276 -1.803318 0.109781
v 0.376759 -1.803318 0.109781
v 0.376759 -1.803318 0.409167
v -0.376759 -1.803318 0.109781
v -1.130276 -1.803318 0.109781
v -1.130276 -1.803318 0.409167
v -0.376759 -1.803318 -0.488990
v -1.130276 -1.803318 -0.488990
v -1.130276 -1.803318 -0.189604
v 1.130276 -1.803318 -0.488990
v 0.376759 -1.803318 -0.488990
v 0.376759 -1.803318 -0.189604
v 1.130276 -1.803318 -0.189604
v -0.376759 -1.803318 -0.189604
v -0.376759 -1.803318 0.409167
v 1.130276 -1.803318 0.409167
v -1.507035 -1.803318 0.484013
v -1.318655 -1.803318 -0.638683
v 1.318655 -1.803318 0.558860
v 1.507035 -1.803318 -0.563836
v -1.507035 -1.803318 -0.114758
v 0.188379 -1.803318 -0.638683
v -0.188379 -1.803318 0.558860
v 1.507035 -1.803318 0.034935
v 0.000000 -1.803318 0.484013
v 0.000000 -1.803318 -0.114758
v -1.318655 -1.803318 -0.039911
v 0.188379 -1.803318 -0.039911
v -1.507035 -1.803318 0.184628
v -0.565138 -1.803318 -0.638683
v 0.565138 -1.803318 0.558860
v 1.507035 -1.803318 -0.264451
v -1.507035 -1.803318 -0.414143
v 0.941897 -1.803318 -0.638683
v -0.941897 -1.803318 0.558860
v 1.507035 -1.803318 0.334321
v 0.000000 -1.803318 0.184628
v 0.000000 -1.803318 -0.414143
v -0.565138 -1.803318 -0.039911
v 0.941897 -1.803318 -0.039911
v 0.753517 -1.803318 -0.114758
v 0.753517 -1.803318 -0.414143
v 0.188379 -1.803318 -0.339297
v 0.941897 -1.803318 -0.339297
v -0.753517 -1.803318 -0.114758
v -0.753517 -1.803318 -0.414143
v -1.318655 -1.803318 -0.339297
v -0.565138 -1.803318 -0.339297
v -0.753517 -1.803318 0.484013
v -0.753517 -1.803318 0.184628
v -1.318655 -1.803318 0.259474
v -0.565138 -1.803318 0.259474
v 0.753517 -1.803318 0.484013
v 0.753517 -1.803318 0.184628
v 0.188379 -1.803318 0.259474
v 0.941897 -1.803318 0.259474
v -1.507035 -1.803318 0.334321
v -0.941897 -1.803318 -0.638683
v 0.941897 -1.803318 0.558860
v 1.507035 -1.803318 -0.414143
v -1.507035 -1.803318 -0.264451
v 0.565138 -1.803318 -0.638683
v -0.565138 -1.803318 0.558860
v 1.507035 -1.803318 0.184628
v 0.000000 -1.803318 0.334321
v 0.000000 -1.803318 -0.264451
v -0.941897 -1.803318 -0.039911
v 0.565138 -1.803318 -0.039911
v -1.507035 -1.803318 0.034935
v -0.188379 -1.803318 -0.638683
v 0.188379 -1.803318 0.558860
v 1.507035 -1.803318 -0.114758
v -1.507035 -1.803318 -0.563836
v 1.318655 -1.803318 -0.638683
v -1.318655 -1.803318 0.558860
v 1.507035 -1.803318 0.484013
v 0.000000 -1.803318 0.034935
v 0.000000 -1.803318 -0.563836
v -0.188379 -1.803318 -0.039911
v 1.318655 -1.803318 -0.039911
v 0.753517 -1.803318 -0.264451
v 0.753517 -1.803318 -0.563836
v 0.565138 -1.803318 -0.339297
v 1.318655 -1.803318 -0.339297
v -0.753517 -1.803318 -0.264451
v -0.753517 -1.803318 -0.563836
v -0.941897 -1.803318 -0.339297
v -0.188379 -1.803318 -0.339297
v -0.753517 -1.803318 0.334321
v -0.753517 -1.803318 0.034935
v -0.941897 -1.803318 0.259474
v -0.188379 -1.803318 0.259474
v 0.753517 -1.803318 0.334321
v 0.753517 -1.803318 0.034935
v 0.565138 -1.803318 0.259474
v 1.318655 -1.803318 0.259474
v 1.130276 -1.803318 0.184628
v 1.130276 -1.803318 0.034935
v 0.941897 -1.803318 0.109781
v 1.318655 -1.803318 0.109781
v 0.376759 -1.803318 0.184628
v 0.376759 -1.803318 0.034935
v 0.188379 -1.803318 0.109781
v 0.565138 -1.803318 0.109781
v 0.376759 -1.803318 0.484013
v 0.376759 -1.803318 0.334321
v 0.188379 -1.803318 0.409167
v 0.565138 -1.803318 0.409167
v -0.376759 -1.803318 0.184628
v -0.376759 -1.803318 0.034935
v -0.565138 -1.803318 0.109781
v -0.188379 -1.803318 0.109781
v -1.130276 -1.803318 0.184628
v -1.130276 -1.803318 0.034935
v -1.318655 -1.803318 0.109781
v -0.941897 -1.803318 0.109781
v -1.130276 -1.803318 0.484013
v -1.130276 -1.803318 0.334321
v -1.318655 -1.803318 0.409167
v -0.941897 -1.803318 0.409167
v -0.376759 -1.803318 -0.414143
v -0.376759 -1.803318 -0.563836
v -0.565138 -1.803318 -0.488990
v -0.188379 -1.803318 -0.488990
v -1.130276 -1.803318 -0.414143
v -1.130276 -1.803318 -0.563836
v -1.318655 -1.803318 -0.488990
v -0.941897 -1.803318 -0.488990
v -1.130276 -1.803318 -0.114758
v -1.130276 -1.803318 -0.264451
v -1.318655 -1.803318 -0.189604
v -0.941897 -1.803318 -0.189604
v 1.130276 -1.803318 -0.414143
v 1.130276 -1.803318 -0.563836
v 0.941897 -1.803318 -0.488990
v 1.318655 -1.803318 -0.488990
v 0.376759 -1.803318 -0.414143
v 0.376759 -1.803318 -0.563836
v 0.188379 -1.803318 -0.488990
v 0.565138 -1.803318 -0.488990
v 0.376759 -1.803318 -0.114758
v 0.376759 -1.803318 -0.264451
v 0.188379 -1.803318 -0.189604
v 0.565138 -1.803318 -0.189604
v 1.130276 -1.803318 -0.114758
v 1.130276 -1.803318 -0.264451
v 0.941897 -1.803318 -0.189604
v 1.318655 -1.803318 -0.189604
v -0.376759 -1.803318 -0.114758
v -0.376759 -1.803318 -0.264451
v -0.565138 -1.803318 -0.189604
v -0.188379 -1.803318 -0.189604
v -0.376759 -1.803318 0.484013
v -0.376759 -1.803318 0.334321
v -0.565138 -1.803318 0.409167
v -0.188379 -1.803318 0.409167
v 1.130276 -1.803318 0.484013
v 1.130276 -1.803318 0.334321
v 0.941897 -1.803318 0.409167
v 1.318655 -1.803318 0.409167
v 1.318655 -1.803318 0.334321
v 0.941897 -1.803318 0.334321
v 0.941897 -1.803318 0.484013
v -0.188379 -1.803318 0.334321
v -0.565138 -1.803318 0.334321
v -0.565138 -1.803318 0.484013
v -0.188379 -1.803318 -0.264451
v -0.565138 -1.803318 -0.264451
v -0.565138 -1.803318 -0.114758
v 1.318655 -1.803318 -0.264451
v 0.941897 -1.803318 -0.264451
v 0.941897 -1.803318 -0.114758
v 0.565138 -1.803318 -0.264451
v 0.188379 -1.803318 -0.264451
v 0.188379 -1.803318 -0.114758
v 0.565138 -1.803318 -0.563836
v 0.188379 -1.803318 -0.563836
v 0.188379 -1.803318 -0.414143
v 1.318655 -1.803318 -0.563836
v 0.941897 -1.803318 -0.563836
v 0.941897 -1.803318 -0.414143
v -0.941897 -1.803318 -0.264451
v -1.318655 -1.803318 -0.264451
v -1.318655 -1.803318 -0.114758
v -0.941897 -1.803318 -0.563836
v -1.318655 -1.803318 -0.563836
v -1.318655 -1.803318 -0.414143
v -0.188379 -1.803318 -0.563836
v -0.565138 -1.803318 -0.563836
v -0.565138 -1.803318 -0.414143
v -0.941897 -1.803318 0.334321
v -1.318655 -1.803318 0.334321
v -1.318655 -1.803318 0.484013
v -0.941897 -1.803318 0.034935
v -1.318655 -1.803318 0.034935
v -1.318655 -1.803318 0.184628
v -0.188379 -1.803318 0.034935
v -0.565138 -1.803318 0.034935
v -0.565138 -1.803318 0.184628
v 0.565138 -1.803318 0.334321
v 0.188379 -1.803318 0.334321
v 0.188379 -1.803318 0.484013
v 0.565138 -1.803318 0.034935
v 0.188379 -1.803318 0.034935
v 0.188379 -1.803318 0.184628
v 1.318655 -1.803318 0.034935
v 0.941897 -1.803318 0.034935
v 0.941897 -1.803318 0.184628
v 1.318655 -1.803318 0.184628
v 0.565138 -1.803318 0.184628
v 0.565138 -1.803318 0.484013
v -0.188379 -1.803318 0.184628
v -0.941897 -1.803318 0.184628
v -0.941897 -1.803318 0.484013
v -0.188379 -1.803318 -0.414143
v -0.941897 -1.803318 -0.414143
v -0.941897 -1.803318 -0.114758
v 1.318655 -1.803318 -0.414143
v 0.565138 -1.803318 -0.414143
v 0.565138 -1.803318 -0.114758
v 1.318655 -1.803318 -0.114758
v -0.188379 -1.803318 -0.114758
v -0.188379 -1.803318 0.484013
v 1.318655 -1.803318 0.484013
v -1.507035 -1.803318 0.521437
v -1.412845 -1.803318 -0.638683
v 1.412845 -1.803318 0.558860
v 1.507035 -1.803318 -0.601259
v -1.507035 -1.803318 -0.077335
v 0.094190 -1.803318 -0.638683
v -0.094190 -1.803318 0.558860
v 1.507035 -1.803318 -0.002488
v 0.000000 -1.803318 0.521437
v 0.000000 -1.803318 -0.077335
v -1.412845 -1.803318 -0.039911
v 0.094190 -1.803318 -0.039911
v -1.507035 -1.803318 0.222051
v -0.659328 -1.803318 -0.638683
v 0.659328 -1.803318 0.558860
v 1.507035 -1.803318 -0.301874
v -1.507035 -1.803318 -0.376720
v 0.847707 -1.803318 -0.638683
v -0.847707 -1.803318 0.558860
v 1.507035 -1.803318 0.296897
v 0.000000 -1.803318 0.222051
v 0.000000 -1.803318 -0.376720
v -0.659328 -1.803318 -0.039911
v 0.847707 -1.803318 -0.039911
v 0.753517 -1.803318 -0.077335
v 0.753517 -1.803318 -0.376720
v 0.094190 -1.803318 -0.339297
v 0.847707 -1.803318 -0.339297
v -0.753517 -1.803318 -0.077335
v -0.753517 -1.803318 -0.376720
v -1.412845 -1.803318 -0.339297
v -0.659328 -1.803318 -0.339297
v -0.753517 -1.803318 0.521437
v -0.753517 -1.803318 0.222051
v -1.412845 -1.803318 0.259474
v -0.659328 -1.803318 0.259474
v 0.753517 -1.803318 0.521437
v 0.753517 -1.803318 0.222051
v 0.094190 -1.803318 0.259474
v 0.847707 -1.803318 0.259474
v -1.507035 -1.803318 0.371744
v -1.036086 -1.803318 -0.638683
v 1.036086 -1.803318 0.558860
v 1.507035 -1.803318 -0.451567
v -1.507035 -1.803318 -0.227027
v 0.470948 -1.803318 -0.638683
v -0.470948 -1.803318 0.558860
v 1.507035 -1.803318 0.147205
v 0.000000 -1.803318 0.371744
v 0.000000 -1.803318 -0.227027
v -1.036086 -1.803318 -0.039911
v 0.470948 -1.803318 -0.039911
v -1.507035 -1.803318 0.072358
v -0.282569 -1.803318 -0.638683
v 0.282569 -1.803318 0.558860
v 1.507035 -1.803318 -0.152181
v -1.507035 -1.803318 -0.526413
v 1.224466 -1.803318 -0.638683
v -1.224466 -1.803318 0.558860
v 1.507035 -1.803318 0.446590
v 0.000000 -1.803318 0.072358
v 0.000000 -1.803318 -0.526413
v -0.282569 -1.803318 -0.039911
v 1.224466 -1.803318 -0.039911
v 0.753517 -1.803318 -0.227027
v 0.753517 -1.803318 -0.526413
v 0.470948 -1.803318 -0.339297
v 1.224466 -1.803318 -0.339297
v -0.753517 -1.803318 -0.227027
v -0.753517 -1.803318 -0.526413
v -1.036086 -1.803318 -0.339297
v -0.282569 -1.803318 -0.339297
v -0.753517 -1.803318 0.371744
v -0.753517 -1.803318 0.072358
v -1.036086 -1.803318 0.259474
v -0.282569 -1.803318 0.259474
v 0.753517 -1.803318 0.371744
v 0.753517 -1.803318 0.072358
v 0.470948 -1.803318 0.259474
v 1.224466 -1.803318 0.259474
v 1.130276 -1.803318 0.222051
v 1.130276 -1.803318 0.072358
v 0.847707 -1.803318 0.109781
v 1.224466 -1.803318 0.109781
v 0.376759 -1.803318 0.222051
v 0.376759 -1.803318 0.072358
v 0.094190 -1.803318 0.109781
v 0.470948 -1.803318 0.109781
v 0.376759 -1.803318 0.521437
v 0.376759 -1.803318 0.371744
v 0.094190 -1.803318 0.409167
v 0.470948 -1.803318 0.409167
v -0.376759 -1.803318 0.222051
v -0.376759 -1.803318 0.072358
v -0.659328 -1.803318 0.109781
v -0.282569 -1.803318 0.109781
v -1.130276 -1.803318 0.222051
v -1.130276 -1.803318 0.072358
v -1.412845 -1.803318 0.109781
v -1.036086 -1.803318 0.109781
v -1.130276 -1.803318 0.521437
v -1.130276 -1.803318 0.371744
v -1.412845 -1.803318 0.409167
v -1.036086 -1.803318 0.409167
v -0.376759 -1.803318 -0.376720
v -0.376759 -1.803318 -0.526413
v -0.659328 -1.803318 -0.488990
v -0.282569 -1.803318 -0.488990
v -1.130276 -1.803318 -0.376720
v -1.130276 -1.803318 -0.526413
v -1.412845 -1.803318 -0.488990
v -1.036086 -1.803318 -0.488990
v -1.130276 -1.803318 -0.077335
v -1.130276 -1.803318 -0.227027
v -1.412845 -1.803318 -0.189604
v -1.036086 -1.803318 -0.189604
v 1.130276 -1.803318 -0.376720
v 1.130276 -1.803318 -0.526413
v 0.847707 -1.803318 -0.488990
v 1.224466 -1.803318 -0.488990
v 0.376759 -1.803318 -0.376720
v 0.376759 -1.803318 -0.526413
v 0.094190 -1.803318 -0.488990
v 0.470948 -1.803318 -0.488990
v 0.376759 -1.803318 -0.077335
v 0.376759 -1.803318 -0.227027
v 0.094190 -1.803318 -0.189604
v 0.470948 -1.803318 -0.189604
v 1.130276 -1.803318 -0.077335
v 1.130276 -1.803318 -0.227027
v 0.847707 -1.803318 -0.189604
v 1.224466 -1.803318 -0.189604
v -0.376759 -1.803318 -0.077335
v -0.376759 -1.803318 -0.227027
v -0.659328 -1.803318 -0.189604
v -0.282569 -1.803318 -0.189604
v -0.376759 -1.803318 0.521437
v -0.376759 -1.803318 0.371744
v -0.659328 -1.803318 0.409167
v -0.282569 -1.803318 0.409167
v 1.130276 -1.803318 0.521437
v 1.130276 -1.803318 0.371744
v 0.847707 -1.803318 0.409167
v 1.224466 -1.803318 0.409167
v -1.507035 -1.803318 0.446590
v -1.224466 -1.803318 -0.638683
v 1.224466 -1.803318 0.558860
v 1.507035 -1.803318 -0.526413
v -1.507035 -1.803318 -0.152181
v 0.282569 -1.803318 -0.638683
v -0.282569 -1.803318 0.558860
v 1.507035 -1.803318 0.072358
v 0.000000 -1.803318 0.446590
v 0.000000 -1.803318 -0.152181
v -1.224466 -1.803318 -0.039911
v 0.282569 -1.803318 -0.039911
v -1.507035 -1.803318 0.147205
v -0.470948 -1.803318 -0.638683
v 0.470948 -1.803318 0.558860
v 1.507035 -1.803318 -0.227027
v -1.507035 -1.803318 -0.451567
v 1.036086 -1.803318 -0.638683
v -1.036086 -1.803318 0.558860
v 1.507035 -1.803318 0.371744
v 0.000000 -1.803318 0.147205
v 0.000000 -1.803318 -0.451567
v -0.470948 -1.803318 -0.039911
v 1.036086 -1.803318 -0.039911
v 0.753517 -1.803318 -0.152181
v 0.753517 -1.803318 -0.451567
v 0.282569 -1.803318 -0.339297
v 1.036086 -1.803318 -0.339297
v -0.753517 -1.803318 -0.152181
v -0.753517 -1.803318 -0.451567
v -1.224466 -1.803318 -0.339297
v -0.470948 -1.803318 -0.339297
v -0.753517 -1.803318 0.446590
v -0.753517 -1.803318 0.147205
v -1.224466 -1.803318 0.259474
v -0.470948 -1.803318 0.259474
v 0.753517 -1.803318 0.446590
v 0.753517 -1.803318 0.147205
v 0.282569 -1.803318 0.259474
v 1.036086 -1.803318 0.259474
v -1.507035 -1.803318 0.296897
v -0.847707 -1.803318 -0.638683
v 0.847707 -1.803318 0.558860
v 1.507035 -1.803318 -0.376720
v -1.507035 -1.803318 -0.301874
v 0.659328 -1.803318 -0.638683
v -0.659328 -1.803318 0.558860
v 1.507035 -1.803318 0.222051
v 0.000000 -1.803318 0.296897
v 0.000000 -1.803318 -0.301874
v -0.847707 -1.803318 -0.039911
v 0.659328 -1.803318 -0.039911
v -1.507035 -1.803318 -0.002488
v -0.094190 -1.803318 -0.638683
v 0.094190 -1.803318 0.558860
v 1.507035 -1.803318 -0.077335
v -1.507035 -1.803318 -0.601259
v 1.412845 -1.803318 -0.638683
v -1.412845 -1.803318 0.558860
v 1.507035 -1.803318 0.521437
v 0.000000 -1.803318 -0.002488
v 0.000000 -1.803318 -0.601259
v -0.094190 -1.803318 -0.039911
v 1.412845 -1.803318 -0.039911
v 0.753517 -1.803318 -0.301874
v 0.753517 -1.803318 -0.601259
v 0.659328 -1.803318 -0.339297
v 1.412845 -1.803318 -0.339297
v -0.753517 -1.803318 -0.301874
v -0.753517 -1.803318 -0.601259
v -0.847707 -1.803318 -0.339297
v -0.094190 -1.803318 -0.339297
v -0.753517 -1.803318 0.296897
v -0.753517 -1.803318 -0.002488
v -0.847707 -1.803318 0.259474
v -0.094190 -1.803318 0.259474
v 0.753517 -1.803318 0.296897
v 0.753517 -1.803318 -0.002488
v 0.659328 -1.803318 0.259474
v 1.412845 -1.803318 0.259474
v 1.130276 -1.803318 0.147205
v 1.130276 -1.803318 -0.002488
v 1.036086 -1.803318 0.109781
v 1.412845 -1.803318 0.109781
v 0.376759 -1.803318 0.147205
v 0.376759 -1.803318 -0.002488
v 0.282569 -1.803318 0.109781
v 0.659328 -1.803318 0.109781
v 0.376759 -1.803318 0.446590
v 0.376759 -1.803318 0.296897
v 0.282569 -1.803318 0.409167
v 0.659328 -1.803318 0.409167
v -0.376759 -1.803318 0.147205
v -0.376759 -1.803318 -0.002488
v -0.470948 -1.803318 0.109781
v -0.094190 -1.803318 0.109781
v -1.130276 -1.803318 0.147205
v -1.130276 -1.803318 -0.002488
v -1.224466 -1.803318 0.109781
v -0.847707 -1.803318 0.109781
v -1.130276 -1.803318 0.446590
v -1.130276 -1.803318 0.296897
v -1.224466 -1.803318 0.409167
v -0.847707 -1.803318 0.409167
v -0.376759 -1.803318 -0.451567
v -0.376759 -1.803318 -0.601259
v -0.470948 -1.803318 -0.488990
v -0.094190 -1.803318 -0.488990
v -1.130276 -1.803318 -0.451567
v -1.130276 -1.803318 -0.601259
v -1.224466 -1.803318 -0.488990
v -0.847707 -1.803318 -0.488990
v -1.130276 -1.803318 -0.152181
v -1.130276 -1.803318 -0.301874
v -1.224466 -1.803318 -0.189604
v -0.847707 -1.803318 -0.189604
v 1.130276 -1.803318 -0.451567
v 1.130276 -1.803318 -0.601259
v 1.036086 -1.803318 -0.488990
v 1.412845 -1.803318 -0.488990
v 0.376759 -1.803318 -0.451567
v 0.376759 -1.803318 -0.601259
v 0.282569 -1.803318 -0.488990
v 0.659328 -1.803318 -0.488990
v 0.376759 -1.803318 -0.152181
v 0.376759 -1.803318 -0.301874
v 0.282569 -1.803318 -0.189604
v 0.659328 -1.803318 -0.189604
v 1.130276 -1.803318 -0.152181
v 1.130276 -1.803318 -0.301874
v 1.036086 -1.803318 -0.189604
v 1.412845 -1.803318 -0.189604
v -0.376759 -1.803318 -0.152181
v -0.376759 -1.803318 -0.301874
v -0.470948 -1.803318 -0.189604
v -0.094190 -1.803318 -0.189604
v -0.376759 -1.803318 0.446590
v -0.376759 -1.803318 0.296897
v -0.470948 -1.803318 0.409167
v -0.094190 -1.803318 0.409167
v 1.130276 -1.803318 0.446590
v 1.130276 -1.803318 0.296897
v 1.036086 -1.803318 0.409167
v 1.412845 -1.803318 0.409167
v 1.318655 -1.803318 0.371744
v 1.318655 -1.803318 0.296897
v 1.224466 -1.803318 0.334321
v 1.412845 -1.803318 0.334321
v 0.941897 -1.803318 0.371744
v 0.941897 -1.803318 0.296897
v 0.847707 -1.803318 0.334321
v 1.036086 -1.803318 0.334321
v 0.941897 -1.803318 0.521437
v 0.941897 -1.803318 0.446590
v 0.847707 -1.803318 0.484013
v 1.036086 -1.803318 0.484013
v -0.188379 -1.803318 0.371744
v -0.188379 -1.803318 0.296897
v -0.282569 -1.803318 0.334321
v -0.094190 -1.803318 0.334321
v -0.565138 -1.803318 0.371744
v -0.565138 -1.803318 0.296897
v -0.659328 -1.803318 0.334321
v -0.470948 -1.803318 0.334321
v -0.565138 -1.803318 0.521437
v -0.565138 -1.803318 0.446590
v -0.659328 -1.803318 0.484013
v -0.470948 -1.803318 0.484013
v -0.188379 -1.803318 -0.227027
v -0.188379 -1.803318 -0.301874
v -0.282569 -1.803318 -0.264451
v -0.094190 -1.803318 -0.264451
v -0.565138 -1.803318 -0.227027
v -0.565138 -1.803318 -0.301874
v -0.659328 -1.803318 -0.264451
v -0.470948 -1.803318 -0.264451
v -0.565138 -1.803318 -0.077335
v -0.565138 -1.803318 -0.152181
v -0.659328 -1.803318 -0.114758
v -0.470948 -1.803318 -0.114758
v 1.318655 -1.803318 -0.227027
v 1.318655 -1.803318 -0.301874
v 1.224466 -1.803318 -0.264451
v 1.412845 -1.803318 -0.264451
v 0.941897 -1.803318 -0.227027
v 0.941897 -1.803318 -0.301874
v 0.847707 -1.803318 -0.264451
v 1.036086 -1.803318 -0.264451
v 0.941897 -1.803318 -0.077335
v 0.941897 -1.803318 -0.152181
v 0.847707 -1.803318 -0.114758
v 1.036086 -1.803318 -0.114758
v 0.565138 -1.803318 -0.227027
v 0.565138 -1.803318 -0.301874
v 0.470948 -1.803318 -0.264451
v 0.659328 -1.803318 -0.264451
v 0.188379 -1.803318 -0.227027
v 0.188379 -1.803318 -0.301874
v 0.094190 -1.803318 -0.264451
v 0.282569 -1.803318 -0.264451
v 0.188379 -1.803318 -0.077335
v 0.188379 -1.803318 -0.152181
v 0.094190 -1.803318 -0.114758
v 0.282569 -1.803318 -0.114758
v 0.565138 -1.803318 -0.526413
v 0.565138 -1.803318 -0.601259
v 0.470948 -1.803318 -0.563836
v 0.659328 -1.803318 -0.563836
v 0.188379 -1.803318 -0.526413
v 0.188379 -1.803318 -0.601259
v 0.094190 -1.803318 -0.563836
v 0.282569 -1.803318 -0.563836
v 0.188379 -1.803318 -0.376720
v 0.188379 -1.803318 -0.451567
v 0.094190 -1.803318 -0.414143
v 0.282569 -1.803318 -0.414143
v 1.318655 -1.803318 -0.526413
v 1.318655 -1.803318 -0.601259
v 1.224466 -1.803318 -0.563836
v 1.412845 -1.803318 -0.563836
v 0.941897 -1.803318 -0.526413
v 0.941897 -1.803318 -0.601259
v 0.847707 -1.803318 -0.563836
v 1.036086 -1.803318 -0.563836
v 0.941897 -1.803318 -0.376720
v 0.941897 -1.803318 -0.451567
v 0.847707 -1.803318 -0.414143
v 1.036086 -1.803318 -0.414143
v -0.941897 -1.803318 -0.227027
v -0.941897 -1.803318 -0.301874
v -1.036086 -1.803318 -0.264451
v -0.847707 -1.803318 -0.264451
v -1.318655 -1.803318 -0.227027
v -1.318655 -1.803318 -0.301874
v -1.412845 -1.803318 -0.264451
v -1.224466 -1.803318 -0.264451
v -1.318655 -1.803318 -0.077335
v -1.318655 -1.803318 -0.152181
v -1.412845 -1.803318 -0.114758
v -1.224466 -1.803318 -0.114758
v -0.941897 -1.803318 -0.526413
v -0.941897 -1.803318 -0.601259
v -1.036086 -1.803318 -0.563836
v -0.847707 -1.803318 -0.563836
v -1.318655 -1.803318 -0.526413
v -1.318655 -1.803318 -0.601259
v -1.412845 -1.803318 -0.563836
v -1.224466 -1.803318 -0.563836
v -1.318655 -1.803318 -0.376720
v -1.318655 -1.803318 -0.451567
v -1.412845 -1.803318 -0.414143
v -1.224466 -1.803318 -0.414143
v -0.188379 -1.803318 -0.526413
v -0.188379 -1.803318 -0.601259
v -0.282569 -1.803318 -0.563836
v -0.094190 -1.803318 -0.563836
v -0.565138 -1.803318 -0.526413
v -0.565138 -1.803318 -0.601259
v -0.659328 -1.803318 -0.563836
v -0.470948 -1.803318 -0.563836
v -0.565138 -1.803318 -0.376720
v -0.565138 -1.803318 -0.451567
v -0.659328 -1.803318 -0.414143
v -0.470948 -1.803318 -0.414143
v -0.941897 -1.803318 0.371744
v -0.941897 -1.803318 0.296897
v -1.036086 -1.803318 0.334321
v -0.847707 -1.803318 0.334321
v -1.318655 -1.803318 0.371744
v -1.318655 -1.803318 0.296897
v -1.412845 -1.803318 0.334321
v -1.224466 -1.803318 0.334321
v -1.318655 -1.803318 0.521437
v -1.318655 -1.803318 0.446590
v -1.412845 -1.803318 0.484013
v -1.224466 -1.803318 0.484013
v -0.941897 -1.803318 0.072358
v -0.941897 -1.803318 -0.002488
v -1.036086 -1.803318 0.034935
v -0.847707 -1.803318 0.034935
v -1.318655 -1.803318 0.072358
v -1.318655 -1.803318 -0.002488
v -1.412845 -1.803318 0.034935
v -1.224466 -1.803318 0.034935
v -1.318655 -1.803318 0.222051
v -1.318655 -1.803318 0.147205
v -1.412845 -1.803318 0.184628
v -1.224466 -1.803318 0.184628
v -0.188379 -1.803318 0.072358
v -0.188379 -1.803318 -0.002488
v -0.282569 -1.803318 0.034935
v -0.094190 -1.803318 0.034935
v -0.565138 -1.803318 0.072358
v -0.565138 -1.803318 -0.002488
v -0.659328 -1.803318 0.034935
v -0.470948 -1.803318 0.034935
v -0.565138 -1.803318 0.222051
v -0.565138 -1.803318 0.147205
v -0.659328 -1.803318 0.184628
v -0.470948 -1.803318 0.184628
v 0.565138 -1.803318 0.371744
v 0.565138 -1.803318 0.296897
v 0.470948 -1.803318 0.334321
v 0.659328 -1.803318 0.334321
v 0.188379 -1.803318 0.371744
v 0.188379 -1.803318 0.296897
v 0.094190 -1.803318 0.334321
v 0.282569 -1.803318 0.334321
v 0.188379 -1.803318 0.521437
v 0.188379 -1.803318 0.446590
v 0.094190 -1.803318 0.484013
v 0.282569 -1.803318 0.484013
v 0.565138 -1.803318 0.072358
v 0.565138 -1.803318 -0.002488
v 0.470948 -1.803318 0.034935
v 0.659328 -1.803318 0.034935
v 0.188379 -1.803318 0.072358
v 0.188379 -1.803318 -0.002488
v 0.094190 -1.803318 0.034935
v 0.282569 -1.803318 0.034935
v 0.188379 -1.803318 0.222051
v 0.188379 -1.803318 0.147205
v 0.094190 -1.803318 0.184628
v 0.282569 -1.803318 0.184628
v 1.318655 -1.803318 0.072358
v 1.318655 -1.803318 -0.002488
v 1.224466 -1.803318 0.034935
v 1.412845 -1.803318 0.034935
v 0.941897 -1.803318 0.072358
v 0.941897 -1.803318 -0.002488
v 0.847707 -1.803318 0.034935
v 1.036086 -1.803318 0.034935
v 0.941897 -1.803318 0.222051
v 0.941897 -1.803318 0.147205
v 0.847707 -1.803318 0.184628
v 1.036086 -1.803318 0.184628
v 1.318655 -1.803318 0.222051
v 1.318655 -1.803318 0.147205
v 1.224466 -1.803318 0.184628
v 1.412845 -1.803318 0.184628
v 0.565138 -1.803318 0.222051
v 0.565138 -1.803318 0.147205
v 0.470948 -1.803318 0.184628
v 0.659328 -1.803318 0.184628
v 0.565138 -1.803318 0.521437
v 0.565138 -1.803318 0.446590
v 0.470948 -1.803318 0.484013
v 0.659328 -1.803318 0.484013
v -0.188379 -1.803318 0.222051
v -0.188379 -1.803318 0.147205
v -0.282569 -1.803318 0.184628
v -0.094190 -1.803318 0.184628
v -0.941897 -1.803318 0.222051
v -0.941897 -1.803318 0.147205
v -1.036086 -1.803318 0.184628
v -0.847707 -1.803318 0.184628
v -0.941897 -1.803318 0.521437
v -0.941897 -1.803318 0.446590
v -1.036086 -1.803318 0.484013
v -0.847707 -1.803318 0.484013
v -0.188379 -1.803318 -0.376720
v -0.188379 -1.803318 -0.451567
v -0.282569 -1.803318 -0.414143
v -0.094190 -1.803318 -0.414143
v -0.941897 -1.803318 -0.376720
v -0.941897 -1.803318 -0.451567
v -1.036086 -1.803318 -0.414143
v -0.847707 -1.803318 -0.414143
v -0.941897 -1.803318 -0.077335
v -0.941897 -1.803318 -0.152181
v -1.036086 -1.803318 -0.114758
v -0.847707 -1.803318 -0.114758
v 1.318655 -1.803318 -0.376720
v 1.318655 -1.803318 -0.451567
v 1.224466 -1.803318 -0.414143
v 1.412845 -1.803318 -0.414143
v 0.565138 -1.803318 -0.376720
v 0.565138 -1.803318 -0.451567
v 0.470948 -1.803318 -0.414143
v 0.659328 -1.803318 -0.414143
v 0.565138 -1.803318 -0.077335
v 0.565138 -1.803318 -0.152181
v 0.470948 -1.803318 -0.114758
v 0.659328 -1.803318 -0.114758
v 1.318655 -1.803318 -0.077335
v 1.318655 -1.803318 -0.152181
v 1.224466 -1.803318 -0.114758
v 1.412845 -1.803318 -0.114758
v -0.188379 -1.803318 -0.077335
v -0.188379 -1.803318 -0.152181
v -0.282569 -1.803318 -0.114758
v -0.094190 -1.803318 -0.114758
v -0.188379 -1.803318 0.521437
v -0.188379 -1.803318 0.446590
v -0.282569 -1.803318 0.484013
v -0.094190 -1.803318 0.484013
v 1.318655 -1.803318 0.521437
v 1.318655 -1.803318 0.446590
v 1.224466 -1.803318 0.484013
v 1.412845 -1.803318 0.484013
v 1.412845 -1.803318 0.446590
v 1.224466 -1.803318 0.446590
v 1.224466 -1.803318 0.521437
v -0.094190 -1.803318 0.446590
v -0.282569 -1.803318 0.446590
v -0.282569 -1.803318 0.521437
v -0.094190 -1.803318 -0.152181
v -0.282569 -1.803318 -0.152181
v -0.282569 -1.803318 -0.077335
v 1.412845 -1.803318 -0.152181
v 1.224466 -1.803318 -0.152181
v 1.224466 -1.803318 -0.077335
v 0.659328 -1.803318 -0.152181
v 0.470948 -1.803318 -0.152181
v 0.470948 -1.803318 -0.077335
v 0.659328 -1.803318 -0.451567
v 0.470948 -1.803318 -0.451567
v 0.470948 -1.803318 -0.376720
v 1.412845 -1.803318 -0.451567
v 1.224466 -1.803318 -0.451567
v 1.224466 -1.803318 -0.376720
v -0.847707 -1.803318 -0.152181
v -1.036086 -1.803318 -0.152181
v -1.036086 -1.803318 -0.077335
v -0.847707 -1.803318 -0.451567
v -1.036086 -1.803318 -0.451567
v -1.036086 -1.803318 -0.376720
v -0.094190 -1.803318 -0.451567
v -0.282569 -1.803318 -0.451567
v -0.282569 -1.803318 -0.376720
v -0.847707 -1.803318 0.446590
v -1.036086 -1.803318 0.446590
v -1.036086 -1.803318 0.521437
v -0.847707 -1.803318 0.147205
v -1.036086 -1.803318 0.147205
v -1.036086 -1.803318 0.222051
v -0.094190 -1.803318 0.147205
v -0.282569 -1.803318 0.147205
v -0.282569 -1.803318 0.222051
v 0.659328 -1.803318 0.446590
v 0.470948 -1.803318 0.446590
v 0.470948 -1.803318 0.521437
v 0.659328 -1.803318 0.147205
v 0.470948 -1.803318 0.147205
v 0.470948 -1.803318 0.222051
v 1.412845 -1.803318 0.147205
v 1.224466 -1.803318 0.147205
v 1.224466 -1.803318 0.222051
v 1.036086 -1.803318 0.147205
v 0.847707 -1.803318 0.147205
v 0.847707 -1.803318 0.222051
v 1.036086 -1.803318 -0.002488
v 0.847707 -1.803318 -0.002488
v 0.847707 -1.803318 0.072358
v 1.412845 -1.803318 -0.002488
v 1.224466 -1.803318 -0.002488
v 1.224466 -1.803318 0.072358
v 0.282569 -1.803318 0.147205
v 0.094190 -1.803318 0.147205
v 0.094190 -1.803318 0.222051
v 0.282569 -1.803318 -0.002488
v 0.094190 -1.803318 -0.002488
v 0.094190 -1.803318 0.072358
v 0.659328 -1.803318 -0.002488
v 0.470948 -1.803318 -0.002488
v 0.470948 -1.803318 0.072358
v 0.282569 -1.803318 0.446590
v 0.094190 -1.803318 0.446590
v 0.094190 -1.803318 0.521437
v 0.282569 -1.803318 0.296897
v 0.094190 -1.803318 0.296897
v 0.094190 -1.803318 0.371744
v 0.659328 -1.803318 0.296897
v 0.470948 -1.803318 0.296897
v 0.470948 -1.803318 0.371744
v -0.470948 -1.803318 0.147205
v -0.659328 -1.803318 0.147205
v -0.659328 -1.803318 0.222051
v -0.470948 -1.803318 -0.002488
v -0.659328 -1.803318 -0.002488
v -0.659328 -1.803318 0.072358
v -0.094190 -1.803318 -0.002488
v -0.282569 -1.803318 -0.002488
v -0.282569 -1.803318 0.072358
v -1.224466 -1.803318 0.147205
v -1.412845 -1.803318 0.147205
v -1.412845 -1.803318 0.222051
v -1.224466 -1.803318 -0.002488
v -1.412845 -1.803318 -0.002488
v -1.412845 -1.803318 0.072358
v -0.847707 -1.803318 -0.002488
v -1.036086 -1.803318 -0.002488
v -1.036086 -1.803318 0.072358
v -1.224466 -1.803318 0.446590
v -1.412845 -1.803318 0.446590
v -1.412845 -1.803318 0.521437
v -1.224466 -1.803318 0.296897
v -1.412845 -1.803318 0.296897
v -1.412845 -1.803318 0.371744
v -0.847707 -1.803318 0.296897
v -1.036086 -1.803318 0.296897
v -1.036086 -1.803318 0.371744
v -0.470948 -1.803318 -0.451567
v -0.659328 -1.803318 -0.451567
v -0.659328 -1.803318 -0.376720
v -0.470948 -1.803318 -0.601259
v -0.659328 -1.803318 -0.601259
v -0.659328 -1.803318 -0.526413
v -0.094190 -1.803318 -0.601259
v -0.282569 -1.803318 -0.601259
v -0.282569 -1.803318 -0.526413
v -1.224466 -1.803318 -0.451567
v -1.412845 -1.803318 -0.451567
v -1.412845 -1.803318 -0.376720
v -1.224466 -1.803318 -0.601259
v -1.412845 -1.803318 -0.601259
v -1.412845 -1.803318 -0.526413
v -0.847707 -1.803318 -0.601259
v -1.036086 -1.803318 -0.601259
v -1.036086 -1.803318 -0.526413
v -1.224466 -1.803318 -0.152181
v -1.412845 -1.803318 -0.152181
v -1.412845 -1.803318 -0.077335
v -1.224466 -1.803318 -0.301874
v -1.412845 -1.803318 -0.301874
v -1.412845 -1.803318 -0.227027
v -0.847707 -1.803318 -0.301874
v -1.036086 -1.803318 -0.301874
v -1.036086 -1.803318 -0.227027
v 1.036086 -1.803318 -0.451567
v 0.847707 -1.803318 -0.451567
v 0.847707 -1.803318 -0.376720
v 1.036086 -1.803318 -0.601259
v 0.847707 -1.803318 -0.601259
v 0.847707 -1.803318 -0.526413
v 1.412845 -1.803318 -0.601259
v 1.224466 -1.803318 -0.601259
v 1.224466 -1.803318 -0.526413
v 0.282569 -1.803318 -0.451567
v 0.094190 -1.803318 -0.451567
v 0.094190 -1.803318 -0.376720
v 0.282569 -1.803318 -0.601259
v 0.094190 -1.803318 -0.601259
v 0.094190 -1.803318 -0.526413
v 0.659328 -1.803318 -0.601259
v 0.470948 -1.803318 -0.601259
v 0.470948 -1.803318 -0.526413
v 0.282569 -1.803318 -0.152181
v 0.094190 -1.803318 -0.152181
v 0.094190 -1.803318 -0.077335
v 0.282569 -1.803318 -0.301874
v 0.094190 -1.803318 -0.301874
v 0.094190 -1.803318 -0.227027
v 0.659328 -1.803318 -0.301874
v 0.470948 -1.803318 -0.301874
v 0.470948 -1.803318 -0.227027
v 1.036086 -1.803318 -0.152181
v 0.847707 -1.803318 -0.152181
v 0.847707 -1.803318 -0.077335
v 1.036086 -1.803318 -0.301874
v 0.847707 -1.803318 -0.301874
v 0.847707 -1.803318 -0.227027
v 1.412845 -1.803318 -0.301874
v 1.224466 -1.803318 -0.301874
v 1.224466 -1.803318 -0.227027
v -0.470948 -1.803318 -0.152181
v -0.659328 -1.803318 -0.152181
v -0.659328 -1.803318 -0.077335
v -0.470948 -1.803318 -0.301874
v -0.659328 -1.803318 -0.301874
v -0.659328 -1.803318 -0.227027
v -0.094190 -1.803318 -0.301874
v -0.282569 -1.803318 -0.301874
v -0.282569 -1.803318 -0.227027
v -0.470948 -1.803318 0.446590
v -0.659328 -1.803318 0.446590
v -0.659328 -1.803318 0.521437
v -0.470948 -1.803318 0.296897
v -0.659328 -1.803318 0.296897
v -0.659328 -1.803318 0.371744
v -0.094190 -1.803318 0.296897
v -0.282569 -1.803318 0.296897
v -0.282569 -1.803318 0.371744
v 1.036086 -1.803318 0.446590
v 0.847707 -1.803318 0.446590
v 0.847707 -1.803318 0.521437
v 1.036086 -1.803318 0.296897
v 0.847707 -1.803318 0.296897
v 0.847707 -1.803318 0.371744
v 1.412845 -1.803318 0.296897
v 1.224466 -1.803318 0.296897
v 1.224466 -1.803318 0.371744
v 1.412845 -1.803318 0.371744
v 1.036086 -1.803318 0.371744
v 1.036086 -1.803318 0.521437
v -0.094190 -1.803318 0.371744
v -0.470948 -1.803318 0.371744
v -0.470948 -1.803318 0.521437
v -0.094190 -1.803318 -0.227027
v -0.470948 -1.803318 -0.227027
v -0.470948 -1.803318 -0.077335
v 1.412845 -1.803318 -0.227027
v 1.036086 -1.803318 -0.227027
v 1.036086 -1.803318 -0.077335
v 0.659328 -1.803318 -0.227027
v 0.282569 -1.803318 -0.227027
v 0.282569 -1.803318 -0.077335
v 0.659328 -1.803318 -0.526413
v 0.282569 -1.803318 -0.526413
v 0.282569 -1.803318 -0.376720
v 1.412845 -1.803318 -0.526413
v 1.036086 -1.803318 -0.526413
v 1.036086 -1.803318 -0.376720
v -0.847707 -1.803318 -0.227027
v -1.224466 -1.803318 -0.227027
v -1.224466 -1.803318 -0.077335
v -0.847707 -1.803318 -0.526413
v -1.224466 -1.803318 -0.526413
v -1.224466 -1.803318 -0.376720
v -0.094190 -1.803318 -0.526413
v -0.470948 -1.803318 -0.526413
v -0.470948 -1.803318 -0.376720
v -0.847707 -1.803318 0.371744
v -1.224466 -1.803318 0.371744
v -1.224466 -1.803318 0.521437
v -0.847707 -1.803318 0.072358
v -1.224466 -1.803318 0.072358
v -1.224466 -1.803318 0.222051
v -0.094190 -1.803318 0.072358
v -0.470948 -1.803318 0.072358
v -0.470948 -1.803318 0.222051
v 0.659328 -1.803318 0.371744
v 0.282569 -1.803318 0.371744
v 0.282569 -1.803318 0.521437
v 0.659328 -1.803318 0.072358
v 0.282569 -1.803318 0.072358
v 0.282569 -1.803318 0.222051
v 1.412845 -1.803318 0.072358
v 1.036086 -1.803318 0.072358
v 1.036086 -1.803318 0.222051
v 1.412845 -1.803318 0.222051
v 0.659328 -1.803318 0.222051
v 0.659328 -1.803318 0.521437
v -0.094190 -1.803318 0.222051
v -0.847707 -1.803318 0.222051
v -0.847707 -1.803318 0.521437
v -0.094190 -1.803318 -0.376720
v -0.847707 -1.803318 -0.376720
v -0.847707 -1.803318 -0.077335
v 1.412845 -1.803318 -0.376720
v 0.659328 -1.803318 -0.376720
v 0.659328 -1.803318 -0.077335
v 1.412845 -1.803318 -0.077335
v -0.094190 -1.803318 -0.077335
v -0.094190 -1.803318 0.521437
v 1.412845 -1.803318 0.521437
v 0.706423 -1.079356 -0.638677
v 0.329664 -1.079356 -0.638677
v 1.083181 -1.079356 -0.638677
v -0.800612 -1.079356 -0.638677
v -1.177371 -1.079356 -0.638677
v -0.047095 -1.079356 -0.638677
v -0.423854 -1.079356 -0.638677
v 0.518043 -1.079356 -0.638677
v 0.141285 -1.079356 -0.638677
v 0.894802 -1.079356 -0.638677
v -0.988992 -1.079356 -0.638677
v -0.235474 -1.079356 -0.638677
v -0.612233 -1.079356 -0.638677
v 1.083181 1.261060 -0.638677
v 0.894802 1.261060 -0.638677
v -0.423854 1.261060 -0.638677
v -0.612233 1.261060 -0.638677
v -1.177371 1.261060 -0.638677
v 0.329664 1.261060 -0.638677
v 0.141285 1.261060 -0.638677
v 0.706423 1.261060 -0.638677
v 0.518043 1.261060 -0.638677
v -0.800612 1.261060 -0.638677
v -0.988992 1.261060 -0.638677
v -0.047095 1.261060 -0.638677
v -0.235474 1.261060 -0.638677
v 0.612233 -1.079356 -0.638677
v 0.235474 -1.079356 -0.638677
v 0.988992 -1.079356 -0.638677
v -0.894802 -1.079356 -0.638677
v -0.141285 -1.079356 -0.638677
v -0.518043 -1.079356 -0.638677
v 0.423854 -1.079356 -0.638677
v 0.047095 -1.079356 -0.638677
v 1.177371 -1.079356 -0.638677
v 0.800612 -1.079356 -0.638677
v -1.083181 -1.079356 -0.638677
v -0.329664 -1.079356 -0.638677
v -0.706423 -1.079356 -0.638677
v 0.988992 1.261060 -0.638677
v 0.800612 1.261060 -0.638677
v -0.518043 1.261060 -0.638677
v -0.706423 1.261060 -0.638677
v 0.235474 1.261060 -0.638677
v 0.047095 1.261060 -0.638677
v 0.612233 1.261060 -0.638677
v 0.423854 1.261060 -0.638677
v -0.894802 1.261060 -0.638677
v -1.083181 1.261060 -0.638677
v -0.141285 1.261060 -0.638677
v -0.329664 1.261060 -0.638677
v 1.177371 1.261060 -0.638677
v 1.224466 1.126036 -0.638677
v 1.224466 1.216052 -0.638677
v 1.224466 -0.134188 -0.638677
v 1.224466 -0.044172 -0.638677
v 1.224466 -0.314220 -0.638677
v 1.224466 -0.224204 -0.638677
v 1.224466 -0.854316 -0.638677
v 1.224466 -0.764300 -0.638677
v 1.224466 -1.034348 -0.638677
v 1.224466 -0.944332 -0.638677
v 1.224466 0.585940 -0.638677
v 1.224466 0.675956 -0.638677
v 1.224466 0.405908 -0.638677
v 1.224466 0.495924 -0.638677
v 1.224466 0.225876 -0.638677
v 1.224466 0.315892 -0.638677
v 1.224466 0.045844 -0.638677
v 1.224466 0.135860 -0.638677
v -1.224466 -0.674284 -0.638677
v -1.224466 -0.584268 -0.638677
v -1.224466 -0.314220 -0.638677
v -1.224466 -0.224204 -0.638677
v -1.224466 -1.034348 -0.638677
v -1.224466 -0.944332 -0.638677
v -1.224466 0.765972 -0.638677
v -1.224466 0.855988 -0.638677
v -1.224466 1.126036 -0.638677
v -1.224466 1.216052 -0.638677
v -1.224466 0.045844 -0.638677
v -1.224466 0.135860 -0.638677
v -1.224466 0.405908 -0.638677
v -1.224466 0.495924 -0.638677
v 1.224466 -0.494252 -0.638677
v 1.224466 -0.404236 -0.638677
v 1.224466 -0.674284 -0.638677
v 1.224466 -0.584268 -0.638677
v 1.224466 0.946004 -0.638677
v 1.224466 1.036020 -0.638677
v 1.224466 0.765972 -0.638677
v 1.224466 0.855988 -0.638677
v -1.224466 0.585940 -0.638677
v -1.224466 0.675956 -0.638677
v -1.224466 0.225876 -0.638677
v -1.224466 0.315892 -0.638677
v -1.036086 1.261060 -0.407307
v -0.941897 1.261060 -0.407307
v -0.847707 1.261060 -0.407307
v -1.224466 1.261060 -0.407307
v -1.130276 1.261060 -0.407307
v -1.224466 0.946004 -0.638677
v -1.224466 1.036020 -0.638677
v -1.224466 1.171044 -0.407307
v 0.847707 1.261060 -0.407307
v 1.224466 -0.989340 -0.407307
v 0.941897 1.261060 -0.407307
v 1.036086 1.261060 -0.407307
v 1.224466 -0.809308 -0.407307
v 1.224466 -0.899324 -0.407307
v -1.224466 -0.269212 -0.407307
v -0.659328 -1.079356 -0.407307
v -1.224466 -0.854316 -0.638677
v -1.224466 -0.764300 -0.638677
v -0.282569 -1.079356 -0.407307
v -1.224466 -0.134188 -0.638677
v -1.224466 -0.044172 -0.638677
v -1.224466 1.081028 -0.407307
v -1.224466 -0.494252 -0.638677
v -1.224466 -0.404236 -0.638677
v -1.224466 0.991012 -0.407307
v -1.036086 -1.079356 -0.407307
v -1.224466 0.900996 -0.407307
v -1.224466 0.810980 -0.407307
v 1.224466 -0.629276 -0.407307
v 1.224466 -0.719292 -0.407307
v -1.224466 0.450916 -0.407307
v 1.130276 1.261060 -0.407307
v 1.224466 0.450916 -0.407307
v -0.753517 1.261060 -0.407307
v -0.659328 1.261060 -0.407307
v -1.224466 -0.629276 -0.407307
v -0.565138 1.261060 -0.407307
v -0.470948 1.261060 -0.407307
v 1.224466 -1.079356 -0.407307
v 0.847707 -1.079356 -0.407307
v 1.224466 -0.269212 -0.407307
v 1.224466 -0.359228 -0.407307
v 1.224466 -0.449244 -0.407307
v 1.224466 -0.539260 -0.407307
v 1.224466 0.630948 -0.407307
v 1.224466 0.540932 -0.407307
v -1.224466 -0.989340 -0.407307
v -1.224466 0.360900 -0.407307
v 0.094190 -1.079356 -0.407307
v -1.224466 0.270884 -0.407307
v 1.224466 -0.089180 -0.407307
v 1.224466 -0.179196 -0.407307
v 0.470948 -1.079356 -0.407307
v 1.224466 0.090852 -0.407307
v 1.224466 0.000836 -0.407307
v -0.565138 -1.079356 -0.407307
v -1.224466 -0.359228 -0.407307
v -1.224466 0.720964 -0.407307
v -0.188379 -1.079356 -0.407307
v -0.376759 -1.079356 -0.407307
v -0.470948 -1.079356 -0.407307
v -1.224466 -0.539260 -0.407307
v -1.224466 -0.449244 -0.407307
v -1.224466 0.540932 -0.407307
v -1.224466 0.630948 -0.407307
v 1.224466 0.360900 -0.407307
v 0.000000 -1.079356 -0.407307
v -0.094190 -1.079356 -0.407307
v -1.224466 0.180868 -0.407307
v 1.224466 0.270884 -0.407307
v 1.224466 0.180868 -0.407307
v -0.376759 1.261060 -0.407307
v -0.282569 1.261060 -0.407307
v -1.224466 0.090852 -0.407307
v -1.224466 0.000836 -0.407307
v -0.188379 1.261060 -0.407307
v -0.094190 1.261060 -0.407307
v -0.941897 -1.079356 -0.407307
v 1.224466 1.261060 -0.407307
v -1.130276 -1.079356 -0.407307
v -1.224466 -1.079356 -0.407307
v -1.224466 -0.179196 -0.407307
v -1.224466 -0.089180 -0.407307
v 1.224466 0.810980 -0.407307
v 1.224466 0.720964 -0.407307
v 1.224466 1.171044 -0.407307
v -0.753517 -1.079356 -0.407307
v -0.847707 -1.079356 -0.407307
v 0.470948 1.261060 -0.407307
v 1.224466 1.081028 -0.407307
v 0.565138 1.261060 -0.407307
v 0.659328 1.261060 -0.407307
v 0.753517 1.261060 -0.407307
v 1.224466 0.991012 -0.407307
v 1.224466 0.900996 -0.407307
v 0.941897 -1.079356 -0.407307
v 1.130276 -1.079356 -0.407307
v 1.036086 -1.079356 -0.407307
v 0.188379 -1.079356 -0.407307
v -1.224466 -0.719292 -0.407307
v 0.565138 -1.079356 -0.407307
v 0.376759 -1.079356 -0.407307
v 0.282569 -1.079356 -0.407307
v -1.224466 -0.899324 -0.407307
v -1.224466 -0.809308 -0.407307
v 0.753517 -1.079356 -0.407307
v 0.659328 -1.079356 -0.407307
v 0.000000 1.261060 -0.407307
v 0.094190 1.261060 -0.407307
v 0.188379 1.261060 -0.407307
v 0.282569 1.261060 -0.407307
v 0.376759 1.261060 -0.407307
v 0.706423 -1.079356 -0.175937
v 0.329664 -1.079356 -0.175937
v 1.083181 -1.079356 -0.175937
v -0.800612 -1.079356 -0.175937
v -1.177371 -1.079356 -0.175937
v -0.047095 -1.079356 -0.175937
v -0.423854 -1.079356 -0.175937
v 0.518043 -1.079356 -0.175937
v 0.141285 -1.079356 -0.175937
v 0.894802 -1.079356 -0.175937
v -0.988992 -1.079356 -0.175937
v -0.235474 -1.079356 -0.175937
v -0.612233 -1.079356 -0.175937
v 1.083181 1.261060 -0.175937
v 0.894802 1.261060 -0.175937
v -0.423854 1.261060 -0.175937
v -0.612233 1.261060 -0.175937
v -1.177371 1.261060 -0.175937
v 0.329664 1.261060 -0.175937
v 0.141285 1.261060 -0.175937
v 0.706423 1.261060 -0.175937
v 0.518043 1.261060 -0.175937
v -0.800612 1.261060 -0.175937
v -0.988992 1.261060 -0.175937
v -0.047095 1.261060 -0.175937
v -0.235474 1.261060 -0.175937
v 0.612233 -1.079356 -0.175937
v 0.235474 -1.079356 -0.175937
v 0.988992 -1.079356 -0.175937
v -0.894802 -1.079356 -0.175937
v -0.141285 -1.079356 -0.175937
v -0.518043 -1.079356 -0.175937
v 0.423854 -1.079356 -0.175937
v 0.047095 -1.079356 -0.175937
v 1.177371 -1.079356 -0.175937
v 0.800612 -1.079356 -0.175937
v -1.083181 -1.079356 -0.175937
v -0.329664 -1.079356 -0.175937
v -0.706423 -1.079356 -0.175937
v 0.988992 1.261060 -0.175937
v 0.800612 1.261060 -0.175937
v -0.518043 1.261060 -0.175937
v -0.706423 1.261060 -0.175937
v 0.235474 1.261060 -0.175937
v 0.047095 1.261060 -0.175937
v 0.612233 1.261060 -0.175937
v 0.423854 1.261060 -0.175937
v -0.894802 1.261060 -0.175937
v -1.083181 1.261060 -0.175937
v -0.141285 1.261060 -0.175937
v -0.329664 1.261060 -0.175937
v 1.177371 1.261060 -0.175937
v 1.224466 1.126036 -0.175937
v 1.224466 1.216052 -0.175937
v 1.224466 -0.134188 -0.175937
v 1.224466 -0.044172 -0.175937
v 1.224466 -0.314220 -0.175937
v 1.224466 -0.224204 -0.175937
v 1.224466 -0.854316 -0.175937
v 1.224466 -0.764300 -0.175937
v 1.224466 -1.034348 -0.175937
v 1.224466 -0.944332 -0.175937
v 1.224466 0.585940 -0.175937
v 1.224466 0.675956 -0.175937
v 1.224466 0.405908 -0.175937
v 1.224466 0.495924 -0.175937
v 1.224466 0.225876 -0.175937
v 1.224466 0.315892 -0.175937
v 1.224466 0.045844 -0.175937
v 1.224466 0.135860 -0.175937
v -1.224466 -0.674284 -0.175937
v -1.224466 -0.584268 -0.175937
v -1.224466 -0.314220 -0.175937
v -1.224466 -0.224204 -0.175937
v -1.224466 -1.034348 -0.175937
v -1.224466 -0.944332 -0.175937
v -1.224466 0.765972 -0.175937
v -1.224466 0.855988 -0.175937
v -1.224466 1.126036 -0.175937
v -1.224466 1.216052 -0.175937
v -1.224466 0.045844 -0.175937
v -1.224466 0.135860 -0.175937
v -1.224466 0.405908 -0.175937
v -1.224466 0.495924 -0.175937
v 1.224466 -0.494252 -0.175937
v 1.224466 -0.404236 -0.175937
v 1.224466 -0.674284 -0.175937
v 1.224466 -0.584268 -0.175937
v 1.224466 0.946004 -0.175937
v 1.224466 1.036020 -0.175937
v 1.224466 0.765972 -0.175937
v 1.224466 0.855988 -0.175937
v -1.224466 0.585940 -0.175937
v -1.224466 0.675956 -0.175937
v -1.224466 0.225876 -0.175937
v -1.224466 0.315892 -0.175937
v -1.224466 0.946004 -0.175937
v -1.224466 1.036020 -0.175937
v -1.224466 -0.854316 -0.175937
v -1.224466 -0.764300 -0.175937
v -1.224466 -0.134188 -0.175937
v -1.224466 -0.044172 -0.175937
v -1.224466 -0.494252 -0.175937
v -1.224466 -0.404236 -0.175937
v 0.329664 1.261060 -0.407307
v 0.141285 1.261060 -0.407307
v 0.235474 1.261060 -0.407307
v 0.047095 1.261060 -0.407307
v 0.706423 -1.079356 -0.407307
v -1.224466 -0.854316 -0.407307
v 0.329664 -1.079356 -0.407307
v 0.612233 -1.079356 -0.407307
v -1.224466 -0.764300 -0.407307
v 0.235474 -1.079356 -0.407307
v 1.083181 -1.079356 -0.407307
v 0.988992 -1.079356 -0.407307
v 1.224466 0.946004 -0.407307
v 0.706423 1.261060 -0.407307
v 0.612233 1.261060 -0.407307
v 1.224466 1.036020 -0.407307
v 0.518043 1.261060 -0.407307
v 0.423854 1.261060 -0.407307
v -0.800612 -1.079356 -0.407307
v 1.224466 1.126036 -0.407307
v 1.224466 0.765972 -0.407307
v -1.224466 -0.134188 -0.407307
v -1.177371 -1.079356 -0.407307
v 1.224466 1.216052 -0.407307
v -0.894802 -1.079356 -0.407307
v 1.224466 0.855988 -0.407307
v -0.141285 1.261060 -0.407307
v -1.224466 -0.044172 -0.407307
v -1.224466 0.045844 -0.407307
v -0.047095 1.261060 -0.407307
v -0.329664 1.261060 -0.407307
v 1.224466 0.225876 -0.407307
v -0.235474 1.261060 -0.407307
v -1.224466 0.135860 -0.407307
v -0.047095 -1.079356 -0.407307
v 1.224466 0.315892 -0.407307
v -1.224466 0.585940 -0.407307
v -1.224466 -0.494252 -0.407307
v -0.423854 -1.079356 -0.407307
v -0.141285 -1.079356 -0.407307
v -1.224466 0.675956 -0.407307
v -1.224466 -0.404236 -0.407307
v -0.518043 -1.079356 -0.407307
v 1.224466 0.045844 -0.407307
v 0.518043 -1.079356 -0.407307
v 1.224466 -0.134188 -0.407307
v 1.224466 0.135860 -0.407307
v -1.224466 0.225876 -0.407307
v 0.141285 -1.079356 -0.407307
v 0.423854 -1.079356 -0.407307
v 1.224466 -0.044172 -0.407307
v -1.224466 0.315892 -0.407307
v -1.224466 -1.034348 -0.407307
v 0.047095 -1.079356 -0.407307
v 1.224466 0.585940 -0.407307
v -1.224466 -0.944332 -0.407307
v 1.224466 0.675956 -0.407307
v 1.224466 -0.494252 -0.407307
v 1.224466 -0.314220 -0.407307
v 1.224466 -0.404236 -0.407307
v 0.894802 -1.079356 -0.407307
v 1.177371 -1.079356 -0.407307
v -0.518043 1.261060 -0.407307
v 1.224466 -0.224204 -0.407307
v -1.224466 -0.674284 -0.407307
v 0.800612 -1.079356 -0.407307
v -0.706423 1.261060 -0.407307
v -1.224466 -0.584268 -0.407307
v 1.224466 0.405908 -0.407307
v 1.177371 1.261060 -0.407307
v -1.224466 0.405908 -0.407307
v 1.224466 0.495924 -0.407307
v -0.423854 1.261060 -0.407307
v 1.224466 -0.674284 -0.407307
v -1.224466 0.495924 -0.407307
v -0.612233 1.261060 -0.407307
v 1.224466 -0.584268 -0.407307
v -1.224466 0.765972 -0.407307
v -1.224466 0.855988 -0.407307
v -0.988992 -1.079356 -0.407307
v -1.224466 0.946004 -0.407307
v -1.083181 -1.079356 -0.407307
v -1.224466 1.036020 -0.407307
v -0.235474 -1.079356 -0.407307
v -0.612233 -1.079356 -0.407307
v -0.329664 -1.079356 -0.407307
v -1.224466 -0.314220 -0.407307
v 1.224466 -0.854316 -0.407307
v -0.706423 -1.079356 -0.407307
v -1.224466 -0.224204 -0.407307
v 1.224466 -0.764300 -0.407307
v 0.988992 1.261060 -0.407307
v 1.224466 -1.034348 -0.407307
v 0.800612 1.261060 -0.407307
v -1.224466 1.126036 -0.407307
v 1.224466 -0.944332 -0.407307
v 1.083181 1.261060 -0.407307
v -1.177371 1.261060 -0.407307
v -1.224466 1.216052 -0.407307
v 0.894802 1.261060 -0.407307
v -0.894802 1.261060 -0.407307
v -0.800612 1.261060 -0.407307
v -1.083181 1.261060 -0.407307
v -0.988992 1.261060 -0.407307
v -1.083181 1.261060 0.558860
v -0.894802 1.261060 0.558860
v 0.423854 1.261060 0.558860
v 0.612233 1.261060 0.558860
v 1.177371 1.261060 0.558860
v 0.423854 -0.899324 0.558860
v 0.612233 -0.899324 0.558860
v 1.177371 -0.899324 0.558860
v -1.083181 -0.899324 0.558860
v -0.894802 -0.899324 0.558860
v -0.329664 -0.899324 0.558860
v -0.141285 -0.899324 0.558860
v -0.329664 1.261060 0.558860
v -0.141285 1.261060 0.558860
v -0.706423 1.261060 0.558860
v -0.518043 1.261060 0.558860
v -0.706423 -0.899324 0.558860
v -0.518043 -0.899324 0.558860
v 0.800612 -0.899324 0.558860
v 0.988992 -0.899324 0.558860
v 0.047095 -0.899324 0.558860
v 0.235474 -0.899324 0.558860
v 0.800612 1.261060 0.558860
v 0.988992 1.261060 0.558860
v 0.047095 1.261060 0.558860
v 0.235474 1.261060 0.558860
v -0.988992 1.261060 0.558860
v -0.800612 1.261060 0.558860
v 0.518043 1.261060 0.558860
v 0.706423 1.261060 0.558860
v 0.518043 -0.899324 0.558860
v 0.706423 -0.899324 0.558860
v -0.988992 -0.899324 0.558860
v -0.800612 -0.899324 0.558860
v -0.235474 -0.899324 0.558860
v -0.047095 -0.899324 0.558860
v -0.235474 1.261060 0.558860
v -0.047095 1.261060 0.558860
v -0.612233 1.261060 0.558860
v -0.423854 1.261060 0.558860
v -0.612233 -0.899324 0.558860
v -0.423854 -0.899324 0.558860
v -1.177371 -0.899324 0.558860
v 0.894802 -0.899324 0.558860
v 1.083181 -0.899324 0.558860
v 0.141285 -0.899324 0.558860
v 0.329664 -0.899324 0.558860
v 0.894802 1.261060 0.558860
v 1.083181 1.261060 0.558860
v 0.141285 1.261060 0.558860
v 0.329664 1.261060 0.558860
v -1.177371 1.261060 0.558860
v -1.224466 1.126036 0.558860
v -1.224466 1.216052 0.558860
v -1.224466 -0.134188 0.558860
v -1.224466 -0.044172 0.558860
v -1.224466 -0.314220 0.558860
v -1.224466 -0.224204 0.558860
v -1.224466 -0.854316 0.558860
v -1.224466 -0.764300 0.558860
v -1.224466 0.585940 0.558860
v -1.224466 0.675956 0.558860
v -1.224466 0.405908 0.558860
v -1.224466 0.495924 0.558860
v -1.224466 0.225876 0.558860
v -1.224466 0.315892 0.558860
v -1.224466 0.045844 0.558860
v -1.224466 0.135860 0.558860
v 1.224466 -0.674284 0.558860
v 1.224466 -0.584268 0.558860
v 1.224466 -0.314220 0.558860
v 1.224466 -0.224204 0.558860
v 1.224466 0.765972 0.558860
v 1.224466 0.855988 0.558860
v 1.224466 1.126036 0.558860
v 1.224466 1.216052 0.558860
v 1.224466 0.045844 0.558860
v 1.224466 0.135860 0.558860
v 1.224466 0.405908 0.558860
v 1.224466 0.495924 0.558860
v -1.224466 -0.494252 0.558860
v -1.224466 -0.404236 0.558860
v -1.224466 -0.674284 0.558860
v -1.224466 -0.584268 0.558860
v -1.224466 0.946004 0.558860
v -1.224466 1.036020 0.558860
v -1.224466 0.765972 0.558860
v -1.224466 0.855988 0.558860
v 1.224466 0.585940 0.558860
v 1.224466 0.675956 0.558860
v 1.224466 0.225876 0.558860
v 1.224466 0.315892 0.558860
v 1.224466 1.171044 0.238943
v 1.224466 0.946004 0.558860
v 1.224466 1.036020 0.558860
v 1.224466 0.270884 0.238943
v 1.224466 -0.269212 0.238943
v 1.224466 -0.359228 0.238943
v 1.224466 1.261060 0.238943
v 1.224466 -0.449244 0.238943
v 1.224466 0.630948 0.238943
v -1.130276 -0.899324 0.238943
v 1.224466 -0.179196 0.238943
v 1.224466 -0.089180 0.238943
v 1.224466 -0.854316 0.558860
v 1.224466 -0.764300 0.558860
v 1.224466 0.720964 0.238943
v 1.224466 -0.134188 0.558860
v 1.224466 -0.044172 0.558860
v 1.224466 0.810980 0.238943
v 1.224466 -0.494252 0.558860
v 1.224466 -0.404236 0.558860
v -0.376759 -0.899324 0.238943
v 0.188379 -0.899324 0.238943
v 0.282569 -0.899324 0.238943
v 1.224466 0.540932 0.238943
v 0.094190 -0.899324 0.238943
v 1.224466 0.360900 0.238943
v 1.224466 0.450916 0.238943
v 1.224466 -0.539260 0.238943
v -1.224466 -0.629276 0.238943
v -0.847707 1.261060 0.238943
v -0.941897 1.261060 0.238943
v 1.224466 -0.629276 0.238943
v -1.036086 1.261060 0.238943
v -1.130276 1.261060 0.238943
v 0.941897 -0.899324 0.238943
v 1.036086 -0.899324 0.238943
v 0.847707 -0.899324 0.238943
v -1.224466 -0.449244 0.238943
v -1.224466 -0.539260 0.238943
v -1.224466 0.810980 0.238943
v 1.224466 -0.719292 0.238943
v 1.224466 -0.809308 0.238943
v 0.000000 1.261060 0.238943
v -1.224466 0.991012 0.238943
v -1.224466 0.900996 0.238943
v 1.224466 0.180868 0.238943
v 1.224466 0.000836 0.238943
v 1.224466 0.090852 0.238943
v 0.753517 -0.899324 0.238943
v 0.753517 1.261060 0.238943
v -0.565138 -0.899324 0.238943
v -0.470948 -0.899324 0.238943
v -0.659328 -0.899324 0.238943
v 0.659328 1.261060 0.238943
v 0.565138 1.261060 0.238943
v -0.094190 -0.899324 0.238943
v 0.000000 -0.899324 0.238943
v 0.470948 1.261060 0.238943
v -0.470948 1.261060 0.238943
v -0.565138 1.261060 0.238943
v -0.282569 -0.899324 0.238943
v -0.188379 -0.899324 0.238943
v -1.224466 -0.719292 0.238943
v -0.659328 1.261060 0.238943
v -0.753517 1.261060 0.238943
v 1.130276 -0.899324 0.238943
v 1.224466 -0.899324 0.238943
v -1.224466 -0.809308 0.238943
v -1.224466 -0.899324 0.238943
v -1.224466 0.450916 0.238943
v 0.376759 1.261060 0.238943
v 0.282569 1.261060 0.238943
v -1.224466 1.261060 0.238943
v 0.188379 1.261060 0.238943
v 0.094190 1.261060 0.238943
v -1.224466 0.720964 0.238943
v -1.224466 1.171044 0.238943
v -1.224466 1.081028 0.238943
v -1.224466 0.630948 0.238943
v -1.224466 0.540932 0.238943
v -1.224466 -0.269212 0.238943
v -1.224466 -0.359228 0.238943
v -1.224466 0.090852 0.238943
v -0.094190 1.261060 0.238943
v -0.188379 1.261060 0.238943
v -0.282569 1.261060 0.238943
v -0.376759 1.261060 0.238943
v 1.224466 1.081028 0.238943
v -1.224466 0.000836 0.238943
v -1.224466 0.360900 0.238943
v 1.224466 0.900996 0.238943
v 1.224466 0.991012 0.238943
v -0.847707 -0.899324 0.238943
v -0.753517 -0.899324 0.238943
v -1.224466 -0.089180 0.238943
v -1.224466 -0.179196 0.238943
v -1.224466 0.270884 0.238943
v -1.224466 0.180868 0.238943
v -1.036086 -0.899324 0.238943
v -0.941897 -0.899324 0.238943
v 1.130276 1.261060 0.238943
v 1.036086 1.261060 0.238943
v 0.565138 -0.899324 0.238943
v 0.659328 -0.899324 0.238943
v 0.941897 1.261060 0.238943
v 0.847707 1.261060 0.238943
v 0.376759 -0.899324 0.238943
v 0.470948 -0.899324 0.238943
v 1.177371 0.000836 -0.080974
v 1.177371 0.720964 -0.080974
v 1.177371 -0.719292 -0.080974
v 1.177371 -0.359228 -0.080974
v 1.177371 1.081028 -0.080974
v 1.177371 0.360900 -0.080974
v 0.000000 -0.854316 -0.080974
v 0.753517 -0.854316 -0.080974
v -0.753517 -0.854316 -0.080974
v -0.376759 -0.854316 -0.080974
v -1.130276 -0.854316 -0.080974
v 1.130276 -0.854316 -0.080974
v 0.376759 -0.854316 -0.080974
v -1.083181 1.261060 -0.080974
v -0.894802 1.261060 -0.080974
v 0.423854 1.261060 -0.080974
v 0.612233 1.261060 -0.080974
v 1.177371 0.540932 -0.080974
v 1.177371 0.180868 -0.080974
v 1.177371 1.261060 -0.080974
v 1.177371 0.900996 -0.080974
v 0.423854 -0.899324 -0.080974
v 0.612233 -0.899324 -0.080974
v 0.565138 -0.854316 -0.080974
v 1.177371 -0.899324 -0.080974
v 1.177371 -0.179196 -0.080974
v 1.177371 -0.539260 -0.080974
v -1.083181 -0.899324 -0.080974
v -0.894802 -0.899324 -0.080974
v -0.941897 -0.854316 -0.080974
v -0.329664 -0.899324 -0.080974
v -0.141285 -0.899324 -0.080974
v -0.188379 -0.854316 -0.080974
v -0.329664 1.261060 -0.080974
v -0.141285 1.261060 -0.080974
v -0.706423 1.261060 -0.080974
v -0.518043 1.261060 -0.080974
v -0.706423 -0.899324 -0.080974
v -0.518043 -0.899324 -0.080974
v -0.565138 -0.854316 -0.080974
v 0.800612 -0.899324 -0.080974
v 0.988992 -0.899324 -0.080974
v 0.941897 -0.854316 -0.080974
v 0.047095 -0.899324 -0.080974
v 0.235474 -0.899324 -0.080974
v 0.188379 -0.854316 -0.080974
v 0.800612 1.261060 -0.080974
v 0.988992 1.261060 -0.080974
v 0.047095 1.261060 -0.080974
v 0.235474 1.261060 -0.080974
v 0.000000 1.216052 -0.080974
v 0.753517 1.216052 -0.080974
v -0.753517 1.216052 -0.080974
v -0.376759 1.216052 -0.080974
v 1.130276 1.216052 -0.080974
v 0.376759 1.216052 -0.080974
v -1.130276 1.216052 -0.080974
v -1.177371 0.000836 -0.080974
v -1.177371 -0.719292 -0.080974
v -1.177371 0.720964 -0.080974
v -1.177371 0.360900 -0.080974
v -1.177371 -0.359228 -0.080974
v -1.177371 1.081028 -0.080974
v -0.988992 1.261060 -0.080974
v -0.800612 1.261060 -0.080974
v -0.941897 1.216052 -0.080974
v -1.177371 0.900996 -0.080974
v -1.177371 -0.539260 -0.080974
v 0.518043 1.261060 -0.080974
v 0.706423 1.261060 -0.080974
v 0.565138 1.216052 -0.080974
v 0.518043 -0.899324 -0.080974
v 0.706423 -0.899324 -0.080974
v -0.988992 -0.899324 -0.080974
v -0.800612 -0.899324 -0.080974
v -0.235474 -0.899324 -0.080974
v -0.047095 -0.899324 -0.080974
v -1.177371 0.180868 -0.080974
v -0.235474 1.261060 -0.080974
v -0.047095 1.261060 -0.080974
v -0.188379 1.216052 -0.080974
v -0.612233 1.261060 -0.080974
v -0.423854 1.261060 -0.080974
v -0.565138 1.216052 -0.080974
v -1.177371 0.540932 -0.080974
v -0.612233 -0.899324 -0.080974
v -0.423854 -0.899324 -0.080974
v -1.177371 -0.899324 -0.080974
v 0.894802 -0.899324 -0.080974
v 1.083181 -0.899324 -0.080974
v 0.141285 -0.899324 -0.080974
v 0.329664 -0.899324 -0.080974
v 0.894802 1.261060 -0.080974
v 1.083181 1.261060 -0.080974
v 0.941897 1.216052 -0.080974
v 0.141285 1.261060 -0.080974
v 0.329664 1.261060 -0.080974
v 0.188379 1.216052 -0.080974
v -1.177371 -0.179196 -0.080974
v -1.177371 1.261060 -0.080974
v -1.177371 1.171044 -0.080974
v -1.224466 1.126036 -0.080974
v -1.224466 1.216052 -0.080974
v -1.177371 -0.089180 -0.080974
v -1.224466 -0.134188 -0.080974
v -1.224466 -0.044172 -0.080974
v -1.177371 -0.269212 -0.080974
v -1.224466 -0.314220 -0.080974
v -1.224466 -0.224204 -0.080974
v 0.282569 1.216052 -0.080974
v 0.094190 1.216052 -0.080974
v 1.036086 1.216052 -0.080974
v 0.847707 1.216052 -0.080974
v 0.282569 -0.854316 -0.080974
v 1.036086 -0.854316 -0.080974
v -1.177371 -0.809308 -0.080974
v -1.224466 -0.854316 -0.080974
v -1.224466 -0.764300 -0.080974
v -0.470948 -0.854316 -0.080974
v -1.177371 0.630948 -0.080974
v -1.224466 0.585940 -0.080974
v -1.224466 0.675956 -0.080974
v -1.177371 0.450916 -0.080974
v -1.224466 0.405908 -0.080974
v -1.224466 0.495924 -0.080974
v -0.470948 1.216052 -0.080974
v -0.659328 1.216052 -0.080974
v -0.094190 1.216052 -0.080974
v -0.282569 1.216052 -0.080974
v -1.177371 0.270884 -0.080974
v -1.224466 0.225876 -0.080974
v -1.224466 0.315892 -0.080974
v -1.177371 0.090852 -0.080974
v -1.224466 0.045844 -0.080974
v -1.224466 0.135860 -0.080974
v -0.094190 -0.854316 -0.080974
v -0.847707 -0.854316 -0.080974
v 1.177371 -0.629276 -0.080974
v 1.224466 -0.674284 -0.080974
v 1.224466 -0.584268 -0.080974
v 1.177371 -0.269212 -0.080974
v 1.224466 -0.314220 -0.080974
v 1.224466 -0.224204 -0.080974
v 0.659328 -0.854316 -0.080974
v 1.177371 0.810980 -0.080974
v 1.224466 0.765972 -0.080974
v 1.224466 0.855988 -0.080974
v 1.177371 1.171044 -0.080974
v 1.224466 1.126036 -0.080974
v 1.224466 1.216052 -0.080974
v 1.177371 0.090852 -0.080974
v 1.224466 0.045844 -0.080974
v 1.224466 0.135860 -0.080974
v 1.177371 0.450916 -0.080974
v 1.224466 0.405908 -0.080974
v 1.224466 0.495924 -0.080974
v 0.659328 1.216052 -0.080974
v 0.470948 1.216052 -0.080974
v -1.177371 -0.449244 -0.080974
v -1.224466 -0.494252 -0.080974
v -1.224466 -0.404236 -0.080974
v -1.177371 -0.629276 -0.080974
v -1.224466 -0.674284 -0.080974
v -1.224466 -0.584268 -0.080974
v -1.177371 0.991012 -0.080974
v -1.224466 0.946004 -0.080974
v -1.224466 1.036020 -0.080974
v -1.177371 0.810980 -0.080974
v -1.224466 0.765972 -0.080974
v -1.224466 0.855988 -0.080974
v -0.847707 1.216052 -0.080974
v -1.036086 1.216052 -0.080974
v 1.177371 0.630948 -0.080974
v 1.224466 0.585940 -0.080974
v 1.224466 0.675956 -0.080974
v 1.177371 0.270884 -0.080974
v 1.224466 0.225876 -0.080974
v 1.224466 0.315892 -0.080974
v 1.177371 0.991012 -0.080974
v 1.224466 0.946004 -0.080974
v 1.224466 1.036020 -0.080974
v 0.470948 -0.854316 -0.080974
v 1.177371 -0.809308 -0.080974
v 1.224466 -0.854316 -0.080974
v 1.224466 -0.764300 -0.080974
v 1.177371 -0.089180 -0.080974
v 1.224466 -0.134188 -0.080974
v 1.224466 -0.044172 -0.080974
v 1.177371 -0.449244 -0.080974
v 1.224466 -0.494252 -0.080974
v 1.224466 -0.404236 -0.080974
v -1.036086 -0.854316 -0.080974
v -0.282569 -0.854316 -0.080974
v -0.659328 -0.854316 -0.080974
v 0.847707 -0.854316 -0.080974
v 0.094190 -0.854316 -0.080974
v 0.141285 -0.854316 -0.080974
v 0.047095 -0.854316 -0.080974
v 0.894802 -0.854316 -0.080974
v 0.800612 -0.854316 -0.080974
v -0.612233 -0.854316 -0.080974
v -0.706423 -0.854316 -0.080974
v -0.235474 -0.854316 -0.080974
v -0.329664 -0.854316 -0.080974
v -0.988992 -0.854316 -0.080974
v -1.083181 -0.854316 -0.080974
v 1.177371 -0.494252 -0.080974
v 1.177371 -0.134188 -0.080974
v 1.177371 -0.854316 -0.080974
v 0.518043 -0.854316 -0.080974
v 0.423854 -0.854316 -0.080974
v 1.177371 0.946004 -0.080974
v 1.177371 0.225876 -0.080974
v 1.177371 0.585940 -0.080974
v -0.988992 1.216052 -0.080974
v -0.800612 1.216052 -0.080974
v -1.177371 0.855988 -0.080974
v -1.177371 0.765972 -0.080974
v -1.177371 1.036020 -0.080974
v -1.177371 0.946004 -0.080974
v -1.177371 -0.584268 -0.080974
v -1.177371 -0.674284 -0.080974
v -1.177371 -0.404236 -0.080974
v -1.177371 -0.494252 -0.080974
v 0.518043 1.216052 -0.080974
v 0.706423 1.216052 -0.080974
v 1.177371 0.405908 -0.080974
v 1.177371 0.045844 -0.080974
v 1.177371 1.126036 -0.080974
v 1.177371 0.765972 -0.080974
v 0.706423 -0.854316 -0.080974
v 0.612233 -0.854316 -0.080974
v 1.177371 -0.314220 -0.080974
v 1.177371 -0.674284 -0.080974
v -0.800612 -0.854316 -0.080974
v -0.894802 -0.854316 -0.080974
v -0.047095 -0.854316 -0.080974
v -0.141285 -0.854316 -0.080974
v -1.177371 0.135860 -0.080974
v -1.177371 0.045844 -0.080974
v -1.177371 0.315892 -0.080974
v -1.177371 0.225876 -0.080974
v -0.235474 1.216052 -0.080974
v -0.047095 1.216052 -0.080974
v -0.612233 1.216052 -0.080974
v -0.423854 1.216052 -0.080974
v -1.177371 0.495924 -0.080974
v -1.177371 0.405908 -0.080974
v -1.177371 0.675956 -0.080974
v -1.177371 0.585940 -0.080974
v -0.423854 -0.854316 -0.080974
v -0.518043 -0.854316 -0.080974
v -1.177371 -0.764300 -0.080974
v -1.177371 -0.854316 -0.080974
v 1.083181 -0.854316 -0.080974
v 0.988992 -0.854316 -0.080974
v 0.329664 -0.854316 -0.080974
v 0.235474 -0.854316 -0.080974
v 0.894802 1.216052 -0.080974
v 1.083181 1.216052 -0.080974
v 0.141285 1.216052 -0.080974
v 0.329664 1.216052 -0.080974
v -1.177371 -0.224204 -0.080974
v -1.177371 -0.314220 -0.080974
v -1.177371 -0.044172 -0.080974
v -1.177371 -0.134188 -0.080974
v -1.177371 1.216052 -0.080974
v -1.177371 1.126036 -0.080974
v 0.235474 1.216052 -0.080974
v 0.047095 1.216052 -0.080974
v 0.988992 1.216052 -0.080974
v 0.800612 1.216052 -0.080974
v -0.518043 1.216052 -0.080974
v -0.706423 1.216052 -0.080974
v -0.141285 1.216052 -0.080974
v -0.329664 1.216052 -0.080974
v 1.177371 -0.584268 -0.080974
v 1.177371 -0.224204 -0.080974
v 1.177371 0.855988 -0.080974
v 1.177371 1.216052 -0.080974
v 1.177371 0.135860 -0.080974
v 1.177371 0.495924 -0.080974
v 0.612233 1.216052 -0.080974
v 0.423854 1.216052 -0.080974
v -0.894802 1.216052 -0.080974
v -1.083181 1.216052 -0.080974
v 1.177371 0.675956 -0.080974
v 1.177371 0.315892 -0.080974
v 1.177371 1.036020 -0.080974
v 1.177371 -0.764300 -0.080974
v 1.177371 -0.044172 -0.080974
v 1.177371 -0.404236 -0.080974
v 0.423854 -0.899324 0.238943
v 0.894802 1.261060 0.238943
v 0.612233 -0.899324 0.238943
v 1.083181 1.261060 0.238943
v -0.988992 -0.899324 0.238943
v -1.224466 0.225876 0.238943
v -1.224466 -0.134188 0.238943
v -0.800612 -0.899324 0.238943
v 1.224466 0.946004 0.238943
v -1.224466 0.315892 0.238943
v -1.224466 -0.044172 0.238943
v 1.224466 1.036020 0.238943
v -0.329664 1.261060 0.238943
v -0.141285 1.261060 0.238943
v -1.224466 0.045844 0.238943
v -1.224466 -0.314220 0.238943
v -1.224466 0.585940 0.238943
v -1.224466 0.135860 0.238943
v -1.224466 -0.224204 0.238943
v -1.224466 1.126036 0.238943
v -1.224466 0.675956 0.238943
v 0.141285 1.261060 0.238943
v -1.224466 1.216052 0.238943
v 0.329664 1.261060 0.238943
v -1.224466 0.405908 0.238943
v -1.224466 -0.854316 0.238943
v 1.177371 -0.899324 0.238943
v -1.224466 0.495924 0.238943
v -0.706423 1.261060 0.238943
v -1.224466 -0.764300 0.238943
v -0.235474 -0.899324 0.238943
v -0.518043 1.261060 0.238943
v 0.423854 1.261060 0.238943
v -0.047095 -0.899324 0.238943
v 0.612233 1.261060 0.238943
v -0.706423 -0.899324 0.238943
v -0.518043 -0.899324 0.238943
v 0.518043 1.261060 0.238943
v 0.518043 -0.899324 0.238943
v 0.706423 1.261060 0.238943
v 0.706423 -0.899324 0.238943
v 1.224466 0.045844 0.238943
v 1.224466 0.135860 0.238943
v -1.224466 0.946004 0.238943
v -0.235474 1.261060 0.238943
v -1.224466 1.036020 0.238943
v -0.047095 1.261060 0.238943
v 1.224466 -0.854316 0.238943
v 1.224466 -0.764300 0.238943
v -1.224466 0.765972 0.238943
v -1.224466 -0.494252 0.238943
v -1.224466 0.855988 0.238943
v -1.224466 -0.404236 0.238943
v 0.800612 -0.899324 0.238943
v 0.988992 -0.899324 0.238943
v -1.083181 1.261060 0.238943
v 1.224466 -0.674284 0.238943
v -0.612233 1.261060 0.238943
v -0.894802 1.261060 0.238943
v -1.224466 -0.674284 0.238943
v 1.224466 -0.584268 0.238943
v -0.423854 1.261060 0.238943
v -1.224466 -0.584268 0.238943
v 1.224466 0.405908 0.238943
v 0.047095 -0.899324 0.238943
v 1.224466 0.495924 0.238943
v -0.612233 -0.899324 0.238943
v 0.235474 -0.899324 0.238943
v -0.423854 -0.899324 0.238943
v 1.224466 0.765972 0.238943
v -1.177371 1.261060 0.238943
v 1.224466 -0.134188 0.238943
v 1.224466 0.855988 0.238943
v 0.800612 1.261060 0.238943
v 1.224466 -0.044172 0.238943
v 0.988992 1.261060 0.238943
v -1.083181 -0.899324 0.238943
v -1.177371 -0.899324 0.238943
v -0.894802 -0.899324 0.238943
v 1.224466 0.585940 0.238943
v 1.224466 -0.494252 0.238943
v 1.224466 0.675956 0.238943
v 1.177371 1.261060 0.238943
v 1.224466 -0.404236 0.238943
v 1.224466 -0.314220 0.238943
v 1.224466 -0.224204 0.238943
v 1.224466 0.225876 0.238943
v 1.224466 0.315892 0.238943
v 0.047095 1.261060 0.238943
v 0.894802 -0.899324 0.238943
v 0.235474 1.261060 0.238943
v 1.083181 -0.899324 0.238943
v -0.988992 1.261060 0.238943
v 1.224466 1.126036 0.238943
v -0.800612 1.261060 0.238943
v 1.224466 1.216052 0.238943
v 0.141285 -0.899324 0.238943
v -0.329664 -0.899324 0.238943
v 0.329664 -0.899324 0.238943
v -0.141285 -0.899324 0.238943
vn -0.0000 1.0000 -0.0000
vn -0.0000 -0.0000 1.0000
vn -1.0000 -0.0000 -0.0000
vn 1.0000 -0.0000 -0.0000
vn -0.0000 -0.0000 -1.0000
vn -0.0000 0.0001 -1.0000
vn -0.0001 -0.0000 -1.0000
vn -0.0000 -0.0001 -1.0000
vn 0.0001 -0.0000 -1.0000
vn -0.0000 -1.0000 -0.0000
vn -0.0000 0.3888 -0.9213
vn -0.0000 -0.9040 0.4275
vt 0.867188 0.742188
vt 0.875000 0.742188
vt 0.875000 0.750000
vt 0.867188 0.750000
vt 0.617188 0.992188
vt 0.625000 0.992188
vt 0.625000 1.000000
vt 0.617188 1.000000
vt 0.617188 0.242188
vt 0.625000 0.242188
vt 0.625000 0.250000
vt 0.617188 0.250000
vt 0.617188 0.742188
vt 0.625000 0.742188
vt 0.625000 0.750000
vt 0.617188 0.750000
vt 0.617188 0.492188
vt 0.625000 0.492188
vt 0.625000 0.500000
vt 0.617188 0.500000
vt 0.492188 0.492188
vt 0.500000 0.492188
vt 0.500000 0.500000
vt 0.492188 0.500000
vt 0.617188 0.367188
vt 0.625000 0.367188
vt 0.625000 0.375000
vt 0.617188 0.375000
vt 0.492188 0.742188
vt 0.500000 0.742188
vt 0.500000 0.750000
vt 0.492188 0.750000
vt 0.492188 0.617188
vt 0.500000 0.617188
vt 0.500000 0.625000
vt 0.492188 0.625000
vt 0.617188 0.617188
vt 0.625000 0.617188
vt 0.625000 0.625000
vt 0.617188 0.625000
vt 0.492188 0.242188
vt 0.500000 0.242188
vt 0.500000 0.250000
vt 0.492188 0.250000
vt 0.492188 0.117188
vt 0.500000 0.117188
vt 0.500000 0.125000
vt 0.492188 0.125000
vt 0.617188 0.117188
vt 0.625000 0.117188
vt 0.625000 0.125000
vt 0.617188 0.125000
vt 0.492188 0.992188
vt 0.500000 0.992188
vt 0.500000 1.000000
vt 0.492188 1.000000
vt 0.617188 0.867188
vt 0.625000 0.867188
vt 0.625000 0.875000
vt 0.617188 0.875000
vt 0.742188 0.742188
vt 0.750000 0.742188
vt 0.750000 0.750000
vt 0.742188 0.750000
vt 0.742188 0.617188
vt 0.750000 0.617188
vt 0.750000 0.625000
vt 0.742188 0.625000
vt 0.867188 0.617188
vt 0.875000 0.617188
vt 0.875000 0.625000
vt 0.867188 0.625000
vt 0.804688 0.617188
vt 0.812500 0.617188
vt 0.812500 0.625000
vt 0.804688 0.625000
vt 0.804688 0.554688
vt 0.812500 0.554688
vt 0.812500 0.562500
vt 0.804688 0.562500
vt 0.867188 0.554688
vt 0.875000 0.554688
vt 0.875000 0.562500
vt 0.867188 0.562500
vt 0.679688 0.617188
vt 0.687500 0.617188
vt 0.687500 0.625000
vt 0.679688 0.625000
vt 0.679688 0.554688
vt 0.687500 0.554688
vt 0.687500 0.562500
vt 0.679688 0.562500
vt 0.742188 0.554688
vt 0.750000 0.554688
vt 0.750000 0.562500
vt 0.742188 0.562500
vt 0.679688 0.742188
vt 0.687500 0.742188
vt 0.687500 0.750000
vt 0.679688 0.750000
vt 0.679688 0.679688
vt 0.687500 0.679688
vt 0.687500 0.687500
vt 0.679688 0.687500
vt 0.742188 0.679688
vt 0.750000 0.679688
vt 0.750000 0.687500
vt 0.742188 0.687500
vt 0.617188 0.804688
vt 0.625000 0.804688
vt 0.625000 0.812500
vt 0.617188 0.812500
vt 0.429688 0.992188
vt 0.437500 0.992188
vt 0.437500 1.000000
vt 0.429688 1.000000
vt 0.554688 0.117188
vt 0.562500 0.117188
vt 0.562500 0.125000
vt 0.554688 0.125000
vt 0.554688 0.054688
vt 0.562500 0.054688
vt 0.562500 0.062500
vt 0.554688 0.062500
vt 0.617188 0.054688
vt 0.625000 0.054688
vt 0.625000 0.062500
vt 0.617188 0.062500
vt 0.429688 0.117188
vt 0.437500 0.117188
vt 0.437500 0.125000
vt 0.429688 0.125000
vt 0.429688 0.054688
vt 0.437500 0.054688
vt 0.437500 0.062500
vt 0.429688 0.062500
vt 0.492188 0.054688
vt 0.500000 0.054688
vt 0.500000 0.062500
vt 0.492188 0.062500
vt 0.429688 0.242188
vt 0.437500 0.242188
vt 0.437500 0.250000
vt 0.429688 0.250000
vt 0.429688 0.179688
vt 0.437500 0.179688
vt 0.437500 0.187500
vt 0.429688 0.187500
vt 0.492188 0.179688
vt 0.500000 0.179688
vt 0.500000 0.187500
vt 0.492188 0.187500
vt 0.554688 0.617188
vt 0.562500 0.617188
vt 0.562500 0.625000
vt 0.554688 0.625000
vt 0.554688 0.554688
vt 0.562500 0.554688
vt 0.562500 0.562500
vt 0.554688 0.562500
vt 0.617188 0.554688
vt 0.625000 0.554688
vt 0.625000 0.562500
vt 0.617188 0.562500
vt 0.429688 0.617188
vt 0.437500 0.617188
vt 0.437500 0.625000
vt 0.429688 0.625000
vt 0.429688 0.554688
vt 0.437500 0.554688
vt 0.437500 0.562500
vt 0.429688 0.562500
vt 0.492188 0.554688
vt 0.500000 0.554688
vt 0.500000 0.562500
vt 0.492188 0.562500
vt 0.429688 0.742188
vt 0.437500 0.742188
vt 0.437500 0.750000
vt 0.429688 0.750000
vt 0.429688 0.679688
vt 0.437500 0.679688
vt 0.437500 0.687500
vt 0.429688 0.687500
vt 0.492188 0.679688
vt 0.500000 0.679688
vt 0.500000 0.687500
vt 0.492188 0.687500
vt 0.617188 0.304688
vt 0.625000 0.304688
vt 0.625000 0.312500
vt 0.617188 0.312500
vt 0.429688 0.492188
vt 0.437500 0.492188
vt 0.437500 0.500000
vt 0.429688 0.500000
vt 0.554688 0.492188
vt 0.562500 0.492188
vt 0.562500 0.500000
vt 0.554688 0.500000
vt 0.617188 0.429688
vt 0.625000 0.429688
vt 0.625000 0.437500
vt 0.617188 0.437500
vt 0.554688 0.742188
vt 0.562500 0.742188
vt 0.562500 0.750000
vt 0.554688 0.750000
vt 0.554688 0.679688
vt 0.562500 0.679688
vt 0.562500 0.687500
vt 0.554688 0.687500
vt 0.617188 0.679688
vt 0.625000 0.679688
vt 0.625000 0.687500
vt 0.617188 0.687500
vt 0.554688 0.242188
vt 0.562500 0.242188
vt 0.562500 0.250000
vt 0.554688 0.250000
vt 0.554688 0.179688
vt 0.562500 0.179688
vt 0.562500 0.187500
vt 0.554688 0.187500
vt 0.617188 0.179688
vt 0.625000 0.179688
vt 0.625000 0.187500
vt 0.617188 0.187500
vt 0.554688 0.992188
vt 0.562500 0.992188
vt 0.562500 1.000000
vt 0.554688 1.000000
vt 0.617188 0.929688
vt 0.625000 0.929688
vt 0.625000 0.937500
vt 0.617188 0.937500
vt 0.804688 0.742188
vt 0.812500 0.742188
vt 0.812500 0.750000
vt 0.804688 0.750000
vt 0.804688 0.679688
vt 0.812500 0.679688
vt 0.812500 0.687500
vt 0.804688 0.687500
vt 0.867188 0.679688
vt 0.875000 0.679688
vt 0.875000 0.687500
vt 0.867188 0.687500
vt 0.835938 0.679688
vt 0.843750 0.679688
vt 0.843750 0.687500
vt 0.835938 0.687500
vt 0.835938 0.648438
vt 0.843750 0.648438
vt 0.843750 0.656250
vt 0.835938 0.656250
vt 0.867188 0.648438
vt 0.875000 0.648438
vt 0.875000 0.656250
vt 0.867188 0.656250
vt 0.773438 0.679688
vt 0.781250 0.679688
vt 0.781250 0.687500
vt 0.773438 0.687500
vt 0.773438 0.648438
vt 0.781250 0.648438
vt 0.781250 0.656250
vt 0.773438 0.656250
vt 0.804688 0.648438
vt 0.812500 0.648438
vt 0.812500 0.656250
vt 0.804688 0.656250
vt 0.773438 0.742188
vt 0.781250 0.742188
vt 0.781250 0.750000
vt 0.773438 0.750000
vt 0.773438 0.710938
vt 0.781250 0.710938
vt 0.781250 0.718750
vt 0.773438 0.718750
vt 0.804688 0.710938
vt 0.812500 0.710938
vt 0.812500 0.718750
vt 0.804688 0.718750
vt 0.617188 0.898438
vt 0.625000 0.898438
vt 0.625000 0.906250
vt 0.617188 0.906250
vt 0.523438 0.992188
vt 0.531250 0.992188
vt 0.531250 1.000000
vt 0.523438 1.000000
vt 0.585938 0.179688
vt 0.593750 0.179688
vt 0.593750 0.187500
vt 0.585938 0.187500
vt 0.585938 0.148438
vt 0.593750 0.148438
vt 0.593750 0.156250
vt 0.585938 0.156250
vt 0.617188 0.148438
vt 0.625000 0.148438
vt 0.625000 0.156250
vt 0.617188 0.156250
vt 0.523438 0.179688
vt 0.531250 0.179688
vt 0.531250 0.187500
vt 0.523438 0.187500
vt 0.523438 0.148438
vt 0.531250 0.148438
vt 0.531250 0.156250
vt 0.523438 0.156250
vt 0.554688 0.148438
vt 0.562500 0.148438
vt 0.562500 0.156250
vt 0.554688 0.156250
vt 0.523438 0.242188
vt 0.531250 0.242188
vt 0.531250 0.250000
vt 0.523438 0.250000
vt 0.523438 0.210938
vt 0.531250 0.210938
vt 0.531250 0.218750
vt 0.523438 0.218750
vt 0.554688 0.210938
vt 0.562500 0.210938
vt 0.562500 0.218750
vt 0.554688 0.218750
vt 0.585938 0.679688
vt 0.593750 0.679688
vt 0.593750 0.687500
vt 0.585938 0.687500
vt 0.585938 0.648438
vt 0.593750 0.648438
vt 0.593750 0.656250
vt 0.585938 0.656250
vt 0.617188 0.648438
vt 0.625000 0.648438
vt 0.625000 0.656250
vt 0.617188 0.656250
vt 0.523438 0.679688
vt 0.531250 0.679688
vt 0.531250 0.687500
vt 0.523438 0.687500
vt 0.523438 0.648438
vt 0.531250 0.648438
vt 0.531250 0.656250
vt 0.523438 0.656250
vt 0.554688 0.648438
vt 0.562500 0.648438
vt 0.562500 0.656250
vt 0.554688 0.656250
vt 0.523438 0.742188
vt 0.531250 0.742188
vt 0.531250 0.750000
vt 0.523438 0.750000
vt 0.523438 0.710938
vt 0.531250 0.710938
vt 0.531250 0.718750
vt 0.523438 0.718750
vt 0.554688 0.710938
vt 0.562500 0.710938
vt 0.562500 0.718750
vt 0.554688 0.718750
vt 0.617188 0.398438
vt 0.625000 0.398438
vt 0.625000 0.406250
vt 0.617188 0.406250
vt 0.523438 0.492188
vt 0.531250 0.492188
vt 0.531250 0.500000
vt 0.523438 0.500000
vt 0.398438 0.429688
vt 0.406250 0.429688
vt 0.406250 0.433594
vt 0.406250 0.437500
vt 0.398438 0.437500
vt 0.398438 0.398438
vt 0.406250 0.398438
vt 0.406250 0.402344
vt 0.406250 0.406250
vt 0.398438 0.406250
vt 0.398438 0.492188
vt 0.406250 0.492188
vt 0.406250 0.500000
vt 0.398438 0.500000
vt 0.398438 0.460938
vt 0.406250 0.460938
vt 0.406250 0.464844
vt 0.406250 0.468750
vt 0.398438 0.468750
vt 0.398438 0.304688
vt 0.406250 0.304688
vt 0.406250 0.308594
vt 0.406250 0.312500
vt 0.398438 0.312500
vt 0.398438 0.273438
vt 0.406250 0.273438
vt 0.406250 0.277344
vt 0.406250 0.281250
vt 0.398438 0.281250
vt 0.398438 0.367188
vt 0.406250 0.367188
vt 0.406250 0.371094
vt 0.406250 0.375000
vt 0.398438 0.375000
vt 0.398438 0.335938
vt 0.406250 0.335938
vt 0.406250 0.339844
vt 0.406250 0.343750
vt 0.398438 0.343750
vt 0.617188 0.273438
vt 0.625000 0.273438
vt 0.625000 0.281250
vt 0.617188 0.281250
vt 0.460938 0.679688
vt 0.468750 0.679688
vt 0.468750 0.687500
vt 0.460938 0.687500
vt 0.460938 0.648438
vt 0.468750 0.648438
vt 0.468750 0.656250
vt 0.460938 0.656250
vt 0.492188 0.648438
vt 0.500000 0.648438
vt 0.500000 0.656250
vt 0.492188 0.656250
vt 0.398438 0.679688
vt 0.406250 0.679688
vt 0.406250 0.687500
vt 0.398438 0.687500
vt 0.398438 0.648438
vt 0.406250 0.648438
vt 0.406250 0.656250
vt 0.398438 0.656250
vt 0.429688 0.648438
vt 0.437500 0.648438
vt 0.437500 0.656250
vt 0.429688 0.656250
vt 0.398438 0.742188
vt 0.406250 0.742188
vt 0.406250 0.750000
vt 0.398438 0.750000
vt 0.398438 0.710938
vt 0.406250 0.710938
vt 0.406250 0.718750
vt 0.398438 0.718750
vt 0.429688 0.710938
vt 0.437500 0.710938
vt 0.437500 0.718750
vt 0.429688 0.718750
vt 0.460938 0.554688
vt 0.468750 0.554688
vt 0.468750 0.562500
vt 0.460938 0.562500
vt 0.460938 0.523438
vt 0.468750 0.523438
vt 0.468750 0.531250
vt 0.460938 0.531250
vt 0.492188 0.523438
vt 0.500000 0.523438
vt 0.500000 0.531250
vt 0.492188 0.531250
vt 0.398438 0.554688
vt 0.406250 0.554688
vt 0.406250 0.562500
vt 0.398438 0.562500
vt 0.398438 0.523438
vt 0.406250 0.523438
vt 0.406250 0.531250
vt 0.398438 0.531250
vt 0.429688 0.523438
vt 0.437500 0.523438
vt 0.437500 0.531250
vt 0.429688 0.531250
vt 0.398438 0.617188
vt 0.406250 0.617188
vt 0.406250 0.625000
vt 0.398438 0.625000
vt 0.398438 0.585938
vt 0.406250 0.585938
vt 0.406250 0.593750
vt 0.398438 0.593750
vt 0.429688 0.585938
vt 0.437500 0.585938
vt 0.437500 0.593750
vt 0.429688 0.593750
vt 0.585938 0.554688
vt 0.593750 0.554688
vt 0.593750 0.562500
vt 0.585938 0.562500
vt 0.585938 0.523438
vt 0.593750 0.523438
vt 0.593750 0.531250
vt 0.585938 0.531250
vt 0.617188 0.523438
vt 0.625000 0.523438
vt 0.625000 0.531250
vt 0.617188 0.531250
vt 0.523438 0.554688
vt 0.531250 0.554688
vt 0.531250 0.562500
vt 0.523438 0.562500
vt 0.523438 0.523438
vt 0.531250 0.523438
vt 0.531250 0.531250
vt 0.523438 0.531250
vt 0.554688 0.523438
vt 0.562500 0.523438
vt 0.562500 0.531250
vt 0.554688 0.531250
vt 0.523438 0.617188
vt 0.531250 0.617188
vt 0.531250 0.625000
vt 0.523438 0.625000
vt 0.523438 0.585938
vt 0.531250 0.585938
vt 0.531250 0.593750
vt 0.523438 0.593750
vt 0.554688 0.585938
vt 0.562500 0.585938
vt 0.562500 0.593750
vt 0.554688 0.593750
vt 0.460938 0.179688
vt 0.468750 0.179688
vt 0.468750 0.187500
vt 0.460938 0.187500
vt 0.460938 0.148438
vt 0.468750 0.148438
vt 0.468750 0.156250
vt 0.460938 0.156250
vt 0.492188 0.148438
vt 0.500000 0.148438
vt 0.500000 0.156250
vt 0.492188 0.156250
vt 0.398438 0.179688
vt 0.406250 0.179688
vt 0.406250 0.187500
vt 0.398438 0.187500
vt 0.398438 0.148438
vt 0.406250 0.148438
vt 0.406250 0.156250
vt 0.398438 0.156250
vt 0.429688 0.148438
vt 0.437500 0.148438
vt 0.437500 0.156250
vt 0.429688 0.156250
vt 0.398438 0.242188
vt 0.406250 0.242188
vt 0.406250 0.250000
vt 0.398438 0.250000
vt 0.398438 0.210938
vt 0.406250 0.210938
vt 0.406250 0.218750
vt 0.398438 0.218750
vt 0.429688 0.210938
vt 0.437500 0.210938
vt 0.437500 0.218750
vt 0.429688 0.218750
vt 0.460938 0.054688
vt 0.468750 0.054688
vt 0.468750 0.062500
vt 0.460938 0.062500
vt 0.460938 0.023438
vt 0.468750 0.023438
vt 0.468750 0.031250
vt 0.460938 0.031250
vt 0.492188 0.023438
vt 0.500000 0.023438
vt 0.500000 0.031250
vt 0.492188 0.031250
vt 0.398438 0.054688
vt 0.406250 0.054688
vt 0.406250 0.062500
vt 0.398438 0.062500
vt 0.398438 0.023438
vt 0.406250 0.023438
vt 0.406250 0.031250
vt 0.398438 0.031250
vt 0.429688 0.023438
vt 0.437500 0.023438
vt 0.437500 0.031250
vt 0.429688 0.031250
vt 0.398438 0.117188
vt 0.406250 0.117188
vt 0.406250 0.125000
vt 0.398438 0.125000
vt 0.398438 0.085938
vt 0.406250 0.085938
vt 0.406250 0.093750
vt 0.398438 0.093750
vt 0.429688 0.085938
vt 0.437500 0.085938
vt 0.437500 0.093750
vt 0.429688 0.093750
vt 0.585938 0.054688
vt 0.593750 0.054688
vt 0.593750 0.062500
vt 0.585938 0.062500
vt 0.585938 0.023438
vt 0.593750 0.023438
vt 0.593750 0.031250
vt 0.585938 0.031250
vt 0.617188 0.023438
vt 0.625000 0.023438
vt 0.625000 0.031250
vt 0.617188 0.031250
vt 0.523438 0.054688
vt 0.531250 0.054688
vt 0.531250 0.062500
vt 0.523438 0.062500
vt 0.523438 0.023438
vt 0.531250 0.023438
vt 0.531250 0.031250
vt 0.523438 0.031250
vt 0.554688 0.023438
vt 0.562500 0.023438
vt 0.562500 0.031250
vt 0.554688 0.031250
vt 0.523438 0.117188
vt 0.531250 0.117188
vt 0.531250 0.125000
vt 0.523438 0.125000
vt 0.523438 0.085938
vt 0.531250 0.085938
vt 0.531250 0.093750
vt 0.523438 0.093750
vt 0.554688 0.085938
vt 0.562500 0.085938
vt 0.562500 0.093750
vt 0.554688 0.093750
vt 0.398438 0.929688
vt 0.406250 0.929688
vt 0.406250 0.937500
vt 0.398438 0.937500
vt 0.398438 0.898438
vt 0.406250 0.898438
vt 0.406250 0.906250
vt 0.398438 0.906250
vt 0.398438 0.992188
vt 0.406250 0.992188
vt 0.406250 1.000000
vt 0.398438 1.000000
vt 0.398438 0.960938
vt 0.406250 0.960938
vt 0.406250 0.968750
vt 0.398438 0.968750
vt 0.398438 0.804688
vt 0.406250 0.804688
vt 0.406250 0.812500
vt 0.398438 0.812500
vt 0.398438 0.773438
vt 0.406250 0.773438
vt 0.406250 0.781250
vt 0.398438 0.781250
vt 0.398438 0.867188
vt 0.406250 0.867188
vt 0.406250 0.875000
vt 0.398438 0.875000
vt 0.398438 0.835938
vt 0.406250 0.835938
vt 0.406250 0.843750
vt 0.398438 0.843750
vt 0.617188 0.773438
vt 0.625000 0.773438
vt 0.625000 0.781250
vt 0.617188 0.781250
vt 0.710938 0.679688
vt 0.718750 0.679688
vt 0.718750 0.687500
vt 0.710938 0.687500
vt 0.710938 0.648438
vt 0.718750 0.648438
vt 0.718750 0.656250
vt 0.710938 0.656250
vt 0.742188 0.648438
vt 0.750000 0.648438
vt 0.750000 0.656250
vt 0.742188 0.656250
vt 0.648438 0.679688
vt 0.656250 0.679688
vt 0.656250 0.687500
vt 0.648438 0.687500
vt 0.648438 0.648438
vt 0.656250 0.648438
vt 0.656250 0.656250
vt 0.648438 0.656250
vt 0.679688 0.648438
vt 0.687500 0.648438
vt 0.687500 0.656250
vt 0.679688 0.656250
vt 0.648438 0.742188
vt 0.656250 0.742188
vt 0.656250 0.750000
vt 0.648438 0.750000
vt 0.648438 0.710938
vt 0.656250 0.710938
vt 0.656250 0.718750
vt 0.648438 0.718750
vt 0.679688 0.710938
vt 0.687500 0.710938
vt 0.687500 0.718750
vt 0.679688 0.718750
vt 0.710938 0.554688
vt 0.718750 0.554688
vt 0.718750 0.562500
vt 0.710938 0.562500
vt 0.710938 0.523438
vt 0.718750 0.523438
vt 0.718750 0.531250
vt 0.710938 0.531250
vt 0.742188 0.523438
vt 0.750000 0.523438
vt 0.750000 0.531250
vt 0.742188 0.531250
vt 0.648438 0.554688
vt 0.656250 0.554688
vt 0.656250 0.562500
vt 0.648438 0.562500
vt 0.648438 0.523438
vt 0.656250 0.523438
vt 0.656250 0.531250
vt 0.648438 0.531250
vt 0.679688 0.523438
vt 0.687500 0.523438
vt 0.687500 0.531250
vt 0.679688 0.531250
vt 0.648438 0.617188
vt 0.656250 0.617188
vt 0.656250 0.625000
vt 0.648438 0.625000
vt 0.648438 0.585938
vt 0.656250 0.585938
vt 0.656250 0.593750
vt 0.648438 0.593750
vt 0.679688 0.585938
vt 0.687500 0.585938
vt 0.687500 0.593750
vt 0.679688 0.593750
vt 0.835938 0.554688
vt 0.843750 0.554688
vt 0.843750 0.562500
vt 0.835938 0.562500
vt 0.835938 0.523438
vt 0.843750 0.523438
vt 0.843750 0.531250
vt 0.835938 0.531250
vt 0.867188 0.523438
vt 0.875000 0.523438
vt 0.875000 0.531250
vt 0.867188 0.531250
vt 0.773438 0.554688
vt 0.781250 0.554688
vt 0.781250 0.562500
vt 0.773438 0.562500
vt 0.773438 0.523438
vt 0.781250 0.523438
vt 0.781250 0.531250
vt 0.773438 0.531250
vt 0.804688 0.523438
vt 0.812500 0.523438
vt 0.812500 0.531250
vt 0.804688 0.531250
vt 0.773438 0.617188
vt 0.781250 0.617188
vt 0.781250 0.625000
vt 0.773438 0.625000
vt 0.773438 0.585938
vt 0.781250 0.585938
vt 0.781250 0.593750
vt 0.773438 0.593750
vt 0.804688 0.585938
vt 0.812500 0.585938
vt 0.812500 0.593750
vt 0.804688 0.593750
vt 0.835938 0.617188
vt 0.843750 0.617188
vt 0.843750 0.625000
vt 0.835938 0.625000
vt 0.835938 0.585938
vt 0.843750 0.585938
vt 0.843750 0.593750
vt 0.835938 0.593750
vt 0.867188 0.585938
vt 0.875000 0.585938
vt 0.875000 0.593750
vt 0.867188 0.593750
vt 0.710938 0.617188
vt 0.718750 0.617188
vt 0.718750 0.625000
vt 0.710938 0.625000
vt 0.710938 0.585938
vt 0.718750 0.585938
vt 0.718750 0.593750
vt 0.710938 0.593750
vt 0.742188 0.585938
vt 0.750000 0.585938
vt 0.750000 0.593750
vt 0.742188 0.593750
vt 0.710938 0.742188
vt 0.718750 0.742188
vt 0.718750 0.750000
vt 0.710938 0.750000
vt 0.710938 0.710938
vt 0.718750 0.710938
vt 0.718750 0.718750
vt 0.710938 0.718750
vt 0.742188 0.710938
vt 0.750000 0.710938
vt 0.750000 0.718750
vt 0.742188 0.718750
vt 0.617188 0.835938
vt 0.625000 0.835938
vt 0.625000 0.843750
vt 0.617188 0.843750
vt 0.460938 0.992188
vt 0.468750 0.992188
vt 0.468750 1.000000
vt 0.460938 1.000000
vt 0.585938 0.117188
vt 0.593750 0.117188
vt 0.593750 0.125000
vt 0.585938 0.125000
vt 0.585938 0.085938
vt 0.593750 0.085938
vt 0.593750 0.093750
vt 0.585938 0.093750
vt 0.617188 0.085938
vt 0.625000 0.085938
vt 0.625000 0.093750
vt 0.617188 0.093750
vt 0.460938 0.117188
vt 0.468750 0.117188
vt 0.468750 0.125000
vt 0.460938 0.125000
vt 0.460938 0.085938
vt 0.468750 0.085938
vt 0.468750 0.093750
vt 0.460938 0.093750
vt 0.492188 0.085938
vt 0.500000 0.085938
vt 0.500000 0.093750
vt 0.492188 0.093750
vt 0.460938 0.242188
vt 0.468750 0.242188
vt 0.468750 0.250000
vt 0.460938 0.250000
vt 0.460938 0.210938
vt 0.468750 0.210938
vt 0.468750 0.218750
vt 0.460938 0.218750
vt 0.492188 0.210938
vt 0.500000 0.210938
vt 0.500000 0.218750
vt 0.492188 0.218750
vt 0.585938 0.617188
vt 0.593750 0.617188
vt 0.593750 0.625000
vt 0.585938 0.625000
vt 0.585938 0.585938
vt 0.593750 0.585938
vt 0.593750 0.593750
vt 0.585938 0.593750
vt 0.617188 0.585938
vt 0.625000 0.585938
vt 0.625000 0.593750
vt 0.617188 0.593750
vt 0.460938 0.617188
vt 0.468750 0.617188
vt 0.468750 0.625000
vt 0.460938 0.625000
vt 0.460938 0.585938
vt 0.468750 0.585938
vt 0.468750 0.593750
vt 0.460938 0.593750
vt 0.492188 0.585938
vt 0.500000 0.585938
vt 0.500000 0.593750
vt 0.492188 0.593750
vt 0.460938 0.742188
vt 0.468750 0.742188
vt 0.468750 0.750000
vt 0.460938 0.750000
vt 0.460938 0.710938
vt 0.468750 0.710938
vt 0.468750 0.718750
vt 0.460938 0.718750
vt 0.492188 0.710938
vt 0.500000 0.710938
vt 0.500000 0.718750
vt 0.492188 0.718750
vt 0.617188 0.335938
vt 0.625000 0.335938
vt 0.625000 0.343750
vt 0.617188 0.343750
vt 0.460938 0.492188
vt 0.468750 0.492188
vt 0.468750 0.500000
vt 0.460938 0.500000
vt 0.585938 0.492188
vt 0.593750 0.492188
vt 0.593750 0.500000
vt 0.585938 0.500000
vt 0.617188 0.460938
vt 0.625000 0.460938
vt 0.625000 0.468750
vt 0.617188 0.468750
vt 0.585938 0.742188
vt 0.593750 0.742188
vt 0.593750 0.750000
vt 0.585938 0.750000
vt 0.585938 0.710938
vt 0.593750 0.710938
vt 0.593750 0.718750
vt 0.585938 0.718750
vt 0.617188 0.710938
vt 0.625000 0.710938
vt 0.625000 0.718750
vt 0.617188 0.718750
vt 0.585938 0.242188
vt 0.593750 0.242188
vt 0.593750 0.250000
vt 0.585938 0.250000
vt 0.585938 0.210938
vt 0.593750 0.210938
vt 0.593750 0.218750
vt 0.585938 0.218750
vt 0.617188 0.210938
vt 0.625000 0.210938
vt 0.625000 0.218750
vt 0.617188 0.218750
vt 0.585938 0.992188
vt 0.593750 0.992188
vt 0.593750 1.000000
vt 0.585938 1.000000
vt 0.617188 0.960938
vt 0.625000 0.960938
vt 0.625000 0.968750
vt 0.617188 0.968750
vt 0.835938 0.742188
vt 0.843750 0.742188
vt 0.843750 0.750000
vt 0.835938 0.750000
vt 0.835938 0.710938
vt 0.843750 0.710938
vt 0.843750 0.718750
vt 0.835938 0.718750
vt 0.867188 0.710938
vt 0.875000 0.710938
vt 0.875000 0.718750
vt 0.867188 0.718750
vt 0.851562 0.710938
vt 0.859375 0.710938
vt 0.859375 0.718750
vt 0.851562 0.718750
vt 0.851562 0.695312
vt 0.859375 0.695312
vt 0.859375 0.703125
vt 0.851562 0.703125
vt 0.867188 0.695312
vt 0.875000 0.695312
vt 0.875000 0.703125
vt 0.867188 0.703125
vt 0.820312 0.710938
vt 0.828125 0.710938
vt 0.828125 0.718750
vt 0.820312 0.718750
vt 0.820312 0.695312
vt 0.828125 0.695312
vt 0.828125 0.703125
vt 0.820312 0.703125
vt 0.835938 0.695312
vt 0.843750 0.695312
vt 0.843750 0.703125
vt 0.835938 0.703125
vt 0.820312 0.742188
vt 0.828125 0.742188
vt 0.828125 0.750000
vt 0.820312 0.750000
vt 0.820312 0.726562
vt 0.828125 0.726562
vt 0.828125 0.734375
vt 0.820312 0.734375
vt 0.835938 0.726562
vt 0.843750 0.726562
vt 0.843750 0.734375
vt 0.835938 0.734375
vt 0.617188 0.945312
vt 0.625000 0.945312
vt 0.625000 0.953125
vt 0.617188 0.953125
vt 0.570312 0.992188
vt 0.578125 0.992188
vt 0.578125 1.000000
vt 0.570312 1.000000
vt 0.570312 0.976562
vt 0.574219 0.976562
vt 0.578125 0.976562
vt 0.578125 0.984375
vt 0.570312 0.984375
vt 0.585938 0.976562
vt 0.589844 0.976562
vt 0.593750 0.976562
vt 0.593750 0.984375
vt 0.585938 0.984375
vt 0.601562 0.210938
vt 0.609375 0.210938
vt 0.609375 0.218750
vt 0.601562 0.218750
vt 0.601562 0.195312
vt 0.609375 0.195312
vt 0.609375 0.203125
vt 0.601562 0.203125
vt 0.617188 0.195312
vt 0.625000 0.195312
vt 0.625000 0.203125
vt 0.617188 0.203125
vt 0.570312 0.210938
vt 0.578125 0.210938
vt 0.578125 0.218750
vt 0.570312 0.218750
vt 0.570312 0.195312
vt 0.578125 0.195312
vt 0.578125 0.203125
vt 0.570312 0.203125
vt 0.585938 0.195312
vt 0.593750 0.195312
vt 0.593750 0.203125
vt 0.585938 0.203125
vt 0.570312 0.242188
vt 0.578125 0.242188
vt 0.578125 0.250000
vt 0.570312 0.250000
vt 0.570312 0.226562
vt 0.578125 0.226562
vt 0.578125 0.234375
vt 0.570312 0.234375
vt 0.585938 0.226562
vt 0.593750 0.226562
vt 0.593750 0.234375
vt 0.585938 0.234375
vt 0.601562 0.710938
vt 0.609375 0.710938
vt 0.609375 0.718750
vt 0.601562 0.718750
vt 0.601562 0.695312
vt 0.609375 0.695312
vt 0.609375 0.703125
vt 0.601562 0.703125
vt 0.617188 0.695312
vt 0.625000 0.695312
vt 0.625000 0.703125
vt 0.617188 0.703125
vt 0.570312 0.710938
vt 0.578125 0.710938
vt 0.578125 0.718750
vt 0.570312 0.718750
vt 0.570312 0.695312
vt 0.578125 0.695312
vt 0.578125 0.703125
vt 0.570312 0.703125
vt 0.585938 0.695312
vt 0.593750 0.695312
vt 0.593750 0.703125
vt 0.585938 0.703125
vt 0.570312 0.742188
vt 0.578125 0.742188
vt 0.578125 0.750000
vt 0.570312 0.750000
vt 0.570312 0.726562
vt 0.578125 0.726562
vt 0.578125 0.734375
vt 0.570312 0.734375
vt 0.585938 0.726562
vt 0.593750 0.726562
vt 0.593750 0.734375
vt 0.585938 0.734375
vt 0.617188 0.445312
vt 0.625000 0.445312
vt 0.625000 0.453125
vt 0.617188 0.453125
vt 0.570312 0.492188
vt 0.578125 0.492188
vt 0.578125 0.500000
vt 0.570312 0.500000
vt 0.570312 0.476562
vt 0.574219 0.476562
vt 0.578125 0.476562
vt 0.578125 0.484375
vt 0.570312 0.484375
vt 0.585938 0.476562
vt 0.589844 0.476562
vt 0.593750 0.476562
vt 0.593750 0.484375
vt 0.585938 0.484375
vt 0.445312 0.492188
vt 0.453125 0.492188
vt 0.453125 0.500000
vt 0.445312 0.500000
vt 0.445312 0.476562
vt 0.449219 0.476562
vt 0.453125 0.476562
vt 0.453125 0.484375
vt 0.445312 0.484375
vt 0.460938 0.476562
vt 0.464844 0.476562
vt 0.468750 0.476562
vt 0.468750 0.484375
vt 0.460938 0.484375
vt 0.617188 0.320312
vt 0.625000 0.320312
vt 0.625000 0.328125
vt 0.617188 0.328125
vt 0.476562 0.710938
vt 0.484375 0.710938
vt 0.484375 0.718750
vt 0.476562 0.718750
vt 0.476562 0.695312
vt 0.484375 0.695312
vt 0.484375 0.703125
vt 0.476562 0.703125
vt 0.492188 0.695312
vt 0.500000 0.695312
vt 0.500000 0.703125
vt 0.492188 0.703125
vt 0.445312 0.710938
vt 0.453125 0.710938
vt 0.453125 0.718750
vt 0.445312 0.718750
vt 0.445312 0.695312
vt 0.453125 0.695312
vt 0.453125 0.703125
vt 0.445312 0.703125
vt 0.460938 0.695312
vt 0.468750 0.695312
vt 0.468750 0.703125
vt 0.460938 0.703125
vt 0.445312 0.742188
vt 0.453125 0.742188
vt 0.453125 0.750000
vt 0.445312 0.750000
vt 0.445312 0.726562
vt 0.453125 0.726562
vt 0.453125 0.734375
vt 0.445312 0.734375
vt 0.460938 0.726562
vt 0.468750 0.726562
vt 0.468750 0.734375
vt 0.460938 0.734375
vt 0.476562 0.585938
vt 0.484375 0.585938
vt 0.484375 0.593750
vt 0.476562 0.593750
vt 0.476562 0.570312
vt 0.484375 0.570312
vt 0.484375 0.578125
vt 0.476562 0.578125
vt 0.492188 0.570312
vt 0.500000 0.570312
vt 0.500000 0.578125
vt 0.492188 0.578125
vt 0.445312 0.585938
vt 0.453125 0.585938
vt 0.453125 0.593750
vt 0.445312 0.593750
vt 0.445312 0.570312
vt 0.453125 0.570312
vt 0.453125 0.578125
vt 0.445312 0.578125
vt 0.460938 0.570312
vt 0.468750 0.570312
vt 0.468750 0.578125
vt 0.460938 0.578125
vt 0.445312 0.617188
vt 0.453125 0.617188
vt 0.453125 0.625000
vt 0.445312 0.625000
vt 0.445312 0.601562
vt 0.453125 0.601562
vt 0.453125 0.609375
vt 0.445312 0.609375
vt 0.460938 0.601562
vt 0.468750 0.601562
vt 0.468750 0.609375
vt 0.460938 0.609375
vt 0.601562 0.585938
vt 0.609375 0.585938
vt 0.609375 0.593750
vt 0.601562 0.593750
vt 0.601562 0.570312
vt 0.609375 0.570312
vt 0.609375 0.578125
vt 0.601562 0.578125
vt 0.617188 0.570312
vt 0.625000 0.570312
vt 0.625000 0.578125
vt 0.617188 0.578125
vt 0.570312 0.585938
vt 0.578125 0.585938
vt 0.578125 0.593750
vt 0.570312 0.593750
vt 0.570312 0.570312
vt 0.578125 0.570312
vt 0.578125 0.578125
vt 0.570312 0.578125
vt 0.585938 0.570312
vt 0.593750 0.570312
vt 0.593750 0.578125
vt 0.585938 0.578125
vt 0.570312 0.617188
vt 0.578125 0.617188
vt 0.578125 0.625000
vt 0.570312 0.625000
vt 0.570312 0.601562
vt 0.578125 0.601562
vt 0.578125 0.609375
vt 0.570312 0.609375
vt 0.585938 0.601562
vt 0.593750 0.601562
vt 0.593750 0.609375
vt 0.585938 0.609375
vt 0.476562 0.210938
vt 0.484375 0.210938
vt 0.484375 0.218750
vt 0.476562 0.218750
vt 0.476562 0.195312
vt 0.484375 0.195312
vt 0.484375 0.203125
vt 0.476562 0.203125
vt 0.492188 0.195312
vt 0.500000 0.195312
vt 0.500000 0.203125
vt 0.492188 0.203125
vt 0.445312 0.210938
vt 0.453125 0.210938
vt 0.453125 0.218750
vt 0.445312 0.218750
vt 0.445312 0.195312
vt 0.453125 0.195312
vt 0.453125 0.203125
vt 0.445312 0.203125
vt 0.460938 0.195312
vt 0.468750 0.195312
vt 0.468750 0.203125
vt 0.460938 0.203125
vt 0.445312 0.242188
vt 0.453125 0.242188
vt 0.453125 0.250000
vt 0.445312 0.250000
vt 0.445312 0.226562
vt 0.453125 0.226562
vt 0.453125 0.234375
vt 0.445312 0.234375
vt 0.460938 0.226562
vt 0.468750 0.226562
vt 0.468750 0.234375
vt 0.460938 0.234375
vt 0.476562 0.085938
vt 0.484375 0.085938
vt 0.484375 0.093750
vt 0.476562 0.093750
vt 0.476562 0.070312
vt 0.484375 0.070312
vt 0.484375 0.078125
vt 0.476562 0.078125
vt 0.492188 0.070312
vt 0.500000 0.070312
vt 0.500000 0.078125
vt 0.492188 0.078125
vt 0.445312 0.085938
vt 0.453125 0.085938
vt 0.453125 0.093750
vt 0.445312 0.093750
vt 0.445312 0.070312
vt 0.453125 0.070312
vt 0.453125 0.078125
vt 0.445312 0.078125
vt 0.460938 0.070312
vt 0.468750 0.070312
vt 0.468750 0.078125
vt 0.460938 0.078125
vt 0.445312 0.117188
vt 0.453125 0.117188
vt 0.453125 0.125000
vt 0.445312 0.125000
vt 0.445312 0.101562
vt 0.453125 0.101562
vt 0.453125 0.109375
vt 0.445312 0.109375
vt 0.460938 0.101562
vt 0.468750 0.101562
vt 0.468750 0.109375
vt 0.460938 0.109375
vt 0.601562 0.085938
vt 0.609375 0.085938
vt 0.609375 0.093750
vt 0.601562 0.093750
vt 0.601562 0.070312
vt 0.609375 0.070312
vt 0.609375 0.078125
vt 0.601562 0.078125
vt 0.617188 0.070312
vt 0.625000 0.070312
vt 0.625000 0.078125
vt 0.617188 0.078125
vt 0.570312 0.085938
vt 0.578125 0.085938
vt 0.578125 0.093750
vt 0.570312 0.093750
vt 0.570312 0.070312
vt 0.578125 0.070312
vt 0.578125 0.078125
vt 0.570312 0.078125
vt 0.585938 0.070312
vt 0.593750 0.070312
vt 0.593750 0.078125
vt 0.585938 0.078125
vt 0.570312 0.117188
vt 0.578125 0.117188
vt 0.578125 0.125000
vt 0.570312 0.125000
vt 0.570312 0.101562
vt 0.578125 0.101562
vt 0.578125 0.109375
vt 0.570312 0.109375
vt 0.585938 0.101562
vt 0.593750 0.101562
vt 0.593750 0.109375
vt 0.585938 0.109375
vt 0.445312 0.992188
vt 0.453125 0.992188
vt 0.453125 1.000000
vt 0.445312 1.000000
vt 0.445312 0.976562
vt 0.449219 0.976562
vt 0.453125 0.976562
vt 0.453125 0.984375
vt 0.445312 0.984375
vt 0.460938 0.976562
vt 0.464844 0.976562
vt 0.468750 0.976562
vt 0.468750 0.984375
vt 0.460938 0.984375
vt 0.617188 0.820312
vt 0.625000 0.820312
vt 0.625000 0.828125
vt 0.617188 0.828125
vt 0.726562 0.710938
vt 0.734375 0.710938
vt 0.734375 0.718750
vt 0.726562 0.718750
vt 0.726562 0.695312
vt 0.734375 0.695312
vt 0.734375 0.703125
vt 0.726562 0.703125
vt 0.742188 0.695312
vt 0.750000 0.695312
vt 0.750000 0.703125
vt 0.742188 0.703125
vt 0.695312 0.710938
vt 0.703125 0.710938
vt 0.703125 0.718750
vt 0.695312 0.718750
vt 0.695312 0.695312
vt 0.703125 0.695312
vt 0.703125 0.703125
vt 0.695312 0.703125
vt 0.710938 0.695312
vt 0.718750 0.695312
vt 0.718750 0.703125
vt 0.710938 0.703125
vt 0.695312 0.742188
vt 0.703125 0.742188
vt 0.703125 0.750000
vt 0.695312 0.750000
vt 0.695312 0.726562
vt 0.703125 0.726562
vt 0.703125 0.734375
vt 0.695312 0.734375
vt 0.710938 0.726562
vt 0.718750 0.726562
vt 0.718750 0.734375
vt 0.710938 0.734375
vt 0.726562 0.585938
vt 0.734375 0.585938
vt 0.734375 0.593750
vt 0.726562 0.593750
vt 0.726562 0.570312
vt 0.734375 0.570312
vt 0.734375 0.578125
vt 0.726562 0.578125
vt 0.742188 0.570312
vt 0.750000 0.570312
vt 0.750000 0.578125
vt 0.742188 0.578125
vt 0.695312 0.585938
vt 0.703125 0.585938
vt 0.703125 0.593750
vt 0.695312 0.593750
vt 0.695312 0.570312
vt 0.703125 0.570312
vt 0.703125 0.578125
vt 0.695312 0.578125
vt 0.710938 0.570312
vt 0.718750 0.570312
vt 0.718750 0.578125
vt 0.710938 0.578125
vt 0.695312 0.617188
vt 0.703125 0.617188
vt 0.703125 0.625000
vt 0.695312 0.625000
vt 0.695312 0.601562
vt 0.703125 0.601562
vt 0.703125 0.609375
vt 0.695312 0.609375
vt 0.710938 0.601562
vt 0.718750 0.601562
vt 0.718750 0.609375
vt 0.710938 0.609375
vt 0.851562 0.585938
vt 0.859375 0.585938
vt 0.859375 0.593750
vt 0.851562 0.593750
vt 0.851562 0.570312
vt 0.859375 0.570312
vt 0.859375 0.578125
vt 0.851562 0.578125
vt 0.867188 0.570312
vt 0.875000 0.570312
vt 0.875000 0.578125
vt 0.867188 0.578125
vt 0.820312 0.585938
vt 0.828125 0.585938
vt 0.828125 0.593750
vt 0.820312 0.593750
vt 0.820312 0.570312
vt 0.828125 0.570312
vt 0.828125 0.578125
vt 0.820312 0.578125
vt 0.835938 0.570312
vt 0.843750 0.570312
vt 0.843750 0.578125
vt 0.835938 0.578125
vt 0.820312 0.617188
vt 0.828125 0.617188
vt 0.828125 0.625000
vt 0.820312 0.625000
vt 0.820312 0.601562
vt 0.828125 0.601562
vt 0.828125 0.609375
vt 0.820312 0.609375
vt 0.835938 0.601562
vt 0.843750 0.601562
vt 0.843750 0.609375
vt 0.835938 0.609375
vt 0.789062 0.585938
vt 0.796875 0.585938
vt 0.796875 0.593750
vt 0.789062 0.593750
vt 0.789062 0.570312
vt 0.796875 0.570312
vt 0.796875 0.578125
vt 0.789062 0.578125
vt 0.804688 0.570312
vt 0.812500 0.570312
vt 0.812500 0.578125
vt 0.804688 0.578125
vt 0.757812 0.585938
vt 0.765625 0.585938
vt 0.765625 0.593750
vt 0.757812 0.593750
vt 0.757812 0.570312
vt 0.765625 0.570312
vt 0.765625 0.578125
vt 0.757812 0.578125
vt 0.773438 0.570312
vt 0.781250 0.570312
vt 0.781250 0.578125
vt 0.773438 0.578125
vt 0.757812 0.617188
vt 0.765625 0.617188
vt 0.765625 0.625000
vt 0.757812 0.625000
vt 0.757812 0.601562
vt 0.765625 0.601562
vt 0.765625 0.609375
vt 0.757812 0.609375
vt 0.773438 0.601562
vt 0.781250 0.601562
vt 0.781250 0.609375
vt 0.773438 0.609375
vt 0.789062 0.523438
vt 0.796875 0.523438
vt 0.796875 0.531250
vt 0.789062 0.531250
vt 0.789062 0.507812
vt 0.796875 0.507812
vt 0.796875 0.515625
vt 0.789062 0.515625
vt 0.804688 0.507812
vt 0.812500 0.507812
vt 0.812500 0.515625
vt 0.804688 0.515625
vt 0.757812 0.523438
vt 0.765625 0.523438
vt 0.765625 0.531250
vt 0.757812 0.531250
vt 0.757812 0.507812
vt 0.765625 0.507812
vt 0.765625 0.515625
vt 0.757812 0.515625
vt 0.773438 0.507812
vt 0.781250 0.507812
vt 0.781250 0.515625
vt 0.773438 0.515625
vt 0.757812 0.554688
vt 0.765625 0.554688
vt 0.765625 0.562500
vt 0.757812 0.562500
vt 0.757812 0.539062
vt 0.765625 0.539062
vt 0.765625 0.546875
vt 0.757812 0.546875
vt 0.773438 0.539062
vt 0.781250 0.539062
vt 0.781250 0.546875
vt 0.773438 0.546875
vt 0.851562 0.523438
vt 0.859375 0.523438
vt 0.859375 0.531250
vt 0.851562 0.531250
vt 0.851562 0.507812
vt 0.859375 0.507812
vt 0.859375 0.515625
vt 0.851562 0.515625
vt 0.867188 0.507812
vt 0.875000 0.507812
vt 0.875000 0.515625
vt 0.867188 0.515625
vt 0.820312 0.523438
vt 0.828125 0.523438
vt 0.828125 0.531250
vt 0.820312 0.531250
vt 0.820312 0.507812
vt 0.828125 0.507812
vt 0.828125 0.515625
vt 0.820312 0.515625
vt 0.835938 0.507812
vt 0.843750 0.507812
vt 0.843750 0.515625
vt 0.835938 0.515625
vt 0.820312 0.554688
vt 0.828125 0.554688
vt 0.828125 0.562500
vt 0.820312 0.562500
vt 0.820312 0.539062
vt 0.828125 0.539062
vt 0.828125 0.546875
vt 0.820312 0.546875
vt 0.835938 0.539062
vt 0.843750 0.539062
vt 0.843750 0.546875
vt 0.835938 0.546875
vt 0.664062 0.585938
vt 0.671875 0.585938
vt 0.671875 0.593750
vt 0.664062 0.593750
vt 0.664062 0.570312
vt 0.671875 0.570312
vt 0.671875 0.578125
vt 0.664062 0.578125
vt 0.679688 0.570312
vt 0.687500 0.570312
vt 0.687500 0.578125
vt 0.679688 0.578125
vt 0.632812 0.585938
vt 0.640625 0.585938
vt 0.640625 0.593750
vt 0.632812 0.593750
vt 0.632812 0.570312
vt 0.640625 0.570312
vt 0.640625 0.578125
vt 0.632812 0.578125
vt 0.648438 0.570312
vt 0.656250 0.570312
vt 0.656250 0.578125
vt 0.648438 0.578125
vt 0.632812 0.617188
vt 0.640625 0.617188
vt 0.640625 0.625000
vt 0.632812 0.625000
vt 0.632812 0.601562
vt 0.640625 0.601562
vt 0.640625 0.609375
vt 0.632812 0.609375
vt 0.648438 0.601562
vt 0.656250 0.601562
vt 0.656250 0.609375
vt 0.648438 0.609375
vt 0.664062 0.523438
vt 0.671875 0.523438
vt 0.671875 0.531250
vt 0.664062 0.531250
vt 0.664062 0.507812
vt 0.671875 0.507812
vt 0.671875 0.515625
vt 0.664062 0.515625
vt 0.679688 0.507812
vt 0.687500 0.507812
vt 0.687500 0.515625
vt 0.679688 0.515625
vt 0.632812 0.523438
vt 0.640625 0.523438
vt 0.640625 0.531250
vt 0.632812 0.531250
vt 0.632812 0.507812
vt 0.640625 0.507812
vt 0.640625 0.515625
vt 0.632812 0.515625
vt 0.648438 0.507812
vt 0.656250 0.507812
vt 0.656250 0.515625
vt 0.648438 0.515625
vt 0.632812 0.554688
vt 0.640625 0.554688
vt 0.640625 0.562500
vt 0.632812 0.562500
vt 0.632812 0.539062
vt 0.640625 0.539062
vt 0.640625 0.546875
vt 0.632812 0.546875
vt 0.648438 0.539062
vt 0.656250 0.539062
vt 0.656250 0.546875
vt 0.648438 0.546875
vt 0.726562 0.523438
vt 0.734375 0.523438
vt 0.734375 0.531250
vt 0.726562 0.531250
vt 0.726562 0.507812
vt 0.734375 0.507812
vt 0.734375 0.515625
vt 0.726562 0.515625
vt 0.742188 0.507812
vt 0.750000 0.507812
vt 0.750000 0.515625
vt 0.742188 0.515625
vt 0.695312 0.523438
vt 0.703125 0.523438
vt 0.703125 0.531250
vt 0.695312 0.531250
vt 0.695312 0.507812
vt 0.703125 0.507812
vt 0.703125 0.515625
vt 0.695312 0.515625
vt 0.710938 0.507812
vt 0.718750 0.507812
vt 0.718750 0.515625
vt 0.710938 0.515625
vt 0.695312 0.554688
vt 0.703125 0.554688
vt 0.703125 0.562500
vt 0.695312 0.562500
vt 0.695312 0.539062
vt 0.703125 0.539062
vt 0.703125 0.546875
vt 0.695312 0.546875
vt 0.710938 0.539062
vt 0.718750 0.539062
vt 0.718750 0.546875
vt 0.710938 0.546875
vt 0.664062 0.710938
vt 0.671875 0.710938
vt 0.671875 0.718750
vt 0.664062 0.718750
vt 0.664062 0.695312
vt 0.671875 0.695312
vt 0.671875 0.703125
vt 0.664062 0.703125
vt 0.679688 0.695312
vt 0.687500 0.695312
vt 0.687500 0.703125
vt 0.679688 0.703125
vt 0.632812 0.710938
vt 0.640625 0.710938
vt 0.640625 0.718750
vt 0.632812 0.718750
vt 0.632812 0.695312
vt 0.640625 0.695312
vt 0.640625 0.703125
vt 0.632812 0.703125
vt 0.648438 0.695312
vt 0.656250 0.695312
vt 0.656250 0.703125
vt 0.648438 0.703125
vt 0.632812 0.742188
vt 0.640625 0.742188
vt 0.640625 0.750000
vt 0.632812 0.750000
vt 0.632812 0.726562
vt 0.640625 0.726562
vt 0.640625 0.734375
vt 0.632812 0.734375
vt 0.648438 0.726562
vt 0.656250 0.726562
vt 0.656250 0.734375
vt 0.648438 0.734375
vt 0.664062 0.648438
vt 0.671875 0.648438
vt 0.671875 0.656250
vt 0.664062 0.656250
vt 0.664062 0.632812
vt 0.671875 0.632812
vt 0.671875 0.640625
vt 0.664062 0.640625
vt 0.679688 0.632812
vt 0.687500 0.632812
vt 0.687500 0.640625
vt 0.679688 0.640625
vt 0.632812 0.648438
vt 0.640625 0.648438
vt 0.640625 0.656250
vt 0.632812 0.656250
vt 0.632812 0.632812
vt 0.640625 0.632812
vt 0.640625 0.640625
vt 0.632812 0.640625
vt 0.648438 0.632812
vt 0.656250 0.632812
vt 0.656250 0.640625
vt 0.648438 0.640625
vt 0.632812 0.679688
vt 0.640625 0.679688
vt 0.640625 0.687500
vt 0.632812 0.687500
vt 0.632812 0.664062
vt 0.640625 0.664062
vt 0.640625 0.671875
vt 0.632812 0.671875
vt 0.648438 0.664062
vt 0.656250 0.664062
vt 0.656250 0.671875
vt 0.648438 0.671875
vt 0.726562 0.648438
vt 0.734375 0.648438
vt 0.734375 0.656250
vt 0.726562 0.656250
vt 0.726562 0.632812
vt 0.734375 0.632812
vt 0.734375 0.640625
vt 0.726562 0.640625
vt 0.742188 0.632812
vt 0.750000 0.632812
vt 0.750000 0.640625
vt 0.742188 0.640625
vt 0.695312 0.648438
vt 0.703125 0.648438
vt 0.703125 0.656250
vt 0.695312 0.656250
vt 0.695312 0.632812
vt 0.703125 0.632812
vt 0.703125 0.640625
vt 0.695312 0.640625
vt 0.710938 0.632812
vt 0.718750 0.632812
vt 0.718750 0.640625
vt 0.710938 0.640625
vt 0.695312 0.679688
vt 0.703125 0.679688
vt 0.703125 0.687500
vt 0.695312 0.687500
vt 0.695312 0.664062
vt 0.703125 0.664062
vt 0.703125 0.671875
vt 0.695312 0.671875
vt 0.710938 0.664062
vt 0.718750 0.664062
vt 0.718750 0.671875
vt 0.710938 0.671875
vt 0.539062 0.757812
vt 0.546875 0.757812
vt 0.546875 0.765625
vt 0.539062 0.765625
vt 0.554688 0.757812
vt 0.562500 0.757812
vt 0.562500 0.765625
vt 0.554688 0.765625
vt 0.507812 0.757812
vt 0.515625 0.757812
vt 0.515625 0.765625
vt 0.507812 0.765625
vt 0.523438 0.757812
vt 0.531250 0.757812
vt 0.531250 0.765625
vt 0.523438 0.765625
vt 0.601562 0.757812
vt 0.609375 0.757812
vt 0.609375 0.765625
vt 0.601562 0.765625
vt 0.617188 0.757812
vt 0.625000 0.757812
vt 0.625000 0.765625
vt 0.617188 0.765625
vt 0.570312 0.757812
vt 0.578125 0.757812
vt 0.578125 0.765625
vt 0.570312 0.765625
vt 0.585938 0.757812
vt 0.593750 0.757812
vt 0.593750 0.765625
vt 0.585938 0.765625
vt 0.414062 0.835938
vt 0.421875 0.835938
vt 0.421875 0.839844
vt 0.421875 0.843750
vt 0.414062 0.843750
vt 0.414062 0.820312
vt 0.421875 0.820312
vt 0.421875 0.824219
vt 0.421875 0.828125
vt 0.414062 0.828125
vt 0.382812 0.835938
vt 0.390625 0.835938
vt 0.390625 0.843750
vt 0.382812 0.843750
vt 0.382812 0.820312
vt 0.390625 0.820312
vt 0.390625 0.828125
vt 0.382812 0.828125
vt 0.398438 0.820312
vt 0.406250 0.820312
vt 0.406250 0.828125
vt 0.398438 0.828125
vt 0.382812 0.867188
vt 0.390625 0.867188
vt 0.390625 0.875000
vt 0.382812 0.875000
vt 0.382812 0.851562
vt 0.390625 0.851562
vt 0.390625 0.859375
vt 0.382812 0.859375
vt 0.398438 0.851562
vt 0.406250 0.851562
vt 0.406250 0.859375
vt 0.398438 0.859375
vt 0.414062 0.773438
vt 0.421875 0.773438
vt 0.421875 0.777344
vt 0.421875 0.781250
vt 0.414062 0.781250
vt 0.414062 0.757812
vt 0.421875 0.757812
vt 0.421875 0.765625
vt 0.414062 0.765625
vt 0.429688 0.757812
vt 0.437500 0.757812
vt 0.437500 0.765625
vt 0.429688 0.765625
vt 0.382812 0.773438
vt 0.390625 0.773438
vt 0.390625 0.781250
vt 0.382812 0.781250
vt 0.382812 0.757812
vt 0.390625 0.757812
vt 0.390625 0.765625
vt 0.382812 0.765625
vt 0.398438 0.757812
vt 0.406250 0.757812
vt 0.406250 0.765625
vt 0.398438 0.765625
vt 0.382812 0.804688
vt 0.390625 0.804688
vt 0.390625 0.812500
vt 0.382812 0.812500
vt 0.382812 0.789062
vt 0.390625 0.789062
vt 0.390625 0.796875
vt 0.382812 0.796875
vt 0.398438 0.789062
vt 0.406250 0.789062
vt 0.406250 0.796875
vt 0.398438 0.796875
vt 0.476562 0.757812
vt 0.484375 0.757812
vt 0.484375 0.765625
vt 0.476562 0.765625
vt 0.492188 0.757812
vt 0.500000 0.757812
vt 0.500000 0.765625
vt 0.492188 0.765625
vt 0.445312 0.757812
vt 0.453125 0.757812
vt 0.453125 0.765625
vt 0.445312 0.765625
vt 0.460938 0.757812
vt 0.468750 0.757812
vt 0.468750 0.765625
vt 0.460938 0.765625
vt 0.414062 0.960938
vt 0.421875 0.960938
vt 0.421875 0.964844
vt 0.421875 0.968750
vt 0.414062 0.968750
vt 0.414062 0.945312
vt 0.421875 0.945312
vt 0.421875 0.949219
vt 0.421875 0.953125
vt 0.414062 0.953125
vt 0.382812 0.960938
vt 0.390625 0.960938
vt 0.390625 0.968750
vt 0.382812 0.968750
vt 0.382812 0.945312
vt 0.390625 0.945312
vt 0.390625 0.953125
vt 0.382812 0.953125
vt 0.398438 0.945312
vt 0.406250 0.945312
vt 0.406250 0.953125
vt 0.398438 0.953125
vt 0.382812 0.992188
vt 0.390625 0.992188
vt 0.390625 1.000000
vt 0.382812 1.000000
vt 0.382812 0.976562
vt 0.390625 0.976562
vt 0.390625 0.984375
vt 0.382812 0.984375
vt 0.398438 0.976562
vt 0.406250 0.976562
vt 0.406250 0.984375
vt 0.398438 0.984375
vt 0.414062 0.898438
vt 0.421875 0.898438
vt 0.421875 0.902344
vt 0.421875 0.906250
vt 0.414062 0.906250
vt 0.414062 0.882812
vt 0.421875 0.882812
vt 0.421875 0.886719
vt 0.421875 0.890625
vt 0.414062 0.890625
vt 0.382812 0.898438
vt 0.390625 0.898438
vt 0.390625 0.906250
vt 0.382812 0.906250
vt 0.382812 0.882812
vt 0.390625 0.882812
vt 0.390625 0.890625
vt 0.382812 0.890625
vt 0.398438 0.882812
vt 0.406250 0.882812
vt 0.406250 0.890625
vt 0.398438 0.890625
vt 0.382812 0.929688
vt 0.390625 0.929688
vt 0.390625 0.937500
vt 0.382812 0.937500
vt 0.382812 0.914062
vt 0.390625 0.914062
vt 0.390625 0.921875
vt 0.382812 0.921875
vt 0.398438 0.914062
vt 0.406250 0.914062
vt 0.406250 0.921875
vt 0.398438 0.921875
vt 0.539062 0.085938
vt 0.546875 0.085938
vt 0.546875 0.093750
vt 0.539062 0.093750
vt 0.539062 0.070312
vt 0.546875 0.070312
vt 0.546875 0.078125
vt 0.539062 0.078125
vt 0.554688 0.070312
vt 0.562500 0.070312
vt 0.562500 0.078125
vt 0.554688 0.078125
vt 0.507812 0.085938
vt 0.515625 0.085938
vt 0.515625 0.093750
vt 0.507812 0.093750
vt 0.507812 0.070312
vt 0.515625 0.070312
vt 0.515625 0.078125
vt 0.507812 0.078125
vt 0.523438 0.070312
vt 0.531250 0.070312
vt 0.531250 0.078125
vt 0.523438 0.078125
vt 0.507812 0.117188
vt 0.515625 0.117188
vt 0.515625 0.125000
vt 0.507812 0.125000
vt 0.507812 0.101562
vt 0.515625 0.101562
vt 0.515625 0.109375
vt 0.507812 0.109375
vt 0.523438 0.101562
vt 0.531250 0.101562
vt 0.531250 0.109375
vt 0.523438 0.109375
vt 0.539062 0.023438
vt 0.546875 0.023438
vt 0.546875 0.031250
vt 0.539062 0.031250
vt 0.539062 0.007812
vt 0.546875 0.007812
vt 0.546875 0.015625
vt 0.539062 0.015625
vt 0.554688 0.007812
vt 0.562500 0.007812
vt 0.562500 0.015625
vt 0.554688 0.015625
vt 0.507812 0.023438
vt 0.515625 0.023438
vt 0.515625 0.031250
vt 0.507812 0.031250
vt 0.507812 0.007812
vt 0.515625 0.007812
vt 0.515625 0.015625
vt 0.507812 0.015625
vt 0.523438 0.007812
vt 0.531250 0.007812
vt 0.531250 0.015625
vt 0.523438 0.015625
vt 0.507812 0.054688
vt 0.515625 0.054688
vt 0.515625 0.062500
vt 0.507812 0.062500
vt 0.507812 0.039062
vt 0.515625 0.039062
vt 0.515625 0.046875
vt 0.507812 0.046875
vt 0.523438 0.039062
vt 0.531250 0.039062
vt 0.531250 0.046875
vt 0.523438 0.046875
vt 0.601562 0.023438
vt 0.609375 0.023438
vt 0.609375 0.031250
vt 0.601562 0.031250
vt 0.601562 0.007812
vt 0.609375 0.007812
vt 0.609375 0.015625
vt 0.601562 0.015625
vt 0.617188 0.007812
vt 0.625000 0.007812
vt 0.625000 0.015625
vt 0.617188 0.015625
vt 0.570312 0.023438
vt 0.578125 0.023438
vt 0.578125 0.031250
vt 0.570312 0.031250
vt 0.570312 0.007812
vt 0.578125 0.007812
vt 0.578125 0.015625
vt 0.570312 0.015625
vt 0.585938 0.007812
vt 0.593750 0.007812
vt 0.593750 0.015625
vt 0.585938 0.015625
vt 0.570312 0.054688
vt 0.578125 0.054688
vt 0.578125 0.062500
vt 0.570312 0.062500
vt 0.570312 0.039062
vt 0.578125 0.039062
vt 0.578125 0.046875
vt 0.570312 0.046875
vt 0.585938 0.039062
vt 0.593750 0.039062
vt 0.593750 0.046875
vt 0.585938 0.046875
vt 0.414062 0.085938
vt 0.421875 0.085938
vt 0.421875 0.093750
vt 0.414062 0.093750
vt 0.414062 0.070312
vt 0.421875 0.070312
vt 0.421875 0.078125
vt 0.414062 0.078125
vt 0.429688 0.070312
vt 0.437500 0.070312
vt 0.437500 0.078125
vt 0.429688 0.078125
vt 0.382812 0.085938
vt 0.390625 0.085938
vt 0.390625 0.093750
vt 0.382812 0.093750
vt 0.382812 0.070312
vt 0.390625 0.070312
vt 0.390625 0.078125
vt 0.382812 0.078125
vt 0.398438 0.070312
vt 0.406250 0.070312
vt 0.406250 0.078125
vt 0.398438 0.078125
vt 0.382812 0.117188
vt 0.390625 0.117188
vt 0.390625 0.125000
vt 0.382812 0.125000
vt 0.382812 0.101562
vt 0.390625 0.101562
vt 0.390625 0.109375
vt 0.382812 0.109375
vt 0.398438 0.101562
vt 0.406250 0.101562
vt 0.406250 0.109375
vt 0.398438 0.109375
vt 0.414062 0.023438
vt 0.421875 0.023438
vt 0.421875 0.031250
vt 0.414062 0.031250
vt 0.414062 0.007812
vt 0.421875 0.007812
vt 0.421875 0.015625
vt 0.414062 0.015625
vt 0.429688 0.007812
vt 0.437500 0.007812
vt 0.437500 0.015625
vt 0.429688 0.015625
vt 0.382812 0.023438
vt 0.390625 0.023438
vt 0.390625 0.031250
vt 0.382812 0.031250
vt 0.382812 0.007812
vt 0.390625 0.007812
vt 0.390625 0.015625
vt 0.382812 0.015625
vt 0.398438 0.007812
vt 0.406250 0.007812
vt 0.406250 0.015625
vt 0.398438 0.015625
vt 0.382812 0.054688
vt 0.390625 0.054688
vt 0.390625 0.062500
vt 0.382812 0.062500
vt 0.382812 0.039062
vt 0.390625 0.039062
vt 0.390625 0.046875
vt 0.382812 0.046875
vt 0.398438 0.039062
vt 0.406250 0.039062
vt 0.406250 0.046875
vt 0.398438 0.046875
vt 0.476562 0.023438
vt 0.484375 0.023438
vt 0.484375 0.031250
vt 0.476562 0.031250
vt 0.476562 0.007812
vt 0.484375 0.007812
vt 0.484375 0.015625
vt 0.476562 0.015625
vt 0.492188 0.007812
vt 0.500000 0.007812
vt 0.500000 0.015625
vt 0.492188 0.015625
vt 0.445312 0.023438
vt 0.453125 0.023438
vt 0.453125 0.031250
vt 0.445312 0.031250
vt 0.445312 0.007812
vt 0.453125 0.007812
vt 0.453125 0.015625
vt 0.445312 0.015625
vt 0.460938 0.007812
vt 0.468750 0.007812
vt 0.468750 0.015625
vt 0.460938 0.015625
vt 0.445312 0.054688
vt 0.453125 0.054688
vt 0.453125 0.062500
vt 0.445312 0.062500
vt 0.445312 0.039062
vt 0.453125 0.039062
vt 0.453125 0.046875
vt 0.445312 0.046875
vt 0.460938 0.039062
vt 0.468750 0.039062
vt 0.468750 0.046875
vt 0.460938 0.046875
vt 0.414062 0.210938
vt 0.421875 0.210938
vt 0.421875 0.218750
vt 0.414062 0.218750
vt 0.414062 0.195312
vt 0.421875 0.195312
vt 0.421875 0.203125
vt 0.414062 0.203125
vt 0.429688 0.195312
vt 0.437500 0.195312
vt 0.437500 0.203125
vt 0.429688 0.203125
vt 0.382812 0.210938
vt 0.390625 0.210938
vt 0.390625 0.218750
vt 0.382812 0.218750
vt 0.382812 0.195312
vt 0.390625 0.195312
vt 0.390625 0.203125
vt 0.382812 0.203125
vt 0.398438 0.195312
vt 0.406250 0.195312
vt 0.406250 0.203125
vt 0.398438 0.203125
vt 0.382812 0.242188
vt 0.390625 0.242188
vt 0.390625 0.250000
vt 0.382812 0.250000
vt 0.382812 0.226562
vt 0.390625 0.226562
vt 0.390625 0.234375
vt 0.382812 0.234375
vt 0.398438 0.226562
vt 0.406250 0.226562
vt 0.406250 0.234375
vt 0.398438 0.234375
vt 0.414062 0.148438
vt 0.421875 0.148438
vt 0.421875 0.156250
vt 0.414062 0.156250
vt 0.414062 0.132812
vt 0.421875 0.132812
vt 0.421875 0.140625
vt 0.414062 0.140625
vt 0.429688 0.132812
vt 0.437500 0.132812
vt 0.437500 0.140625
vt 0.429688 0.140625
vt 0.382812 0.148438
vt 0.390625 0.148438
vt 0.390625 0.156250
vt 0.382812 0.156250
vt 0.382812 0.132812
vt 0.390625 0.132812
vt 0.390625 0.140625
vt 0.382812 0.140625
vt 0.398438 0.132812
vt 0.406250 0.132812
vt 0.406250 0.140625
vt 0.398438 0.140625
vt 0.382812 0.179688
vt 0.390625 0.179688
vt 0.390625 0.187500
vt 0.382812 0.187500
vt 0.382812 0.164062
vt 0.390625 0.164062
vt 0.390625 0.171875
vt 0.382812 0.171875
vt 0.398438 0.164062
vt 0.406250 0.164062
vt 0.406250 0.171875
vt 0.398438 0.171875
vt 0.476562 0.148438
vt 0.484375 0.148438
vt 0.484375 0.156250
vt 0.476562 0.156250
vt 0.476562 0.132812
vt 0.484375 0.132812
vt 0.484375 0.140625
vt 0.476562 0.140625
vt 0.492188 0.132812
vt 0.500000 0.132812
vt 0.500000 0.140625
vt 0.492188 0.140625
vt 0.445312 0.148438
vt 0.453125 0.148438
vt 0.453125 0.156250
vt 0.445312 0.156250
vt 0.445312 0.132812
vt 0.453125 0.132812
vt 0.453125 0.140625
vt 0.445312 0.140625
vt 0.460938 0.132812
vt 0.468750 0.132812
vt 0.468750 0.140625
vt 0.460938 0.140625
vt 0.445312 0.179688
vt 0.453125 0.179688
vt 0.453125 0.187500
vt 0.445312 0.187500
vt 0.445312 0.164062
vt 0.453125 0.164062
vt 0.453125 0.171875
vt 0.445312 0.171875
vt 0.460938 0.164062
vt 0.468750 0.164062
vt 0.468750 0.171875
vt 0.460938 0.171875
vt 0.539062 0.585938
vt 0.546875 0.585938
vt 0.546875 0.593750
vt 0.539062 0.593750
vt 0.539062 0.570312
vt 0.546875 0.570312
vt 0.546875 0.578125
vt 0.539062 0.578125
vt 0.554688 0.570312
vt 0.562500 0.570312
vt 0.562500 0.578125
vt 0.554688 0.578125
vt 0.507812 0.585938
vt 0.515625 0.585938
vt 0.515625 0.593750
vt 0.507812 0.593750
vt 0.507812 0.570312
vt 0.515625 0.570312
vt 0.515625 0.578125
vt 0.507812 0.578125
vt 0.523438 0.570312
vt 0.531250 0.570312
vt 0.531250 0.578125
vt 0.523438 0.578125
vt 0.507812 0.617188
vt 0.515625 0.617188
vt 0.515625 0.625000
vt 0.507812 0.625000
vt 0.507812 0.601562
vt 0.515625 0.601562
vt 0.515625 0.609375
vt 0.507812 0.609375
vt 0.523438 0.601562
vt 0.531250 0.601562
vt 0.531250 0.609375
vt 0.523438 0.609375
vt 0.539062 0.523438
vt 0.546875 0.523438
vt 0.546875 0.531250
vt 0.539062 0.531250
vt 0.539062 0.507812
vt 0.546875 0.507812
vt 0.546875 0.515625
vt 0.539062 0.515625
vt 0.554688 0.507812
vt 0.562500 0.507812
vt 0.562500 0.515625
vt 0.554688 0.515625
vt 0.507812 0.523438
vt 0.515625 0.523438
vt 0.515625 0.531250
vt 0.507812 0.531250
vt 0.507812 0.507812
vt 0.515625 0.507812
vt 0.515625 0.515625
vt 0.507812 0.515625
vt 0.523438 0.507812
vt 0.531250 0.507812
vt 0.531250 0.515625
vt 0.523438 0.515625
vt 0.507812 0.554688
vt 0.515625 0.554688
vt 0.515625 0.562500
vt 0.507812 0.562500
vt 0.507812 0.539062
vt 0.515625 0.539062
vt 0.515625 0.546875
vt 0.507812 0.546875
vt 0.523438 0.539062
vt 0.531250 0.539062
vt 0.531250 0.546875
vt 0.523438 0.546875
vt 0.601562 0.523438
vt 0.609375 0.523438
vt 0.609375 0.531250
vt 0.601562 0.531250
vt 0.601562 0.507812
vt 0.609375 0.507812
vt 0.609375 0.515625
vt 0.601562 0.515625
vt 0.617188 0.507812
vt 0.625000 0.507812
vt 0.625000 0.515625
vt 0.617188 0.515625
vt 0.570312 0.523438
vt 0.578125 0.523438
vt 0.578125 0.531250
vt 0.570312 0.531250
vt 0.570312 0.507812
vt 0.578125 0.507812
vt 0.578125 0.515625
vt 0.570312 0.515625
vt 0.585938 0.507812
vt 0.593750 0.507812
vt 0.593750 0.515625
vt 0.585938 0.515625
vt 0.570312 0.554688
vt 0.578125 0.554688
vt 0.578125 0.562500
vt 0.570312 0.562500
vt 0.570312 0.539062
vt 0.578125 0.539062
vt 0.578125 0.546875
vt 0.570312 0.546875
vt 0.585938 0.539062
vt 0.593750 0.539062
vt 0.593750 0.546875
vt 0.585938 0.546875
vt 0.414062 0.585938
vt 0.421875 0.585938
vt 0.421875 0.593750
vt 0.414062 0.593750
vt 0.414062 0.570312
vt 0.421875 0.570312
vt 0.421875 0.578125
vt 0.414062 0.578125
vt 0.429688 0.570312
vt 0.437500 0.570312
vt 0.437500 0.578125
vt 0.429688 0.578125
vt 0.382812 0.585938
vt 0.390625 0.585938
vt 0.390625 0.593750
vt 0.382812 0.593750
vt 0.382812 0.570312
vt 0.390625 0.570312
vt 0.390625 0.578125
vt 0.382812 0.578125
vt 0.398438 0.570312
vt 0.406250 0.570312
vt 0.406250 0.578125
vt 0.398438 0.578125
vt 0.382812 0.617188
vt 0.390625 0.617188
vt 0.390625 0.625000
vt 0.382812 0.625000
vt 0.382812 0.601562
vt 0.390625 0.601562
vt 0.390625 0.609375
vt 0.382812 0.609375
vt 0.398438 0.601562
vt 0.406250 0.601562
vt 0.406250 0.609375
vt 0.398438 0.609375
vt 0.414062 0.523438
vt 0.421875 0.523438
vt 0.421875 0.531250
vt 0.414062 0.531250
vt 0.414062 0.507812
vt 0.421875 0.507812
vt 0.421875 0.515625
vt 0.414062 0.515625
vt 0.429688 0.507812
vt 0.437500 0.507812
vt 0.437500 0.515625
vt 0.429688 0.515625
vt 0.382812 0.523438
vt 0.390625 0.523438
vt 0.390625 0.531250
vt 0.382812 0.531250
vt 0.382812 0.507812
vt 0.390625 0.507812
vt 0.390625 0.515625
vt 0.382812 0.515625
vt 0.398438 0.507812
vt 0.406250 0.507812
vt 0.406250 0.515625
vt 0.398438 0.515625
vt 0.382812 0.554688
vt 0.390625 0.554688
vt 0.390625 0.562500
vt 0.382812 0.562500
vt 0.382812 0.539062
vt 0.390625 0.539062
vt 0.390625 0.546875
vt 0.382812 0.546875
vt 0.398438 0.539062
vt 0.406250 0.539062
vt 0.406250 0.546875
vt 0.398438 0.546875
vt 0.476562 0.523438
vt 0.484375 0.523438
vt 0.484375 0.531250
vt 0.476562 0.531250
vt 0.476562 0.507812
vt 0.484375 0.507812
vt 0.484375 0.515625
vt 0.476562 0.515625
vt 0.492188 0.507812
vt 0.500000 0.507812
vt 0.500000 0.515625
vt 0.492188 0.515625
vt 0.445312 0.523438
vt 0.453125 0.523438
vt 0.453125 0.531250
vt 0.445312 0.531250
vt 0.445312 0.507812
vt 0.453125 0.507812
vt 0.453125 0.515625
vt 0.445312 0.515625
vt 0.460938 0.507812
vt 0.468750 0.507812
vt 0.468750 0.515625
vt 0.460938 0.515625
vt 0.445312 0.554688
vt 0.453125 0.554688
vt 0.453125 0.562500
vt 0.445312 0.562500
vt 0.445312 0.539062
vt 0.453125 0.539062
vt 0.453125 0.546875
vt 0.445312 0.546875
vt 0.460938 0.539062
vt 0.468750 0.539062
vt 0.468750 0.546875
vt 0.460938 0.546875
vt 0.414062 0.710938
vt 0.421875 0.710938
vt 0.421875 0.718750
vt 0.414062 0.718750
vt 0.414062 0.695312
vt 0.421875 0.695312
vt 0.421875 0.703125
vt 0.414062 0.703125
vt 0.429688 0.695312
vt 0.437500 0.695312
vt 0.437500 0.703125
vt 0.429688 0.703125
vt 0.382812 0.710938
vt 0.390625 0.710938
vt 0.390625 0.718750
vt 0.382812 0.718750
vt 0.382812 0.695312
vt 0.390625 0.695312
vt 0.390625 0.703125
vt 0.382812 0.703125
vt 0.398438 0.695312
vt 0.406250 0.695312
vt 0.406250 0.703125
vt 0.398438 0.703125
vt 0.382812 0.742188
vt 0.390625 0.742188
vt 0.390625 0.750000
vt 0.382812 0.750000
vt 0.382812 0.726562
vt 0.390625 0.726562
vt 0.390625 0.734375
vt 0.382812 0.734375
vt 0.398438 0.726562
vt 0.406250 0.726562
vt 0.406250 0.734375
vt 0.398438 0.734375
vt 0.414062 0.648438
vt 0.421875 0.648438
vt 0.421875 0.656250
vt 0.414062 0.656250
vt 0.414062 0.632812
vt 0.421875 0.632812
vt 0.421875 0.640625
vt 0.414062 0.640625
vt 0.429688 0.632812
vt 0.437500 0.632812
vt 0.437500 0.640625
vt 0.429688 0.640625
vt 0.382812 0.648438
vt 0.390625 0.648438
vt 0.390625 0.656250
vt 0.382812 0.656250
vt 0.382812 0.632812
vt 0.390625 0.632812
vt 0.390625 0.640625
vt 0.382812 0.640625
vt 0.398438 0.632812
vt 0.406250 0.632812
vt 0.406250 0.640625
vt 0.398438 0.640625
vt 0.382812 0.679688
vt 0.390625 0.679688
vt 0.390625 0.687500
vt 0.382812 0.687500
vt 0.382812 0.664062
vt 0.390625 0.664062
vt 0.390625 0.671875
vt 0.382812 0.671875
vt 0.398438 0.664062
vt 0.406250 0.664062
vt 0.406250 0.671875
vt 0.398438 0.671875
vt 0.476562 0.648438
vt 0.484375 0.648438
vt 0.484375 0.656250
vt 0.476562 0.656250
vt 0.476562 0.632812
vt 0.484375 0.632812
vt 0.484375 0.640625
vt 0.476562 0.640625
vt 0.492188 0.632812
vt 0.500000 0.632812
vt 0.500000 0.640625
vt 0.492188 0.640625
vt 0.445312 0.648438
vt 0.453125 0.648438
vt 0.453125 0.656250
vt 0.445312 0.656250
vt 0.445312 0.632812
vt 0.453125 0.632812
vt 0.453125 0.640625
vt 0.445312 0.640625
vt 0.460938 0.632812
vt 0.468750 0.632812
vt 0.468750 0.640625
vt 0.460938 0.640625
vt 0.445312 0.679688
vt 0.453125 0.679688
vt 0.453125 0.687500
vt 0.445312 0.687500
vt 0.445312 0.664062
vt 0.453125 0.664062
vt 0.453125 0.671875
vt 0.445312 0.671875
vt 0.460938 0.664062
vt 0.468750 0.664062
vt 0.468750 0.671875
vt 0.460938 0.671875
vt 0.539062 0.257812
vt 0.546875 0.257812
vt 0.546875 0.265625
vt 0.539062 0.265625
vt 0.554688 0.257812
vt 0.562500 0.257812
vt 0.562500 0.265625
vt 0.554688 0.265625
vt 0.507812 0.257812
vt 0.515625 0.257812
vt 0.515625 0.265625
vt 0.507812 0.265625
vt 0.523438 0.257812
vt 0.531250 0.257812
vt 0.531250 0.265625
vt 0.523438 0.265625
vt 0.601562 0.257812
vt 0.609375 0.257812
vt 0.609375 0.265625
vt 0.601562 0.265625
vt 0.617188 0.257812
vt 0.625000 0.257812
vt 0.625000 0.265625
vt 0.617188 0.265625
vt 0.570312 0.257812
vt 0.578125 0.257812
vt 0.578125 0.265625
vt 0.570312 0.265625
vt 0.585938 0.257812
vt 0.593750 0.257812
vt 0.593750 0.265625
vt 0.585938 0.265625
vt 0.382812 0.335938
vt 0.390625 0.335938
vt 0.390625 0.343750
vt 0.382812 0.343750
vt 0.382812 0.320312
vt 0.390625 0.320312
vt 0.390625 0.328125
vt 0.382812 0.328125
vt 0.398438 0.320312
vt 0.406250 0.320312
vt 0.406250 0.324219
vt 0.406250 0.328125
vt 0.398438 0.328125
vt 0.382812 0.367188
vt 0.390625 0.367188
vt 0.390625 0.375000
vt 0.382812 0.375000
vt 0.382812 0.351562
vt 0.390625 0.351562
vt 0.390625 0.359375
vt 0.382812 0.359375
vt 0.398438 0.351562
vt 0.406250 0.351562
vt 0.406250 0.355469
vt 0.406250 0.359375
vt 0.398438 0.359375
vt 0.414062 0.257812
vt 0.421875 0.257812
vt 0.421875 0.265625
vt 0.414062 0.265625
vt 0.429688 0.257812
vt 0.437500 0.257812
vt 0.437500 0.265625
vt 0.429688 0.265625
vt 0.382812 0.273438
vt 0.390625 0.273438
vt 0.390625 0.281250
vt 0.382812 0.281250
vt 0.382812 0.257812
vt 0.390625 0.257812
vt 0.390625 0.265625
vt 0.382812 0.265625
vt 0.398438 0.257812
vt 0.406250 0.257812
vt 0.406250 0.265625
vt 0.398438 0.265625
vt 0.382812 0.304688
vt 0.390625 0.304688
vt 0.390625 0.312500
vt 0.382812 0.312500
vt 0.382812 0.289062
vt 0.390625 0.289062
vt 0.390625 0.296875
vt 0.382812 0.296875
vt 0.398438 0.289062
vt 0.406250 0.289062
vt 0.406250 0.292969
vt 0.406250 0.296875
vt 0.398438 0.296875
vt 0.476562 0.257812
vt 0.484375 0.257812
vt 0.484375 0.265625
vt 0.476562 0.265625
vt 0.492188 0.257812
vt 0.500000 0.257812
vt 0.500000 0.265625
vt 0.492188 0.265625
vt 0.445312 0.257812
vt 0.453125 0.257812
vt 0.453125 0.265625
vt 0.445312 0.265625
vt 0.460938 0.257812
vt 0.468750 0.257812
vt 0.468750 0.265625
vt 0.460938 0.265625
vt 0.382812 0.460938
vt 0.390625 0.460938
vt 0.390625 0.468750
vt 0.382812 0.468750
vt 0.382812 0.445312
vt 0.390625 0.445312
vt 0.390625 0.453125
vt 0.382812 0.453125
vt 0.398438 0.445312
vt 0.406250 0.445312
vt 0.406250 0.449219
vt 0.406250 0.453125
vt 0.398438 0.453125
vt 0.382812 0.492188
vt 0.390625 0.492188
vt 0.390625 0.500000
vt 0.382812 0.500000
vt 0.382812 0.476562
vt 0.390625 0.476562
vt 0.390625 0.484375
vt 0.382812 0.484375
vt 0.398438 0.476562
vt 0.406250 0.476562
vt 0.406250 0.484375
vt 0.398438 0.484375
vt 0.382812 0.398438
vt 0.390625 0.398438
vt 0.390625 0.406250
vt 0.382812 0.406250
vt 0.382812 0.382812
vt 0.390625 0.382812
vt 0.390625 0.390625
vt 0.382812 0.390625
vt 0.398438 0.382812
vt 0.406250 0.382812
vt 0.406250 0.386719
vt 0.406250 0.390625
vt 0.398438 0.390625
vt 0.382812 0.429688
vt 0.390625 0.429688
vt 0.390625 0.437500
vt 0.382812 0.437500
vt 0.382812 0.414062
vt 0.390625 0.414062
vt 0.390625 0.421875
vt 0.382812 0.421875
vt 0.398438 0.414062
vt 0.406250 0.414062
vt 0.406250 0.417969
vt 0.406250 0.421875
vt 0.398438 0.421875
vt 0.507812 0.492188
vt 0.515625 0.492188
vt 0.515625 0.500000
vt 0.507812 0.500000
vt 0.507812 0.476562
vt 0.511719 0.476562
vt 0.515625 0.476562
vt 0.515625 0.484375
vt 0.507812 0.484375
vt 0.523438 0.476562
vt 0.527344 0.476562
vt 0.531250 0.476562
vt 0.531250 0.484375
vt 0.523438 0.484375
vt 0.617188 0.382812
vt 0.625000 0.382812
vt 0.625000 0.390625
vt 0.617188 0.390625
vt 0.539062 0.710938
vt 0.546875 0.710938
vt 0.546875 0.718750
vt 0.539062 0.718750
vt 0.539062 0.695312
vt 0.546875 0.695312
vt 0.546875 0.703125
vt 0.539062 0.703125
vt 0.554688 0.695312
vt 0.562500 0.695312
vt 0.562500 0.703125
vt 0.554688 0.703125
vt 0.507812 0.710938
vt 0.515625 0.710938
vt 0.515625 0.718750
vt 0.507812 0.718750
vt 0.507812 0.695312
vt 0.515625 0.695312
vt 0.515625 0.703125
vt 0.507812 0.703125
vt 0.523438 0.695312
vt 0.531250 0.695312
vt 0.531250 0.703125
vt 0.523438 0.703125
vt 0.507812 0.742188
vt 0.515625 0.742188
vt 0.515625 0.750000
vt 0.507812 0.750000
vt 0.507812 0.726562
vt 0.515625 0.726562
vt 0.515625 0.734375
vt 0.507812 0.734375
vt 0.523438 0.726562
vt 0.531250 0.726562
vt 0.531250 0.734375
vt 0.523438 0.734375
vt 0.539062 0.648438
vt 0.546875 0.648438
vt 0.546875 0.656250
vt 0.539062 0.656250
vt 0.539062 0.632812
vt 0.546875 0.632812
vt 0.546875 0.640625
vt 0.539062 0.640625
vt 0.554688 0.632812
vt 0.562500 0.632812
vt 0.562500 0.640625
vt 0.554688 0.640625
vt 0.507812 0.648438
vt 0.515625 0.648438
vt 0.515625 0.656250
vt 0.507812 0.656250
vt 0.507812 0.632812
vt 0.515625 0.632812
vt 0.515625 0.640625
vt 0.507812 0.640625
vt 0.523438 0.632812
vt 0.531250 0.632812
vt 0.531250 0.640625
vt 0.523438 0.640625
vt 0.507812 0.679688
vt 0.515625 0.679688
vt 0.515625 0.687500
vt 0.507812 0.687500
vt 0.507812 0.664062
vt 0.515625 0.664062
vt 0.515625 0.671875
vt 0.507812 0.671875
vt 0.523438 0.664062
vt 0.531250 0.664062
vt 0.531250 0.671875
vt 0.523438 0.671875
vt 0.601562 0.648438
vt 0.609375 0.648438
vt 0.609375 0.656250
vt 0.601562 0.656250
vt 0.601562 0.632812
vt 0.609375 0.632812
vt 0.609375 0.640625
vt 0.601562 0.640625
vt 0.617188 0.632812
vt 0.625000 0.632812
vt 0.625000 0.640625
vt 0.617188 0.640625
vt 0.570312 0.648438
vt 0.578125 0.648438
vt 0.578125 0.656250
vt 0.570312 0.656250
vt 0.570312 0.632812
vt 0.578125 0.632812
vt 0.578125 0.640625
vt 0.570312 0.640625
vt 0.585938 0.632812
vt 0.593750 0.632812
vt 0.593750 0.640625
vt 0.585938 0.640625
vt 0.570312 0.679688
vt 0.578125 0.679688
vt 0.578125 0.687500
vt 0.570312 0.687500
vt 0.570312 0.664062
vt 0.578125 0.664062
vt 0.578125 0.671875
vt 0.570312 0.671875
vt 0.585938 0.664062
vt 0.593750 0.664062
vt 0.593750 0.671875
vt 0.585938 0.671875
vt 0.539062 0.210938
vt 0.546875 0.210938
vt 0.546875 0.218750
vt 0.539062 0.218750
vt 0.539062 0.195312
vt 0.546875 0.195312
vt 0.546875 0.203125
vt 0.539062 0.203125
vt 0.554688 0.195312
vt 0.562500 0.195312
vt 0.562500 0.203125
vt 0.554688 0.203125
vt 0.507812 0.210938
vt 0.515625 0.210938
vt 0.515625 0.218750
vt 0.507812 0.218750
vt 0.507812 0.195312
vt 0.515625 0.195312
vt 0.515625 0.203125
vt 0.507812 0.203125
vt 0.523438 0.195312
vt 0.531250 0.195312
vt 0.531250 0.203125
vt 0.523438 0.203125
vt 0.507812 0.242188
vt 0.515625 0.242188
vt 0.515625 0.250000
vt 0.507812 0.250000
vt 0.507812 0.226562
vt 0.515625 0.226562
vt 0.515625 0.234375
vt 0.507812 0.234375
vt 0.523438 0.226562
vt 0.531250 0.226562
vt 0.531250 0.234375
vt 0.523438 0.234375
vt 0.539062 0.148438
vt 0.546875 0.148438
vt 0.546875 0.156250
vt 0.539062 0.156250
vt 0.539062 0.132812
vt 0.546875 0.132812
vt 0.546875 0.140625
vt 0.539062 0.140625
vt 0.554688 0.132812
vt 0.562500 0.132812
vt 0.562500 0.140625
vt 0.554688 0.140625
vt 0.507812 0.148438
vt 0.515625 0.148438
vt 0.515625 0.156250
vt 0.507812 0.156250
vt 0.507812 0.132812
vt 0.515625 0.132812
vt 0.515625 0.140625
vt 0.507812 0.140625
vt 0.523438 0.132812
vt 0.531250 0.132812
vt 0.531250 0.140625
vt 0.523438 0.140625
vt 0.507812 0.179688
vt 0.515625 0.179688
vt 0.515625 0.187500
vt 0.507812 0.187500
vt 0.507812 0.164062
vt 0.515625 0.164062
vt 0.515625 0.171875
vt 0.507812 0.171875
vt 0.523438 0.164062
vt 0.531250 0.164062
vt 0.531250 0.171875
vt 0.523438 0.171875
vt 0.601562 0.148438
vt 0.609375 0.148438
vt 0.609375 0.156250
vt 0.601562 0.156250
vt 0.601562 0.132812
vt 0.609375 0.132812
vt 0.609375 0.140625
vt 0.601562 0.140625
vt 0.617188 0.132812
vt 0.625000 0.132812
vt 0.625000 0.140625
vt 0.617188 0.140625
vt 0.570312 0.148438
vt 0.578125 0.148438
vt 0.578125 0.156250
vt 0.570312 0.156250
vt 0.570312 0.132812
vt 0.578125 0.132812
vt 0.578125 0.140625
vt 0.570312 0.140625
vt 0.585938 0.132812
vt 0.593750 0.132812
vt 0.593750 0.140625
vt 0.585938 0.140625
vt 0.570312 0.179688
vt 0.578125 0.179688
vt 0.578125 0.187500
vt 0.570312 0.187500
vt 0.570312 0.164062
vt 0.578125 0.164062
vt 0.578125 0.171875
vt 0.570312 0.171875
vt 0.585938 0.164062
vt 0.593750 0.164062
vt 0.593750 0.171875
vt 0.585938 0.171875
vt 0.507812 0.992188
vt 0.515625 0.992188
vt 0.515625 1.000000
vt 0.507812 1.000000
vt 0.507812 0.976562
vt 0.511719 0.976562
vt 0.515625 0.976562
vt 0.515625 0.984375
vt 0.507812 0.984375
vt 0.523438 0.976562
vt 0.527344 0.976562
vt 0.531250 0.976562
vt 0.531250 0.984375
vt 0.523438 0.984375
vt 0.617188 0.882812
vt 0.625000 0.882812
vt 0.625000 0.890625
vt 0.617188 0.890625
vt 0.789062 0.710938
vt 0.796875 0.710938
vt 0.796875 0.718750
vt 0.789062 0.718750
vt 0.789062 0.695312
vt 0.796875 0.695312
vt 0.796875 0.703125
vt 0.789062 0.703125
vt 0.804688 0.695312
vt 0.812500 0.695312
vt 0.812500 0.703125
vt 0.804688 0.703125
vt 0.757812 0.710938
vt 0.765625 0.710938
vt 0.765625 0.718750
vt 0.757812 0.718750
vt 0.757812 0.695312
vt 0.765625 0.695312
vt 0.765625 0.703125
vt 0.757812 0.703125
vt 0.773438 0.695312
vt 0.781250 0.695312
vt 0.781250 0.703125
vt 0.773438 0.703125
vt 0.757812 0.742188
vt 0.765625 0.742188
vt 0.765625 0.750000
vt 0.757812 0.750000
vt 0.757812 0.726562
vt 0.765625 0.726562
vt 0.765625 0.734375
vt 0.757812 0.734375
vt 0.773438 0.726562
vt 0.781250 0.726562
vt 0.781250 0.734375
vt 0.773438 0.734375
vt 0.789062 0.648438
vt 0.796875 0.648438
vt 0.796875 0.656250
vt 0.789062 0.656250
vt 0.789062 0.632812
vt 0.796875 0.632812
vt 0.796875 0.640625
vt 0.789062 0.640625
vt 0.804688 0.632812
vt 0.812500 0.632812
vt 0.812500 0.640625
vt 0.804688 0.640625
vt 0.757812 0.648438
vt 0.765625 0.648438
vt 0.765625 0.656250
vt 0.757812 0.656250
vt 0.757812 0.632812
vt 0.765625 0.632812
vt 0.765625 0.640625
vt 0.757812 0.640625
vt 0.773438 0.632812
vt 0.781250 0.632812
vt 0.781250 0.640625
vt 0.773438 0.640625
vt 0.757812 0.679688
vt 0.765625 0.679688
vt 0.765625 0.687500
vt 0.757812 0.687500
vt 0.757812 0.664062
vt 0.765625 0.664062
vt 0.765625 0.671875
vt 0.757812 0.671875
vt 0.773438 0.664062
vt 0.781250 0.664062
vt 0.781250 0.671875
vt 0.773438 0.671875
vt 0.851562 0.648438
vt 0.859375 0.648438
vt 0.859375 0.656250
vt 0.851562 0.656250
vt 0.851562 0.632812
vt 0.859375 0.632812
vt 0.859375 0.640625
vt 0.851562 0.640625
vt 0.867188 0.632812
vt 0.875000 0.632812
vt 0.875000 0.640625
vt 0.867188 0.640625
vt 0.820312 0.648438
vt 0.828125 0.648438
vt 0.828125 0.656250
vt 0.820312 0.656250
vt 0.820312 0.632812
vt 0.828125 0.632812
vt 0.828125 0.640625
vt 0.820312 0.640625
vt 0.835938 0.632812
vt 0.843750 0.632812
vt 0.843750 0.640625
vt 0.835938 0.640625
vt 0.820312 0.679688
vt 0.828125 0.679688
vt 0.828125 0.687500
vt 0.820312 0.687500
vt 0.820312 0.664062
vt 0.828125 0.664062
vt 0.828125 0.671875
vt 0.820312 0.671875
vt 0.835938 0.664062
vt 0.843750 0.664062
vt 0.843750 0.671875
vt 0.835938 0.671875
vt 0.851562 0.679688
vt 0.859375 0.679688
vt 0.859375 0.687500
vt 0.851562 0.687500
vt 0.851562 0.664062
vt 0.859375 0.664062
vt 0.859375 0.671875
vt 0.851562 0.671875
vt 0.867188 0.664062
vt 0.875000 0.664062
vt 0.875000 0.671875
vt 0.867188 0.671875
vt 0.789062 0.679688
vt 0.796875 0.679688
vt 0.796875 0.687500
vt 0.789062 0.687500
vt 0.789062 0.664062
vt 0.796875 0.664062
vt 0.796875 0.671875
vt 0.789062 0.671875
vt 0.804688 0.664062
vt 0.812500 0.664062
vt 0.812500 0.671875
vt 0.804688 0.671875
vt 0.789062 0.742188
vt 0.796875 0.742188
vt 0.796875 0.750000
vt 0.789062 0.750000
vt 0.789062 0.726562
vt 0.796875 0.726562
vt 0.796875 0.734375
vt 0.789062 0.734375
vt 0.804688 0.726562
vt 0.812500 0.726562
vt 0.812500 0.734375
vt 0.804688 0.734375
vt 0.617188 0.914062
vt 0.625000 0.914062
vt 0.625000 0.921875
vt 0.617188 0.921875
vt 0.539062 0.992188
vt 0.546875 0.992188
vt 0.546875 1.000000
vt 0.539062 1.000000
vt 0.539062 0.976562
vt 0.542969 0.976562
vt 0.546875 0.976562
vt 0.546875 0.984375
vt 0.539062 0.984375
vt 0.554688 0.976562
vt 0.558594 0.976562
vt 0.562500 0.976562
vt 0.562500 0.984375
vt 0.554688 0.984375
vt 0.601562 0.179688
vt 0.609375 0.179688
vt 0.609375 0.187500
vt 0.601562 0.187500
vt 0.601562 0.164062
vt 0.609375 0.164062
vt 0.609375 0.171875
vt 0.601562 0.171875
vt 0.617188 0.164062
vt 0.625000 0.164062
vt 0.625000 0.171875
vt 0.617188 0.171875
vt 0.539062 0.179688
vt 0.546875 0.179688
vt 0.546875 0.187500
vt 0.539062 0.187500
vt 0.539062 0.164062
vt 0.546875 0.164062
vt 0.546875 0.171875
vt 0.539062 0.171875
vt 0.554688 0.164062
vt 0.562500 0.164062
vt 0.562500 0.171875
vt 0.554688 0.171875
vt 0.539062 0.242188
vt 0.546875 0.242188
vt 0.546875 0.250000
vt 0.539062 0.250000
vt 0.539062 0.226562
vt 0.546875 0.226562
vt 0.546875 0.234375
vt 0.539062 0.234375
vt 0.554688 0.226562
vt 0.562500 0.226562
vt 0.562500 0.234375
vt 0.554688 0.234375
vt 0.601562 0.679688
vt 0.609375 0.679688
vt 0.609375 0.687500
vt 0.601562 0.687500
vt 0.601562 0.664062
vt 0.609375 0.664062
vt 0.609375 0.671875
vt 0.601562 0.671875
vt 0.617188 0.664062
vt 0.625000 0.664062
vt 0.625000 0.671875
vt 0.617188 0.671875
vt 0.539062 0.679688
vt 0.546875 0.679688
vt 0.546875 0.687500
vt 0.539062 0.687500
vt 0.539062 0.664062
vt 0.546875 0.664062
vt 0.546875 0.671875
vt 0.539062 0.671875
vt 0.554688 0.664062
vt 0.562500 0.664062
vt 0.562500 0.671875
vt 0.554688 0.671875
vt 0.539062 0.742188
vt 0.546875 0.742188
vt 0.546875 0.750000
vt 0.539062 0.750000
vt 0.539062 0.726562
vt 0.546875 0.726562
vt 0.546875 0.734375
vt 0.539062 0.734375
vt 0.554688 0.726562
vt 0.562500 0.726562
vt 0.562500 0.734375
vt 0.554688 0.734375
vt 0.617188 0.414062
vt 0.625000 0.414062
vt 0.625000 0.421875
vt 0.617188 0.421875
vt 0.539062 0.492188
vt 0.546875 0.492188
vt 0.546875 0.500000
vt 0.539062 0.500000
vt 0.539062 0.476562
vt 0.542969 0.476562
vt 0.546875 0.476562
vt 0.546875 0.484375
vt 0.539062 0.484375
vt 0.554688 0.476562
vt 0.558594 0.476562
vt 0.562500 0.476562
vt 0.562500 0.484375
vt 0.554688 0.484375
vt 0.414062 0.492188
vt 0.421875 0.492188
vt 0.421875 0.500000
vt 0.414062 0.500000
vt 0.414062 0.476562
vt 0.417969 0.476562
vt 0.421875 0.476562
vt 0.421875 0.484375
vt 0.414062 0.484375
vt 0.429688 0.476562
vt 0.433594 0.476562
vt 0.437500 0.476562
vt 0.437500 0.484375
vt 0.429688 0.484375
vt 0.617188 0.289062
vt 0.625000 0.289062
vt 0.625000 0.296875
vt 0.617188 0.296875
vt 0.476562 0.679688
vt 0.484375 0.679688
vt 0.484375 0.687500
vt 0.476562 0.687500
vt 0.476562 0.664062
vt 0.484375 0.664062
vt 0.484375 0.671875
vt 0.476562 0.671875
vt 0.492188 0.664062
vt 0.500000 0.664062
vt 0.500000 0.671875
vt 0.492188 0.671875
vt 0.414062 0.679688
vt 0.421875 0.679688
vt 0.421875 0.687500
vt 0.414062 0.687500
vt 0.414062 0.664062
vt 0.421875 0.664062
vt 0.421875 0.671875
vt 0.414062 0.671875
vt 0.429688 0.664062
vt 0.437500 0.664062
vt 0.437500 0.671875
vt 0.429688 0.671875
vt 0.414062 0.742188
vt 0.421875 0.742188
vt 0.421875 0.750000
vt 0.414062 0.750000
vt 0.414062 0.726562
vt 0.421875 0.726562
vt 0.421875 0.734375
vt 0.414062 0.734375
vt 0.429688 0.726562
vt 0.437500 0.726562
vt 0.437500 0.734375
vt 0.429688 0.734375
vt 0.476562 0.554688
vt 0.484375 0.554688
vt 0.484375 0.562500
vt 0.476562 0.562500
vt 0.476562 0.539062
vt 0.484375 0.539062
vt 0.484375 0.546875
vt 0.476562 0.546875
vt 0.492188 0.539062
vt 0.500000 0.539062
vt 0.500000 0.546875
vt 0.492188 0.546875
vt 0.414062 0.554688
vt 0.421875 0.554688
vt 0.421875 0.562500
vt 0.414062 0.562500
vt 0.414062 0.539062
vt 0.421875 0.539062
vt 0.421875 0.546875
vt 0.414062 0.546875
vt 0.429688 0.539062
vt 0.437500 0.539062
vt 0.437500 0.546875
vt 0.429688 0.546875
vt 0.414062 0.617188
vt 0.421875 0.617188
vt 0.421875 0.625000
vt 0.414062 0.625000
vt 0.414062 0.601562
vt 0.421875 0.601562
vt 0.421875 0.609375
vt 0.414062 0.609375
vt 0.429688 0.601562
vt 0.437500 0.601562
vt 0.437500 0.609375
vt 0.429688 0.609375
vt 0.601562 0.554688
vt 0.609375 0.554688
vt 0.609375 0.562500
vt 0.601562 0.562500
vt 0.601562 0.539062
vt 0.609375 0.539062
vt 0.609375 0.546875
vt 0.601562 0.546875
vt 0.617188 0.539062
vt 0.625000 0.539062
vt 0.625000 0.546875
vt 0.617188 0.546875
vt 0.539062 0.554688
vt 0.546875 0.554688
vt 0.546875 0.562500
vt 0.539062 0.562500
vt 0.539062 0.539062
vt 0.546875 0.539062
vt 0.546875 0.546875
vt 0.539062 0.546875
vt 0.554688 0.539062
vt 0.562500 0.539062
vt 0.562500 0.546875
vt 0.554688 0.546875
vt 0.539062 0.617188
vt 0.546875 0.617188
vt 0.546875 0.625000
vt 0.539062 0.625000
vt 0.539062 0.601562
vt 0.546875 0.601562
vt 0.546875 0.609375
vt 0.539062 0.609375
vt 0.554688 0.601562
vt 0.562500 0.601562
vt 0.562500 0.609375
vt 0.554688 0.609375
vt 0.476562 0.179688
vt 0.484375 0.179688
vt 0.484375 0.187500
vt 0.476562 0.187500
vt 0.476562 0.164062
vt 0.484375 0.164062
vt 0.484375 0.171875
vt 0.476562 0.171875
vt 0.492188 0.164062
vt 0.500000 0.164062
vt 0.500000 0.171875
vt 0.492188 0.171875
vt 0.414062 0.179688
vt 0.421875 0.179688
vt 0.421875 0.187500
vt 0.414062 0.187500
vt 0.414062 0.164062
vt 0.421875 0.164062
vt 0.421875 0.171875
vt 0.414062 0.171875
vt 0.429688 0.164062
vt 0.437500 0.164062
vt 0.437500 0.171875
vt 0.429688 0.171875
vt 0.414062 0.242188
vt 0.421875 0.242188
vt 0.421875 0.250000
vt 0.414062 0.250000
vt 0.414062 0.226562
vt 0.421875 0.226562
vt 0.421875 0.234375
vt 0.414062 0.234375
vt 0.429688 0.226562
vt 0.437500 0.226562
vt 0.437500 0.234375
vt 0.429688 0.234375
vt 0.476562 0.054688
vt 0.484375 0.054688
vt 0.484375 0.062500
vt 0.476562 0.062500
vt 0.476562 0.039062
vt 0.484375 0.039062
vt 0.484375 0.046875
vt 0.476562 0.046875
vt 0.492188 0.039062
vt 0.500000 0.039062
vt 0.500000 0.046875
vt 0.492188 0.046875
vt 0.414062 0.054688
vt 0.421875 0.054688
vt 0.421875 0.062500
vt 0.414062 0.062500
vt 0.414062 0.039062
vt 0.421875 0.039062
vt 0.421875 0.046875
vt 0.414062 0.046875
vt 0.429688 0.039062
vt 0.437500 0.039062
vt 0.437500 0.046875
vt 0.429688 0.046875
vt 0.414062 0.117188
vt 0.421875 0.117188
vt 0.421875 0.125000
vt 0.414062 0.125000
vt 0.414062 0.101562
vt 0.421875 0.101562
vt 0.421875 0.109375
vt 0.414062 0.109375
vt 0.429688 0.101562
vt 0.437500 0.101562
vt 0.437500 0.109375
vt 0.429688 0.109375
vt 0.601562 0.054688
vt 0.609375 0.054688
vt 0.609375 0.062500
vt 0.601562 0.062500
vt 0.601562 0.039062
vt 0.609375 0.039062
vt 0.609375 0.046875
vt 0.601562 0.046875
vt 0.617188 0.039062
vt 0.625000 0.039062
vt 0.625000 0.046875
vt 0.617188 0.046875
vt 0.539062 0.054688
vt 0.546875 0.054688
vt 0.546875 0.062500
vt 0.539062 0.062500
vt 0.539062 0.039062
vt 0.546875 0.039062
vt 0.546875 0.046875
vt 0.539062 0.046875
vt 0.554688 0.039062
vt 0.562500 0.039062
vt 0.562500 0.046875
vt 0.554688 0.046875
vt 0.539062 0.117188
vt 0.546875 0.117188
vt 0.546875 0.125000
vt 0.539062 0.125000
vt 0.539062 0.101562
vt 0.546875 0.101562
vt 0.546875 0.109375
vt 0.539062 0.109375
vt 0.554688 0.101562
vt 0.562500 0.101562
vt 0.562500 0.109375
vt 0.554688 0.109375
vt 0.414062 0.929688
vt 0.421875 0.929688
vt 0.421875 0.933594
vt 0.421875 0.937500
vt 0.414062 0.937500
vt 0.414062 0.914062
vt 0.421875 0.914062
vt 0.421875 0.917969
vt 0.421875 0.921875
vt 0.414062 0.921875
vt 0.414062 0.992188
vt 0.421875 0.992188
vt 0.421875 1.000000
vt 0.414062 1.000000
vt 0.414062 0.976562
vt 0.421875 0.976562
vt 0.421875 0.984375
vt 0.414062 0.984375
vt 0.429688 0.976562
vt 0.433594 0.976562
vt 0.437500 0.976562
vt 0.437500 0.984375
vt 0.429688 0.984375
vt 0.414062 0.804688
vt 0.421875 0.804688
vt 0.421875 0.808594
vt 0.421875 0.812500
vt 0.414062 0.812500
vt 0.414062 0.789062
vt 0.421875 0.789062
vt 0.421875 0.792969
vt 0.421875 0.796875
vt 0.414062 0.796875
vt 0.414062 0.867188
vt 0.421875 0.867188
vt 0.421875 0.871094
vt 0.421875 0.875000
vt 0.414062 0.875000
vt 0.414062 0.851562
vt 0.421875 0.851562
vt 0.421875 0.855469
vt 0.421875 0.859375
vt 0.414062 0.859375
vt 0.617188 0.789062
vt 0.625000 0.789062
vt 0.625000 0.796875
vt 0.617188 0.796875
vt 0.726562 0.679688
vt 0.734375 0.679688
vt 0.734375 0.687500
vt 0.726562 0.687500
vt 0.726562 0.664062
vt 0.734375 0.664062
vt 0.734375 0.671875
vt 0.726562 0.671875
vt 0.742188 0.664062
vt 0.750000 0.664062
vt 0.750000 0.671875
vt 0.742188 0.671875
vt 0.664062 0.679688
vt 0.671875 0.679688
vt 0.671875 0.687500
vt 0.664062 0.687500
vt 0.664062 0.664062
vt 0.671875 0.664062
vt 0.671875 0.671875
vt 0.664062 0.671875
vt 0.679688 0.664062
vt 0.687500 0.664062
vt 0.687500 0.671875
vt 0.679688 0.671875
vt 0.664062 0.742188
vt 0.671875 0.742188
vt 0.671875 0.750000
vt 0.664062 0.750000
vt 0.664062 0.726562
vt 0.671875 0.726562
vt 0.671875 0.734375
vt 0.664062 0.734375
vt 0.679688 0.726562
vt 0.687500 0.726562
vt 0.687500 0.734375
vt 0.679688 0.734375
vt 0.726562 0.554688
vt 0.734375 0.554688
vt 0.734375 0.562500
vt 0.726562 0.562500
vt 0.726562 0.539062
vt 0.734375 0.539062
vt 0.734375 0.546875
vt 0.726562 0.546875
vt 0.742188 0.539062
vt 0.750000 0.539062
vt 0.750000 0.546875
vt 0.742188 0.546875
vt 0.664062 0.554688
vt 0.671875 0.554688
vt 0.671875 0.562500
vt 0.664062 0.562500
vt 0.664062 0.539062
vt 0.671875 0.539062
vt 0.671875 0.546875
vt 0.664062 0.546875
vt 0.679688 0.539062
vt 0.687500 0.539062
vt 0.687500 0.546875
vt 0.679688 0.546875
vt 0.664062 0.617188
vt 0.671875 0.617188
vt 0.671875 0.625000
vt 0.664062 0.625000
vt 0.664062 0.601562
vt 0.671875 0.601562
vt 0.671875 0.609375
vt 0.664062 0.609375
vt 0.679688 0.601562
vt 0.687500 0.601562
vt 0.687500 0.609375
vt 0.679688 0.609375
vt 0.851562 0.554688
vt 0.859375 0.554688
vt 0.859375 0.562500
vt 0.851562 0.562500
vt 0.851562 0.539062
vt 0.859375 0.539062
vt 0.859375 0.546875
vt 0.851562 0.546875
vt 0.867188 0.539062
vt 0.875000 0.539062
vt 0.875000 0.546875
vt 0.867188 0.546875
vt 0.789062 0.554688
vt 0.796875 0.554688
vt 0.796875 0.562500
vt 0.789062 0.562500
vt 0.789062 0.539062
vt 0.796875 0.539062
vt 0.796875 0.546875
vt 0.789062 0.546875
vt 0.804688 0.539062
vt 0.812500 0.539062
vt 0.812500 0.546875
vt 0.804688 0.546875
vt 0.789062 0.617188
vt 0.796875 0.617188
vt 0.796875 0.625000
vt 0.789062 0.625000
vt 0.789062 0.601562
vt 0.796875 0.601562
vt 0.796875 0.609375
vt 0.789062 0.609375
vt 0.804688 0.601562
vt 0.812500 0.601562
vt 0.812500 0.609375
vt 0.804688 0.609375
vt 0.851562 0.617188
vt 0.859375 0.617188
vt 0.859375 0.625000
vt 0.851562 0.625000
vt 0.851562 0.601562
vt 0.859375 0.601562
vt 0.859375 0.609375
vt 0.851562 0.609375
vt 0.867188 0.601562
vt 0.875000 0.601562
vt 0.875000 0.609375
vt 0.867188 0.609375
vt 0.726562 0.617188
vt 0.734375 0.617188
vt 0.734375 0.625000
vt 0.726562 0.625000
vt 0.726562 0.601562
vt 0.734375 0.601562
vt 0.734375 0.609375
vt 0.726562 0.609375
vt 0.742188 0.601562
vt 0.750000 0.601562
vt 0.750000 0.609375
vt 0.742188 0.609375
vt 0.726562 0.742188
vt 0.734375 0.742188
vt 0.734375 0.750000
vt 0.726562 0.750000
vt 0.726562 0.726562
vt 0.734375 0.726562
vt 0.734375 0.734375
vt 0.726562 0.734375
vt 0.742188 0.726562
vt 0.750000 0.726562
vt 0.750000 0.734375
vt 0.742188 0.734375
vt 0.617188 0.851562
vt 0.625000 0.851562
vt 0.625000 0.859375
vt 0.617188 0.859375
vt 0.476562 0.992188
vt 0.484375 0.992188
vt 0.484375 1.000000
vt 0.476562 1.000000
vt 0.476562 0.976562
vt 0.480469 0.976562
vt 0.484375 0.976562
vt 0.484375 0.984375
vt 0.476562 0.984375
vt 0.492188 0.976562
vt 0.496094 0.976562
vt 0.500000 0.976562
vt 0.500000 0.984375
vt 0.492188 0.984375
vt 0.601562 0.117188
vt 0.609375 0.117188
vt 0.609375 0.125000
vt 0.601562 0.125000
vt 0.601562 0.101562
vt 0.609375 0.101562
vt 0.609375 0.109375
vt 0.601562 0.109375
vt 0.617188 0.101562
vt 0.625000 0.101562
vt 0.625000 0.109375
vt 0.617188 0.109375
vt 0.476562 0.117188
vt 0.484375 0.117188
vt 0.484375 0.125000
vt 0.476562 0.125000
vt 0.476562 0.101562
vt 0.484375 0.101562
vt 0.484375 0.109375
vt 0.476562 0.109375
vt 0.492188 0.101562
vt 0.500000 0.101562
vt 0.500000 0.109375
vt 0.492188 0.109375
vt 0.476562 0.242188
vt 0.484375 0.242188
vt 0.484375 0.250000
vt 0.476562 0.250000
vt 0.476562 0.226562
vt 0.484375 0.226562
vt 0.484375 0.234375
vt 0.476562 0.234375
vt 0.492188 0.226562
vt 0.500000 0.226562
vt 0.500000 0.234375
vt 0.492188 0.234375
vt 0.601562 0.617188
vt 0.609375 0.617188
vt 0.609375 0.625000
vt 0.601562 0.625000
vt 0.601562 0.601562
vt 0.609375 0.601562
vt 0.609375 0.609375
vt 0.601562 0.609375
vt 0.617188 0.601562
vt 0.625000 0.601562
vt 0.625000 0.609375
vt 0.617188 0.609375
vt 0.476562 0.617188
vt 0.484375 0.617188
vt 0.484375 0.625000
vt 0.476562 0.625000
vt 0.476562 0.601562
vt 0.484375 0.601562
vt 0.484375 0.609375
vt 0.476562 0.609375
vt 0.492188 0.601562
vt 0.500000 0.601562
vt 0.500000 0.609375
vt 0.492188 0.609375
vt 0.476562 0.742188
vt 0.484375 0.742188
vt 0.484375 0.750000
vt 0.476562 0.750000
vt 0.476562 0.726562
vt 0.484375 0.726562
vt 0.484375 0.734375
vt 0.476562 0.734375
vt 0.492188 0.726562
vt 0.500000 0.726562
vt 0.500000 0.734375
vt 0.492188 0.734375
vt 0.617188 0.351562
vt 0.625000 0.351562
vt 0.625000 0.359375
vt 0.617188 0.359375
vt 0.476562 0.492188
vt 0.484375 0.492188
vt 0.484375 0.500000
vt 0.476562 0.500000
vt 0.476562 0.476562
vt 0.480469 0.476562
vt 0.484375 0.476562
vt 0.484375 0.484375
vt 0.476562 0.484375
vt 0.492188 0.476562
vt 0.496094 0.476562
vt 0.500000 0.476562
vt 0.500000 0.484375
vt 0.492188 0.484375
vt 0.601562 0.492188
vt 0.609375 0.492188
vt 0.609375 0.500000
vt 0.601562 0.500000
vt 0.601562 0.476562
vt 0.605469 0.476562
vt 0.609375 0.476562
vt 0.609375 0.484375
vt 0.601562 0.484375
vt 0.617188 0.476562
vt 0.625000 0.476562
vt 0.625000 0.484375
vt 0.617188 0.484375
vt 0.601562 0.742188
vt 0.609375 0.742188
vt 0.609375 0.750000
vt 0.601562 0.750000
vt 0.601562 0.726562
vt 0.609375 0.726562
vt 0.609375 0.734375
vt 0.601562 0.734375
vt 0.617188 0.726562
vt 0.625000 0.726562
vt 0.625000 0.734375
vt 0.617188 0.734375
vt 0.601562 0.242188
vt 0.609375 0.242188
vt 0.609375 0.250000
vt 0.601562 0.250000
vt 0.601562 0.226562
vt 0.609375 0.226562
vt 0.609375 0.234375
vt 0.601562 0.234375
vt 0.617188 0.226562
vt 0.625000 0.226562
vt 0.625000 0.234375
vt 0.617188 0.234375
vt 0.601562 0.992188
vt 0.609375 0.992188
vt 0.609375 1.000000
vt 0.601562 1.000000
vt 0.601562 0.976562
vt 0.605469 0.976562
vt 0.609375 0.976562
vt 0.609375 0.984375
vt 0.601562 0.984375
vt 0.617188 0.976562
vt 0.625000 0.976562
vt 0.625000 0.984375
vt 0.617188 0.984375
vt 0.851562 0.742188
vt 0.859375 0.742188
vt 0.859375 0.750000
vt 0.851562 0.750000
vt 0.851562 0.726562
vt 0.859375 0.726562
vt 0.859375 0.734375
vt 0.851562 0.734375
vt 0.867188 0.726562
vt 0.875000 0.726562
vt 0.875000 0.734375
vt 0.867188 0.734375
vt 0.609375 0.968750
vt 0.609375 0.972656
vt 0.597656 0.976562
vt 0.609375 0.468750
vt 0.609375 0.472656
vt 0.597656 0.476562
vt 0.488281 0.476562
vt 0.472656 0.476562
vt 0.609375 0.351562
vt 0.609375 0.359375
vt 0.609375 0.355469
vt 0.609375 0.343750
vt 0.609375 0.347656
vt 0.488281 0.976562
vt 0.472656 0.976562
vt 0.609375 0.851562
vt 0.609375 0.859375
vt 0.609375 0.855469
vt 0.609375 0.843750
vt 0.609375 0.847656
vt 0.609375 0.789062
vt 0.609375 0.796875
vt 0.609375 0.792969
vt 0.609375 0.781250
vt 0.609375 0.785156
vt 0.421875 0.847656
vt 0.421875 0.863281
vt 0.421875 0.785156
vt 0.421875 0.800781
vt 0.425781 0.976562
vt 0.421875 0.972656
vt 0.421875 0.910156
vt 0.421875 0.925781
vt 0.609375 0.289062
vt 0.609375 0.296875
vt 0.609375 0.292969
vt 0.609375 0.281250
vt 0.609375 0.285156
vt 0.425781 0.476562
vt 0.410156 0.476562
vt 0.550781 0.476562
vt 0.535156 0.476562
vt 0.609375 0.414062
vt 0.609375 0.421875
vt 0.609375 0.417969
vt 0.609375 0.406250
vt 0.609375 0.410156
vt 0.550781 0.976562
vt 0.535156 0.976562
vt 0.609375 0.914062
vt 0.609375 0.921875
vt 0.609375 0.917969
vt 0.609375 0.906250
vt 0.609375 0.910156
vt 0.609375 0.882812
vt 0.609375 0.890625
vt 0.609375 0.886719
vt 0.609375 0.875000
vt 0.609375 0.878906
vt 0.519531 0.976562
vt 0.503906 0.976562
vt 0.609375 0.382812
vt 0.609375 0.390625
vt 0.609375 0.386719
vt 0.609375 0.375000
vt 0.609375 0.378906
vt 0.519531 0.476562
vt 0.503906 0.476562
vt 0.406250 0.410156
vt 0.375000 0.414062
vt 0.375000 0.421875
vt 0.375000 0.406250
vt 0.375000 0.429688
vt 0.375000 0.437500
vt 0.406250 0.378906
vt 0.375000 0.382812
vt 0.375000 0.390625
vt 0.375000 0.375000
vt 0.375000 0.398438
vt 0.406250 0.472656
vt 0.375000 0.476562
vt 0.375000 0.484375
vt 0.375000 0.468750
vt 0.375000 0.492188
vt 0.375000 0.500000
vt 0.406250 0.441406
vt 0.375000 0.445312
vt 0.375000 0.453125
vt 0.375000 0.460938
vt 0.445312 0.273438
vt 0.441406 0.273438
vt 0.437500 0.273438
vt 0.453125 0.273438
vt 0.449219 0.273438
vt 0.476562 0.273438
vt 0.472656 0.273438
vt 0.468750 0.273438
vt 0.484375 0.273438
vt 0.480469 0.273438
vt 0.406250 0.285156
vt 0.375000 0.289062
vt 0.375000 0.296875
vt 0.375000 0.281250
vt 0.375000 0.304688
vt 0.375000 0.312500
vt 0.375000 0.257812
vt 0.375000 0.265625
vt 0.375000 0.250000
vt 0.375000 0.273438
vt 0.414062 0.273438
vt 0.410156 0.273438
vt 0.421875 0.273438
vt 0.417969 0.273438
vt 0.406250 0.347656
vt 0.375000 0.351562
vt 0.375000 0.359375
vt 0.375000 0.343750
vt 0.375000 0.367188
vt 0.406250 0.316406
vt 0.375000 0.320312
vt 0.375000 0.328125
vt 0.375000 0.335938
vt 0.570312 0.273438
vt 0.566406 0.273438
vt 0.562500 0.273438
vt 0.578125 0.273438
vt 0.574219 0.273438
vt 0.601562 0.273438
vt 0.597656 0.273438
vt 0.593750 0.273438
vt 0.609375 0.273438
vt 0.605469 0.273438
vt 0.507812 0.273438
vt 0.503906 0.273438
vt 0.500000 0.273438
vt 0.515625 0.273438
vt 0.511719 0.273438
vt 0.539062 0.273438
vt 0.535156 0.273438
vt 0.531250 0.273438
vt 0.546875 0.273438
vt 0.542969 0.273438
vt 0.375000 0.664062
vt 0.375000 0.671875
vt 0.375000 0.656250
vt 0.375000 0.679688
vt 0.375000 0.687500
vt 0.375000 0.632812
vt 0.375000 0.640625
vt 0.375000 0.625000
vt 0.375000 0.648438
vt 0.375000 0.726562
vt 0.375000 0.734375
vt 0.375000 0.718750
vt 0.375000 0.742188
vt 0.375000 0.750000
vt 0.375000 0.695312
vt 0.375000 0.703125
vt 0.375000 0.710938
vt 0.375000 0.539062
vt 0.375000 0.546875
vt 0.375000 0.531250
vt 0.375000 0.554688
vt 0.375000 0.562500
vt 0.375000 0.507812
vt 0.375000 0.515625
vt 0.375000 0.523438
vt 0.375000 0.601562
vt 0.375000 0.609375
vt 0.375000 0.593750
vt 0.375000 0.617188
vt 0.375000 0.570312
vt 0.375000 0.578125
vt 0.375000 0.585938
vt 0.375000 0.164062
vt 0.375000 0.171875
vt 0.375000 0.156250
vt 0.375000 0.179688
vt 0.375000 0.187500
vt 0.375000 0.132812
vt 0.375000 0.140625
vt 0.375000 0.125000
vt 0.375000 0.148438
vt 0.375000 0.226562
vt 0.375000 0.234375
vt 0.375000 0.218750
vt 0.375000 0.242188
vt 0.375000 0.195312
vt 0.375000 0.203125
vt 0.375000 0.210938
vt 0.453125 0.000000
vt 0.460938 0.000000
vt 0.468750 0.000000
vt 0.437500 0.000000
vt 0.445312 0.000000
vt 0.484375 0.000000
vt 0.492188 0.000000
vt 0.500000 0.000000
vt 0.476562 0.000000
vt 0.375000 0.039062
vt 0.375000 0.046875
vt 0.375000 0.031250
vt 0.375000 0.054688
vt 0.375000 0.062500
vt 0.390625 0.000000
vt 0.398438 0.000000
vt 0.406250 0.000000
vt 0.375000 0.007812
vt 0.375000 0.015625
vt 0.375000 0.000000
vt 0.382812 0.000000
vt 0.375000 0.023438
vt 0.421875 0.000000
vt 0.429688 0.000000
vt 0.414062 0.000000
vt 0.375000 0.101562
vt 0.375000 0.109375
vt 0.375000 0.093750
vt 0.375000 0.117188
vt 0.375000 0.070312
vt 0.375000 0.078125
vt 0.375000 0.085938
vt 0.578125 0.000000
vt 0.585938 0.000000
vt 0.593750 0.000000
vt 0.562500 0.000000
vt 0.570312 0.000000
vt 0.609375 0.000000
vt 0.617188 0.000000
vt 0.625000 0.000000
vt 0.601562 0.000000
vt 0.515625 0.000000
vt 0.523438 0.000000
vt 0.531250 0.000000
vt 0.507812 0.000000
vt 0.546875 0.000000
vt 0.554688 0.000000
vt 0.539062 0.000000
vt 0.375000 0.914062
vt 0.375000 0.921875
vt 0.375000 0.906250
vt 0.375000 0.929688
vt 0.375000 0.937500
vt 0.375000 0.882812
vt 0.375000 0.890625
vt 0.375000 0.875000
vt 0.375000 0.898438
vt 0.421875 0.878906
vt 0.421875 0.894531
vt 0.375000 0.976562
vt 0.375000 0.984375
vt 0.375000 0.968750
vt 0.375000 0.992188
vt 0.375000 1.000000
vt 0.375000 0.945312
vt 0.375000 0.953125
vt 0.375000 0.960938
vt 0.421875 0.941406
vt 0.421875 0.957031
vt 0.445312 0.773438
vt 0.441406 0.773438
vt 0.437500 0.773438
vt 0.453125 0.773438
vt 0.449219 0.773438
vt 0.476562 0.773438
vt 0.472656 0.773438
vt 0.468750 0.773438
vt 0.484375 0.773438
vt 0.480469 0.773438
vt 0.375000 0.789062
vt 0.375000 0.796875
vt 0.375000 0.781250
vt 0.375000 0.804688
vt 0.375000 0.812500
vt 0.375000 0.757812
vt 0.375000 0.765625
vt 0.375000 0.773438
vt 0.375000 0.851562
vt 0.375000 0.859375
vt 0.375000 0.843750
vt 0.375000 0.867188
vt 0.375000 0.820312
vt 0.375000 0.828125
vt 0.375000 0.835938
vt 0.421875 0.816406
vt 0.421875 0.832031
vt 0.570312 0.773438
vt 0.566406 0.773438
vt 0.562500 0.773438
vt 0.578125 0.773438
vt 0.574219 0.773438
vt 0.601562 0.773438
vt 0.597656 0.773438
vt 0.593750 0.773438
vt 0.609375 0.773438
vt 0.605469 0.773438
vt 0.507812 0.773438
vt 0.503906 0.773438
vt 0.500000 0.773438
vt 0.515625 0.773438
vt 0.511719 0.773438
vt 0.539062 0.773438
vt 0.535156 0.773438
vt 0.531250 0.773438
vt 0.546875 0.773438
vt 0.542969 0.773438
vt 0.703125 0.500000
vt 0.710938 0.500000
vt 0.718750 0.500000
vt 0.687500 0.500000
vt 0.695312 0.500000
vt 0.734375 0.500000
vt 0.742188 0.500000
vt 0.750000 0.500000
vt 0.726562 0.500000
vt 0.640625 0.500000
vt 0.648438 0.500000
vt 0.656250 0.500000
vt 0.632812 0.500000
vt 0.671875 0.500000
vt 0.679688 0.500000
vt 0.664062 0.500000
vt 0.828125 0.500000
vt 0.835938 0.500000
vt 0.843750 0.500000
vt 0.812500 0.500000
vt 0.820312 0.500000
vt 0.859375 0.500000
vt 0.867188 0.500000
vt 0.875000 0.500000
vt 0.851562 0.500000
vt 0.765625 0.500000
vt 0.773438 0.500000
vt 0.781250 0.500000
vt 0.757812 0.500000
vt 0.796875 0.500000
vt 0.804688 0.500000
vt 0.789062 0.500000
vt 0.609375 0.820312
vt 0.609375 0.828125
vt 0.609375 0.824219
vt 0.609375 0.812500
vt 0.609375 0.816406
vt 0.457031 0.976562
vt 0.441406 0.976562
vt 0.609375 0.320312
vt 0.609375 0.328125
vt 0.609375 0.324219
vt 0.609375 0.312500
vt 0.609375 0.316406
vt 0.457031 0.476562
vt 0.441406 0.476562
vt 0.582031 0.476562
vt 0.566406 0.476562
vt 0.609375 0.445312
vt 0.609375 0.453125
vt 0.609375 0.449219
vt 0.609375 0.437500
vt 0.609375 0.441406
vt 0.582031 0.976562
vt 0.566406 0.976562
vt 0.609375 0.945312
vt 0.609375 0.953125
vt 0.609375 0.949219
vt 0.609375 0.937500
vt 0.609375 0.941406
vt 0.609375 0.960938
vt 0.609375 0.964844
vt 0.609375 0.957031
vt 0.609375 0.460938
vt 0.609375 0.464844
vt 0.609375 0.457031
vt 0.609375 0.308594
vt 0.609375 0.300781
vt 0.609375 0.304688
vt 0.609375 0.277344
vt 0.609375 0.335938
vt 0.609375 0.339844
vt 0.609375 0.332031
vt 0.609375 0.835938
vt 0.609375 0.839844
vt 0.609375 0.832031
vt 0.609375 0.871094
vt 0.527344 0.773438
vt 0.519531 0.773438
vt 0.523438 0.773438
vt 0.464844 0.773438
vt 0.609375 0.777344
vt 0.558594 0.773438
vt 0.457031 0.773438
vt 0.460938 0.773438
vt 0.554688 0.773438
vt 0.550781 0.773438
vt 0.585938 0.773438
vt 0.582031 0.773438
vt 0.589844 0.773438
vt 0.496094 0.773438
vt 0.609375 0.808594
vt 0.488281 0.773438
vt 0.492188 0.773438
vt 0.429688 0.773438
vt 0.425781 0.773438
vt 0.433594 0.773438
vt 0.609375 0.925781
vt 0.609375 0.929688
vt 0.589844 0.273438
vt 0.582031 0.273438
vt 0.585938 0.273438
vt 0.554688 0.273438
vt 0.550781 0.273438
vt 0.558594 0.273438
vt 0.523438 0.273438
vt 0.519531 0.273438
vt 0.527344 0.273438
vt 0.406250 0.332031
vt 0.406250 0.363281
vt 0.429688 0.273438
vt 0.425781 0.273438
vt 0.433594 0.273438
vt 0.406250 0.300781
vt 0.492188 0.273438
vt 0.488281 0.273438
vt 0.496094 0.273438
vt 0.460938 0.273438
vt 0.457031 0.273438
vt 0.464844 0.273438
vt 0.406250 0.457031
vt 0.406250 0.394531
vt 0.406250 0.425781
vt 0.609375 0.398438
vt 0.609375 0.402344
vt 0.609375 0.394531
vt 0.609375 0.371094
vt 0.609375 0.894531
vt 0.609375 0.898438
vt 0.609375 0.902344
vt 0.609375 0.933594
vt 0.609375 0.429688
vt 0.609375 0.433594
vt 0.609375 0.425781
vt 0.609375 0.363281
vt 0.609375 0.367188
vt 0.609375 0.863281
vt 0.609375 0.867188
vt 0.609375 0.804688
vt 0.609375 0.800781
vt 0.605469 0.964844
vt 0.605469 0.968750
vt 0.605469 0.949219
vt 0.605469 0.953125
vt 0.605469 0.839844
vt 0.605469 0.843750
vt 0.605469 0.824219
vt 0.605469 0.828125
vt 0.605469 0.777344
vt 0.605469 0.781250
vt 0.605469 0.902344
vt 0.605469 0.906250
vt 0.605469 0.886719
vt 0.605469 0.890625
vt 0.605469 0.933594
vt 0.605469 0.937500
vt 0.605469 0.917969
vt 0.605469 0.921875
vt 0.605469 0.808594
vt 0.605469 0.812500
vt 0.605469 0.792969
vt 0.605469 0.796875
vt 0.605469 0.871094
vt 0.605469 0.875000
vt 0.605469 0.855469
vt 0.605469 0.859375
vt 0.597656 0.972656
vt 0.601562 0.972656
vt 0.605469 0.972656
vt 0.488281 0.972656
vt 0.492188 0.972656
vt 0.496094 0.972656
vt 0.500000 0.972656
vt 0.472656 0.972656
vt 0.476562 0.972656
vt 0.480469 0.972656
vt 0.484375 0.972656
vt 0.605469 0.847656
vt 0.605469 0.851562
vt 0.605469 0.863281
vt 0.605469 0.867188
vt 0.605469 0.785156
vt 0.605469 0.789062
vt 0.605469 0.800781
vt 0.605469 0.804688
vt 0.425781 0.972656
vt 0.429688 0.972656
vt 0.433594 0.972656
vt 0.437500 0.972656
vt 0.550781 0.972656
vt 0.554688 0.972656
vt 0.558594 0.972656
vt 0.562500 0.972656
vt 0.535156 0.972656
vt 0.539062 0.972656
vt 0.542969 0.972656
vt 0.546875 0.972656
vt 0.605469 0.910156
vt 0.605469 0.914062
vt 0.605469 0.925781
vt 0.605469 0.929688
vt 0.605469 0.878906
vt 0.605469 0.882812
vt 0.605469 0.894531
vt 0.605469 0.898438
vt 0.519531 0.972656
vt 0.523438 0.972656
vt 0.527344 0.972656
vt 0.531250 0.972656
vt 0.503906 0.972656
vt 0.507812 0.972656
vt 0.511719 0.972656
vt 0.515625 0.972656
vt 0.605469 0.816406
vt 0.605469 0.820312
vt 0.605469 0.832031
vt 0.605469 0.835938
vt 0.457031 0.972656
vt 0.460938 0.972656
vt 0.464844 0.972656
vt 0.468750 0.972656
vt 0.441406 0.972656
vt 0.445312 0.972656
vt 0.449219 0.972656
vt 0.453125 0.972656
vt 0.582031 0.972656
vt 0.585938 0.972656
vt 0.589844 0.972656
vt 0.593750 0.972656
vt 0.566406 0.972656
vt 0.570312 0.972656
vt 0.574219 0.972656
vt 0.578125 0.972656
vt 0.605469 0.941406
vt 0.605469 0.945312
vt 0.605469 0.957031
vt 0.605469 0.960938
vt 0.367188 0.742188
vt 0.367188 0.750000
vt 0.242188 0.742188
vt 0.250000 0.742188
vt 0.250000 0.750000
vt 0.242188 0.750000
vt 0.242188 0.617188
vt 0.250000 0.617188
vt 0.250000 0.625000
vt 0.242188 0.625000
vt 0.367188 0.617188
vt 0.367188 0.625000
vt 0.304688 0.617188
vt 0.312500 0.617188
vt 0.312500 0.625000
vt 0.304688 0.625000
vt 0.304688 0.554688
vt 0.312500 0.554688
vt 0.312500 0.562500
vt 0.304688 0.562500
vt 0.367188 0.554688
vt 0.367188 0.562500
vt 0.179688 0.617188
vt 0.187500 0.617188
vt 0.187500 0.625000
vt 0.179688 0.625000
vt 0.179688 0.554688
vt 0.187500 0.554688
vt 0.187500 0.562500
vt 0.179688 0.562500
vt 0.242188 0.554688
vt 0.250000 0.554688
vt 0.250000 0.562500
vt 0.242188 0.562500
vt 0.179688 0.742188
vt 0.187500 0.742188
vt 0.187500 0.750000
vt 0.179688 0.750000
vt 0.179688 0.679688
vt 0.187500 0.679688
vt 0.187500 0.687500
vt 0.179688 0.687500
vt 0.242188 0.679688
vt 0.250000 0.679688
vt 0.250000 0.687500
vt 0.242188 0.687500
vt 0.304688 0.742188
vt 0.312500 0.742188
vt 0.312500 0.750000
vt 0.304688 0.750000
vt 0.304688 0.679688
vt 0.312500 0.679688
vt 0.312500 0.687500
vt 0.304688 0.687500
vt 0.367188 0.679688
vt 0.367188 0.687500
vt 0.335938 0.679688
vt 0.343750 0.679688
vt 0.343750 0.687500
vt 0.335938 0.687500
vt 0.335938 0.648438
vt 0.343750 0.648438
vt 0.343750 0.656250
vt 0.335938 0.656250
vt 0.367188 0.648438
vt 0.367188 0.656250
vt 0.273438 0.679688
vt 0.281250 0.679688
vt 0.281250 0.687500
vt 0.273438 0.687500
vt 0.273438 0.648438
vt 0.281250 0.648438
vt 0.281250 0.656250
vt 0.273438 0.656250
vt 0.304688 0.648438
vt 0.312500 0.648438
vt 0.312500 0.656250
vt 0.304688 0.656250
vt 0.273438 0.742188
vt 0.281250 0.742188
vt 0.281250 0.750000
vt 0.273438 0.750000
vt 0.273438 0.710938
vt 0.281250 0.710938
vt 0.281250 0.718750
vt 0.273438 0.718750
vt 0.304688 0.710938
vt 0.312500 0.710938
vt 0.312500 0.718750
vt 0.304688 0.718750
vt 0.210938 0.679688
vt 0.218750 0.679688
vt 0.218750 0.687500
vt 0.210938 0.687500
vt 0.210938 0.648438
vt 0.218750 0.648438
vt 0.218750 0.656250
vt 0.210938 0.656250
vt 0.242188 0.648438
vt 0.250000 0.648438
vt 0.250000 0.656250
vt 0.242188 0.656250
vt 0.148438 0.679688
vt 0.156250 0.679688
vt 0.156250 0.687500
vt 0.148438 0.687500
vt 0.148438 0.648438
vt 0.156250 0.648438
vt 0.156250 0.656250
vt 0.148438 0.656250
vt 0.179688 0.648438
vt 0.187500 0.648438
vt 0.187500 0.656250
vt 0.179688 0.656250
vt 0.148438 0.742188
vt 0.156250 0.742188
vt 0.156250 0.750000
vt 0.148438 0.750000
vt 0.148438 0.710938
vt 0.156250 0.710938
vt 0.156250 0.718750
vt 0.148438 0.718750
vt 0.179688 0.710938
vt 0.187500 0.710938
vt 0.187500 0.718750
vt 0.179688 0.718750
vt 0.210938 0.554688
vt 0.218750 0.554688
vt 0.218750 0.562500
vt 0.210938 0.562500
vt 0.210938 0.523438
vt 0.218750 0.523438
vt 0.218750 0.531250
vt 0.210938 0.531250
vt 0.242188 0.523438
vt 0.250000 0.523438
vt 0.250000 0.531250
vt 0.242188 0.531250
vt 0.148438 0.554688
vt 0.156250 0.554688
vt 0.156250 0.562500
vt 0.148438 0.562500
vt 0.148438 0.523438
vt 0.156250 0.523438
vt 0.156250 0.531250
vt 0.148438 0.531250
vt 0.179688 0.523438
vt 0.187500 0.523438
vt 0.187500 0.531250
vt 0.179688 0.531250
vt 0.148438 0.617188
vt 0.156250 0.617188
vt 0.156250 0.625000
vt 0.148438 0.625000
vt 0.148438 0.585938
vt 0.156250 0.585938
vt 0.156250 0.593750
vt 0.148438 0.593750
vt 0.179688 0.585938
vt 0.187500 0.585938
vt 0.187500 0.593750
vt 0.179688 0.593750
vt 0.335938 0.554688
vt 0.343750 0.554688
vt 0.343750 0.562500
vt 0.335938 0.562500
vt 0.335938 0.523438
vt 0.343750 0.523438
vt 0.343750 0.531250
vt 0.335938 0.531250
vt 0.367188 0.523438
vt 0.367188 0.531250
vt 0.273438 0.554688
vt 0.281250 0.554688
vt 0.281250 0.562500
vt 0.273438 0.562500
vt 0.273438 0.523438
vt 0.281250 0.523438
vt 0.281250 0.531250
vt 0.273438 0.531250
vt 0.304688 0.523438
vt 0.312500 0.523438
vt 0.312500 0.531250
vt 0.304688 0.531250
vt 0.273438 0.617188
vt 0.281250 0.617188
vt 0.281250 0.625000
vt 0.273438 0.625000
vt 0.273438 0.585938
vt 0.281250 0.585938
vt 0.281250 0.593750
vt 0.273438 0.593750
vt 0.304688 0.585938
vt 0.312500 0.585938
vt 0.312500 0.593750
vt 0.304688 0.593750
vt 0.335938 0.617188
vt 0.343750 0.617188
vt 0.343750 0.625000
vt 0.335938 0.625000
vt 0.335938 0.585938
vt 0.343750 0.585938
vt 0.343750 0.593750
vt 0.335938 0.593750
vt 0.367188 0.585938
vt 0.367188 0.593750
vt 0.210938 0.617188
vt 0.218750 0.617188
vt 0.218750 0.625000
vt 0.210938 0.625000
vt 0.210938 0.585938
vt 0.218750 0.585938
vt 0.218750 0.593750
vt 0.210938 0.593750
vt 0.242188 0.585938
vt 0.250000 0.585938
vt 0.250000 0.593750
vt 0.242188 0.593750
vt 0.210938 0.742188
vt 0.218750 0.742188
vt 0.218750 0.750000
vt 0.210938 0.750000
vt 0.210938 0.710938
vt 0.218750 0.710938
vt 0.218750 0.718750
vt 0.210938 0.718750
vt 0.242188 0.710938
vt 0.250000 0.710938
vt 0.250000 0.718750
vt 0.242188 0.718750
vt 0.335938 0.742188
vt 0.343750 0.742188
vt 0.343750 0.750000
vt 0.335938 0.750000
vt 0.335938 0.710938
vt 0.343750 0.710938
vt 0.343750 0.718750
vt 0.335938 0.718750
vt 0.367188 0.710938
vt 0.367188 0.718750
vt 0.351562 0.710938
vt 0.359375 0.710938
vt 0.359375 0.718750
vt 0.351562 0.718750
vt 0.351562 0.695312
vt 0.359375 0.695312
vt 0.359375 0.703125
vt 0.351562 0.703125
vt 0.367188 0.695312
vt 0.367188 0.703125
vt 0.320312 0.710938
vt 0.328125 0.710938
vt 0.328125 0.718750
vt 0.320312 0.718750
vt 0.320312 0.695312
vt 0.328125 0.695312
vt 0.328125 0.703125
vt 0.320312 0.703125
vt 0.335938 0.695312
vt 0.343750 0.695312
vt 0.343750 0.703125
vt 0.335938 0.703125
vt 0.320312 0.742188
vt 0.328125 0.742188
vt 0.328125 0.750000
vt 0.320312 0.750000
vt 0.320312 0.726562
vt 0.328125 0.726562
vt 0.328125 0.734375
vt 0.320312 0.734375
vt 0.335938 0.726562
vt 0.343750 0.726562
vt 0.343750 0.734375
vt 0.335938 0.734375
vt 0.226562 0.710938
vt 0.234375 0.710938
vt 0.234375 0.718750
vt 0.226562 0.718750
vt 0.226562 0.695312
vt 0.234375 0.695312
vt 0.234375 0.703125
vt 0.226562 0.703125
vt 0.242188 0.695312
vt 0.250000 0.695312
vt 0.250000 0.703125
vt 0.242188 0.703125
vt 0.195312 0.710938
vt 0.203125 0.710938
vt 0.203125 0.718750
vt 0.195312 0.718750
vt 0.195312 0.695312
vt 0.203125 0.695312
vt 0.203125 0.703125
vt 0.195312 0.703125
vt 0.210938 0.695312
vt 0.218750 0.695312
vt 0.218750 0.703125
vt 0.210938 0.703125
vt 0.195312 0.742188
vt 0.203125 0.742188
vt 0.203125 0.750000
vt 0.195312 0.750000
vt 0.195312 0.726562
vt 0.203125 0.726562
vt 0.203125 0.734375
vt 0.195312 0.734375
vt 0.210938 0.726562
vt 0.218750 0.726562
vt 0.218750 0.734375
vt 0.210938 0.734375
vt 0.226562 0.585938
vt 0.234375 0.585938
vt 0.234375 0.593750
vt 0.226562 0.593750
vt 0.226562 0.570312
vt 0.234375 0.570312
vt 0.234375 0.578125
vt 0.226562 0.578125
vt 0.242188 0.570312
vt 0.250000 0.570312
vt 0.250000 0.578125
vt 0.242188 0.578125
vt 0.195312 0.585938
vt 0.203125 0.585938
vt 0.203125 0.593750
vt 0.195312 0.593750
vt 0.195312 0.570312
vt 0.203125 0.570312
vt 0.203125 0.578125
vt 0.195312 0.578125
vt 0.210938 0.570312
vt 0.218750 0.570312
vt 0.218750 0.578125
vt 0.210938 0.578125
vt 0.195312 0.617188
vt 0.203125 0.617188
vt 0.203125 0.625000
vt 0.195312 0.625000
vt 0.195312 0.601562
vt 0.203125 0.601562
vt 0.203125 0.609375
vt 0.195312 0.609375
vt 0.210938 0.601562
vt 0.218750 0.601562
vt 0.218750 0.609375
vt 0.210938 0.609375
vt 0.351562 0.585938
vt 0.359375 0.585938
vt 0.359375 0.593750
vt 0.351562 0.593750
vt 0.351562 0.570312
vt 0.359375 0.570312
vt 0.359375 0.578125
vt 0.351562 0.578125
vt 0.367188 0.570312
vt 0.367188 0.578125
vt 0.320312 0.585938
vt 0.328125 0.585938
vt 0.328125 0.593750
vt 0.320312 0.593750
vt 0.320312 0.570312
vt 0.328125 0.570312
vt 0.328125 0.578125
vt 0.320312 0.578125
vt 0.335938 0.570312
vt 0.343750 0.570312
vt 0.343750 0.578125
vt 0.335938 0.578125
vt 0.320312 0.617188
vt 0.328125 0.617188
vt 0.328125 0.625000
vt 0.320312 0.625000
vt 0.320312 0.601562
vt 0.328125 0.601562
vt 0.328125 0.609375
vt 0.320312 0.609375
vt 0.335938 0.601562
vt 0.343750 0.601562
vt 0.343750 0.609375
vt 0.335938 0.609375
vt 0.289062 0.585938
vt 0.296875 0.585938
vt 0.296875 0.593750
vt 0.289062 0.593750
vt 0.289062 0.570312
vt 0.296875 0.570312
vt 0.296875 0.578125
vt 0.289062 0.578125
vt 0.304688 0.570312
vt 0.312500 0.570312
vt 0.312500 0.578125
vt 0.304688 0.578125
vt 0.257812 0.585938
vt 0.265625 0.585938
vt 0.265625 0.593750
vt 0.257812 0.593750
vt 0.257812 0.570312
vt 0.265625 0.570312
vt 0.265625 0.578125
vt 0.257812 0.578125
vt 0.273438 0.570312
vt 0.281250 0.570312
vt 0.281250 0.578125
vt 0.273438 0.578125
vt 0.257812 0.617188
vt 0.265625 0.617188
vt 0.265625 0.625000
vt 0.257812 0.625000
vt 0.257812 0.601562
vt 0.265625 0.601562
vt 0.265625 0.609375
vt 0.257812 0.609375
vt 0.273438 0.601562
vt 0.281250 0.601562
vt 0.281250 0.609375
vt 0.273438 0.609375
vt 0.289062 0.523438
vt 0.296875 0.523438
vt 0.296875 0.531250
vt 0.289062 0.531250
vt 0.289062 0.507812
vt 0.296875 0.507812
vt 0.296875 0.515625
vt 0.289062 0.515625
vt 0.304688 0.507812
vt 0.312500 0.507812
vt 0.312500 0.515625
vt 0.304688 0.515625
vt 0.257812 0.523438
vt 0.265625 0.523438
vt 0.265625 0.531250
vt 0.257812 0.531250
vt 0.257812 0.507812
vt 0.265625 0.507812
vt 0.265625 0.515625
vt 0.257812 0.515625
vt 0.273438 0.507812
vt 0.281250 0.507812
vt 0.281250 0.515625
vt 0.273438 0.515625
vt 0.257812 0.554688
vt 0.265625 0.554688
vt 0.265625 0.562500
vt 0.257812 0.562500
vt 0.257812 0.539062
vt 0.265625 0.539062
vt 0.265625 0.546875
vt 0.257812 0.546875
vt 0.273438 0.539062
vt 0.281250 0.539062
vt 0.281250 0.546875
vt 0.273438 0.546875
vt 0.351562 0.523438
vt 0.359375 0.523438
vt 0.359375 0.531250
vt 0.351562 0.531250
vt 0.351562 0.507812
vt 0.359375 0.507812
vt 0.359375 0.515625
vt 0.351562 0.515625
vt 0.367188 0.507812
vt 0.367188 0.515625
vt 0.320312 0.523438
vt 0.328125 0.523438
vt 0.328125 0.531250
vt 0.320312 0.531250
vt 0.320312 0.507812
vt 0.328125 0.507812
vt 0.328125 0.515625
vt 0.320312 0.515625
vt 0.335938 0.507812
vt 0.343750 0.507812
vt 0.343750 0.515625
vt 0.335938 0.515625
vt 0.320312 0.554688
vt 0.328125 0.554688
vt 0.328125 0.562500
vt 0.320312 0.562500
vt 0.320312 0.539062
vt 0.328125 0.539062
vt 0.328125 0.546875
vt 0.320312 0.546875
vt 0.335938 0.539062
vt 0.343750 0.539062
vt 0.343750 0.546875
vt 0.335938 0.546875
vt 0.164062 0.585938
vt 0.171875 0.585938
vt 0.171875 0.593750
vt 0.164062 0.593750
vt 0.164062 0.570312
vt 0.171875 0.570312
vt 0.171875 0.578125
vt 0.164062 0.578125
vt 0.179688 0.570312
vt 0.187500 0.570312
vt 0.187500 0.578125
vt 0.179688 0.578125
vt 0.132812 0.585938
vt 0.140625 0.585938
vt 0.140625 0.593750
vt 0.132812 0.593750
vt 0.132812 0.570312
vt 0.140625 0.570312
vt 0.140625 0.578125
vt 0.132812 0.578125
vt 0.148438 0.570312
vt 0.156250 0.570312
vt 0.156250 0.578125
vt 0.148438 0.578125
vt 0.132812 0.617188
vt 0.140625 0.617188
vt 0.140625 0.625000
vt 0.132812 0.625000
vt 0.132812 0.601562
vt 0.140625 0.601562
vt 0.140625 0.609375
vt 0.132812 0.609375
vt 0.148438 0.601562
vt 0.156250 0.601562
vt 0.156250 0.609375
vt 0.148438 0.609375
vt 0.164062 0.523438
vt 0.171875 0.523438
vt 0.171875 0.531250
vt 0.164062 0.531250
vt 0.164062 0.507812
vt 0.171875 0.507812
vt 0.171875 0.515625
vt 0.164062 0.515625
vt 0.179688 0.507812
vt 0.187500 0.507812
vt 0.187500 0.515625
vt 0.179688 0.515625
vt 0.132812 0.523438
vt 0.140625 0.523438
vt 0.140625 0.531250
vt 0.132812 0.531250
vt 0.132812 0.507812
vt 0.140625 0.507812
vt 0.140625 0.515625
vt 0.132812 0.515625
vt 0.148438 0.507812
vt 0.156250 0.507812
vt 0.156250 0.515625
vt 0.148438 0.515625
vt 0.132812 0.554688
vt 0.140625 0.554688
vt 0.140625 0.562500
vt 0.132812 0.562500
vt 0.132812 0.539062
vt 0.140625 0.539062
vt 0.140625 0.546875
vt 0.132812 0.546875
vt 0.148438 0.539062
vt 0.156250 0.539062
vt 0.156250 0.546875
vt 0.148438 0.546875
vt 0.226562 0.523438
vt 0.234375 0.523438
vt 0.234375 0.531250
vt 0.226562 0.531250
vt 0.226562 0.507812
vt 0.234375 0.507812
vt 0.234375 0.515625
vt 0.226562 0.515625
vt 0.242188 0.507812
vt 0.250000 0.507812
vt 0.250000 0.515625
vt 0.242188 0.515625
vt 0.195312 0.523438
vt 0.203125 0.523438
vt 0.203125 0.531250
vt 0.195312 0.531250
vt 0.195312 0.507812
vt 0.203125 0.507812
vt 0.203125 0.515625
vt 0.195312 0.515625
vt 0.210938 0.507812
vt 0.218750 0.507812
vt 0.218750 0.515625
vt 0.210938 0.515625
vt 0.195312 0.554688
vt 0.203125 0.554688
vt 0.203125 0.562500
vt 0.195312 0.562500
vt 0.195312 0.539062
vt 0.203125 0.539062
vt 0.203125 0.546875
vt 0.195312 0.546875
vt 0.210938 0.539062
vt 0.218750 0.539062
vt 0.218750 0.546875
vt 0.210938 0.546875
vt 0.164062 0.710938
vt 0.171875 0.710938
vt 0.171875 0.718750
vt 0.164062 0.718750
vt 0.164062 0.695312
vt 0.171875 0.695312
vt 0.171875 0.703125
vt 0.164062 0.703125
vt 0.179688 0.695312
vt 0.187500 0.695312
vt 0.187500 0.703125
vt 0.179688 0.703125
vt 0.132812 0.710938
vt 0.140625 0.710938
vt 0.140625 0.718750
vt 0.132812 0.718750
vt 0.132812 0.695312
vt 0.140625 0.695312
vt 0.140625 0.703125
vt 0.132812 0.703125
vt 0.148438 0.695312
vt 0.156250 0.695312
vt 0.156250 0.703125
vt 0.148438 0.703125
vt 0.132812 0.742188
vt 0.140625 0.742188
vt 0.140625 0.750000
vt 0.132812 0.750000
vt 0.132812 0.726562
vt 0.140625 0.726562
vt 0.140625 0.734375
vt 0.132812 0.734375
vt 0.148438 0.726562
vt 0.156250 0.726562
vt 0.156250 0.734375
vt 0.148438 0.734375
vt 0.164062 0.648438
vt 0.171875 0.648438
vt 0.171875 0.656250
vt 0.164062 0.656250
vt 0.164062 0.632812
vt 0.171875 0.632812
vt 0.171875 0.640625
vt 0.164062 0.640625
vt 0.179688 0.632812
vt 0.187500 0.632812
vt 0.187500 0.640625
vt 0.179688 0.640625
vt 0.132812 0.648438
vt 0.140625 0.648438
vt 0.140625 0.656250
vt 0.132812 0.656250
vt 0.132812 0.632812
vt 0.140625 0.632812
vt 0.140625 0.640625
vt 0.132812 0.640625
vt 0.148438 0.632812
vt 0.156250 0.632812
vt 0.156250 0.640625
vt 0.148438 0.640625
vt 0.132812 0.679688
vt 0.140625 0.679688
vt 0.140625 0.687500
vt 0.132812 0.687500
vt 0.132812 0.664062
vt 0.140625 0.664062
vt 0.140625 0.671875
vt 0.132812 0.671875
vt 0.148438 0.664062
vt 0.156250 0.664062
vt 0.156250 0.671875
vt 0.148438 0.671875
vt 0.226562 0.648438
vt 0.234375 0.648438
vt 0.234375 0.656250
vt 0.226562 0.656250
vt 0.226562 0.632812
vt 0.234375 0.632812
vt 0.234375 0.640625
vt 0.226562 0.640625
vt 0.242188 0.632812
vt 0.250000 0.632812
vt 0.250000 0.640625
vt 0.242188 0.640625
vt 0.195312 0.648438
vt 0.203125 0.648438
vt 0.203125 0.656250
vt 0.195312 0.656250
vt 0.195312 0.632812
vt 0.203125 0.632812
vt 0.203125 0.640625
vt 0.195312 0.640625
vt 0.210938 0.632812
vt 0.218750 0.632812
vt 0.218750 0.640625
vt 0.210938 0.640625
vt 0.195312 0.679688
vt 0.203125 0.679688
vt 0.203125 0.687500
vt 0.195312 0.687500
vt 0.195312 0.664062
vt 0.203125 0.664062
vt 0.203125 0.671875
vt 0.195312 0.671875
vt 0.210938 0.664062
vt 0.218750 0.664062
vt 0.218750 0.671875
vt 0.210938 0.671875
vt 0.289062 0.710938
vt 0.296875 0.710938
vt 0.296875 0.718750
vt 0.289062 0.718750
vt 0.289062 0.695312
vt 0.296875 0.695312
vt 0.296875 0.703125
vt 0.289062 0.703125
vt 0.304688 0.695312
vt 0.312500 0.695312
vt 0.312500 0.703125
vt 0.304688 0.703125
vt 0.257812 0.710938
vt 0.265625 0.710938
vt 0.265625 0.718750
vt 0.257812 0.718750
vt 0.257812 0.695312
vt 0.265625 0.695312
vt 0.265625 0.703125
vt 0.257812 0.703125
vt 0.273438 0.695312
vt 0.281250 0.695312
vt 0.281250 0.703125
vt 0.273438 0.703125
vt 0.257812 0.742188
vt 0.265625 0.742188
vt 0.265625 0.750000
vt 0.257812 0.750000
vt 0.257812 0.726562
vt 0.265625 0.726562
vt 0.265625 0.734375
vt 0.257812 0.734375
vt 0.273438 0.726562
vt 0.281250 0.726562
vt 0.281250 0.734375
vt 0.273438 0.734375
vt 0.289062 0.648438
vt 0.296875 0.648438
vt 0.296875 0.656250
vt 0.289062 0.656250
vt 0.289062 0.632812
vt 0.296875 0.632812
vt 0.296875 0.640625
vt 0.289062 0.640625
vt 0.304688 0.632812
vt 0.312500 0.632812
vt 0.312500 0.640625
vt 0.304688 0.640625
vt 0.257812 0.648438
vt 0.265625 0.648438
vt 0.265625 0.656250
vt 0.257812 0.656250
vt 0.257812 0.632812
vt 0.265625 0.632812
vt 0.265625 0.640625
vt 0.257812 0.640625
vt 0.273438 0.632812
vt 0.281250 0.632812
vt 0.281250 0.640625
vt 0.273438 0.640625
vt 0.257812 0.679688
vt 0.265625 0.679688
vt 0.265625 0.687500
vt 0.257812 0.687500
vt 0.257812 0.664062
vt 0.265625 0.664062
vt 0.265625 0.671875
vt 0.257812 0.671875
vt 0.273438 0.664062
vt 0.281250 0.664062
vt 0.281250 0.671875
vt 0.273438 0.671875
vt 0.351562 0.648438
vt 0.359375 0.648438
vt 0.359375 0.656250
vt 0.351562 0.656250
vt 0.351562 0.632812
vt 0.359375 0.632812
vt 0.359375 0.640625
vt 0.351562 0.640625
vt 0.367188 0.632812
vt 0.367188 0.640625
vt 0.320312 0.648438
vt 0.328125 0.648438
vt 0.328125 0.656250
vt 0.320312 0.656250
vt 0.320312 0.632812
vt 0.328125 0.632812
vt 0.328125 0.640625
vt 0.320312 0.640625
vt 0.335938 0.632812
vt 0.343750 0.632812
vt 0.343750 0.640625
vt 0.335938 0.640625
vt 0.320312 0.679688
vt 0.328125 0.679688
vt 0.328125 0.687500
vt 0.320312 0.687500
vt 0.320312 0.664062
vt 0.328125 0.664062
vt 0.328125 0.671875
vt 0.320312 0.671875
vt 0.335938 0.664062
vt 0.343750 0.664062
vt 0.343750 0.671875
vt 0.335938 0.671875
vt 0.351562 0.679688
vt 0.359375 0.679688
vt 0.359375 0.687500
vt 0.351562 0.687500
vt 0.351562 0.664062
vt 0.359375 0.664062
vt 0.359375 0.671875
vt 0.351562 0.671875
vt 0.367188 0.664062
vt 0.367188 0.671875
vt 0.289062 0.679688
vt 0.296875 0.679688
vt 0.296875 0.687500
vt 0.289062 0.687500
vt 0.289062 0.664062
vt 0.296875 0.664062
vt 0.296875 0.671875
vt 0.289062 0.671875
vt 0.304688 0.664062
vt 0.312500 0.664062
vt 0.312500 0.671875
vt 0.304688 0.671875
vt 0.289062 0.742188
vt 0.296875 0.742188
vt 0.296875 0.750000
vt 0.289062 0.750000
vt 0.289062 0.726562
vt 0.296875 0.726562
vt 0.296875 0.734375
vt 0.289062 0.734375
vt 0.304688 0.726562
vt 0.312500 0.726562
vt 0.312500 0.734375
vt 0.304688 0.734375
vt 0.226562 0.679688
vt 0.234375 0.679688
vt 0.234375 0.687500
vt 0.226562 0.687500
vt 0.226562 0.664062
vt 0.234375 0.664062
vt 0.234375 0.671875
vt 0.226562 0.671875
vt 0.242188 0.664062
vt 0.250000 0.664062
vt 0.250000 0.671875
vt 0.242188 0.671875
vt 0.164062 0.679688
vt 0.171875 0.679688
vt 0.171875 0.687500
vt 0.164062 0.687500
vt 0.164062 0.664062
vt 0.171875 0.664062
vt 0.171875 0.671875
vt 0.164062 0.671875
vt 0.179688 0.664062
vt 0.187500 0.664062
vt 0.187500 0.671875
vt 0.179688 0.671875
vt 0.164062 0.742188
vt 0.171875 0.742188
vt 0.171875 0.750000
vt 0.164062 0.750000
vt 0.164062 0.726562
vt 0.171875 0.726562
vt 0.171875 0.734375
vt 0.164062 0.734375
vt 0.179688 0.726562
vt 0.187500 0.726562
vt 0.187500 0.734375
vt 0.179688 0.734375
vt 0.226562 0.554688
vt 0.234375 0.554688
vt 0.234375 0.562500
vt 0.226562 0.562500
vt 0.226562 0.539062
vt 0.234375 0.539062
vt 0.234375 0.546875
vt 0.226562 0.546875
vt 0.242188 0.539062
vt 0.250000 0.539062
vt 0.250000 0.546875
vt 0.242188 0.546875
vt 0.164062 0.554688
vt 0.171875 0.554688
vt 0.171875 0.562500
vt 0.164062 0.562500
vt 0.164062 0.539062
vt 0.171875 0.539062
vt 0.171875 0.546875
vt 0.164062 0.546875
vt 0.179688 0.539062
vt 0.187500 0.539062
vt 0.187500 0.546875
vt 0.179688 0.546875
vt 0.164062 0.617188
vt 0.171875 0.617188
vt 0.171875 0.625000
vt 0.164062 0.625000
vt 0.164062 0.601562
vt 0.171875 0.601562
vt 0.171875 0.609375
vt 0.164062 0.609375
vt 0.179688 0.601562
vt 0.187500 0.601562
vt 0.187500 0.609375
vt 0.179688 0.609375
vt 0.351562 0.554688
vt 0.359375 0.554688
vt 0.359375 0.562500
vt 0.351562 0.562500
vt 0.351562 0.539062
vt 0.359375 0.539062
vt 0.359375 0.546875
vt 0.351562 0.546875
vt 0.367188 0.539062
vt 0.367188 0.546875
vt 0.289062 0.554688
vt 0.296875 0.554688
vt 0.296875 0.562500
vt 0.289062 0.562500
vt 0.289062 0.539062
vt 0.296875 0.539062
vt 0.296875 0.546875
vt 0.289062 0.546875
vt 0.304688 0.539062
vt 0.312500 0.539062
vt 0.312500 0.546875
vt 0.304688 0.546875
vt 0.289062 0.617188
vt 0.296875 0.617188
vt 0.296875 0.625000
vt 0.289062 0.625000
vt 0.289062 0.601562
vt 0.296875 0.601562
vt 0.296875 0.609375
vt 0.289062 0.609375
vt 0.304688 0.601562
vt 0.312500 0.601562
vt 0.312500 0.609375
vt 0.304688 0.609375
vt 0.351562 0.617188
vt 0.359375 0.617188
vt 0.359375 0.625000
vt 0.351562 0.625000
vt 0.351562 0.601562
vt 0.359375 0.601562
vt 0.359375 0.609375
vt 0.351562 0.609375
vt 0.367188 0.601562
vt 0.367188 0.609375
vt 0.226562 0.617188
vt 0.234375 0.617188
vt 0.234375 0.625000
vt 0.226562 0.625000
vt 0.226562 0.601562
vt 0.234375 0.601562
vt 0.234375 0.609375
vt 0.226562 0.609375
vt 0.242188 0.601562
vt 0.250000 0.601562
vt 0.250000 0.609375
vt 0.242188 0.609375
vt 0.226562 0.742188
vt 0.234375 0.742188
vt 0.234375 0.750000
vt 0.226562 0.750000
vt 0.226562 0.726562
vt 0.234375 0.726562
vt 0.234375 0.734375
vt 0.226562 0.734375
vt 0.242188 0.726562
vt 0.250000 0.726562
vt 0.250000 0.734375
vt 0.242188 0.734375
vt 0.351562 0.742188
vt 0.359375 0.742188
vt 0.359375 0.750000
vt 0.351562 0.750000
vt 0.351562 0.726562
vt 0.359375 0.726562
vt 0.359375 0.734375
vt 0.351562 0.734375
vt 0.367188 0.726562
vt 0.367188 0.734375
vt 0.125000 0.664062
vt 0.125000 0.671875
vt 0.125000 0.656250
vt 0.125000 0.679688
vt 0.125000 0.687500
vt 0.125000 0.632812
vt 0.125000 0.640625
vt 0.125000 0.625000
vt 0.125000 0.648438
vt 0.125000 0.726562
vt 0.125000 0.734375
vt 0.125000 0.718750
vt 0.125000 0.742188
vt 0.125000 0.750000
vt 0.125000 0.695312
vt 0.125000 0.703125
vt 0.125000 0.710938
vt 0.203125 0.500000
vt 0.210938 0.500000
vt 0.218750 0.500000
vt 0.187500 0.500000
vt 0.195312 0.500000
vt 0.234375 0.500000
vt 0.242188 0.500000
vt 0.250000 0.500000
vt 0.226562 0.500000
vt 0.125000 0.539062
vt 0.125000 0.546875
vt 0.125000 0.531250
vt 0.125000 0.554688
vt 0.125000 0.562500
vt 0.140625 0.500000
vt 0.148438 0.500000
vt 0.156250 0.500000
vt 0.125000 0.507812
vt 0.125000 0.515625
vt 0.125000 0.500000
vt 0.132812 0.500000
vt 0.125000 0.523438
vt 0.171875 0.500000
vt 0.179688 0.500000
vt 0.164062 0.500000
vt 0.125000 0.601562
vt 0.125000 0.609375
vt 0.125000 0.593750
vt 0.125000 0.617188
vt 0.125000 0.570312
vt 0.125000 0.578125
vt 0.125000 0.585938
vt 0.328125 0.500000
vt 0.335938 0.500000
vt 0.343750 0.500000
vt 0.312500 0.500000
vt 0.320312 0.500000
vt 0.359375 0.500000
vt 0.367188 0.500000
vt 0.351562 0.500000
vt 0.265625 0.500000
vt 0.273438 0.500000
vt 0.281250 0.500000
vt 0.257812 0.500000
vt 0.296875 0.500000
vt 0.304688 0.500000
vt 0.289062 0.500000
vt 0.425781 0.863281
vt 0.425781 0.867188
vt 0.425781 0.859375
vt 0.425781 0.871094
vt 0.425781 0.875000
vt 0.425781 0.800781
vt 0.425781 0.804688
vt 0.425781 0.796875
vt 0.425781 0.808594
vt 0.425781 0.812500
vt 0.425781 0.925781
vt 0.425781 0.929688
vt 0.425781 0.921875
vt 0.425781 0.933594
vt 0.425781 0.937500
vt 0.425781 0.894531
vt 0.425781 0.898438
vt 0.425781 0.890625
vt 0.425781 0.902344
vt 0.425781 0.906250
vt 0.425781 0.957031
vt 0.425781 0.960938
vt 0.425781 0.953125
vt 0.425781 0.964844
vt 0.425781 0.968750
vt 0.457031 0.777344
vt 0.453125 0.777344
vt 0.460938 0.777344
vt 0.488281 0.777344
vt 0.484375 0.777344
vt 0.492188 0.777344
vt 0.425781 0.777344
vt 0.425781 0.781250
vt 0.429688 0.777344
vt 0.425781 0.832031
vt 0.425781 0.835938
vt 0.425781 0.828125
vt 0.425781 0.839844
vt 0.425781 0.843750
vt 0.582031 0.777344
vt 0.578125 0.777344
vt 0.585938 0.777344
vt 0.519531 0.777344
vt 0.515625 0.777344
vt 0.523438 0.777344
vt 0.550781 0.777344
vt 0.546875 0.777344
vt 0.554688 0.777344
vt 0.535156 0.777344
vt 0.531250 0.777344
vt 0.539062 0.777344
vt 0.503906 0.777344
vt 0.500000 0.777344
vt 0.507812 0.777344
vt 0.597656 0.777344
vt 0.593750 0.777344
vt 0.601562 0.777344
vt 0.566406 0.777344
vt 0.562500 0.777344
vt 0.570312 0.777344
vt 0.425781 0.816406
vt 0.425781 0.820312
vt 0.425781 0.824219
vt 0.472656 0.777344
vt 0.468750 0.777344
vt 0.476562 0.777344
vt 0.441406 0.777344
vt 0.437500 0.777344
vt 0.445312 0.777344
vt 0.425781 0.941406
vt 0.425781 0.945312
vt 0.425781 0.949219
vt 0.425781 0.878906
vt 0.425781 0.882812
vt 0.425781 0.886719
vt 0.425781 0.910156
vt 0.425781 0.914062
vt 0.425781 0.917969
vt 0.425781 0.785156
vt 0.425781 0.789062
vt 0.425781 0.792969
vt 0.425781 0.847656
vt 0.425781 0.851562
vt 0.425781 0.855469
vt 0.449219 0.777344
vt 0.480469 0.777344
vt 0.574219 0.777344
vt 0.511719 0.777344
vt 0.542969 0.777344
vt 0.558594 0.777344
vt 0.527344 0.777344
vt 0.589844 0.777344
vt 0.433594 0.777344
vt 0.496094 0.777344
vt 0.464844 0.777344
vt 0.000000 0.000000
s 0
usemtl Material
f 3985/1/1 1697/2/1 7/3/1 1021/4/1
f 3984/5/2 1021/6/2 7/7/2 1018/8/2
f 3983/9/3 1024/10/3 5/11/3 1693/12/3
f 3982/13/4 1022/14/4 3/15/4 1692/16/4
f 3981/17/5 1025/18/5 1/19/5 1690/20/5
f 3980/21/5 1039/22/5 11/23/5 1678/24/5
f 3979/25/5 1037/26/5 19/27/5 1701/28/5
f 3978/29/4 1041/30/4 13/31/4 1680/32/4
f 3977/33/4 1042/34/4 21/35/4 1704/36/4
f 3976/37/4 1034/38/4 16/39/4 1705/40/4
f 3975/41/3 1045/42/3 14/43/3 1681/44/3
f 3974/45/3 1046/46/3 22/47/3 1708/48/3
f 3973/49/3 1036/50/3 18/51/3 1709/52/3
f 3972/53/2 1049/54/2 12/55/2 1030/56/2
f 3971/57/2 1033/58/2 15/59/2 1711/60/2
f 3970/61/1 1051/62/1 15/63/1 1033/64/1
f 3969/65/1 1052/66/1 23/67/1 1714/68/1
f 3968/69/1 1685/70/1 18/71/1 1715/72/1
f 3967/73/1 1091/74/1 59/75/1 1675/76/1
f 3966/77/1 1092/78/1 60/79/1 1718/80/1
f 3965/81/1 1649/82/1 33/83/1 1719/84/1
f 3964/85/1 1095/86/1 58/87/1 1674/88/1
f 3963/89/1 1096/90/1 61/91/1 1722/92/1
f 3962/93/1 1088/94/1 57/95/1 1723/96/1
f 3961/97/1 1099/98/1 42/99/1 1073/100/1
f 3960/101/1 1100/102/1 62/103/1 1726/104/1
f 3959/105/1 1087/106/1 56/107/1 1727/108/1
f 3958/109/2 1073/110/2 42/111/2 1729/112/2
f 3957/113/2 1104/114/2 39/115/2 1070/116/2
f 3956/117/3 1106/118/3 55/119/3 1671/120/3
f 3955/121/3 1107/122/3 63/123/3 1733/124/3
f 3954/125/3 1076/126/3 45/127/3 1734/128/3
f 3953/129/3 1110/130/3 54/131/3 1670/132/3
f 3952/133/3 1111/134/3 64/135/3 1737/136/3
f 3951/137/3 1084/138/3 53/139/3 1738/140/3
f 3950/141/3 1114/142/3 29/143/3 1645/144/3
f 3949/145/3 1115/146/3 65/147/3 1741/148/3
f 3948/149/3 1083/150/3 52/151/3 1742/152/3
f 3947/153/4 1118/154/4 51/155/4 1667/156/4
f 3946/157/4 1119/158/4 66/159/4 1745/160/4
f 3945/161/4 1074/162/4 43/163/4 1746/164/4
f 3944/165/4 1122/166/4 50/167/4 1666/168/4
f 3943/169/4 1123/170/4 67/171/4 1749/172/4
f 3942/173/4 1080/174/4 49/175/4 1750/176/4
f 3941/177/4 1126/178/4 28/179/4 1644/180/4
f 3940/181/4 1127/182/4 68/183/4 1753/184/4
f 3939/185/4 1079/186/4 48/187/4 1754/188/4
f 3938/189/5 1077/190/5 46/191/5 1756/192/5
f 3937/193/5 1131/194/5 26/195/5 1642/196/5
f 3936/197/5 1133/198/5 38/199/5 1654/200/5
f 3935/201/5 1065/202/5 34/203/5 1758/204/5
f 3934/205/4 1134/206/4 40/207/4 1656/208/4
f 3933/209/4 1135/210/4 69/211/4 1761/212/4
f 3932/213/4 1062/214/4 31/215/4 1762/216/4
f 3931/217/3 1138/218/3 41/219/3 1657/220/3
f 3930/221/3 1139/222/3 70/223/3 1765/224/3
f 3929/225/3 1064/226/3 33/227/3 1766/228/3
f 3928/229/2 1142/230/2 27/231/2 1058/232/2
f 3927/233/2 1061/234/2 30/235/2 1767/236/2
f 3926/237/1 1143/238/1 30/239/1 1061/240/1
f 3925/241/1 1144/242/1 71/243/1 1770/244/1
f 3924/245/1 1661/246/1 45/247/1 1771/248/1
f 3923/249/1 1276/250/1 197/251/1 1639/252/1
f 3922/253/1 1277/254/1 198/255/1 1774/256/1
f 3921/257/1 1529/258/1 93/259/1 1775/260/1
f 3920/261/1 1280/262/1 196/263/1 1638/264/1
f 3919/265/1 1281/266/1 199/267/1 1778/268/1
f 3918/269/1 1273/270/1 195/271/1 1779/272/1
f 3917/273/1 1284/274/1 116/275/1 1190/276/1
f 3916/277/1 1285/278/1 200/279/1 1782/280/1
f 3915/281/1 1272/282/1 194/283/1 1783/284/1
f 3914/285/2 1190/286/2 116/287/2 1784/288/2
f 3913/289/2 1288/290/2 113/291/2 1187/292/2
f 3912/293/3 1289/294/3 193/295/3 1634/296/3
f 3911/297/3 1290/298/3 201/299/3 1788/300/3
f 3910/301/3 1193/302/3 119/303/3 1789/304/3
f 3909/305/3 1293/306/3 192/307/3 1633/308/3
f 3908/309/3 1294/310/3 202/311/3 1792/312/3
f 3907/313/3 1269/314/3 191/315/3 1793/316/3
f 3906/317/3 1297/318/3 89/319/3 1525/320/3
f 3905/321/3 1298/322/3 203/323/3 1796/324/3
f 3904/325/3 1268/326/3 190/327/3 1797/328/3
f 3903/329/4 1301/330/4 189/331/4 1630/332/4
f 3902/333/4 1302/334/4 204/335/4 1800/336/4
f 3901/337/4 1191/338/4 117/339/4 1801/340/4
f 3900/341/4 1305/342/4 188/343/4 1629/344/4
f 3899/345/4 1306/346/4 205/347/4 1804/348/4
f 3898/349/4 1265/350/4 187/351/4 1805/352/4
f 3897/353/4 1309/354/4 88/355/4 1524/356/4
f 3896/357/4 1310/358/4 206/359/4 1808/360/4
f 3895/361/4 1264/362/4 186/363/4 1809/364/4
f 3894/365/5 1194/366/5 120/367/5 1810/368/5
f 3893/369/5 1313/370/5 86/371/5 1522/372/5
f 3892/373/6 1314/374/6 5279/375/6 185/376/6 1625/377/6
f 3891/378/6 1315/379/6 5280/380/6 207/381/6 1814/382/6
f 3890/383/5 1317/384/5 74/385/5 1510/386/5
f 3889/387/6 1318/388/6 5281/389/6 208/390/6 1817/391/6
f 3886/392/6 1321/393/6 5282/394/6 184/395/6 1623/396/6
f 3885/397/6 1322/398/6 5283/399/6 209/400/6 1821/401/6
f 3883/402/6 1324/403/6 5284/404/6 96/405/6 1533/406/6
f 3882/407/6 1325/408/6 5285/409/6 210/410/6 1824/411/6
f 3880/412/5 1206/413/5 132/414/5 1826/415/5
f 3877/416/4 1329/417/4 183/418/4 1622/419/4
f 3876/420/4 1330/421/4 211/422/4 1830/423/4
f 3875/424/4 1209/425/4 134/426/4 1831/427/4
f 3874/428/4 1333/429/4 182/430/4 1621/431/4
f 3873/432/4 1334/433/4 212/434/4 1834/435/4
f 3872/436/4 1259/437/4 181/438/4 1835/439/4
f 3871/440/4 1337/441/4 76/442/4 1512/443/4
f 3870/444/4 1338/445/4 213/446/4 1838/447/4
f 3869/448/4 1258/449/4 180/450/4 1839/451/4
f 3868/452/4 1341/453/4 179/454/4 1618/455/4
f 3867/456/4 1342/457/4 214/458/4 1842/459/4
f 3866/460/4 1210/461/4 135/462/4 1843/463/4
f 3865/464/4 1345/465/4 178/466/4 1617/467/4
f 3864/468/4 1346/469/4 215/470/4 1846/471/4
f 3863/472/4 1255/473/4 177/474/4 1847/475/4
f 3862/476/4 1349/477/4 99/478/4 1536/479/4
f 3861/480/4 1350/481/4 216/482/4 1850/483/4
f 3860/484/4 1254/485/4 176/486/4 1851/487/4
f 3859/488/4 1353/489/4 175/490/4 1614/491/4
f 3858/492/4 1354/493/4 217/494/4 1854/495/4
f 3857/496/4 1203/497/4 129/498/4 1855/499/4
f 3856/500/4 1357/501/4 174/502/4 1613/503/4
f 3855/504/4 1358/505/4 218/506/4 1858/507/4
f 3854/508/4 1251/509/4 173/510/4 1859/511/4
f 3853/512/4 1361/513/4 100/514/4 1537/515/4
f 3852/516/4 1362/517/4 219/518/4 1862/519/4
f 3851/520/4 1250/521/4 172/522/4 1863/523/4
f 3850/524/3 1365/525/3 171/526/3 1610/527/3
f 3849/528/3 1366/529/3 220/530/3 1866/531/3
f 3848/532/3 1213/533/3 138/534/3 1867/535/3
f 3847/536/3 1369/537/3 170/538/3 1609/539/3
f 3846/540/3 1370/541/3 221/542/3 1870/543/3
f 3845/544/3 1247/545/3 169/546/3 1871/547/3
f 3844/548/3 1373/549/3 77/550/3 1513/551/3
f 3843/552/3 1374/553/3 222/554/3 1874/555/3
f 3842/556/3 1246/557/3 168/558/3 1875/559/3
f 3841/560/3 1377/561/3 167/562/3 1606/563/3
f 3840/564/3 1378/565/3 223/566/3 1878/567/3
f 3839/568/3 1214/569/3 139/570/3 1879/571/3
f 3838/572/3 1381/573/3 166/574/3 1605/575/3
f 3837/576/3 1382/577/3 224/578/3 1882/579/3
f 3836/580/3 1243/581/3 165/582/3 1883/583/3
f 3835/584/3 1385/585/3 103/586/3 1540/587/3
f 3834/588/3 1386/589/3 225/590/3 1886/591/3
f 3833/592/3 1242/593/3 164/594/3 1887/595/3
f 3832/596/3 1389/597/3 163/598/3 1602/599/3
f 3831/600/3 1390/601/3 226/602/3 1890/603/3
f 3830/604/3 1205/605/3 131/606/3 1891/607/3
f 3829/608/3 1393/609/3 162/610/3 1601/611/3
f 3828/612/3 1394/613/3 227/614/3 1894/615/3
f 3827/616/3 1239/617/3 161/618/3 1895/619/3
f 3826/620/3 1397/621/3 104/622/3 1541/623/3
f 3825/624/3 1398/625/3 228/626/3 1898/627/3
f 3824/628/3 1238/629/3 160/630/3 1899/631/3
f 3823/632/2 1401/633/2 159/634/2 1598/635/2
f 3822/636/2 1402/637/2 229/638/2 1902/639/2
f 3821/640/2 1405/641/2 125/642/2 1199/643/2
f 3820/644/2 1406/645/2 230/646/2 1905/647/2
f 3817/648/2 1410/649/2 158/650/2 1596/651/2
f 3816/652/2 1411/653/2 231/654/2 1909/655/2
f 3814/656/2 1414/657/2 105/658/2 1543/659/2
f 3813/660/2 1415/661/2 232/662/2 1912/663/2
f 3811/664/2 1202/665/2 128/666/2 1914/667/2
f 3808/668/1 1420/669/1 157/670/1 1595/671/1
f 3807/672/1 1421/673/1 233/674/1 1918/675/1
f 3806/676/1 1218/677/1 142/678/1 1919/679/1
f 3805/680/1 1424/681/1 156/682/1 1594/683/1
f 3804/684/1 1425/685/1 234/686/1 1922/687/1
f 3803/688/1 1231/689/1 155/690/1 1923/691/1
f 3802/692/1 1428/693/1 128/694/1 1202/695/1
f 3801/696/1 1429/697/1 235/698/1 1926/699/1
f 3800/700/1 1230/701/1 154/702/1 1927/703/1
f 3799/704/1 1432/705/1 153/706/1 1591/707/1
f 3798/708/1 1433/709/1 236/710/1 1930/711/1
f 3797/712/1 1219/713/1 143/714/1 1931/715/1
f 3796/716/1 1436/717/1 152/718/1 1590/719/1
f 3795/720/1 1437/721/1 237/722/1 1934/723/1
f 3794/724/1 1227/725/1 151/726/1 1935/727/1
f 3793/728/1 1440/729/1 108/730/1 1546/731/1
f 3792/732/1 1441/733/1 238/734/1 1938/735/1
f 3791/736/1 1226/737/1 150/738/1 1939/739/1
f 3790/740/1 1444/741/1 149/742/1 1587/743/1
f 3789/744/1 1445/745/1 239/746/1 1942/747/1
f 3788/748/1 1517/749/1 81/750/1 1943/751/1
f 3787/752/1 1448/753/1 148/754/1 1586/755/1
f 3786/756/1 1449/757/1 240/758/1 1946/759/1
f 3785/760/1 1223/761/1 147/762/1 1947/763/1
f 3784/764/1 1452/765/1 109/766/1 1547/767/1
f 3783/768/1 1453/769/1 241/770/1 1950/771/1
f 3782/772/1 1222/773/1 146/774/1 1951/775/1
f 3781/776/1 1456/777/1 145/778/1 1583/779/1
f 3780/780/1 1457/781/1 242/782/1 1954/783/1
f 3779/784/1 1557/785/1 119/786/1 1955/787/1
f 3778/788/1 1460/789/1 144/790/1 1582/791/1
f 3777/792/1 1461/793/1 243/794/1 1958/795/1
f 3776/796/1 1181/797/1 107/798/1 1959/799/1
f 3775/800/1 1464/801/1 90/802/1 1165/803/1
f 3774/804/1 1465/805/1 244/806/1 1962/807/1
f 3773/808/1 1180/809/1 106/810/1 1963/811/1
f 3772/812/2 1165/813/2 90/814/2 1964/815/2
f 3771/816/2 1468/817/2 87/818/2 1162/819/2
f 3770/820/3 1469/821/3 141/822/3 1579/823/3
f 3769/824/3 1470/825/3 245/826/3 1968/827/3
f 3768/828/3 1168/829/3 93/830/3 1969/831/3
f 3767/832/3 1473/833/3 140/834/3 1578/835/3
f 3766/836/3 1474/837/3 246/838/3 1972/839/3
f 3765/840/3 1176/841/3 102/842/3 1973/843/3
f 3764/844/3 1477/845/3 115/846/3 1553/847/3
f 3763/848/3 1478/849/3 247/850/3 1976/851/3
f 3762/852/3 1175/853/3 101/854/3 1977/855/3
f 3761/856/4 1481/857/4 137/858/4 1575/859/4
f 3760/860/4 1482/861/4 248/862/4 1980/863/4
f 3759/864/4 1166/865/4 91/866/4 1981/867/4
f 3758/868/4 1485/869/4 136/870/4 1574/871/4
f 3757/872/4 1486/873/4 249/874/4 1984/875/4
f 3756/876/4 1172/877/4 98/878/4 1985/879/4
f 3755/880/4 1489/881/4 114/882/4 1552/883/4
f 3754/884/4 1490/885/4 250/886/4 1988/887/4
f 3753/888/4 1171/889/4 97/890/4 1989/891/4
f 3752/892/5 1169/893/5 94/894/5 1990/895/5
f 3751/896/5 1493/897/5 112/898/5 1550/899/5
f 3750/900/5 1494/901/5 124/902/5 1562/903/5
f 3749/904/5 1157/905/5 82/906/5 1993/907/5
f 3748/908/4 1495/909/4 126/910/4 1564/911/4
f 3747/912/4 1496/913/4 251/914/4 1996/915/4
f 3746/916/4 1154/917/4 79/918/4 1997/919/4
f 3745/920/3 1499/921/3 127/922/3 1565/923/3
f 3744/924/3 1500/925/3 252/926/3 2000/927/3
f 3743/928/3 1156/929/3 81/930/3 2001/931/3
f 3742/932/2 1503/933/2 75/934/2 1150/935/2
f 3741/936/2 1153/937/2 78/938/2 2003/939/2
f 3740/940/1 1504/941/1 78/942/1 1153/943/1
f 3739/944/1 1505/945/1 253/946/1 2006/947/1
f 3738/948/1 1569/949/1 131/950/1 2007/951/1
f 3737/952/1 2008/953/1 760/954/1 1507/955/1
f 3736/956/1 2009/957/1 761/958/1 2010/959/1
f 3735/960/1 1076/961/1 315/962/1 2011/963/1
f 3734/964/1 2012/965/1 759/966/1 1506/967/1
f 3733/968/1 2013/969/1 762/970/1 2014/971/1
f 3732/972/1 2005/973/1 758/974/1 2015/975/1
f 3731/976/1 2016/977/1 392/978/1 1646/979/1
f 3730/980/1 2017/981/1 763/982/1 2018/983/1
f 3729/984/1 2004/985/1 757/986/1 2019/987/1
f 3728/988/2 1646/989/2 392/990/2 2022/991/2
f 3727/992/2 2023/993/2 389/994/2 1643/995/2
f 3726/996/2 5782/997/2 2024/998/2 765/999/2 2025/1000/2
f 3725/1001/2 5780/1002/2 2002/1003/2 755/1004/2 2026/1005/2
f 3724/1006/3 2027/1007/3 754/1008/3 1502/1009/3
f 3723/1010/3 2028/1011/3 766/1012/3 2029/1013/3
f 3722/1014/3 1649/1015/3 395/1016/3 2030/1017/3
f 3721/1018/3 2031/1019/3 753/1020/3 1501/1021/3
f 3720/1022/3 2032/1023/3 767/1024/3 2033/1025/3
f 3719/1026/3 1999/1027/3 752/1028/3 2034/1029/3
f 3718/1030/3 2035/1031/3 311/1032/3 1072/1033/3
f 3717/1034/3 2036/1035/3 768/1036/3 2037/1037/3
f 3716/1038/3 1998/1039/3 751/1040/3 2038/1041/3
f 3715/1042/4 2039/1043/4 750/1044/4 1498/1045/4
f 3714/1046/4 2040/1047/4 769/1048/4 2041/1049/4
f 3713/1050/4 1647/1051/4 393/1052/4 2042/1053/4
f 3712/1054/4 2043/1055/4 749/1056/4 1497/1057/4
f 3711/1058/4 2044/1059/4 770/1060/4 2045/1061/4
f 3710/1062/4 1995/1063/4 748/1064/4 2046/1065/4
f 3709/1066/4 2047/1067/4 310/1068/4 1071/1069/4
f 3708/1070/4 2048/1071/4 771/1072/4 2049/1073/4
f 3707/1074/4 1994/1075/4 747/1076/4 2050/1077/4
f 3706/1078/5 1650/1079/5 396/1080/5 2053/1081/5
f 3705/1082/5 2054/1083/5 308/1084/5 1069/1085/5
f 3704/1086/7 5370/1087/7 2055/1088/7 773/1089/7 2056/1090/7
f 3703/1091/7 5368/1092/7 1992/1093/7 745/1094/7 2057/1095/7
f 3702/1096/5 2058/1097/5 296/1098/5 1057/1099/5
f 3701/1100/7 5366/1101/7 2059/1102/7 774/1103/7 2060/1104/7
f 3700/1105/7 5364/1106/7 1991/1107/7 744/1108/7 2061/1109/7
f 3699/1110/5 1662/1111/5 408/1112/5 2064/1113/5
f 3698/1114/4 2065/1115/4 742/1116/4 1492/1117/4
f 3697/1118/4 2066/1119/4 776/1120/4 2067/1121/4
f 3696/1122/4 1664/1123/4 410/1124/4 2068/1125/4
f 3695/1126/4 2069/1127/4 741/1128/4 1491/1129/4
f 3694/1130/4 2070/1131/4 777/1132/4 2071/1133/4
f 3693/1134/4 1987/1135/4 740/1136/4 2072/1137/4
f 3692/1138/4 2073/1139/4 298/1140/4 1059/1141/4
f 3691/1142/4 2074/1143/4 778/1144/4 2075/1145/4
f 3690/1146/4 1986/1147/4 739/1148/4 2076/1149/4
f 3689/1150/4 2077/1151/4 738/1152/4 1488/1153/4
f 3688/1154/4 2078/1155/4 779/1156/4 2079/1157/4
f 3687/1158/4 1665/1159/4 411/1160/4 2080/1161/4
f 3686/1162/4 2081/1163/4 737/1164/4 1487/1165/4
f 3685/1166/4 2082/1167/4 780/1168/4 2083/1169/4
f 3684/1170/4 1983/1171/4 736/1172/4 2084/1173/4
f 3683/1174/4 2085/1175/4 320/1176/4 1081/1177/4
f 3682/1178/4 2086/1179/4 781/1180/4 2087/1181/4
f 3681/1182/4 1982/1183/4 735/1184/4 2088/1185/4
f 3680/1186/4 2089/1187/4 734/1188/4 1484/1189/4
f 3679/1190/4 2090/1191/4 782/1192/4 2091/1193/4
f 3678/1194/4 1659/1195/4 405/1196/4 2092/1197/4
f 3677/1198/4 2093/1199/4 733/1200/4 1483/1201/4
f 3676/1202/4 2094/1203/4 783/1204/4 2095/1205/4
f 3675/1206/4 1979/1207/4 732/1208/4 2096/1209/4
f 3674/1210/4 2097/1211/4 321/1212/4 1082/1213/4
f 3673/1214/4 2098/1215/4 784/1216/4 2099/1217/4
f 3672/1218/4 1978/1219/4 731/1220/4 2100/1221/4
f 3671/1222/3 2101/1223/3 730/1224/3 1480/1225/3
f 3670/1226/3 2102/1227/3 785/1228/3 2103/1229/3
f 3669/1230/3 1668/1231/3 414/1232/3 2104/1233/3
f 3668/1234/3 2105/1235/3 729/1236/3 1479/1237/3
f 3667/1238/3 2106/1239/3 786/1240/3 2107/1241/3
f 3666/1242/3 1975/1243/3 728/1244/3 2108/1245/3
f 3665/1246/3 2109/1247/3 299/1248/3 1060/1249/3
f 3664/1250/3 2110/1251/3 787/1252/3 2111/1253/3
f 3663/1254/3 1974/1255/3 727/1256/3 2112/1257/3
f 3662/1258/3 2113/1259/3 726/1260/3 1476/1261/3
f 3661/1262/3 2114/1263/3 788/1264/3 2115/1265/3
f 3660/1266/3 1669/1267/3 415/1268/3 2116/1269/3
f 3659/1270/3 2117/1271/3 725/1272/3 1475/1273/3
f 3658/1274/3 2118/1275/3 789/1276/3 2119/1277/3
f 3657/1278/3 1971/1279/3 724/1280/3 2120/1281/3
f 3656/1282/3 2121/1283/3 324/1284/3 1085/1285/3
f 3655/1286/3 2122/1287/3 790/1288/3 2123/1289/3
f 3654/1290/3 1970/1291/3 723/1292/3 2124/1293/3
f 3653/1294/3 2125/1295/3 722/1296/3 1472/1297/3
f 3652/1298/3 2126/1299/3 791/1300/3 2127/1301/3
f 3651/1302/3 1661/1303/3 407/1304/3 2128/1305/3
f 3650/1306/3 2129/1307/3 721/1308/3 1471/1309/3
f 3649/1310/3 2130/1311/3 792/1312/3 2131/1313/3
f 3648/1314/3 1967/1315/3 720/1316/3 2132/1317/3
f 3647/1318/3 2133/1319/3 325/1320/3 1086/1321/3
f 3646/1322/3 2134/1323/3 793/1324/3 2135/1325/3
f 3645/1326/3 1966/1327/3 719/1328/3 2136/1329/3
f 3644/1330/2 2137/1331/2 401/1332/2 1655/1333/2
f 3643/1334/2 5778/1335/2 2138/1336/2 794/1337/2 2139/1338/2
f 3642/1339/2 5776/1340/2 1965/1341/2 718/1342/2 2140/1343/2
f 3641/1344/2 1658/1345/2 404/1346/2 2143/1347/2
f 3640/1348/1 2144/1349/1 716/1350/1 1467/1351/1
f 3639/1352/1 2145/1353/1 796/1354/1 2146/1355/1
f 3638/1356/1 1672/1357/1 419/1358/1 2147/1359/1
f 3637/1360/1 2148/1361/1 715/1362/1 1466/1363/1
f 3636/1364/1 2149/1365/1 797/1366/1 2150/1367/1
f 3635/1368/1 1961/1369/1 714/1370/1 2151/1371/1
f 3634/1372/1 2152/1373/1 404/1374/1 1658/1375/1
f 3633/1376/1 2153/1377/1 798/1378/1 2154/1379/1
f 3632/1380/1 1960/1381/1 713/1382/1 2155/1383/1
f 3631/1384/1 2156/1385/1 712/1386/1 1463/1387/1
f 3630/1388/1 2157/1389/1 799/1390/1 2158/1391/1
f 3629/1392/1 1673/1393/1 420/1394/1 2159/1395/1
f 3628/1396/1 2160/1397/1 711/1398/1 1462/1399/1
f 3627/1400/1 2161/1401/1 800/1402/1 2162/1403/1
f 3626/1404/1 1957/1405/1 710/1406/1 2163/1407/1
f 3625/1408/1 2164/1409/1 328/1410/1 1089/1411/1
f 3624/1412/1 2165/1413/1 801/1414/1 2166/1415/1
f 3623/1416/1 1956/1417/1 709/1418/1 2167/1419/1
f 3622/1420/1 2168/1421/1 708/1422/1 1459/1423/1
f 3621/1424/1 2169/1425/1 802/1426/1 2170/1427/1
f 3620/1428/1 1064/1429/1 303/1430/1 2171/1431/1
f 3619/1432/1 2172/1433/1 707/1434/1 1458/1435/1
f 3618/1436/1 2173/1437/1 803/1438/1 2174/1439/1
f 3617/1440/1 1953/1441/1 706/1442/1 2175/1443/1
f 3616/1444/1 2176/1445/1 329/1446/1 1090/1447/1
f 3615/1448/1 2177/1449/1 804/1450/1 2178/1451/1
f 3614/1452/1 1952/1453/1 705/1454/1 2179/1455/1
f 3613/1456/1 2180/1457/1 704/1458/1 1455/1459/1
f 3612/1460/1 2181/1461/1 805/1462/1 2182/1463/1
f 3611/1464/1 1716/1465/1 463/1466/1 2183/1467/1
f 3610/1468/1 2184/1469/1 703/1470/1 1454/1471/1
f 3609/1472/1 2185/1473/1 806/1474/1 2186/1475/1
f 3608/1476/1 1949/1477/1 702/1478/1 2187/1479/1
f 3607/1480/1 2188/1481/1 293/1482/1 1054/1483/1
f 3606/1484/1 2189/1485/1 807/1486/1 2190/1487/1
f 3605/1488/1 1948/1489/1 701/1490/1 2191/1491/1
f 3604/1492/1 2192/1493/1 700/1494/1 1451/1495/1
f 3603/1496/1 2193/1497/1 808/1498/1 2194/1499/1
f 3602/1500/1 1717/1501/1 464/1502/1 2195/1503/1
f 3601/1504/1 2196/1505/1 699/1506/1 1450/1507/1
f 3600/1508/1 2197/1509/1 809/1510/1 2198/1511/1
f 3599/1512/1 1945/1513/1 698/1514/1 2199/1515/1
f 3598/1516/1 2200/1517/1 332/1518/1 1093/1519/1
f 3597/1520/1 2201/1521/1 810/1522/1 2202/1523/1
f 3596/1524/1 1944/1525/1 697/1526/1 2203/1527/1
f 3595/1528/1 2204/1529/1 696/1530/1 1447/1531/1
f 3594/1532/1 2205/1533/1 811/1534/1 2206/1535/1
f 3593/1536/1 1024/1537/1 263/1538/1 2207/1539/1
f 3592/1540/1 2208/1541/1 695/1542/1 1446/1543/1
f 3591/1544/1 2209/1545/1 812/1546/1 2210/1547/1
f 3590/1548/1 1941/1549/1 694/1550/1 2211/1551/1
f 3589/1552/1 2212/1553/1 333/1554/1 1094/1555/1
f 3588/1556/1 2213/1557/1 813/1558/1 2214/1559/1
f 3587/1560/1 1940/1561/1 693/1562/1 2215/1563/1
f 3586/1564/1 2216/1565/1 692/1566/1 1443/1567/1
f 3585/1568/1 2217/1569/1 814/1570/1 2218/1571/1
f 3584/1572/1 1720/1573/1 467/1574/1 2219/1575/1
f 3583/1576/1 2220/1577/1 691/1578/1 1442/1579/1
f 3582/1580/1 2221/1581/1 815/1582/1 2222/1583/1
f 3581/1584/1 1937/1585/1 690/1586/1 2223/1587/1
f 3580/1588/1 2224/1589/1 292/1590/1 1053/1591/1
f 3579/1592/1 2225/1593/1 816/1594/1 2226/1595/1
f 3578/1596/1 1936/1597/1 689/1598/1 2227/1599/1
f 3577/1600/1 2228/1601/1 688/1602/1 1439/1603/1
f 3576/1604/1 2229/1605/1 817/1606/1 2230/1607/1
f 3575/1608/1 1721/1609/1 468/1610/1 2231/1611/1
f 3574/1612/1 2232/1613/1 687/1614/1 1438/1615/1
f 3573/1616/1 2233/1617/1 818/1618/1 2234/1619/1
f 3572/1620/1 1933/1621/1 686/1622/1 2235/1623/1
f 3571/1624/1 2236/1625/1 336/1626/1 1097/1627/1
f 3570/1628/1 2237/1629/1 819/1630/1 2238/1631/1
f 3569/1632/1 1932/1633/1 685/1634/1 2239/1635/1
f 3568/1636/1 2240/1637/1 684/1638/1 1435/1639/1
f 3567/1640/1 2241/1641/1 820/1642/1 2242/1643/1
f 3566/1644/1 1713/1645/1 460/1646/1 2243/1647/1
f 3565/1648/1 2244/1649/1 683/1650/1 1434/1651/1
f 3564/1652/1 2245/1653/1 821/1654/1 2246/1655/1
f 3563/1656/1 1929/1657/1 682/1658/1 2247/1659/1
f 3562/1660/1 2248/1661/1 337/1662/1 1098/1663/1
f 3561/1664/1 2249/1665/1 822/1666/1 2250/1667/1
f 3560/1668/1 1928/1669/1 681/1670/1 2251/1671/1
f 3559/1672/1 2252/1673/1 680/1674/1 1431/1675/1
f 3558/1676/1 2253/1677/1 823/1678/1 2254/1679/1
f 3557/1680/1 1724/1681/1 471/1682/1 2255/1683/1
f 3556/1684/1 2256/1685/1 679/1686/1 1430/1687/1
f 3555/1688/1 2257/1689/1 824/1690/1 2258/1691/1
f 3554/1692/1 1925/1693/1 678/1694/1 2259/1695/1
f 3553/1696/1 2260/1697/1 441/1698/1 1694/1699/1
f 3552/1700/1 2261/1701/1 825/1702/1 2262/1703/1
f 3551/1704/1 1924/1705/1 677/1706/1 2263/1707/1
f 3550/1708/1 2264/1709/1 676/1710/1 1427/1711/1
f 3549/1712/1 2265/1713/1 826/1714/1 2266/1715/1
f 3548/1716/1 1725/1717/1 472/1718/1 2267/1719/1
f 3547/1720/1 2268/1721/1 675/1722/1 1426/1723/1
f 3546/1724/1 2269/1725/1 827/1726/1 2270/1727/1
f 3545/1728/1 1921/1729/1 674/1730/1 2271/1731/1
f 3544/1732/1 2272/1733/1 340/1734/1 1101/1735/1
f 3543/1736/1 2273/1737/1 828/1738/1 2274/1739/1
f 3542/1740/1 1920/1741/1 673/1742/1 2275/1743/1
f 3541/1744/1 2276/1745/1 672/1746/1 1423/1747/1
f 3540/1748/1 2277/1749/1 829/1750/1 2278/1751/1
f 3539/1752/1 1712/1753/1 459/1754/1 2279/1755/1
f 3538/1756/1 2280/1757/1 671/1758/1 1422/1759/1
f 3537/1760/1 2281/1761/1 830/1762/1 2282/1763/1
f 3536/1764/1 1917/1765/1 670/1766/1 2283/1767/1
f 3535/1768/1 2284/1769/1 341/1770/1 1102/1771/1
f 3534/1772/1 2285/1773/1 831/1774/1 2286/1775/1
f 3533/1776/1 1916/1777/1 669/1778/1 2287/1779/1
f 3531/1780/2 2289/1781/2 832/1782/2 2290/1783/2
f 3530/1784/2 1728/1785/2 475/1786/2 2291/1787/2
f 3528/1788/2 2293/1789/2 833/1790/2 2294/1791/2
f 3527/1792/2 1915/1793/2 668/1794/2 2295/1795/2
f 3525/1796/2 2297/1797/2 834/1798/2 2298/1799/2
f 3524/1800/2 1694/1801/2 441/1802/2 2299/1803/2
f 3522/1804/2 2301/1805/2 835/1806/2 2302/1807/2
f 3521/1808/2 1913/1809/2 666/1810/2 2303/1811/2
f 3520/1812/2 2304/1813/2 5700/1814/2 665/1815/2 1417/1816/2
f 3519/1817/2 2305/1818/2 5701/1819/2 836/1820/2 2306/1821/2
f 3518/1822/2 2307/1823/2 664/1824/2 1416/1825/2
f 3517/1826/2 2308/1827/2 837/1828/2 2309/1829/2
f 3516/1830/2 1911/1831/2 663/1832/2 2310/1833/2
f 3515/1834/2 2311/1835/2 289/1836/2 1050/1837/2
f 3514/1838/2 2312/1839/2 838/1840/2 2313/1841/2
f 3513/1842/2 1910/1843/2 662/1844/2 2314/1845/2
f 3512/1846/2 2315/1847/2 5702/1848/2 661/1849/2 1413/1850/2
f 3511/1851/2 2316/1852/2 839/1853/2 2317/1854/2
f 3510/1855/2 1730/1856/2 477/1857/2 2318/1858/2
f 3509/1859/2 2319/1860/2 660/1861/2 1412/1862/2
f 3508/1863/2 2320/1864/2 840/1865/2 2321/1866/2
f 3507/1867/2 1908/1868/2 659/1869/2 2322/1870/2
f 3506/1871/2 2323/1872/2 342/1873/2 1103/1874/2
f 3505/1875/2 2324/1876/2 841/1877/2 2325/1878/2
f 3504/1879/2 1907/1880/2 658/1881/2 2326/1882/2
f 3502/1883/2 2328/1884/2 842/1885/2 2329/1886/2
f 3501/1887/2 1710/1888/2 457/1889/2 2330/1890/2
f 3499/1891/2 2332/1892/2 843/1893/2 2333/1894/2
f 3498/1895/2 1906/1896/2 657/1897/2 2334/1898/2
f 3497/1899/2 2335/1900/2 5703/1901/2 656/1902/2 1408/1903/2
f 3496/1904/2 2336/1905/2 5704/1906/2 844/1907/2 2337/1908/2
f 3495/1909/2 2338/1910/2 655/1911/2 1407/1912/2
f 3494/1913/2 2339/1914/2 845/1915/2 2340/1916/2
f 3493/1917/2 1904/1918/2 654/1919/2 2341/1920/2
f 3492/1921/2 2342/1922/2 438/1923/2 1691/1924/2
f 3491/1925/2 2343/1926/2 846/1927/2 2344/1928/2
f 3490/1929/2 1903/1930/2 653/1931/2 2345/1932/2
f 3489/1933/2 2346/1934/2 5705/1935/2 652/1936/2 1404/1937/2
f 3488/1938/2 2347/1939/2 5706/1940/2 847/1941/2 2348/1942/2
f 3487/1943/2 2349/1944/2 651/1945/2 1403/1946/2
f 3486/1947/2 2350/1948/2 848/1949/2 2351/1950/2
f 3485/1951/2 1901/1952/2 650/1953/2 2352/1954/2
f 3484/1955/2 2353/1956/2 344/1957/2 1105/1958/2
f 3483/1959/2 2354/1960/2 849/1961/2 2355/1962/2
f 3482/1963/2 1900/1964/2 649/1965/2 2356/1966/2
f 3481/1967/3 2357/1968/3 648/1969/3 1400/1970/3
f 3480/1971/3 2358/1972/3 850/1973/3 2359/1974/3
f 3479/1975/3 1731/1976/3 480/1977/3 2360/1978/3
f 3478/1979/3 2361/1980/3 647/1981/3 1399/1982/3
f 3477/1983/3 2362/1984/3 851/1985/3 2363/1986/3
f 3476/1987/3 1897/1988/3 646/1989/3 2364/1990/3
f 3475/1991/3 2365/1992/3 287/1993/3 1048/1994/3
f 3474/1995/3 2366/1996/3 852/1997/3 2367/1998/3
f 3473/1999/3 1896/2000/3 645/2001/3 2368/2002/3
f 3472/2003/3 2369/2004/3 644/2005/3 1396/2006/3
f 3471/2007/3 2370/2008/3 853/2009/3 2371/2010/3
f 3470/2011/3 1732/2012/3 481/2013/3 2372/2014/3
f 3469/2015/3 2373/2016/3 643/2017/3 1395/2018/3
f 3468/2019/3 2374/2020/3 854/2021/3 2375/2022/3
f 3467/2023/3 1893/2024/3 642/2025/3 2376/2026/3
f 3466/2027/3 2377/2028/3 347/2029/3 1108/2030/3
f 3465/2031/3 2378/2032/3 855/2033/3 2379/2034/3
f 3464/2035/3 1892/2036/3 641/2037/3 2380/2038/3
f 3463/2039/3 2381/2040/3 640/2041/3 1392/2042/3
f 3462/2043/3 2382/2044/3 856/2045/3 2383/2046/3
f 3461/2047/3 1697/2048/3 444/2049/3 2384/2050/3
f 3460/2051/3 2385/2052/3 639/2053/3 1391/2054/3
f 3459/2055/3 2386/2056/3 857/2057/3 2387/2058/3
f 3458/2059/3 1889/2060/3 638/2061/3 2388/2062/3
f 3457/2063/3 2389/2064/3 348/2065/3 1109/2066/3
f 3456/2067/3 2390/2068/3 858/2069/3 2391/2070/3
f 3455/2071/3 1888/2072/3 637/2073/3 2392/2074/3
f 3454/2075/3 2393/2076/3 636/2077/3 1388/2078/3
f 3453/2079/3 2394/2080/3 859/2081/3 2395/2082/3
f 3452/2083/3 1735/2084/3 484/2085/3 2396/2086/3
f 3451/2087/3 2397/2088/3 635/2089/3 1387/2090/3
f 3450/2091/3 2398/2092/3 860/2093/3 2399/2094/3
f 3449/2095/3 1885/2096/3 634/2097/3 2400/2098/3
f 3448/2099/3 2401/2100/3 286/2101/3 1047/2102/3
f 3447/2103/3 2402/2104/3 861/2105/3 2403/2106/3
f 3446/2107/3 1884/2108/3 633/2109/3 2404/2110/3
f 3445/2111/3 2405/2112/3 632/2113/3 1384/2114/3
f 3444/2115/3 2406/2116/3 862/2117/3 2407/2118/3
f 3443/2119/3 1736/2120/3 485/2121/3 2408/2122/3
f 3442/2123/3 2409/2124/3 631/2125/3 1383/2126/3
f 3441/2127/3 2410/2128/3 863/2129/3 2411/2130/3
f 3440/2131/3 1881/2132/3 630/2133/3 2412/2134/3
f 3439/2135/3 2413/2136/3 351/2137/3 1112/2138/3
f 3438/2139/3 2414/2140/3 864/2141/3 2415/2142/3
f 3437/2143/3 1880/2144/3 629/2145/3 2416/2146/3
f 3436/2147/3 2417/2148/3 628/2149/3 1380/2150/3
f 3435/2151/3 2418/2152/3 865/2153/3 2419/2154/3
f 3434/2155/3 1707/2156/3 454/2157/3 2420/2158/3
f 3433/2159/3 2421/2160/3 627/2161/3 1379/2162/3
f 3432/2163/3 2422/2164/3 866/2165/3 2423/2166/3
f 3431/2167/3 1877/2168/3 626/2169/3 2424/2170/3
f 3430/2171/3 2425/2172/3 352/2173/3 1113/2174/3
f 3429/2175/3 2426/2176/3 867/2177/3 2427/2178/3
f 3428/2179/3 1876/2180/3 625/2181/3 2428/2182/3
f 3427/2183/3 2429/2184/3 624/2185/3 1376/2186/3
f 3426/2187/3 2430/2188/3 868/2189/3 2431/2190/3
f 3425/2191/3 1739/2192/3 488/2193/3 2432/2194/3
f 3424/2195/3 2433/2196/3 623/2197/3 1375/2198/3
f 3423/2199/3 2434/2200/3 869/2201/3 2435/2202/3
f 3422/2203/3 1873/2204/3 622/2205/3 2436/2206/3
f 3421/2207/3 2437/2208/3 259/2209/3 1020/2210/3
f 3420/2211/3 2438/2212/3 870/2213/3 2439/2214/3
f 3419/2215/3 1872/2216/3 621/2217/3 2440/2218/3
f 3418/2219/3 2441/2220/3 620/2221/3 1372/2222/3
f 3417/2223/3 2442/2224/3 871/2225/3 2443/2226/3
f 3416/2227/3 1740/2228/3 489/2229/3 2444/2230/3
f 3415/2231/3 2445/2232/3 619/2233/3 1371/2234/3
f 3414/2235/3 2446/2236/3 872/2237/3 2447/2238/3
f 3413/2239/3 1869/2240/3 618/2241/3 2448/2242/3
f 3412/2243/3 2449/2244/3 355/2245/3 1116/2246/3
f 3411/2247/3 2450/2248/3 873/2249/3 2451/2250/3
f 3410/2251/3 1868/2252/3 617/2253/3 2452/2254/3
f 3409/2255/3 2453/2256/3 616/2257/3 1368/2258/3
f 3408/2259/3 2454/2260/3 874/2261/3 2455/2262/3
f 3407/2263/3 1706/2264/3 453/2265/3 2456/2266/3
f 3406/2267/3 2457/2268/3 615/2269/3 1367/2270/3
f 3405/2271/3 2458/2272/3 875/2273/3 2459/2274/3
f 3404/2275/3 1865/2276/3 614/2277/3 2460/2278/3
f 3403/2279/3 2461/2280/3 356/2281/3 1117/2282/3
f 3402/2283/3 2462/2284/3 876/2285/3 2463/2286/3
f 3401/2287/3 1864/2288/3 613/2289/3 2464/2290/3
f 3400/2291/4 2465/2292/4 612/2293/4 1364/2294/4
f 3399/2295/4 2466/2296/4 877/2297/4 2467/2298/4
f 3398/2299/4 1743/2300/4 492/2301/4 2468/2302/4
f 3397/2303/4 2469/2304/4 611/2305/4 1363/2306/4
f 3396/2307/4 2470/2308/4 878/2309/4 2471/2310/4
f 3395/2311/4 1861/2312/4 610/2313/4 2472/2314/4
f 3394/2315/4 2473/2316/4 283/2317/4 1044/2318/4
f 3393/2319/4 2474/2320/4 879/2321/4 2475/2322/4
f 3392/2323/4 1860/2324/4 609/2325/4 2476/2326/4
f 3391/2327/4 2477/2328/4 608/2329/4 1360/2330/4
f 3390/2331/4 2478/2332/4 880/2333/4 2479/2334/4
f 3389/2335/4 1744/2336/4 493/2337/4 2480/2338/4
f 3388/2339/4 2481/2340/4 607/2341/4 1359/2342/4
f 3387/2343/4 2482/2344/4 881/2345/4 2483/2346/4
f 3386/2347/4 1857/2348/4 606/2349/4 2484/2350/4
f 3385/2351/4 2485/2352/4 359/2353/4 1120/2354/4
f 3384/2355/4 2486/2356/4 882/2357/4 2487/2358/4
f 3383/2359/4 1856/2360/4 605/2361/4 2488/2362/4
f 3382/2363/4 2489/2364/4 604/2365/4 1356/2366/4
f 3381/2367/4 2490/2368/4 883/2369/4 2491/2370/4
f 3380/2371/4 1695/2372/4 442/2373/4 2492/2374/4
f 3379/2375/4 2493/2376/4 603/2377/4 1355/2378/4
f 3378/2379/4 2494/2380/4 884/2381/4 2495/2382/4
f 3377/2383/4 1853/2384/4 602/2385/4 2496/2386/4
f 3376/2387/4 2497/2388/4 360/2389/4 1121/2390/4
f 3375/2391/4 2498/2392/4 885/2393/4 2499/2394/4
f 3374/2395/4 1852/2396/4 601/2397/4 2500/2398/4
f 3373/2399/4 2501/2400/4 600/2401/4 1352/2402/4
f 3372/2403/4 2502/2404/4 886/2405/4 2503/2406/4
f 3371/2407/4 1747/2408/4 496/2409/4 2504/2410/4
f 3370/2411/4 2505/2412/4 599/2413/4 1351/2414/4
f 3369/2415/4 2506/2416/4 887/2417/4 2507/2418/4
f 3368/2419/4 1849/2420/4 598/2421/4 2508/2422/4
f 3367/2423/4 2509/2424/4 282/2425/4 1043/2426/4
f 3366/2427/4 2510/2428/4 888/2429/4 2511/2430/4
f 3365/2431/4 1848/2432/4 597/2433/4 2512/2434/4
f 3364/2435/4 2513/2436/4 596/2437/4 1348/2438/4
f 3363/2439/4 2514/2440/4 889/2441/4 2515/2442/4
f 3362/2443/4 1748/2444/4 497/2445/4 2516/2446/4
f 3361/2447/4 2517/2448/4 595/2449/4 1347/2450/4
f 3360/2451/4 2518/2452/4 890/2453/4 2519/2454/4
f 3359/2455/4 1845/2456/4 594/2457/4 2520/2458/4
f 3358/2459/4 2521/2460/4 363/2461/4 1124/2462/4
f 3357/2463/4 2522/2464/4 891/2465/4 2523/2466/4
f 3356/2467/4 1844/2468/4 593/2469/4 2524/2470/4
f 3355/2471/4 2525/2472/4 592/2473/4 1344/2474/4
f 3354/2475/4 2526/2476/4 892/2477/4 2527/2478/4
f 3353/2479/4 1703/2480/4 450/2481/4 2528/2482/4
f 3352/2483/4 2529/2484/4 591/2485/4 1343/2486/4
f 3351/2487/4 2530/2488/4 893/2489/4 2531/2490/4
f 3350/2491/4 1841/2492/4 590/2493/4 2532/2494/4
f 3349/2495/4 2533/2496/4 364/2497/4 1125/2498/4
f 3348/2499/4 2534/2500/4 894/2501/4 2535/2502/4
f 3347/2503/4 1840/2504/4 589/2505/4 2536/2506/4
f 3346/2507/4 2537/2508/4 588/2509/4 1340/2510/4
f 3345/2511/4 2538/2512/4 895/2513/4 2539/2514/4
f 3344/2515/4 1751/2516/4 500/2517/4 2540/2518/4
f 3343/2519/4 2541/2520/4 587/2521/4 1339/2522/4
f 3342/2523/4 2542/2524/4 896/2525/4 2543/2526/4
f 3341/2527/4 1837/2528/4 586/2529/4 2544/2530/4
f 3340/2531/4 2545/2532/4 258/2533/4 1019/2534/4
f 3339/2535/4 2546/2536/4 897/2537/4 2547/2538/4
f 3338/2539/4 1836/2540/4 585/2541/4 2548/2542/4
f 3337/2543/4 2549/2544/4 584/2545/4 1336/2546/4
f 3336/2547/4 2550/2548/4 898/2549/4 2551/2550/4
f 3335/2551/4 1752/2552/4 501/2553/4 2552/2554/4
f 3334/2555/4 2553/2556/4 583/2557/4 1335/2558/4
f 3333/2559/4 2554/2560/4 899/2561/4 2555/2562/4
f 3332/2563/4 1833/2564/4 582/2565/4 2556/2566/4
f 3331/2567/4 2557/2568/4 367/2569/4 1128/2570/4
f 3330/2571/4 2558/2572/4 900/2573/4 2559/2574/4
f 3329/2575/4 1832/2576/4 581/2577/4 2560/2578/4
f 3328/2579/4 2561/2580/4 580/2581/4 1332/2582/4
f 3327/2583/4 2562/2584/4 901/2585/4 2563/2586/4
f 3326/2587/4 1702/2588/4 449/2589/4 2564/2590/4
f 3325/2591/4 2565/2592/4 579/2593/4 1331/2594/4
f 3324/2595/4 2566/2596/4 902/2597/4 2567/2598/4
f 3323/2599/4 1829/2600/4 578/2601/4 2568/2602/4
f 3322/2603/4 2569/2604/4 368/2605/4 1129/2606/4
f 3321/2607/4 2570/2608/4 903/2609/4 2571/2610/4
f 3320/2611/4 1828/2612/4 577/2613/4 2572/2614/4
f 3318/2615/5 2574/2616/5 904/2617/5 2575/2618/5
f 3317/2619/5 1755/2620/5 504/2621/5 2576/2622/5
f 3315/2623/5 2578/2624/5 905/2625/5 2579/2626/5
f 3314/2627/5 1827/2628/5 576/2629/5 2580/2630/5
f 3312/2631/5 2582/2632/5 906/2633/5 2583/2634/5
f 3311/2635/5 1698/2636/5 445/2637/5 2584/2638/5
f 3309/2639/5 2586/2640/5 907/2641/5 2587/2642/5
f 3308/2643/5 1825/2644/5 574/2645/5 2588/2646/5
f 3307/2647/5 2589/2648/5 573/2649/5 1326/2650/5
f 3306/2651/5 2590/2652/5 908/2653/5 2591/2654/5
f 3305/2655/6 1823/2656/6 5291/2657/6 572/2658/6 2592/2659/6
f 3304/2660/5 2593/2661/5 279/2662/5 1040/2663/5
f 3303/2664/5 2594/2665/5 909/2666/5 2595/2667/5
f 3302/2668/6 1822/2669/6 5290/2670/6 571/2671/6 2596/2672/6
f 3300/2673/5 2598/2674/5 910/2675/5 2599/2676/5
f 3299/2677/5 1757/2678/5 506/2679/5 2600/2680/5
f 3298/2681/5 2601/2682/5 570/2683/5 1323/2684/5
f 3297/2685/5 2602/2686/5 911/2687/5 2603/2688/5
f 3296/2689/5 1820/2690/5 569/2691/5 2604/2692/5
f 3295/2693/5 2605/2694/5 369/2695/5 1130/2696/5
f 3294/2697/5 2606/2698/5 912/2699/5 2607/2700/5
f 3293/2701/6 1819/2702/6 5289/2703/6 568/2704/6 2608/2705/6
f 3291/2706/5 2610/2707/5 913/2708/5 2611/2709/5
f 3290/2710/5 1700/2711/5 447/2712/5 2612/2713/5
f 3288/2714/5 2614/2715/5 914/2716/5 2615/2717/5
f 3287/2718/5 1818/2719/5 567/2720/5 2616/2721/5
f 3286/2722/5 2617/2723/5 566/2724/5 1319/2725/5
f 3285/2726/5 2618/2727/5 915/2728/5 2619/2729/5
f 3284/2730/6 1816/2731/6 5288/2732/6 565/2733/6 2620/2734/6
f 3283/2735/5 2621/2736/5 256/2737/5 1017/2738/5
f 3282/2739/5 2622/2740/5 916/2741/5 2623/2742/5
f 3281/2743/5 1815/2744/5 564/2745/5 2624/2746/5
f 3280/2747/5 2625/2748/5 563/2749/5 1316/2750/5
f 3279/2751/5 2626/2752/5 917/2753/5 2627/2754/5
f 3278/2755/6 1813/2756/6 5287/2757/6 562/2758/6 2628/2759/6
f 3277/2760/5 2629/2761/5 371/2762/5 1132/2763/5
f 3276/2764/5 2630/2765/5 918/2766/5 2631/2767/5
f 3275/2768/6 1812/2769/6 5286/2770/6 561/2771/6 2632/2772/6
f 3274/2773/5 2633/2774/5 268/2775/5 1029/2776/5
f 3273/2777/7 5348/2778/7 2634/2779/7 919/2780/7 2635/2781/7
f 3272/2782/7 5346/2783/7 1811/2784/7 560/2785/7 2636/2786/7
f 3271/2787/5 1686/2788/5 433/2789/5 2639/2790/5
f 3270/2791/4 2640/2792/4 558/2793/4 1312/2794/4
f 3269/2795/4 2641/2796/4 921/2797/4 2642/2798/4
f 3268/2799/4 1759/2800/4 508/2801/4 2643/2802/4
f 3267/2803/4 2644/2804/4 557/2805/4 1311/2806/4
f 3266/2807/4 2645/2808/4 922/2809/4 2646/2810/4
f 3265/2811/4 1807/2812/4 556/2813/4 2647/2814/4
f 3264/2815/4 2648/2816/4 270/2817/4 1031/2818/4
f 3263/2819/4 2649/2820/4 923/2821/4 2650/2822/4
f 3262/2823/4 1806/2824/4 555/2825/4 2651/2826/4
f 3261/2827/4 2652/2828/4 554/2829/4 1308/2830/4
f 3260/2831/4 2653/2832/4 924/2833/4 2654/2834/4
f 3259/2835/4 1760/2836/4 509/2837/4 2655/2838/4
f 3258/2839/4 2656/2840/4 553/2841/4 1307/2842/4
f 3257/2843/4 2657/2844/4 925/2845/4 2658/2846/4
f 3256/2847/4 1803/2848/4 552/2849/4 2659/2850/4
f 3255/2851/4 2660/2852/4 375/2853/4 1136/2854/4
f 3254/2855/4 2661/2856/4 926/2857/4 2662/2858/4
f 3253/2859/4 1802/2860/4 551/2861/4 2663/2862/4
f 3252/2863/4 2664/2864/4 550/2865/4 1304/2866/4
f 3251/2867/4 2665/2868/4 927/2869/4 2666/2870/4
f 3250/2871/4 1683/2872/4 430/2873/4 2667/2874/4
f 3249/2875/4 2668/2876/4 549/2877/4 1303/2878/4
f 3248/2879/4 2669/2880/4 928/2881/4 2670/2882/4
f 3247/2883/4 1799/2884/4 548/2885/4 2671/2886/4
f 3246/2887/4 2672/2888/4 376/2889/4 1137/2890/4
f 3245/2891/4 2673/2892/4 929/2893/4 2674/2894/4
f 3244/2895/4 1798/2896/4 547/2897/4 2675/2898/4
f 3243/2899/3 2676/2900/3 546/2901/3 1300/2902/3
f 3242/2903/3 2677/2904/3 930/2905/3 2678/2906/3
f 3241/2907/3 1763/2908/3 512/2909/3 2679/2910/3
f 3240/2911/3 2680/2912/3 545/2913/3 1299/2914/3
f 3239/2915/3 2681/2916/3 931/2917/3 2682/2918/3
f 3238/2919/3 1795/2920/3 544/2921/3 2683/2922/3
f 3237/2923/3 2684/2924/3 271/2925/3 1032/2926/3
f 3236/2927/3 2685/2928/3 932/2929/3 2686/2930/3
f 3235/2931/3 1794/2932/3 543/2933/3 2687/2934/3
f 3234/2935/3 2688/2936/3 542/2937/3 1296/2938/3
f 3233/2939/3 2689/2940/3 933/2941/3 2690/2942/3
f 3232/2943/3 1764/2944/3 513/2945/3 2691/2946/3
f 3231/2947/3 2692/2948/3 541/2949/3 1295/2950/3
f 3230/2951/3 2693/2952/3 934/2953/3 2694/2954/3
f 3229/2955/3 1791/2956/3 540/2957/3 2695/2958/3
f 3228/2959/3 2696/2960/3 379/2961/3 1140/2962/3
f 3227/2963/3 2697/2964/3 935/2965/3 2698/2966/3
f 3226/2967/3 1790/2968/3 539/2969/3 2699/2970/3
f 3225/2971/3 2700/2972/3 538/2973/3 1292/2974/3
f 3224/2975/3 2701/2976/3 936/2977/3 2702/2978/3
f 3223/2979/3 1685/2980/3 432/2981/3 2703/2982/3
f 3222/2983/3 2704/2984/3 537/2985/3 1291/2986/3
f 3221/2987/3 2705/2988/3 937/2989/3 2706/2990/3
f 3220/2991/3 1787/2992/3 536/2993/3 2707/2994/3
f 3219/2995/3 2708/2996/3 380/2997/3 1141/2998/3
f 3218/2999/3 2709/3000/3 938/3001/3 2710/3002/3
f 3217/3003/3 1786/3004/3 535/3005/3 2711/3006/3
f 3216/3007/2 2712/3008/2 426/3009/2 1679/3010/2
f 3215/3011/2 5762/3012/2 2713/3013/2 939/3014/2 2714/3015/2
f 3214/3016/2 5760/3017/2 1785/3018/2 534/3019/2 2715/3020/2
f 3213/3021/2 1682/3022/2 429/3023/2 2718/3024/2
f 3212/3025/1 2719/3026/1 532/3027/1 1287/3028/1
f 3211/3029/1 2720/3030/1 941/3031/1 2721/3032/1
f 3210/3033/1 1768/3034/1 517/3035/1 2722/3036/1
f 3209/3037/1 2723/3038/1 531/3039/1 1286/3040/1
f 3208/3041/1 2724/3042/1 942/3043/1 2725/3044/1
f 3207/3045/1 1781/3046/1 530/3047/1 2726/3048/1
f 3206/3049/1 2727/3050/1 429/3051/1 1682/3052/1
f 3205/3053/1 2728/3054/1 943/3055/1 2729/3056/1
f 3204/3057/1 1780/3058/1 529/3059/1 2730/3060/1
f 3203/3061/1 2731/3062/1 528/3063/1 1283/3064/1
f 3202/3065/1 2732/3066/1 944/3067/1 2733/3068/1
f 3201/3069/1 1769/3070/1 518/3071/1 2734/3072/1
f 3200/3073/1 2735/3074/1 527/3075/1 1282/3076/1
f 3199/3077/1 2736/3078/1 945/3079/1 2737/3080/1
f 3198/3081/1 1777/3082/1 526/3083/1 2738/3084/1
f 3197/3085/1 2739/3086/1 384/3087/1 1145/3088/1
f 3196/3089/1 2740/3090/1 946/3091/1 2741/3092/1
f 3195/3093/1 1776/3094/1 525/3095/1 2742/3096/1
f 3194/3097/1 2743/3098/1 524/3099/1 1279/3100/1
f 3193/3101/1 2744/3102/1 947/3103/1 2745/3104/1
f 3192/3105/1 1036/3106/1 275/3107/1 2746/3108/1
f 3191/3109/1 2747/3110/1 523/3111/1 1278/3112/1
f 3190/3113/1 2748/3114/1 948/3115/1 2749/3116/1
f 3189/3117/1 1773/3118/1 522/3119/1 2750/3120/1
f 3188/3121/1 2751/3122/1 385/3123/1 1146/3124/1
f 3187/3125/1 2752/3126/1 949/3127/1 2753/3128/1
f 3186/3129/1 1772/3130/1 521/3131/1 2754/3132/1
f 3185/3133/1 2755/3134/1 520/3135/1 1275/3136/1
f 3184/3137/1 2756/3138/1 950/3139/1 2757/3140/1
f 3183/3141/1 1168/3142/1 407/3143/1 2758/3144/1
f 3182/3145/1 2759/3146/1 519/3147/1 1274/3148/1
f 3181/3149/1 2760/3150/1 951/3151/1 2761/3152/1
f 3180/3153/1 1637/3154/1 383/3155/1 2762/3156/1
f 3179/3157/1 2763/3158/1 300/3159/1 1554/3160/1
f 3178/3161/1 2764/3162/1 952/3163/1 2765/3164/1
f 3177/3165/1 1636/3166/1 382/3167/1 2766/3168/1
f 3176/3169/2 1554/3170/2 300/3171/2 2769/3172/2
f 3175/3173/2 2770/3174/2 297/3175/2 1551/3176/2
f 3174/3177/2 5758/3178/2 2771/3179/2 954/3180/2 2772/3181/2
f 3173/3182/2 5756/3183/2 1635/3184/2 381/3185/2 2773/3186/2
f 3172/3187/3 2774/3188/3 515/3189/3 1271/3190/3
f 3171/3191/3 2775/3192/3 955/3193/3 2776/3194/3
f 3170/3195/3 1557/3196/3 303/3197/3 2777/3198/3
f 3169/3199/3 2778/3200/3 514/3201/3 1270/3202/3
f 3168/3203/3 2779/3204/3 956/3205/3 2780/3206/3
f 3167/3207/3 1632/3208/3 378/3209/3 2781/3210/3
f 3166/3211/3 2782/3212/3 403/3213/3 1164/3214/3
f 3165/3215/3 2783/3216/3 957/3217/3 2784/3218/3
f 3164/3219/3 1631/3220/3 377/3221/3 2785/3222/3
f 3163/3223/4 2786/3224/4 511/3225/4 1267/3226/4
f 3162/3227/4 2787/3228/4 958/3229/4 2788/3230/4
f 3161/3231/4 1555/3232/4 301/3233/4 2789/3234/4
f 3160/3235/4 2790/3236/4 510/3237/4 1266/3238/4
f 3159/3239/4 2791/3240/4 959/3241/4 2792/3242/4
f 3158/3243/4 1628/3244/4 374/3245/4 2793/3246/4
f 3157/3247/4 2794/3248/4 402/3249/4 1163/3250/4
f 3156/3251/4 2795/3252/4 960/3253/4 2796/3254/4
f 3155/3255/4 1627/3256/4 373/3257/4 2797/3258/4
f 3154/3259/5 1558/3260/5 304/3261/5 2800/3262/5
f 3153/3263/5 2801/3264/5 400/3265/5 1161/3266/5
f 3152/3267/7 5344/3268/7 2802/3269/7 962/3270/7 2803/3271/7
f 3151/3272/7 5342/3273/7 1626/3274/7 372/3275/7 2804/3276/7
f 3150/3277/5 2805/3278/5 388/3279/5 1149/3280/5
f 3149/3281/7 5340/3282/7 2806/3283/7 963/3284/7 2807/3285/7
f 3148/3286/7 5338/3287/7 1624/3288/7 370/3289/7 2808/3290/7
f 3147/3291/5 1570/3292/5 316/3293/5 2811/3294/5
f 3146/3295/4 2812/3296/4 503/3297/4 1261/3298/4
f 3145/3299/4 2813/3300/4 965/3301/4 2814/3302/4
f 3144/3303/4 1572/3304/4 318/3305/4 2815/3306/4
f 3143/3307/4 2816/3308/4 502/3309/4 1260/3310/4
f 3142/3311/4 2817/3312/4 966/3313/4 2818/3314/4
f 3141/3315/4 1620/3316/4 366/3317/4 2819/3318/4
f 3140/3319/4 2820/3320/4 390/3321/4 1151/3322/4
f 3139/3323/4 2821/3324/4 967/3325/4 2822/3326/4
f 3138/3327/4 1619/3328/4 365/3329/4 2823/3330/4
f 3137/3331/4 2824/3332/4 499/3333/4 1257/3334/4
f 3136/3335/4 2825/3336/4 968/3337/4 2826/3338/4
f 3135/3339/4 1573/3340/4 319/3341/4 2827/3342/4
f 3134/3343/4 2828/3344/4 498/3345/4 1256/3346/4
f 3133/3347/4 2829/3348/4 969/3349/4 2830/3350/4
f 3132/3351/4 1616/3352/4 362/3353/4 2831/3354/4
f 3131/3355/4 2832/3356/4 412/3357/4 1173/3358/4
f 3130/3359/4 2833/3360/4 970/3361/4 2834/3362/4
f 3129/3363/4 1615/3364/4 361/3365/4 2835/3366/4
f 3128/3367/4 2836/3368/4 495/3369/4 1253/3370/4
f 3127/3371/4 2837/3372/4 971/3373/4 2838/3374/4
f 3126/3375/4 1567/3376/4 313/3377/4 2839/3378/4
f 3125/3379/4 2840/3380/4 494/3381/4 1252/3382/4
f 3124/3383/4 2841/3384/4 972/3385/4 2842/3386/4
f 3123/3387/4 1612/3388/4 358/3389/4 2843/3390/4
f 3122/3391/4 2844/3392/4 413/3393/4 1174/3394/4
f 3121/3395/4 2845/3396/4 973/3397/4 2846/3398/4
f 3120/3399/4 1611/3400/4 357/3401/4 2847/3402/4
f 3119/3403/3 2848/3404/3 491/3405/3 1249/3406/3
f 3118/3407/3 2849/3408/3 974/3409/3 2850/3410/3
f 3117/3411/3 1576/3412/3 322/3413/3 2851/3414/3
f 3116/3415/3 2852/3416/3 490/3417/3 1248/3418/3
f 3115/3419/3 2853/3420/3 975/3421/3 2854/3422/3
f 3114/3423/3 1608/3424/3 354/3425/3 2855/3426/3
f 3113/3427/3 2856/3428/3 391/3429/3 1152/3430/3
f 3112/3431/3 2857/3432/3 976/3433/3 2858/3434/3
f 3111/3435/3 1607/3436/3 353/3437/3 2859/3438/3
f 3110/3439/3 2860/3440/3 487/3441/3 1245/3442/3
f 3109/3443/3 2861/3444/3 977/3445/3 2862/3446/3
f 3108/3447/3 1577/3448/3 323/3449/3 2863/3450/3
f 3107/3451/3 2864/3452/3 486/3453/3 1244/3454/3
f 3106/3455/3 2865/3456/3 978/3457/3 2866/3458/3
f 3105/3459/3 1604/3460/3 350/3461/3 2867/3462/3
f 3104/3463/3 2868/3464/3 416/3465/3 1177/3466/3
f 3103/3467/3 2869/3468/3 979/3469/3 2870/3470/3
f 3102/3471/3 1603/3472/3 349/3473/3 2871/3474/3
f 3101/3475/3 2872/3476/3 483/3477/3 1241/3478/3
f 3100/3479/3 2873/3480/3 980/3481/3 2874/3482/3
f 3099/3483/3 1569/3484/3 315/3485/3 2875/3486/3
f 3098/3487/3 2876/3488/3 482/3489/3 1240/3490/3
f 3097/3491/3 2877/3492/3 981/3493/3 2878/3494/3
f 3096/3495/3 1600/3496/3 346/3497/3 2879/3498/3
f 3095/3499/3 2880/3500/3 417/3501/3 1178/3502/3
f 3094/3503/3 2881/3504/3 982/3505/3 2882/3506/3
f 3093/3507/3 1599/3508/3 345/3509/3 2883/3510/3
f 3092/3511/2 2884/3512/2 5711/3513/2 479/3514/2 1237/3515/2
f 3091/3516/2 2885/3517/2 5712/3518/2 983/3519/2 2886/3520/2
f 3090/3521/2 2887/3522/2 309/3523/2 1563/3524/2
f 3089/3525/2 2888/3526/2 984/3527/2 2889/3528/2
f 3088/3529/2 5754/3530/2 1597/3531/2 343/3532/2 2890/3533/2
f 3087/3534/2 2891/3535/2 5713/3536/2 478/3537/2 1236/3538/2
f 3086/3539/2 2892/3540/2 5714/3541/2 985/3542/2 2893/3543/2
f 3085/3544/2 2894/3545/2 5715/3546/2 418/3547/2 1179/3548/2
f 3084/3549/2 2895/3550/2 5716/3551/2 986/3552/2 2896/3553/2
f 3083/3554/2 1566/3555/2 312/3556/2 2899/3557/2
f 3082/3558/1 2900/3559/1 474/3560/1 1233/3561/1
f 3081/3562/1 2901/3563/1 988/3564/1 2902/3565/1
f 3080/3566/1 1580/3567/1 326/3568/1 2903/3569/1
f 3079/3570/1 2904/3571/1 473/3572/1 1232/3573/1
f 3078/3574/1 2905/3575/1 989/3576/1 2906/3577/1
f 3077/3578/1 1593/3579/1 339/3580/1 2907/3581/1
f 3076/3582/1 2908/3583/1 312/3584/1 1566/3585/1
f 3075/3586/1 2909/3587/1 990/3588/1 2910/3589/1
f 3074/3590/1 1592/3591/1 338/3592/1 2911/3593/1
f 3073/3594/1 2912/3595/1 470/3596/1 1229/3597/1
f 3072/3598/1 2913/3599/1 991/3600/1 2914/3601/1
f 3071/3602/1 1581/3603/1 327/3604/1 2915/3605/1
f 3070/3606/1 2916/3607/1 469/3608/1 1228/3609/1
f 3069/3610/1 2917/3611/1 992/3612/1 2918/3613/1
f 3068/3614/1 1589/3615/1 335/3616/1 2919/3617/1
f 3067/3618/1 2920/3619/1 421/3620/1 1182/3621/1
f 3066/3622/1 2921/3623/1 993/3624/1 2922/3625/1
f 3065/3626/1 1588/3627/1 334/3628/1 2923/3629/1
f 3064/3630/1 2924/3631/1 466/3632/1 1225/3633/1
f 3063/3634/1 2925/3635/1 994/3636/1 2926/3637/1
f 3062/3638/1 1156/3639/1 395/3640/1 2927/3641/1
f 3061/3642/1 2928/3643/1 465/3644/1 1224/3645/1
f 3060/3646/1 2929/3647/1 995/3648/1 2930/3649/1
f 3059/3650/1 1585/3651/1 331/3652/1 2931/3653/1
f 3058/3654/1 2932/3655/1 422/3656/1 1183/3657/1
f 3057/3658/1 2933/3659/1 996/3660/1 2934/3661/1
f 3056/3662/1 1584/3663/1 330/3664/1 2935/3665/1
f 3055/3666/1 2936/3667/1 462/3668/1 1221/3669/1
f 3054/3670/1 2937/3671/1 997/3672/1 2938/3673/1
f 3053/3674/1 1193/3675/1 432/3676/1 2939/3677/1
f 3052/3678/1 2940/3679/1 461/3680/1 1220/3681/1
f 3051/3682/1 2941/3683/1 998/3684/1 2942/3685/1
f 3050/3686/1 1545/3687/1 291/3688/1 2943/3689/1
f 3049/3690/1 2944/3691/1 272/3692/1 1526/3693/1
f 3048/3694/1 2945/3695/1 999/3696/1 2946/3697/1
f 3047/3698/1 1544/3699/1 290/3700/1 2947/3701/1
f 3046/3702/2 1526/3703/2 272/3704/2 2950/3705/2
f 3045/3706/2 2951/3707/2 269/3708/2 1523/3709/2
f 3044/3710/2 5752/3711/2 2952/3712/2 1001/3713/2 2953/3714/2
f 3043/3715/2 5750/3716/2 1542/3717/2 288/3718/2 2954/3719/2
f 3042/3720/3 2955/3721/3 456/3722/3 1216/3723/3
f 3041/3724/3 2956/3725/3 1002/3726/3 2957/3727/3
f 3040/3728/3 1529/3729/3 275/3730/3 2958/3731/3
f 3039/3732/3 2959/3733/3 455/3734/3 1215/3735/3
f 3038/3736/3 2960/3737/3 1003/3738/3 2961/3739/3
f 3037/3740/3 1539/3741/3 285/3742/3 2962/3743/3
f 3036/3744/3 2963/3745/3 428/3746/3 1189/3747/3
f 3035/3748/3 2964/3749/3 1004/3750/3 2965/3751/3
f 3034/3752/3 1538/3753/3 284/3754/3 2966/3755/3
f 3033/3756/4 2967/3757/4 452/3758/4 1212/3759/4
f 3032/3760/4 2968/3761/4 1005/3762/4 2969/3763/4
f 3031/3764/4 1527/3765/4 273/3766/4 2970/3767/4
f 3030/3768/4 2971/3769/4 451/3770/4 1211/3771/4
f 3029/3772/4 2972/3773/4 1006/3774/4 2973/3775/4
f 3028/3776/4 1535/3777/4 281/3778/4 2974/3779/4
f 3027/3780/4 2975/3781/4 427/3782/4 1188/3783/4
f 3026/3784/4 2976/3785/4 1007/3786/4 2977/3787/4
f 3025/3788/4 1534/3789/4 280/3790/4 2978/3791/4
f 3024/3792/5 1530/3793/5 276/3794/5 2981/3795/5
f 3023/3796/5 2982/3797/5 425/3798/5 1186/3799/5
f 3022/3800/7 5336/3801/7 2983/3802/7 1009/3803/7 2984/3804/7
f 3021/3805/7 5334/3806/7 1532/3807/7 278/3808/7 2985/3809/7
f 3020/3810/5 2986/3811/5 437/3812/5 1198/3813/5
f 3019/3814/7 5332/3815/7 2987/3816/7 1010/3817/7 2988/3818/7
f 3018/3819/5 1518/3820/5 264/3821/5 2989/3822/5
f 3017/3823/4 2990/3824/4 439/3825/4 1200/3826/4
f 3016/3827/4 2991/3828/4 1011/3829/4 2992/3830/4
f 3015/3831/4 1515/3832/4 261/3833/4 2993/3834/4
f 3014/3835/3 2994/3836/3 440/3837/3 1201/3838/3
f 3013/3839/3 2995/3840/3 1012/3841/3 2996/3842/3
f 3012/3843/3 1517/3844/3 263/3845/3 2997/3846/3
f 3011/3847/2 2998/3848/2 257/3849/2 1511/3850/2
f 3010/3851/2 5748/3852/2 2999/3853/2 1013/3854/2 3000/3855/2
f 3009/3856/2 1514/3857/2 260/3858/2 3001/3859/2
f 3008/3860/1 3002/3861/1 260/3862/1 1514/3863/1
f 3007/3864/1 3003/3865/1 1014/3866/1 3004/3867/1
f 3006/3868/1 1205/3869/1 444/3870/1 3005/3871/1
f 3003/3865/1 3006/3868/1 3005/3871/1 1014/3866/1
f 760/954/1 2007/951/1 3006/3868/1 3003/3865/1
f 2007/951/1 131/950/1 1205/3869/1 3006/3868/1
f 2004/985/1 3007/3864/1 3004/3867/1 757/986/1
f 253/946/1 1507/955/1 3007/3864/1 2004/985/1
f 1507/955/1 760/954/1 3003/3865/1 3007/3864/1
f 1504/941/1 3008/3860/1 1514/3863/1 78/942/1
f 757/986/1 3004/3867/1 3008/3860/1 1504/941/1
f 3004/3867/1 1014/3866/1 3002/3861/1 3008/3860/1
f 2999/3853/2 3009/3856/2 3001/3859/2 1013/3854/2
f 756/3872/2 2003/939/2 3009/3856/2 2999/3853/2 5746/3873/2
f 2003/939/2 78/938/2 1514/3857/2 3009/3856/2
f 2002/1003/2 5747/3874/2 3010/3851/2 3000/3855/2 755/1004/2
f 1503/933/2 3011/3847/2 1511/3850/2 75/934/2
f 755/1004/2 3000/3855/2 3011/3847/2 1503/933/2
f 3000/3855/2 1013/3854/2 2998/3848/2 3011/3847/2
f 2995/3840/3 3012/3843/3 2997/3846/3 1012/3841/3
f 754/1008/3 2001/931/3 3012/3843/3 2995/3840/3
f 2001/931/3 81/930/3 1517/3844/3 3012/3843/3
f 1998/1039/3 3013/3839/3 2996/3842/3 751/1040/3
f 252/926/3 1502/1009/3 3013/3839/3 1998/1039/3
f 1502/1009/3 754/1008/3 2995/3840/3 3013/3839/3
f 1499/921/3 3014/3835/3 1201/3838/3 127/922/3
f 751/1040/3 2996/3842/3 3014/3835/3 1499/921/3
f 2996/3842/3 1012/3841/3 2994/3836/3 3014/3835/3
f 2991/3828/4 3015/3831/4 2993/3834/4 1011/3829/4
f 750/1044/4 1997/919/4 3015/3831/4 2991/3828/4
f 1997/919/4 79/918/4 1515/3832/4 3015/3831/4
f 1994/1075/4 3016/3827/4 2992/3830/4 747/1076/4
f 251/914/4 1498/1045/4 3016/3827/4 1994/1075/4
f 1498/1045/4 750/1044/4 2991/3828/4 3016/3827/4
f 1495/909/4 3017/3823/4 1200/3826/4 126/910/4
f 747/1076/4 2992/3830/4 3017/3823/4 1495/909/4
f 2992/3830/4 1011/3829/4 2990/3824/4 3017/3823/4
f 2987/3816/5 3018/3819/5 2989/3822/5 1010/3817/5
f 746/3875/8 1993/907/8 3018/3819/8 2987/3816/8 5330/3876/8
f 1993/907/5 82/906/5 1518/3820/5 3018/3819/5
f 1992/1093/7 5331/3877/7 3019/3814/7 2988/3818/7 745/1094/7
f 1494/901/5 3020/3810/5 1198/3813/5 124/902/5
f 745/1094/5 2988/3818/5 3020/3810/5 1494/901/5
f 2988/3818/5 1010/3817/5 2986/3811/5 3020/3810/5
f 2983/3802/7 5333/3878/7 3021/3805/7 2985/3809/7 1009/3803/7
f 1991/1107/7 5335/3879/7 3022/3800/7 2984/3804/7 744/1108/7
f 1493/897/5 3023/3796/5 1186/3799/5 112/898/5
f 744/1108/5 2984/3804/5 3023/3796/5 1493/897/5
f 2984/3804/5 1009/3803/5 2982/3797/5 3023/3796/5
f 2980/3880/8 3024/3792/8 2981/3795/8 1008/3881/8 5304/3882/8
f 743/3883/8 1990/895/8 3024/3792/8 2980/3880/8 5329/3884/8
f 1990/895/5 94/894/5 1530/3793/5 3024/3792/5
f 2976/3785/4 3025/3788/4 2978/3791/4 1007/3786/4
f 742/1116/4 1989/891/4 3025/3788/4 2976/3785/4
f 1989/891/4 97/890/4 1534/3789/4 3025/3788/4
f 1986/1147/4 3026/3784/4 2977/3787/4 739/1148/4
f 250/886/4 1492/1117/4 3026/3784/4 1986/1147/4
f 1492/1117/4 742/1116/4 2976/3785/4 3026/3784/4
f 1489/881/4 3027/3780/4 1188/3783/4 114/882/4
f 739/1148/4 2977/3787/4 3027/3780/4 1489/881/4
f 2977/3787/4 1007/3786/4 2975/3781/4 3027/3780/4
f 2972/3773/4 3028/3776/4 2974/3779/4 1006/3774/4
f 738/1152/4 1985/879/4 3028/3776/4 2972/3773/4
f 1985/879/4 98/878/4 1535/3777/4 3028/3776/4
f 1982/1183/4 3029/3772/4 2973/3775/4 735/1184/4
f 249/874/4 1488/1153/4 3029/3772/4 1982/1183/4
f 1488/1153/4 738/1152/4 2972/3773/4 3029/3772/4
f 1485/869/4 3030/3768/4 1211/3771/4 136/870/4
f 735/1184/4 2973/3775/4 3030/3768/4 1485/869/4
f 2973/3775/4 1006/3774/4 2971/3769/4 3030/3768/4
f 2968/3761/4 3031/3764/4 2970/3767/4 1005/3762/4
f 734/1188/4 1981/867/4 3031/3764/4 2968/3761/4
f 1981/867/4 91/866/4 1527/3765/4 3031/3764/4
f 1978/1219/4 3032/3760/4 2969/3763/4 731/1220/4
f 248/862/4 1484/1189/4 3032/3760/4 1978/1219/4
f 1484/1189/4 734/1188/4 2968/3761/4 3032/3760/4
f 1481/857/4 3033/3756/4 1212/3759/4 137/858/4
f 731/1220/4 2969/3763/4 3033/3756/4 1481/857/4
f 2969/3763/4 1005/3762/4 2967/3757/4 3033/3756/4
f 2964/3749/3 3034/3752/3 2966/3755/3 1004/3750/3
f 730/1224/3 1977/855/3 3034/3752/3 2964/3749/3
f 1977/855/3 101/854/3 1538/3753/3 3034/3752/3
f 1974/1255/3 3035/3748/3 2965/3751/3 727/1256/3
f 247/850/3 1480/1225/3 3035/3748/3 1974/1255/3
f 1480/1225/3 730/1224/3 2964/3749/3 3035/3748/3
f 1477/845/3 3036/3744/3 1189/3747/3 115/846/3
f 727/1256/3 2965/3751/3 3036/3744/3 1477/845/3
f 2965/3751/3 1004/3750/3 2963/3745/3 3036/3744/3
f 2960/3737/3 3037/3740/3 2962/3743/3 1003/3738/3
f 726/1260/3 1973/843/3 3037/3740/3 2960/3737/3
f 1973/843/3 102/842/3 1539/3741/3 3037/3740/3
f 1970/1291/3 3038/3736/3 2961/3739/3 723/1292/3
f 246/838/3 1476/1261/3 3038/3736/3 1970/1291/3
f 1476/1261/3 726/1260/3 2960/3737/3 3038/3736/3
f 1473/833/3 3039/3732/3 1215/3735/3 140/834/3
f 723/1292/3 2961/3739/3 3039/3732/3 1473/833/3
f 2961/3739/3 1003/3738/3 2959/3733/3 3039/3732/3
f 2956/3725/3 3040/3728/3 2958/3731/3 1002/3726/3
f 722/1296/3 1969/831/3 3040/3728/3 2956/3725/3
f 1969/831/3 93/830/3 1529/3729/3 3040/3728/3
f 1966/1327/3 3041/3724/3 2957/3727/3 719/1328/3
f 245/826/3 1472/1297/3 3041/3724/3 1966/1327/3
f 1472/1297/3 722/1296/3 2956/3725/3 3041/3724/3
f 1469/821/3 3042/3720/3 1216/3723/3 141/822/3
f 719/1328/3 2957/3727/3 3042/3720/3 1469/821/3
f 2957/3727/3 1002/3726/3 2955/3721/3 3042/3720/3
f 2952/3712/2 5749/3885/2 3043/3715/2 2954/3719/2 1001/3713/2
f 1965/1341/2 5751/3886/2 3044/3710/2 2953/3714/2 718/1342/2
f 1468/817/2 3045/3706/2 1523/3709/2 87/818/2
f 718/1342/2 2953/3714/2 3045/3706/2 1468/817/2
f 2953/3714/2 1001/3713/2 2951/3707/2 3045/3706/2
f 2949/3887/2 3046/3702/2 2950/3705/2 1000/3888/2 5720/3889/2
f 717/3890/2 1964/815/2 3046/3702/2 2949/3887/2 5745/3891/2
f 1964/815/2 90/814/2 1526/3703/2 3046/3702/2
f 2945/3695/1 3047/3698/1 2947/3701/1 999/3696/1
f 716/1350/1 1963/811/1 3047/3698/1 2945/3695/1
f 1963/811/1 106/810/1 1544/3699/1 3047/3698/1
f 1960/1381/1 3048/3694/1 2946/3697/1 713/1382/1
f 244/806/1 1467/1351/1 3048/3694/1 1960/1381/1
f 1467/1351/1 716/1350/1 2945/3695/1 3048/3694/1
f 1464/801/1 3049/3690/1 1526/3693/1 90/802/1
f 713/1382/1 2946/3697/1 3049/3690/1 1464/801/1
f 2946/3697/1 999/3696/1 2944/3691/1 3049/3690/1
f 2941/3683/1 3050/3686/1 2943/3689/1 998/3684/1
f 712/1386/1 1959/799/1 3050/3686/1 2941/3683/1
f 1959/799/1 107/798/1 1545/3687/1 3050/3686/1
f 1956/1417/1 3051/3682/1 2942/3685/1 709/1418/1
f 243/794/1 1463/1387/1 3051/3682/1 1956/1417/1
f 1463/1387/1 712/1386/1 2941/3683/1 3051/3682/1
f 1460/789/1 3052/3678/1 1220/3681/1 144/790/1
f 709/1418/1 2942/3685/1 3052/3678/1 1460/789/1
f 2942/3685/1 998/3684/1 2940/3679/1 3052/3678/1
f 2937/3671/1 3053/3674/1 2939/3677/1 997/3672/1
f 708/1422/1 1955/787/1 3053/3674/1 2937/3671/1
f 1955/787/1 119/786/1 1193/3675/1 3053/3674/1
f 1952/1453/1 3054/3670/1 2938/3673/1 705/1454/1
f 242/782/1 1459/1423/1 3054/3670/1 1952/1453/1
f 1459/1423/1 708/1422/1 2937/3671/1 3054/3670/1
f 1456/777/1 3055/3666/1 1221/3669/1 145/778/1
f 705/1454/1 2938/3673/1 3055/3666/1 1456/777/1
f 2938/3673/1 997/3672/1 2936/3667/1 3055/3666/1
f 2933/3659/1 3056/3662/1 2935/3665/1 996/3660/1
f 704/1458/1 1951/775/1 3056/3662/1 2933/3659/1
f 1951/775/1 146/774/1 1584/3663/1 3056/3662/1
f 1948/1489/1 3057/3658/1 2934/3661/1 701/1490/1
f 241/770/1 1455/1459/1 3057/3658/1 1948/1489/1
f 1455/1459/1 704/1458/1 2933/3659/1 3057/3658/1
f 1452/765/1 3058/3654/1 1183/3657/1 109/766/1
f 701/1490/1 2934/3661/1 3058/3654/1 1452/765/1
f 2934/3661/1 996/3660/1 2932/3655/1 3058/3654/1
f 2929/3647/1 3059/3650/1 2931/3653/1 995/3648/1
f 700/1494/1 1947/763/1 3059/3650/1 2929/3647/1
f 1947/763/1 147/762/1 1585/3651/1 3059/3650/1
f 1944/1525/1 3060/3646/1 2930/3649/1 697/1526/1
f 240/758/1 1451/1495/1 3060/3646/1 1944/1525/1
f 1451/1495/1 700/1494/1 2929/3647/1 3060/3646/1
f 1448/753/1 3061/3642/1 1224/3645/1 148/754/1
f 697/1526/1 2930/3649/1 3061/3642/1 1448/753/1
f 2930/3649/1 995/3648/1 2928/3643/1 3061/3642/1
f 2925/3635/1 3062/3638/1 2927/3641/1 994/3636/1
f 696/1530/1 1943/751/1 3062/3638/1 2925/3635/1
f 1943/751/1 81/750/1 1156/3639/1 3062/3638/1
f 1940/1561/1 3063/3634/1 2926/3637/1 693/1562/1
f 239/746/1 1447/1531/1 3063/3634/1 1940/1561/1
f 1447/1531/1 696/1530/1 2925/3635/1 3063/3634/1
f 1444/741/1 3064/3630/1 1225/3633/1 149/742/1
f 693/1562/1 2926/3637/1 3064/3630/1 1444/741/1
f 2926/3637/1 994/3636/1 2924/3631/1 3064/3630/1
f 2921/3623/1 3065/3626/1 2923/3629/1 993/3624/1
f 692/1566/1 1939/739/1 3065/3626/1 2921/3623/1
f 1939/739/1 150/738/1 1588/3627/1 3065/3626/1
f 1936/1597/1 3066/3622/1 2922/3625/1 689/1598/1
f 238/734/1 1443/1567/1 3066/3622/1 1936/1597/1
f 1443/1567/1 692/1566/1 2921/3623/1 3066/3622/1
f 1440/729/1 3067/3618/1 1182/3621/1 108/730/1
f 689/1598/1 2922/3625/1 3067/3618/1 1440/729/1
f 2922/3625/1 993/3624/1 2920/3619/1 3067/3618/1
f 2917/3611/1 3068/3614/1 2919/3617/1 992/3612/1
f 688/1602/1 1935/727/1 3068/3614/1 2917/3611/1
f 1935/727/1 151/726/1 1589/3615/1 3068/3614/1
f 1932/1633/1 3069/3610/1 2918/3613/1 685/1634/1
f 237/722/1 1439/1603/1 3069/3610/1 1932/1633/1
f 1439/1603/1 688/1602/1 2917/3611/1 3069/3610/1
f 1436/717/1 3070/3606/1 1228/3609/1 152/718/1
f 685/1634/1 2918/3613/1 3070/3606/1 1436/717/1
f 2918/3613/1 992/3612/1 2916/3607/1 3070/3606/1
f 2913/3599/1 3071/3602/1 2915/3605/1 991/3600/1
f 684/1638/1 1931/715/1 3071/3602/1 2913/3599/1
f 1931/715/1 143/714/1 1581/3603/1 3071/3602/1
f 1928/1669/1 3072/3598/1 2914/3601/1 681/1670/1
f 236/710/1 1435/1639/1 3072/3598/1 1928/1669/1
f 1435/1639/1 684/1638/1 2913/3599/1 3072/3598/1
f 1432/705/1 3073/3594/1 1229/3597/1 153/706/1
f 681/1670/1 2914/3601/1 3073/3594/1 1432/705/1
f 2914/3601/1 991/3600/1 2912/3595/1 3073/3594/1
f 2909/3587/1 3074/3590/1 2911/3593/1 990/3588/1
f 680/1674/1 1927/703/1 3074/3590/1 2909/3587/1
f 1927/703/1 154/702/1 1592/3591/1 3074/3590/1
f 1924/1705/1 3075/3586/1 2910/3589/1 677/1706/1
f 235/698/1 1431/1675/1 3075/3586/1 1924/1705/1
f 1431/1675/1 680/1674/1 2909/3587/1 3075/3586/1
f 1428/693/1 3076/3582/1 1566/3585/1 128/694/1
f 677/1706/1 2910/3589/1 3076/3582/1 1428/693/1
f 2910/3589/1 990/3588/1 2908/3583/1 3076/3582/1
f 2905/3575/1 3077/3578/1 2907/3581/1 989/3576/1
f 676/1710/1 1923/691/1 3077/3578/1 2905/3575/1
f 1923/691/1 155/690/1 1593/3579/1 3077/3578/1
f 1920/1741/1 3078/3574/1 2906/3577/1 673/1742/1
f 234/686/1 1427/1711/1 3078/3574/1 1920/1741/1
f 1427/1711/1 676/1710/1 2905/3575/1 3078/3574/1
f 1424/681/1 3079/3570/1 1232/3573/1 156/682/1
f 673/1742/1 2906/3577/1 3079/3570/1 1424/681/1
f 2906/3577/1 989/3576/1 2904/3571/1 3079/3570/1
f 2901/3563/1 3080/3566/1 2903/3569/1 988/3564/1
f 672/1746/1 1919/679/1 3080/3566/1 2901/3563/1
f 1919/679/1 142/678/1 1580/3567/1 3080/3566/1
f 1916/1777/1 3081/3562/1 2902/3565/1 669/1778/1
f 233/674/1 1423/1747/1 3081/3562/1 1916/1777/1
f 1423/1747/1 672/1746/1 2901/3563/1 3081/3562/1
f 1420/669/1 3082/3558/1 1233/3561/1 157/670/1
f 669/1778/1 2902/3565/1 3082/3558/1 1420/669/1
f 2902/3565/1 988/3564/1 2900/3559/1 3082/3558/1
f 2898/3892/2 3083/3554/2 2899/3557/2 987/3893/2 5718/3894/2
f 667/3895/2 1914/667/2 3083/3554/2 2898/3892/2 5743/3896/2
f 1914/667/2 128/666/2 1566/3555/2 3083/3554/2
f 1910/1843/2 3084/3549/2 2896/3553/2 662/1844/2
f 232/662/2 1417/1816/2 3084/3549/2 1910/1843/2
f 1417/1816/2 665/1815/2 5741/3897/2 2895/3550/2 3084/3549/2
f 1414/657/2 3085/3544/2 1179/3548/2 105/658/2
f 662/1844/2 2896/3553/2 3085/3544/2 1414/657/2
f 2896/3553/2 986/3552/2 5740/3898/2 2894/3545/2 3085/3544/2
f 1907/1880/2 3086/3539/2 2893/3543/2 658/1881/2
f 231/654/2 1413/1850/2 3086/3539/2 1907/1880/2
f 1413/1850/2 661/1849/2 5739/3899/2 2892/3540/2 3086/3539/2
f 1410/649/2 3087/3534/2 1236/3538/2 158/650/2
f 658/1881/2 2893/3543/2 3087/3534/2 1410/649/2
f 2893/3543/2 985/3542/2 5738/3900/2 2891/3535/2 3087/3534/2
f 2888/3526/2 5753/3901/2 3088/3529/2 2890/3533/2 984/3527/2
f 1903/1930/2 3089/3525/2 2889/3528/2 653/1931/2
f 230/646/2 1408/1903/2 3089/3525/2 1903/1930/2
f 1408/1903/2 656/1902/2 5737/3902/2 2888/3526/2 3089/3525/2
f 1405/641/2 3090/3521/2 1563/3524/2 125/642/2
f 653/1931/2 2889/3528/2 3090/3521/2 1405/641/2
f 2889/3528/2 984/3527/2 2887/3522/2 3090/3521/2
f 1900/1964/2 3091/3516/2 2886/3520/2 649/1965/2
f 229/638/2 1404/1937/2 3091/3516/2 1900/1964/2
f 1404/1937/2 652/1936/2 5736/3903/2 2885/3517/2 3091/3516/2
f 1401/633/2 3092/3511/2 1237/3515/2 159/634/2
f 649/1965/2 2886/3520/2 3092/3511/2 1401/633/2
f 2886/3520/2 983/3519/2 5735/3904/2 2884/3512/2 3092/3511/2
f 2881/3504/3 3093/3507/3 2883/3510/3 982/3505/3
f 648/1969/3 1899/631/3 3093/3507/3 2881/3504/3
f 1899/631/3 160/630/3 1599/3508/3 3093/3507/3
f 1896/2000/3 3094/3503/3 2882/3506/3 645/2001/3
f 228/626/3 1400/1970/3 3094/3503/3 1896/2000/3
f 1400/1970/3 648/1969/3 2881/3504/3 3094/3503/3
f 1397/621/3 3095/3499/3 1178/3502/3 104/622/3
f 645/2001/3 2882/3506/3 3095/3499/3 1397/621/3
f 2882/3506/3 982/3505/3 2880/3500/3 3095/3499/3
f 2877/3492/3 3096/3495/3 2879/3498/3 981/3493/3
f 644/2005/3 1895/619/3 3096/3495/3 2877/3492/3
f 1895/619/3 161/618/3 1600/3496/3 3096/3495/3
f 1892/2036/3 3097/3491/3 2878/3494/3 641/2037/3
f 227/614/3 1396/2006/3 3097/3491/3 1892/2036/3
f 1396/2006/3 644/2005/3 2877/3492/3 3097/3491/3
f 1393/609/3 3098/3487/3 1240/3490/3 162/610/3
f 641/2037/3 2878/3494/3 3098/3487/3 1393/609/3
f 2878/3494/3 981/3493/3 2876/3488/3 3098/3487/3
f 2873/3480/3 3099/3483/3 2875/3486/3 980/3481/3
f 640/2041/3 1891/607/3 3099/3483/3 2873/3480/3
f 1891/607/3 131/606/3 1569/3484/3 3099/3483/3
f 1888/2072/3 3100/3479/3 2874/3482/3 637/2073/3
f 226/602/3 1392/2042/3 3100/3479/3 1888/2072/3
f 1392/2042/3 640/2041/3 2873/3480/3 3100/3479/3
f 1389/597/3 3101/3475/3 1241/3478/3 163/598/3
f 637/2073/3 2874/3482/3 3101/3475/3 1389/597/3
f 2874/3482/3 980/3481/3 2872/3476/3 3101/3475/3
f 2869/3468/3 3102/3471/3 2871/3474/3 979/3469/3
f 636/2077/3 1887/595/3 3102/3471/3 2869/3468/3
f 1887/595/3 164/594/3 1603/3472/3 3102/3471/3
f 1884/2108/3 3103/3467/3 2870/3470/3 633/2109/3
f 225/590/3 1388/2078/3 3103/3467/3 1884/2108/3
f 1388/2078/3 636/2077/3 2869/3468/3 3103/3467/3
f 1385/585/3 3104/3463/3 1177/3466/3 103/586/3
f 633/2109/3 2870/3470/3 3104/3463/3 1385/585/3
f 2870/3470/3 979/3469/3 2868/3464/3 3104/3463/3
f 2865/3456/3 3105/3459/3 2867/3462/3 978/3457/3
f 632/2113/3 1883/583/3 3105/3459/3 2865/3456/3
f 1883/583/3 165/582/3 1604/3460/3 3105/3459/3
f 1880/2144/3 3106/3455/3 2866/3458/3 629/2145/3
f 224/578/3 1384/2114/3 3106/3455/3 1880/2144/3
f 1384/2114/3 632/2113/3 2865/3456/3 3106/3455/3
f 1381/573/3 3107/3451/3 1244/3454/3 166/574/3
f 629/2145/3 2866/3458/3 3107/3451/3 1381/573/3
f 2866/3458/3 978/3457/3 2864/3452/3 3107/3451/3
f 2861/3444/3 3108/3447/3 2863/3450/3 977/3445/3
f 628/2149/3 1879/571/3 3108/3447/3 2861/3444/3
f 1879/571/3 139/570/3 1577/3448/3 3108/3447/3
f 1876/2180/3 3109/3443/3 2862/3446/3 625/2181/3
f 223/566/3 1380/2150/3 3109/3443/3 1876/2180/3
f 1380/2150/3 628/2149/3 2861/3444/3 3109/3443/3
f 1377/561/3 3110/3439/3 1245/3442/3 167/562/3
f 625/2181/3 2862/3446/3 3110/3439/3 1377/561/3
f 2862/3446/3 977/3445/3 2860/3440/3 3110/3439/3
f 2857/3432/3 3111/3435/3 2859/3438/3 976/3433/3
f 624/2185/3 1875/559/3 3111/3435/3 2857/3432/3
f 1875/559/3 168/558/3 1607/3436/3 3111/3435/3
f 1872/2216/3 3112/3431/3 2858/3434/3 621/2217/3
f 222/554/3 1376/2186/3 3112/3431/3 1872/2216/3
f 1376/2186/3 624/2185/3 2857/3432/3 3112/3431/3
f 1373/549/3 3113/3427/3 1152/3430/3 77/550/3
f 621/2217/3 2858/3434/3 3113/3427/3 1373/549/3
f 2858/3434/3 976/3433/3 2856/3428/3 3113/3427/3
f 2853/3420/3 3114/3423/3 2855/3426/3 975/3421/3
f 620/2221/3 1871/547/3 3114/3423/3 2853/3420/3
f 1871/547/3 169/546/3 1608/3424/3 3114/3423/3
f 1868/2252/3 3115/3419/3 2854/3422/3 617/2253/3
f 221/542/3 1372/2222/3 3115/3419/3 1868/2252/3
f 1372/2222/3 620/2221/3 2853/3420/3 3115/3419/3
f 1369/537/3 3116/3415/3 1248/3418/3 170/538/3
f 617/2253/3 2854/3422/3 3116/3415/3 1369/537/3
f 2854/3422/3 975/3421/3 2852/3416/3 3116/3415/3
f 2849/3408/3 3117/3411/3 2851/3414/3 974/3409/3
f 616/2257/3 1867/535/3 3117/3411/3 2849/3408/3
f 1867/535/3 138/534/3 1576/3412/3 3117/3411/3
f 1864/2288/3 3118/3407/3 2850/3410/3 613/2289/3
f 220/530/3 1368/2258/3 3118/3407/3 1864/2288/3
f 1368/2258/3 616/2257/3 2849/3408/3 3118/3407/3
f 1365/525/3 3119/3403/3 1249/3406/3 171/526/3
f 613/2289/3 2850/3410/3 3119/3403/3 1365/525/3
f 2850/3410/3 974/3409/3 2848/3404/3 3119/3403/3
f 2845/3396/4 3120/3399/4 2847/3402/4 973/3397/4
f 612/2293/4 1863/523/4 3120/3399/4 2845/3396/4
f 1863/523/4 172/522/4 1611/3400/4 3120/3399/4
f 1860/2324/4 3121/3395/4 2846/3398/4 609/2325/4
f 219/518/4 1364/2294/4 3121/3395/4 1860/2324/4
f 1364/2294/4 612/2293/4 2845/3396/4 3121/3395/4
f 1361/513/4 3122/3391/4 1174/3394/4 100/514/4
f 609/2325/4 2846/3398/4 3122/3391/4 1361/513/4
f 2846/3398/4 973/3397/4 2844/3392/4 3122/3391/4
f 2841/3384/4 3123/3387/4 2843/3390/4 972/3385/4
f 608/2329/4 1859/511/4 3123/3387/4 2841/3384/4
f 1859/511/4 173/510/4 1612/3388/4 3123/3387/4
f 1856/2360/4 3124/3383/4 2842/3386/4 605/2361/4
f 218/506/4 1360/2330/4 3124/3383/4 1856/2360/4
f 1360/2330/4 608/2329/4 2841/3384/4 3124/3383/4
f 1357/501/4 3125/3379/4 1252/3382/4 174/502/4
f 605/2361/4 2842/3386/4 3125/3379/4 1357/501/4
f 2842/3386/4 972/3385/4 2840/3380/4 3125/3379/4
f 2837/3372/4 3126/3375/4 2839/3378/4 971/3373/4
f 604/2365/4 1855/499/4 3126/3375/4 2837/3372/4
f 1855/499/4 129/498/4 1567/3376/4 3126/3375/4
f 1852/2396/4 3127/3371/4 2838/3374/4 601/2397/4
f 217/494/4 1356/2366/4 3127/3371/4 1852/2396/4
f 1356/2366/4 604/2365/4 2837/3372/4 3127/3371/4
f 1353/489/4 3128/3367/4 1253/3370/4 175/490/4
f 601/2397/4 2838/3374/4 3128/3367/4 1353/489/4
f 2838/3374/4 971/3373/4 2836/3368/4 3128/3367/4
f 2833/3360/4 3129/3363/4 2835/3366/4 970/3361/4
f 600/2401/4 1851/487/4 3129/3363/4 2833/3360/4
f 1851/487/4 176/486/4 1615/3364/4 3129/3363/4
f 1848/2432/4 3130/3359/4 2834/3362/4 597/2433/4
f 216/482/4 1352/2402/4 3130/3359/4 1848/2432/4
f 1352/2402/4 600/2401/4 2833/3360/4 3130/3359/4
f 1349/477/4 3131/3355/4 1173/3358/4 99/478/4
f 597/2433/4 2834/3362/4 3131/3355/4 1349/477/4
f 2834/3362/4 970/3361/4 2832/3356/4 3131/3355/4
f 2829/3348/4 3132/3351/4 2831/3354/4 969/3349/4
f 596/2437/4 1847/475/4 3132/3351/4 2829/3348/4
f 1847/475/4 177/474/4 1616/3352/4 3132/3351/4
f 1844/2468/4 3133/3347/4 2830/3350/4 593/2469/4
f 215/470/4 1348/2438/4 3133/3347/4 1844/2468/4
f 1348/2438/4 596/2437/4 2829/3348/4 3133/3347/4
f 1345/465/4 3134/3343/4 1256/3346/4 178/466/4
f 593/2469/4 2830/3350/4 3134/3343/4 1345/465/4
f 2830/3350/4 969/3349/4 2828/3344/4 3134/3343/4
f 2825/3336/4 3135/3339/4 2827/3342/4 968/3337/4
f 592/2473/4 1843/463/4 3135/3339/4 2825/3336/4
f 1843/463/4 135/462/4 1573/3340/4 3135/3339/4
f 1840/2504/4 3136/3335/4 2826/3338/4 589/2505/4
f 214/458/4 1344/2474/4 3136/3335/4 1840/2504/4
f 1344/2474/4 592/2473/4 2825/3336/4 3136/3335/4
f 1341/453/4 3137/3331/4 1257/3334/4 179/454/4
f 589/2505/4 2826/3338/4 3137/3331/4 1341/453/4
f 2826/3338/4 968/3337/4 2824/3332/4 3137/3331/4
f 2821/3324/4 3138/3327/4 2823/3330/4 967/3325/4
f 588/2509/4 1839/451/4 3138/3327/4 2821/3324/4
f 1839/451/4 180/450/4 1619/3328/4 3138/3327/4
f 1836/2540/4 3139/3323/4 2822/3326/4 585/2541/4
f 213/446/4 1340/2510/4 3139/3323/4 1836/2540/4
f 1340/2510/4 588/2509/4 2821/3324/4 3139/3323/4
f 1337/441/4 3140/3319/4 1151/3322/4 76/442/4
f 585/2541/4 2822/3326/4 3140/3319/4 1337/441/4
f 2822/3326/4 967/3325/4 2820/3320/4 3140/3319/4
f 2817/3312/4 3141/3315/4 2819/3318/4 966/3313/4
f 584/2545/4 1835/439/4 3141/3315/4 2817/3312/4
f 1835/439/4 181/438/4 1620/3316/4 3141/3315/4
f 1832/2576/4 3142/3311/4 2818/3314/4 581/2577/4
f 212/434/4 1336/2546/4 3142/3311/4 1832/2576/4
f 1336/2546/4 584/2545/4 2817/3312/4 3142/3311/4
f 1333/429/4 3143/3307/4 1260/3310/4 182/430/4
f 581/2577/4 2818/3314/4 3143/3307/4 1333/429/4
f 2818/3314/4 966/3313/4 2816/3308/4 3143/3307/4
f 2813/3300/4 3144/3303/4 2815/3306/4 965/3301/4
f 580/2581/4 1831/427/4 3144/3303/4 2813/3300/4
f 1831/427/4 134/426/4 1572/3304/4 3144/3303/4
f 1828/2612/4 3145/3299/4 2814/3302/4 577/2613/4
f 211/422/4 1332/2582/4 3145/3299/4 1828/2612/4
f 1332/2582/4 580/2581/4 2813/3300/4 3145/3299/4
f 1329/417/4 3146/3295/4 1261/3298/4 183/418/4
f 577/2613/4 2814/3302/4 3146/3295/4 1329/417/4
f 2814/3302/4 965/3301/4 2812/3296/4 3146/3295/4
f 2810/3905/8 3147/3291/8 2811/3294/8 964/3906/8 5302/3907/8
f 575/3908/8 1826/415/8 3147/3291/8 2810/3905/8 5327/3909/8
f 1826/415/5 132/414/5 1570/3292/5 3147/3291/5
f 2806/3283/7 5337/3910/7 3148/3286/7 2808/3290/7 963/3284/7
f 1815/2744/7 5339/3911/7 3149/3281/7 2807/3285/7 564/2745/7
f 1317/384/5 3150/3277/5 1149/3280/5 74/385/5
f 564/2745/5 2807/3285/5 3150/3277/5 1317/384/5
f 2807/3285/5 963/3284/5 2805/3278/5 3150/3277/5
f 2802/3269/7 5341/3912/7 3151/3272/7 2804/3276/7 962/3270/7
f 1811/2784/7 5343/3913/7 3152/3267/7 2803/3271/7 560/2785/7
f 1313/370/5 3153/3263/5 1161/3266/5 86/371/5
f 560/2785/5 2803/3271/5 3153/3263/5 1313/370/5
f 2803/3271/5 962/3270/5 2801/3264/5 3153/3263/5
f 2799/3914/8 3154/3259/8 2800/3262/8 961/3915/8 5300/3916/8
f 559/3917/8 1810/368/8 3154/3259/8 2799/3914/8 5325/3918/8
f 1810/368/5 120/367/5 1558/3260/5 3154/3259/5
f 2795/3252/4 3155/3255/4 2797/3258/4 960/3253/4
f 558/2793/4 1809/364/4 3155/3255/4 2795/3252/4
f 1809/364/4 186/363/4 1627/3256/4 3155/3255/4
f 1806/2824/4 3156/3251/4 2796/3254/4 555/2825/4
f 206/359/4 1312/2794/4 3156/3251/4 1806/2824/4
f 1312/2794/4 558/2793/4 2795/3252/4 3156/3251/4
f 1309/354/4 3157/3247/4 1163/3250/4 88/355/4
f 555/2825/4 2796/3254/4 3157/3247/4 1309/354/4
f 2796/3254/4 960/3253/4 2794/3248/4 3157/3247/4
f 2791/3240/4 3158/3243/4 2793/3246/4 959/3241/4
f 554/2829/4 1805/352/4 3158/3243/4 2791/3240/4
f 1805/352/4 187/351/4 1628/3244/4 3158/3243/4
f 1802/2860/4 3159/3239/4 2792/3242/4 551/2861/4
f 205/347/4 1308/2830/4 3159/3239/4 1802/2860/4
f 1308/2830/4 554/2829/4 2791/3240/4 3159/3239/4
f 1305/342/4 3160/3235/4 1266/3238/4 188/343/4
f 551/2861/4 2792/3242/4 3160/3235/4 1305/342/4
f 2792/3242/4 959/3241/4 2790/3236/4 3160/3235/4
f 2787/3228/4 3161/3231/4 2789/3234/4 958/3229/4
f 550/2865/4 1801/340/4 3161/3231/4 2787/3228/4
f 1801/340/4 117/339/4 1555/3232/4 3161/3231/4
f 1798/2896/4 3162/3227/4 2788/3230/4 547/2897/4
f 204/335/4 1304/2866/4 3162/3227/4 1798/2896/4
f 1304/2866/4 550/2865/4 2787/3228/4 3162/3227/4
f 1301/330/4 3163/3223/4 1267/3226/4 189/331/4
f 547/2897/4 2788/3230/4 3163/3223/4 1301/330/4
f 2788/3230/4 958/3229/4 2786/3224/4 3163/3223/4
f 2783/3216/3 3164/3219/3 2785/3222/3 957/3217/3
f 546/2901/3 1797/328/3 3164/3219/3 2783/3216/3
f 1797/328/3 190/327/3 1631/3220/3 3164/3219/3
f 1794/2932/3 3165/3215/3 2784/3218/3 543/2933/3
f 203/323/3 1300/2902/3 3165/3215/3 1794/2932/3
f 1300/2902/3 546/2901/3 2783/3216/3 3165/3215/3
f 1297/318/3 3166/3211/3 1164/3214/3 89/319/3
f 543/2933/3 2784/3218/3 3166/3211/3 1297/318/3
f 2784/3218/3 957/3217/3 2782/3212/3 3166/3211/3
f 2779/3204/3 3167/3207/3 2781/3210/3 956/3205/3
f 542/2937/3 1793/316/3 3167/3207/3 2779/3204/3
f 1793/316/3 191/315/3 1632/3208/3 3167/3207/3
f 1790/2968/3 3168/3203/3 2780/3206/3 539/2969/3
f 202/311/3 1296/2938/3 3168/3203/3 1790/2968/3
f 1296/2938/3 542/2937/3 2779/3204/3 3168/3203/3
f 1293/306/3 3169/3199/3 1270/3202/3 192/307/3
f 539/2969/3 2780/3206/3 3169/3199/3 1293/306/3
f 2780/3206/3 956/3205/3 2778/3200/3 3169/3199/3
f 2775/3192/3 3170/3195/3 2777/3198/3 955/3193/3
f 538/2973/3 1789/304/3 3170/3195/3 2775/3192/3
f 1789/304/3 119/303/3 1557/3196/3 3170/3195/3
f 1786/3004/3 3171/3191/3 2776/3194/3 535/3005/3
f 201/299/3 1292/2974/3 3171/3191/3 1786/3004/3
f 1292/2974/3 538/2973/3 2775/3192/3 3171/3191/3
f 1289/294/3 3172/3187/3 1271/3190/3 193/295/3
f 535/3005/3 2776/3194/3 3172/3187/3 1289/294/3
f 2776/3194/3 955/3193/3 2774/3188/3 3172/3187/3
f 2771/3179/2 5755/3919/2 3173/3182/2 2773/3186/2 954/3180/2
f 1785/3018/2 5757/3920/2 3174/3177/2 2772/3181/2 534/3019/2
f 1288/290/2 3175/3173/2 1551/3176/2 113/291/2
f 534/3019/2 2772/3181/2 3175/3173/2 1288/290/2
f 2772/3181/2 954/3180/2 2770/3174/2 3175/3173/2
f 2768/3921/2 3176/3169/2 2769/3172/2 953/3922/2 5710/3923/2
f 533/3924/2 1784/288/2 3176/3169/2 2768/3921/2 5734/3925/2
f 1784/288/2 116/287/2 1554/3170/2 3176/3169/2
f 2764/3162/1 3177/3165/1 2766/3168/1 952/3163/1
f 532/3027/1 1783/284/1 3177/3165/1 2764/3162/1
f 1783/284/1 194/283/1 1636/3166/1 3177/3165/1
f 1780/3058/1 3178/3161/1 2765/3164/1 529/3059/1
f 200/279/1 1287/3028/1 3178/3161/1 1780/3058/1
f 1287/3028/1 532/3027/1 2764/3162/1 3178/3161/1
f 1284/274/1 3179/3157/1 1554/3160/1 116/275/1
f 529/3059/1 2765/3164/1 3179/3157/1 1284/274/1
f 2765/3164/1 952/3163/1 2763/3158/1 3179/3157/1
f 2760/3150/1 3180/3153/1 2762/3156/1 951/3151/1
f 528/3063/1 1779/272/1 3180/3153/1 2760/3150/1
f 1779/272/1 195/271/1 1637/3154/1 3180/3153/1
f 1776/3094/1 3181/3149/1 2761/3152/1 525/3095/1
f 199/267/1 1283/3064/1 3181/3149/1 1776/3094/1
f 1283/3064/1 528/3063/1 2760/3150/1 3181/3149/1
f 1280/262/1 3182/3145/1 1274/3148/1 196/263/1
f 525/3095/1 2761/3152/1 3182/3145/1 1280/262/1
f 2761/3152/1 951/3151/1 2759/3146/1 3182/3145/1
f 2756/3138/1 3183/3141/1 2758/3144/1 950/3139/1
f 524/3099/1 1775/260/1 3183/3141/1 2756/3138/1
f 1775/260/1 93/259/1 1168/3142/1 3183/3141/1
f 1772/3130/1 3184/3137/1 2757/3140/1 521/3131/1
f 198/255/1 1279/3100/1 3184/3137/1 1772/3130/1
f 1279/3100/1 524/3099/1 2756/3138/1 3184/3137/1
f 1276/250/1 3185/3133/1 1275/3136/1 197/251/1
f 521/3131/1 2757/3140/1 3185/3133/1 1276/250/1
f 2757/3140/1 950/3139/1 2755/3134/1 3185/3133/1
f 2752/3126/1 3186/3129/1 2754/3132/1 949/3127/1
f 523/3111/1 1774/256/1 3186/3129/1 2752/3126/1
f 1774/256/1 198/255/1 1772/3130/1 3186/3129/1
f 1637/3154/1 3187/3125/1 2753/3128/1 383/3155/1
f 195/271/1 1278/3112/1 3187/3125/1 1637/3154/1
f 1278/3112/1 523/3111/1 2752/3126/1 3187/3125/1
f 1144/242/1 3188/3121/1 1146/3124/1 71/243/1
f 383/3155/1 2753/3128/1 3188/3121/1 1144/242/1
f 2753/3128/1 949/3127/1 2751/3122/1 3188/3121/1
f 2748/3114/1 3189/3117/1 2750/3120/1 948/3115/1
f 329/1446/1 1583/779/1 3189/3117/1 2748/3114/1
f 1583/779/1 145/778/1 1773/3118/1 3189/3117/1
f 1769/3070/1 3190/3113/1 2749/3116/1 518/3071/1
f 59/75/1 1090/1447/1 3190/3113/1 1769/3070/1
f 1090/1447/1 329/1446/1 2748/3114/1 3190/3113/1
f 1273/270/1 3191/3109/1 1278/3112/1 195/271/1
f 518/3071/1 2749/3116/1 3191/3109/1 1273/270/1
f 2749/3116/1 948/3115/1 2747/3110/1 3191/3109/1
f 2744/3102/1 3192/3105/1 2746/3108/1 947/3103/1
f 462/3668/1 1715/72/1 3192/3105/1 2744/3102/1
f 1715/72/1 18/71/1 1036/3106/1 3192/3105/1
f 1773/3118/1 3193/3101/1 2745/3104/1 522/3119/1
f 145/778/1 1221/3669/1 3193/3101/1 1773/3118/1
f 1221/3669/1 462/3668/1 2744/3102/1 3193/3101/1
f 1277/254/1 3194/3097/1 1279/3100/1 198/255/1
f 522/3119/1 2745/3104/1 3194/3097/1 1277/254/1
f 2745/3104/1 947/3103/1 2743/3098/1 3194/3097/1
f 2740/3090/1 3195/3093/1 2742/3096/1 946/3091/1
f 527/3075/1 1778/268/1 3195/3093/1 2740/3090/1
f 1778/268/1 199/267/1 1776/3094/1 3195/3093/1
f 1580/3567/1 3196/3089/1 2741/3092/1 326/3568/1
f 142/678/1 1282/3076/1 3196/3089/1 1580/3567/1
f 1282/3076/1 527/3075/1 2740/3090/1 3196/3089/1
f 1087/106/1 3197/3085/1 1145/3088/1 56/107/1
f 326/3568/1 2741/3092/1 3197/3085/1 1087/106/1
f 2741/3092/1 946/3091/1 2739/3086/1 3197/3085/1
f 2736/3078/1 3198/3081/1 2738/3084/1 945/3079/1
f 293/1482/1 1547/767/1 3198/3081/1 2736/3078/1
f 1547/767/1 109/766/1 1777/3082/1 3198/3081/1
f 1712/1753/1 3199/3077/1 2737/3080/1 459/1754/1
f 23/67/1 1054/1483/1 3199/3077/1 1712/1753/1
f 1054/1483/1 293/1482/1 2736/3078/1 3199/3077/1
f 1218/677/1 3200/3073/1 1282/3076/1 142/678/1
f 459/1754/1 2737/3080/1 3200/3073/1 1218/677/1
f 2737/3080/1 945/3079/1 2735/3074/1 3200/3073/1
f 2732/3066/1 3201/3069/1 2734/3072/1 944/3067/1
f 422/3656/1 1675/76/1 3201/3069/1 2732/3066/1
f 1675/76/1 59/75/1 1769/3070/1 3201/3069/1
f 1777/3082/1 3202/3065/1 2733/3068/1 526/3083/1
f 109/766/1 1183/3657/1 3202/3065/1 1777/3082/1
f 1183/3657/1 422/3656/1 2732/3066/1 3202/3065/1
f 1281/266/1 3203/3061/1 1283/3064/1 199/267/1
f 526/3083/1 2733/3068/1 3203/3061/1 1281/266/1
f 2733/3068/1 944/3067/1 2731/3062/1 3203/3061/1
f 2728/3054/1 3204/3057/1 2730/3060/1 943/3055/1
f 531/3039/1 1782/280/1 3204/3057/1 2728/3054/1
f 1782/280/1 200/279/1 1780/3058/1 3204/3057/1
f 1544/3699/1 3205/3053/1 2729/3056/1 290/3700/1
f 106/810/1 1286/3040/1 3205/3053/1 1544/3699/1
f 1286/3040/1 531/3039/1 2728/3054/1 3205/3053/1
f 1051/62/1 3206/3049/1 1682/3052/1 15/63/1
f 290/3700/1 2729/3056/1 3206/3049/1 1051/62/1
f 2729/3056/1 943/3055/1 2727/3050/1 3206/3049/1
f 2724/3042/1 3207/3045/1 2726/3048/1 942/3043/1
f 384/3087/1 1638/264/1 3207/3045/1 2724/3042/1
f 1638/264/1 196/263/1 1781/3046/1 3207/3045/1
f 1672/1357/1 3208/3041/1 2725/3044/1 419/1358/1
f 56/107/1 1145/3088/1 3208/3041/1 1672/1357/1
f 1145/3088/1 384/3087/1 2724/3042/1 3208/3041/1
f 1180/809/1 3209/3037/1 1286/3040/1 106/810/1
f 419/1358/1 2725/3044/1 3209/3037/1 1180/809/1
f 2725/3044/1 942/3043/1 2723/3038/1 3209/3037/1
f 2720/3030/1 3210/3033/1 2722/3036/1 941/3031/1
f 519/3147/1 1770/244/1 3210/3033/1 2720/3030/1
f 1770/244/1 71/243/1 1768/3034/1 3210/3033/1
f 1781/3046/1 3211/3029/1 2721/3032/1 530/3047/1
f 196/263/1 1274/3148/1 3211/3029/1 1781/3046/1
f 1274/3148/1 519/3147/1 2720/3030/1 3211/3029/1
f 1285/278/1 3212/3025/1 1287/3028/1 200/279/1
f 530/3047/1 2721/3032/1 3212/3025/1 1285/278/1
f 2721/3032/1 941/3031/1 2719/3026/1 3212/3025/1
f 2717/3926/2 3213/3021/2 2718/3024/2 940/3927/2 5708/3928/2
f 458/3929/2 1711/60/2 3213/3021/2 2717/3926/2 5732/3930/2
f 1711/60/2 15/59/2 1682/3022/2 3213/3021/2
f 2713/3013/2 5759/3931/2 3214/3016/2 2715/3020/2 939/3014/2
f 1542/3717/2 5761/3932/2 3215/3011/2 2714/3015/2 288/3718/2
f 1049/54/2 3216/3007/2 1679/3010/2 12/55/2
f 288/3718/2 2714/3015/2 3216/3007/2 1049/54/2
f 2714/3015/2 939/3014/2 2712/3008/2 3216/3007/2
f 2709/3000/3 3217/3003/3 2711/3006/3 938/3001/3
f 537/2985/3 1788/300/3 3217/3003/3 2709/3000/3
f 1788/300/3 201/299/3 1786/3004/3 3217/3003/3
f 1632/3208/3 3218/2999/3 2710/3002/3 378/3209/3
f 191/315/3 1291/2986/3 3218/2999/3 1632/3208/3
f 1291/2986/3 537/2985/3 2709/3000/3 3218/2999/3
f 1139/222/3 3219/2995/3 1141/2998/3 70/223/3
f 378/3209/3 2710/3002/3 3219/2995/3 1139/222/3
f 2710/3002/3 938/3001/3 2708/2996/3 3219/2995/3
f 2705/2988/3 3220/2991/3 2707/2994/3 937/2989/3
f 325/1320/3 1579/823/3 3220/2991/3 2705/2988/3
f 1579/823/3 141/822/3 1787/2992/3 3220/2991/3
f 1764/2944/3 3221/2987/3 2706/2990/3 513/2945/3
f 55/119/3 1086/1321/3 3221/2987/3 1764/2944/3
f 1086/1321/3 325/1320/3 2705/2988/3 3221/2987/3
f 1269/314/3 3222/2983/3 1291/2986/3 191/315/3
f 513/2945/3 2706/2990/3 3222/2983/3 1269/314/3
f 2706/2990/3 937/2989/3 2704/2984/3 3222/2983/3
f 2701/2976/3 3223/2979/3 2703/2982/3 936/2977/3
f 456/3722/3 1709/52/3 3223/2979/3 2701/2976/3
f 1709/52/3 18/51/3 1685/2980/3 3223/2979/3
f 1787/2992/3 3224/2975/3 2702/2978/3 536/2993/3
f 141/822/3 1216/3723/3 3224/2975/3 1787/2992/3
f 1216/3723/3 456/3722/3 2701/2976/3 3224/2975/3
f 1290/298/3 3225/2971/3 1292/2974/3 201/299/3
f 536/2993/3 2702/2978/3 3225/2971/3 1290/298/3
f 2702/2978/3 936/2977/3 2700/2972/3 3225/2971/3
f 2697/2964/3 3226/2967/3 2699/2970/3 935/2965/3
f 541/2949/3 1792/312/3 3226/2967/3 2697/2964/3
f 1792/312/3 202/311/3 1790/2968/3 3226/2967/3
f 1576/3412/3 3227/2963/3 2698/2966/3 322/3413/3
f 138/534/3 1295/2950/3 3227/2963/3 1576/3412/3
f 1295/2950/3 541/2949/3 2697/2964/3 3227/2963/3
f 1083/150/3 3228/2959/3 1140/2962/3 52/151/3
f 322/3413/3 2698/2966/3 3228/2959/3 1083/150/3
f 2698/2966/3 935/2965/3 2696/2960/3 3228/2959/3
f 2693/2952/3 3229/2955/3 2695/2958/3 934/2953/3
f 287/1993/3 1541/623/3 3229/2955/3 2693/2952/3
f 1541/623/3 104/622/3 1791/2956/3 3229/2955/3
f 1706/2264/3 3230/2951/3 2694/2954/3 453/2265/3
f 22/47/3 1048/1994/3 3230/2951/3 1706/2264/3
f 1048/1994/3 287/1993/3 2693/2952/3 3230/2951/3
f 1213/533/3 3231/2947/3 1295/2950/3 138/534/3
f 453/2265/3 2694/2954/3 3231/2947/3 1213/533/3
f 2694/2954/3 934/2953/3 2692/2948/3 3231/2947/3
f 2689/2940/3 3232/2943/3 2691/2946/3 933/2941/3
f 417/3501/3 1671/120/3 3232/2943/3 2689/2940/3
f 1671/120/3 55/119/3 1764/2944/3 3232/2943/3
f 1791/2956/3 3233/2939/3 2690/2942/3 540/2957/3
f 104/622/3 1178/3502/3 3233/2939/3 1791/2956/3
f 1178/3502/3 417/3501/3 2689/2940/3 3233/2939/3
f 1294/310/3 3234/2935/3 1296/2938/3 202/311/3
f 540/2957/3 2690/2942/3 3234/2935/3 1294/310/3
f 2690/2942/3 933/2941/3 2688/2936/3 3234/2935/3
f 2685/2928/3 3235/2931/3 2687/2934/3 932/2929/3
f 545/2913/3 1796/324/3 3235/2931/3 2685/2928/3
f 1796/324/3 203/323/3 1794/2932/3 3235/2931/3
f 1538/3753/3 3236/2927/3 2686/2930/3 284/3754/3
f 101/854/3 1299/2914/3 3236/2927/3 1538/3753/3
f 1299/2914/3 545/2913/3 2685/2928/3 3236/2927/3
f 1045/42/3 3237/2923/3 1032/2926/3 14/43/3
f 284/3754/3 2686/2930/3 3237/2923/3 1045/42/3
f 2686/2930/3 932/2929/3 2684/2924/3 3237/2923/3
f 2681/2916/3 3238/2919/3 2683/2922/3 931/2917/3
f 379/2961/3 1633/308/3 3238/2919/3 2681/2916/3
f 1633/308/3 192/307/3 1795/2920/3 3238/2919/3
f 1668/1231/3 3239/2915/3 2682/2918/3 414/1232/3
f 52/151/3 1140/2962/3 3239/2915/3 1668/1231/3
f 1140/2962/3 379/2961/3 2681/2916/3 3239/2915/3
f 1175/853/3 3240/2911/3 1299/2914/3 101/854/3
f 414/1232/3 2682/2918/3 3240/2911/3 1175/853/3
f 2682/2918/3 931/2917/3 2680/2912/3 3240/2911/3
f 2677/2904/3 3241/2907/3 2679/2910/3 930/2905/3
f 514/3201/3 1765/224/3 3241/2907/3 2677/2904/3
f 1765/224/3 70/223/3 1763/2908/3 3241/2907/3
f 1795/2920/3 3242/2903/3 2678/2906/3 544/2921/3
f 192/307/3 1270/3202/3 3242/2903/3 1795/2920/3
f 1270/3202/3 514/3201/3 2677/2904/3 3242/2903/3
f 1298/322/3 3243/2899/3 1300/2902/3 203/323/3
f 544/2921/3 2678/2906/3 3243/2899/3 1298/322/3
f 2678/2906/3 930/2905/3 2676/2900/3 3243/2899/3
f 2673/2892/4 3244/2895/4 2675/2898/4 929/2893/4
f 549/2877/4 1800/336/4 3244/2895/4 2673/2892/4
f 1800/336/4 204/335/4 1798/2896/4 3244/2895/4
f 1628/3244/4 3245/2891/4 2674/2894/4 374/3245/4
f 187/351/4 1303/2878/4 3245/2891/4 1628/3244/4
f 1303/2878/4 549/2877/4 2673/2892/4 3245/2891/4
f 1135/210/4 3246/2887/4 1137/2890/4 69/211/4
f 374/3245/4 2674/2894/4 3246/2887/4 1135/210/4
f 2674/2894/4 929/2893/4 2672/2888/4 3246/2887/4
f 2669/2880/4 3247/2883/4 2671/2886/4 928/2881/4
f 321/1212/4 1575/859/4 3247/2883/4 2669/2880/4
f 1575/859/4 137/858/4 1799/2884/4 3247/2883/4
f 1760/2836/4 3248/2879/4 2670/2882/4 509/2837/4
f 51/155/4 1082/1213/4 3248/2879/4 1760/2836/4
f 1082/1213/4 321/1212/4 2669/2880/4 3248/2879/4
f 1265/350/4 3249/2875/4 1303/2878/4 187/351/4
f 509/2837/4 2670/2882/4 3249/2875/4 1265/350/4
f 2670/2882/4 928/2881/4 2668/2876/4 3249/2875/4
f 2665/2868/4 3250/2871/4 2667/2874/4 927/2869/4
f 452/3758/4 1705/40/4 3250/2871/4 2665/2868/4
f 1705/40/4 16/39/4 1683/2872/4 3250/2871/4
f 1799/2884/4 3251/2867/4 2666/2870/4 548/2885/4
f 137/858/4 1212/3759/4 3251/2867/4 1799/2884/4
f 1212/3759/4 452/3758/4 2665/2868/4 3251/2867/4
f 1302/334/4 3252/2863/4 1304/2866/4 204/335/4
f 548/2885/4 2666/2870/4 3252/2863/4 1302/334/4
f 2666/2870/4 927/2869/4 2664/2864/4 3252/2863/4
f 2661/2856/4 3253/2859/4 2663/2862/4 926/2857/4
f 553/2841/4 1804/348/4 3253/2859/4 2661/2856/4
f 1804/348/4 205/347/4 1802/2860/4 3253/2859/4
f 1572/3304/4 3254/2855/4 2662/2858/4 318/3305/4
f 134/426/4 1307/2842/4 3254/2855/4 1572/3304/4
f 1307/2842/4 553/2841/4 2661/2856/4 3254/2855/4
f 1079/186/4 3255/2851/4 1136/2854/4 48/187/4
f 318/3305/4 2662/2858/4 3255/2851/4 1079/186/4
f 2662/2858/4 926/2857/4 2660/2852/4 3255/2851/4
f 2657/2844/4 3256/2847/4 2659/2850/4 925/2845/4
f 283/2317/4 1537/515/4 3256/2847/4 2657/2844/4
f 1537/515/4 100/514/4 1803/2848/4 3256/2847/4
f 1702/2588/4 3257/2843/4 2658/2846/4 449/2589/4
f 21/35/4 1044/2318/4 3257/2843/4 1702/2588/4
f 1044/2318/4 283/2317/4 2657/2844/4 3257/2843/4
f 1209/425/4 3258/2839/4 1307/2842/4 134/426/4
f 449/2589/4 2658/2846/4 3258/2839/4 1209/425/4
f 2658/2846/4 925/2845/4 2656/2840/4 3258/2839/4
f 2653/2832/4 3259/2835/4 2655/2838/4 924/2833/4
f 413/3393/4 1667/156/4 3259/2835/4 2653/2832/4
f 1667/156/4 51/155/4 1760/2836/4 3259/2835/4
f 1803/2848/4 3260/2831/4 2654/2834/4 552/2849/4
f 100/514/4 1174/3394/4 3260/2831/4 1803/2848/4
f 1174/3394/4 413/3393/4 2653/2832/4 3260/2831/4
f 1306/346/4 3261/2827/4 1308/2830/4 205/347/4
f 552/2849/4 2654/2834/4 3261/2827/4 1306/346/4
f 2654/2834/4 924/2833/4 2652/2828/4 3261/2827/4
f 2649/2820/4 3262/2823/4 2651/2826/4 923/2821/4
f 557/2805/4 1808/360/4 3262/2823/4 2649/2820/4
f 1808/360/4 206/359/4 1806/2824/4 3262/2823/4
f 1534/3789/4 3263/2819/4 2650/2822/4 280/3790/4
f 97/890/4 1311/2806/4 3263/2819/4 1534/3789/4
f 1311/2806/4 557/2805/4 2649/2820/4 3263/2819/4
f 1041/30/4 3264/2815/4 1031/2818/4 13/31/4
f 280/3790/4 2650/2822/4 3264/2815/4 1041/30/4
f 2650/2822/4 923/2821/4 2648/2816/4 3264/2815/4
f 2645/2808/4 3265/2811/4 2647/2814/4 922/2809/4
f 375/2853/4 1629/344/4 3265/2811/4 2645/2808/4
f 1629/344/4 188/343/4 1807/2812/4 3265/2811/4
f 1664/1123/4 3266/2807/4 2646/2810/4 410/1124/4
f 48/187/4 1136/2854/4 3266/2807/4 1664/1123/4
f 1136/2854/4 375/2853/4 2645/2808/4 3266/2807/4
f 1171/889/4 3267/2803/4 1311/2806/4 97/890/4
f 410/1124/4 2646/2810/4 3267/2803/4 1171/889/4
f 2646/2810/4 922/2809/4 2644/2804/4 3267/2803/4
f 2641/2796/4 3268/2799/4 2643/2802/4 921/2797/4
f 510/3237/4 1761/212/4 3268/2799/4 2641/2796/4
f 1761/212/4 69/211/4 1759/2800/4 3268/2799/4
f 1807/2812/4 3269/2795/4 2642/2798/4 556/2813/4
f 188/343/4 1266/3238/4 3269/2795/4 1807/2812/4
f 1266/3238/4 510/3237/4 2641/2796/4 3269/2795/4
f 1310/358/4 3270/2791/4 1312/2794/4 206/359/4
f 556/2813/4 2642/2798/4 3270/2791/4 1310/358/4
f 2642/2798/4 921/2797/4 2640/2792/4 3270/2791/4
f 2638/3933/8 3271/2787/8 2639/2790/8 920/3934/8 5298/3935/8
f 448/3936/8 1701/28/8 3271/2787/8 2638/3933/8 5323/3937/8
f 1701/28/5 19/27/5 1686/2788/5 3271/2787/5
f 2634/2779/7 5345/3938/7 3272/2782/7 2636/2786/7 919/2780/7
f 1532/3807/7 5347/3939/7 3273/2777/7 2635/2781/7 278/3808/7
f 1039/22/5 3274/2773/5 1029/2776/5 11/23/5
f 278/3808/5 2635/2781/5 3274/2773/5 1039/22/5
f 2635/2781/5 919/2780/5 2633/2774/5 3274/2773/5
f 2630/2765/5 3275/2768/5 2632/2772/5 918/2766/5
f 563/2749/5 1814/382/5 3275/2768/5 2630/2765/5
f 1814/382/6 207/381/6 5311/3940/6 1812/2769/6 3275/2768/6
f 1160/3941/5 3276/2764/5 2631/2767/5 399/3942/5
f 85/3943/5 1316/2750/5 3276/2764/5 1160/3941/5
f 1316/2750/5 563/2749/5 2630/2765/5 3276/2764/5
f 1653/3944/5 3277/2760/5 1132/2763/5 37/3945/5
f 399/3942/5 2631/2767/5 3277/2760/5 1653/3944/5
f 2631/2767/5 918/2766/5 2629/2761/5 3277/2760/5
f 2626/2752/5 3278/2755/5 2628/2759/5 917/2753/5
f 279/2662/5 1533/406/5 3278/2755/5 2626/2752/5
f 1533/406/6 96/405/6 5312/3946/6 1813/2756/6 3278/2755/6
f 1028/3947/5 3279/2751/5 2627/2754/5 267/3948/5
f 10/3949/5 1040/2663/5 3279/2751/5 1028/3947/5
f 1040/2663/5 279/2662/5 2626/2752/5 3279/2751/5
f 1521/3950/5 3280/2747/5 1316/2750/5 85/3943/5
f 267/3948/5 2627/2754/5 3280/2747/5 1521/3950/5
f 2627/2754/5 917/2753/5 2625/2748/5 3280/2747/5
f 2622/2740/5 3281/2743/5 2624/2746/5 916/2741/5
f 566/2724/5 1817/391/5 3281/2743/5 2622/2740/5
f 1817/391/6 208/390/6 5313/3951/6 1815/2744/6 3281/2743/6
f 1197/3952/5 3282/2739/5 2623/2742/5 436/3953/5
f 123/3954/5 1319/2725/5 3282/2739/5 1197/3952/5
f 1319/2725/5 566/2724/5 2622/2740/5 3282/2739/5
f 1689/3955/5 3283/2735/5 1017/2738/5 2/3956/5
f 436/3953/5 2623/2742/5 3283/2735/5 1689/3955/5
f 2623/2742/5 916/2741/5 2621/2736/5 3283/2735/5
f 2618/2727/5 3284/2730/5 2620/2734/5 915/2728/5
f 371/2762/5 1625/377/5 3284/2730/5 2618/2727/5
f 1625/377/6 185/376/6 5314/3957/6 1816/2731/6 3284/2730/6
f 1068/3958/5 3285/2726/5 2619/2729/5 307/3959/5
f 37/3945/5 1132/2763/5 3285/2726/5 1068/3958/5
f 1132/2763/5 371/2762/5 2618/2727/5 3285/2726/5
f 1561/3960/5 3286/2722/5 1319/2725/5 123/3954/5
f 307/3959/5 2619/2729/5 3286/2722/5 1561/3960/5
f 2619/2729/5 915/2728/5 2617/2723/5 3286/2722/5
f 2614/2715/5 3287/2718/5 2616/2721/5 914/2716/5
f 299/1248/5 1553/847/5 3287/2718/5 2614/2715/5
f 1553/847/5 115/846/5 1818/2719/5 3287/2718/5
f 1757/2678/5 3288/2714/5 2615/2717/5 506/2679/5
f 29/143/5 1060/1249/5 3288/2714/5 1757/2678/5
f 1060/1249/5 299/1248/5 2614/2715/5 3288/2714/5
f 506/2679/9 2615/2717/9 3289/3961/9 5349/3962/9 1263/3963/9
f 2615/2717/9 914/2716/9 2613/3964/9 5350/3965/9 3289/3961/9
f 2610/2707/5 3290/2710/5 2612/2713/5 913/2708/5
f 428/3746/5 1681/44/5 3290/2710/5 2610/2707/5
f 1681/44/5 14/43/5 1700/2711/5 3290/2710/5
f 1818/2719/5 3291/2706/5 2611/2709/5 567/2720/5
f 115/846/5 1189/3747/5 3291/2706/5 1818/2719/5
f 1189/3747/5 428/3746/5 2610/2707/5 3291/2706/5
f 567/2720/9 2611/2709/9 3292/3966/9 5351/3967/9 1320/3968/9
f 2611/2709/9 913/2708/9 2609/3969/9 5352/3970/9 3292/3966/9
f 2606/2698/5 3293/2701/5 2608/2705/5 912/2699/5
f 570/2683/5 1821/401/5 3293/2701/5 2606/2698/5
f 1821/401/6 209/400/6 5315/3971/6 1819/2702/6 3293/2701/6
f 1148/3972/5 3294/2697/5 2607/2700/5 387/3973/5
f 73/3974/5 1323/2684/5 3294/2697/5 1148/3972/5
f 1323/2684/5 570/2683/5 2606/2698/5 3294/2697/5
f 1641/3975/5 3295/2693/5 1130/2696/5 25/3976/5
f 387/3973/5 2607/2700/5 3295/2693/5 1641/3975/5
f 2607/2700/5 912/2699/5 2605/2694/5 3295/2693/5
f 2602/2686/5 3296/2689/5 2604/2692/5 911/2687/5
f 259/2209/5 1513/551/5 3296/2689/5 2602/2686/5
f 1513/551/5 77/550/5 1820/2690/5 3296/2689/5
f 1016/3977/5 3297/2685/5 2603/2688/5 255/3978/5
f 6/3979/5 1020/2210/5 3297/2685/5 1016/3977/5
f 1020/2210/5 259/2209/5 2602/2686/5 3297/2685/5
f 1509/3980/5 3298/2681/5 1323/2684/5 73/3974/5
f 255/3978/5 2603/2688/5 3298/2681/5 1509/3980/5
f 2603/2688/5 911/2687/5 2601/2682/5 3298/2681/5
f 2598/2674/5 3299/2677/5 2600/2680/5 910/2675/5
f 391/3429/5 1645/144/5 3299/2677/5 2598/2674/5
f 1645/144/5 29/143/5 1757/2678/5 3299/2677/5
f 1820/2690/5 3300/2673/5 2599/2676/5 569/2691/5
f 77/550/5 1152/3430/5 3300/2673/5 1820/2690/5
f 1152/3430/5 391/3429/5 2598/2674/5 3300/2673/5
f 569/2691/9 2599/2676/9 3301/3981/9 5353/3982/9 1322/398/9
f 2599/2676/9 910/2675/9 2597/3983/9 5354/3984/9 3301/3981/9
f 2594/2665/5 3302/2668/5 2596/2672/5 909/2666/5
f 573/2649/5 1824/411/5 3302/2668/5 2594/2665/5
f 1824/411/6 210/410/6 5316/3985/6 1822/2669/6 3302/2668/6
f 1185/3986/5 3303/2664/5 2595/2667/5 424/3987/5
f 111/3988/5 1326/2650/5 3303/2664/5 1185/3986/5
f 1326/2650/5 573/2649/5 2594/2665/5 3303/2664/5
f 1677/3989/5 3304/2660/5 1040/2663/5 10/3949/5
f 424/3987/5 2595/2667/5 3304/2660/5 1677/3989/5
f 2595/2667/5 909/2666/5 2593/2661/5 3304/2660/5
f 2590/2652/5 3305/2655/5 2592/2659/5 908/2653/5
f 369/2695/5 1623/396/5 3305/2655/5 2590/2652/5
f 1623/396/6 184/395/6 5317/3990/6 1823/2656/6 3305/2655/6
f 1056/3991/5 3306/2651/5 2591/2654/5 295/3992/5
f 25/3976/5 1130/2696/5 3306/2651/5 1056/3991/5
f 1130/2696/5 369/2695/5 2590/2652/5 3306/2651/5
f 1549/3993/5 3307/2647/5 1326/2650/5 111/3988/5
f 295/3992/5 2591/2654/5 3307/2647/5 1549/3993/5
f 2591/2654/5 908/2653/5 2589/2648/5 3307/2647/5
f 2586/2640/5 3308/2643/5 2588/2646/5 907/2641/5
f 311/1032/5 1565/923/5 3308/2643/5 2586/2640/5
f 1565/923/5 127/922/5 1825/2644/5 3308/2643/5
f 1755/2620/5 3309/2639/5 2587/2642/5 504/2621/5
f 41/219/5 1072/1033/5 3309/2639/5 1755/2620/5
f 1072/1033/5 311/1032/5 2586/2640/5 3309/2639/5
f 504/2621/9 2587/2642/9 3310/3994/9 5355/3995/9 1262/3996/9
f 2587/2642/9 907/2641/9 2585/3997/9 5356/3998/9 3310/3994/9
f 2582/2632/5 3311/2635/5 2584/2638/5 906/2633/5
f 440/3837/5 1693/12/5 3311/2635/5 2582/2632/5
f 1693/12/5 5/11/5 1698/2636/5 3311/2635/5
f 1825/2644/5 3312/2631/5 2583/2634/5 574/2645/5
f 127/922/5 1201/3838/5 3312/2631/5 1825/2644/5
f 1201/3838/5 440/3837/5 2582/2632/5 3312/2631/5
f 574/2645/9 2583/2634/9 3313/3999/9 5357/4000/9 1327/4001/9
f 2583/2634/9 906/2633/9 2581/4002/9 5358/4003/9 3313/3999/9
f 2578/2624/5 3314/2627/5 2580/2630/5 905/2625/5
f 271/2925/5 1525/320/5 3314/2627/5 2578/2624/5
f 1525/320/5 89/319/5 1827/2628/5 3314/2627/5
f 1700/2711/5 3315/2623/5 2579/2626/5 447/2712/5
f 14/43/5 1032/2926/5 3315/2623/5 1700/2711/5
f 1032/2926/5 271/2925/5 2578/2624/5 3315/2623/5
f 447/2712/9 2579/2626/9 3316/4004/9 5359/4005/9 1208/4006/9
f 2579/2626/9 905/2625/9 2577/4007/9 5360/4008/9 3316/4004/9
f 2574/2616/5 3317/2619/5 2576/2622/5 904/2617/5
f 403/3213/5 1657/220/5 3317/2619/5 2574/2616/5
f 1657/220/5 41/219/5 1755/2620/5 3317/2619/5
f 1827/2628/5 3318/2615/5 2575/2618/5 576/2629/5
f 89/319/5 1164/3214/5 3318/2615/5 1827/2628/5
f 1164/3214/5 403/3213/5 2574/2616/5 3318/2615/5
f 576/2629/9 2575/2618/9 3319/4009/9 5361/4010/9 1328/4011/9
f 2575/2618/9 904/2617/9 2573/4012/9 5362/4013/9 3319/4009/9
f 2570/2608/4 3320/2611/4 2572/2614/4 903/2609/4
f 579/2593/4 1830/423/4 3320/2611/4 2570/2608/4
f 1830/423/4 211/422/4 1828/2612/4 3320/2611/4
f 1620/3316/4 3321/2607/4 2571/2610/4 366/3317/4
f 181/438/4 1331/2594/4 3321/2607/4 1620/3316/4
f 1331/2594/4 579/2593/4 2570/2608/4 3321/2607/4
f 1127/182/4 3322/2603/4 1129/2606/4 68/183/4
f 366/3317/4 2571/2610/4 3322/2603/4 1127/182/4
f 2571/2610/4 903/2609/4 2569/2604/4 3322/2603/4
f 2566/2596/4 3323/2599/4 2568/2602/4 902/2597/4
f 320/1176/4 1574/871/4 3323/2599/4 2566/2596/4
f 1574/871/4 136/870/4 1829/2600/4 3323/2599/4
f 1752/2552/4 3324/2595/4 2567/2598/4 501/2553/4
f 50/167/4 1081/1177/4 3324/2595/4 1752/2552/4
f 1081/1177/4 320/1176/4 2566/2596/4 3324/2595/4
f 1259/437/4 3325/2591/4 1331/2594/4 181/438/4
f 501/2553/4 2567/2598/4 3325/2591/4 1259/437/4
f 2567/2598/4 902/2597/4 2565/2592/4 3325/2591/4
f 2562/2584/4 3326/2587/4 2564/2590/4 901/2585/4
f 451/3770/4 1704/36/4 3326/2587/4 2562/2584/4
f 1704/36/4 21/35/4 1702/2588/4 3326/2587/4
f 1829/2600/4 3327/2583/4 2563/2586/4 578/2601/4
f 136/870/4 1211/3771/4 3327/2583/4 1829/2600/4
f 1211/3771/4 451/3770/4 2562/2584/4 3327/2583/4
f 1330/421/4 3328/2579/4 1332/2582/4 211/422/4
f 578/2601/4 2563/2586/4 3328/2579/4 1330/421/4
f 2563/2586/4 901/2585/4 2561/2580/4 3328/2579/4
f 2558/2572/4 3329/2575/4 2560/2578/4 900/2573/4
f 583/2557/4 1834/435/4 3329/2575/4 2558/2572/4
f 1834/435/4 212/434/4 1832/2576/4 3329/2575/4
f 1170/4014/4 3330/2571/4 2559/2574/4 409/4015/4
f 95/4016/4 1335/2558/4 3330/2571/4 1170/4014/4
f 1335/2558/4 583/2557/4 2558/2572/4 3330/2571/4
f 1663/4017/4 3331/2567/4 1128/2570/4 47/4018/4
f 409/4015/4 2559/2574/4 3331/2567/4 1663/4017/4
f 2559/2574/4 900/2573/4 2557/2568/4 3331/2567/4
f 2554/2560/4 3332/2563/4 2556/2566/4 899/2561/4
f 282/2425/4 1536/479/4 3332/2563/4 2554/2560/4
f 1536/479/4 99/478/4 1833/2564/4 3332/2563/4
f 1038/4019/4 3333/2559/4 2555/2562/4 277/4020/4
f 20/4021/4 1043/2426/4 3333/2559/4 1038/4019/4
f 1043/2426/4 282/2425/4 2554/2560/4 3333/2559/4
f 1531/4022/4 3334/2555/4 1335/2558/4 95/4016/4
f 277/4020/4 2555/2562/4 3334/2555/4 1531/4022/4
f 2555/2562/4 899/2561/4 2553/2556/4 3334/2555/4
f 2550/2548/4 3335/2551/4 2552/2554/4 898/2549/4
f 412/3357/4 1666/168/4 3335/2551/4 2550/2548/4
f 1666/168/4 50/167/4 1752/2552/4 3335/2551/4
f 1833/2564/4 3336/2547/4 2551/2550/4 582/2565/4
f 99/478/4 1173/3358/4 3336/2547/4 1833/2564/4
f 1173/3358/4 412/3357/4 2550/2548/4 3336/2547/4
f 1334/433/4 3337/2543/4 1336/2546/4 212/434/4
f 582/2565/4 2551/2550/4 3337/2543/4 1334/433/4
f 2551/2550/4 898/2549/4 2549/2544/4 3337/2543/4
f 2546/2536/4 3338/2539/4 2548/2542/4 897/2537/4
f 587/2521/4 1838/447/4 3338/2539/4 2546/2536/4
f 1838/447/4 213/446/4 1836/2540/4 3338/2539/4
f 1207/4023/4 3339/2535/4 2547/2538/4 446/4024/4
f 133/4025/4 1339/2522/4 3339/2535/4 1207/4023/4
f 1339/2522/4 587/2521/4 2546/2536/4 3339/2535/4
f 1699/4026/4 3340/2531/4 1019/2534/4 4/4027/4
f 446/4024/4 2547/2538/4 3340/2531/4 1699/4026/4
f 2547/2538/4 897/2537/4 2545/2532/4 3340/2531/4
f 2542/2524/4 3341/2527/4 2544/2530/4 896/2525/4
f 367/2569/4 1621/431/4 3341/2527/4 2542/2524/4
f 1621/431/4 182/430/4 1837/2528/4 3341/2527/4
f 1078/4028/4 3342/2523/4 2543/2526/4 317/4029/4
f 47/4018/4 1128/2570/4 3342/2523/4 1078/4028/4
f 1128/2570/4 367/2569/4 2542/2524/4 3342/2523/4
f 1571/4030/4 3343/2519/4 1339/2522/4 133/4025/4
f 317/4029/4 2543/2526/4 3343/2519/4 1571/4030/4
f 2543/2526/4 896/2525/4 2541/2520/4 3343/2519/4
f 2538/2512/4 3344/2515/4 2540/2518/4 895/2513/4
f 502/3309/4 1753/184/4 3344/2515/4 2538/2512/4
f 1753/184/4 68/183/4 1751/2516/4 3344/2515/4
f 1837/2528/4 3345/2511/4 2539/2514/4 586/2529/4
f 182/430/4 1260/3310/4 3345/2511/4 1837/2528/4
f 1260/3310/4 502/3309/4 2538/2512/4 3345/2511/4
f 1338/445/4 3346/2507/4 1340/2510/4 213/446/4
f 586/2529/4 2539/2514/4 3346/2507/4 1338/445/4
f 2539/2514/4 895/2513/4 2537/2508/4 3346/2507/4
f 2534/2500/4 3347/2503/4 2536/2506/4 894/2501/4
f 591/2485/4 1842/459/4 3347/2503/4 2534/2500/4
f 1842/459/4 214/458/4 1840/2504/4 3347/2503/4
f 1616/3352/4 3348/2499/4 2535/2502/4 362/3353/4
f 177/474/4 1343/2486/4 3348/2499/4 1616/3352/4
f 1343/2486/4 591/2485/4 2534/2500/4 3348/2499/4
f 1123/170/4 3349/2495/4 1125/2498/4 67/171/4
f 362/3353/4 2535/2502/4 3349/2495/4 1123/170/4
f 2535/2502/4 894/2501/4 2533/2496/4 3349/2495/4
f 2530/2488/4 3350/2491/4 2532/2494/4 893/2489/4
f 296/1098/4 1550/899/4 3350/2491/4 2530/2488/4
f 1550/899/4 112/898/4 1841/2492/4 3350/2491/4
f 1748/2444/4 3351/2487/4 2531/2490/4 497/2445/4
f 26/195/4 1057/1099/4 3351/2487/4 1748/2444/4
f 1057/1099/4 296/1098/4 2530/2488/4 3351/2487/4
f 1255/473/4 3352/2483/4 1343/2486/4 177/474/4
f 497/2445/4 2531/2490/4 3352/2483/4 1255/473/4
f 2531/2490/4 893/2489/4 2529/2484/4 3352/2483/4
f 2526/2476/4 3353/2479/4 2528/2482/4 892/2477/4
f 425/3798/4 1678/24/4 3353/2479/4 2526/2476/4
f 1678/24/4 11/23/4 1703/2480/4 3353/2479/4
f 1841/2492/4 3354/2475/4 2527/2478/4 590/2493/4
f 112/898/4 1186/3799/4 3354/2475/4 1841/2492/4
f 1186/3799/4 425/3798/4 2526/2476/4 3354/2475/4
f 1342/457/4 3355/2471/4 1344/2474/4 214/458/4
f 590/2493/4 2527/2478/4 3355/2471/4 1342/457/4
f 2527/2478/4 892/2477/4 2525/2472/4 3355/2471/4
f 2522/2464/4 3356/2467/4 2524/2470/4 891/2465/4
f 595/2449/4 1846/471/4 3356/2467/4 2522/2464/4
f 1846/471/4 215/470/4 1844/2468/4 3356/2467/4
f 1158/4031/4 3357/2463/4 2523/2466/4 397/4032/4
f 83/4033/4 1347/2450/4 3357/2463/4 1158/4031/4
f 1347/2450/4 595/2449/4 2522/2464/4 3357/2463/4
f 1651/4034/4 3358/2459/4 1124/2462/4 35/4035/4
f 397/4032/4 2523/2466/4 3358/2459/4 1651/4034/4
f 2523/2466/4 891/2465/4 2521/2460/4 3358/2459/4
f 2518/2452/4 3359/2455/4 2520/2458/4 890/2453/4
f 256/2737/4 1510/386/4 3359/2455/4 2518/2452/4
f 1510/386/4 74/385/4 1845/2456/4 3359/2455/4
f 1026/4036/4 3360/2451/4 2519/2454/4 265/4037/4
f 2/3956/4 1017/2738/4 3360/2451/4 1026/4036/4
f 1017/2738/4 256/2737/4 2518/2452/4 3360/2451/4
f 1519/4038/4 3361/2447/4 1347/2450/4 83/4033/4
f 265/4037/4 2519/2454/4 3361/2447/4 1519/4038/4
f 2519/2454/4 890/2453/4 2517/2448/4 3361/2447/4
f 2514/2440/4 3362/2443/4 2516/2446/4 889/2441/4
f 388/3279/4 1642/196/4 3362/2443/4 2514/2440/4
f 1642/196/4 26/195/4 1748/2444/4 3362/2443/4
f 1845/2456/4 3363/2439/4 2515/2442/4 594/2457/4
f 74/385/4 1149/3280/4 3363/2439/4 1845/2456/4
f 1149/3280/4 388/3279/4 2514/2440/4 3363/2439/4
f 1346/469/4 3364/2435/4 1348/2438/4 215/470/4
f 594/2457/4 2515/2442/4 3364/2435/4 1346/469/4
f 2515/2442/4 889/2441/4 2513/2436/4 3364/2435/4
f 2510/2428/4 3365/2431/4 2512/2434/4 888/2429/4
f 599/2413/4 1850/483/4 3365/2431/4 2510/2428/4
f 1850/483/4 216/482/4 1848/2432/4 3365/2431/4
f 1195/4039/4 3366/2427/4 2511/2430/4 434/4040/4
f 121/4041/4 1351/2414/4 3366/2427/4 1195/4039/4
f 1351/2414/4 599/2413/4 2510/2428/4 3366/2427/4
f 1687/4042/4 3367/2423/4 1043/2426/4 20/4021/4
f 434/4040/4 2511/2430/4 3367/2423/4 1687/4042/4
f 2511/2430/4 888/2429/4 2509/2424/4 3367/2423/4
f 2506/2416/4 3368/2419/4 2508/2422/4 887/2417/4
f 363/2461/4 1617/467/4 3368/2419/4 2506/2416/4
f 1617/467/4 178/466/4 1849/2420/4 3368/2419/4
f 1066/4043/4 3369/2415/4 2507/2418/4 305/4044/4
f 35/4035/4 1124/2462/4 3369/2415/4 1066/4043/4
f 1124/2462/4 363/2461/4 2506/2416/4 3369/2415/4
f 1559/4045/4 3370/2411/4 1351/2414/4 121/4041/4
f 305/4044/4 2507/2418/4 3370/2411/4 1559/4045/4
f 2507/2418/4 887/2417/4 2505/2412/4 3370/2411/4
f 2502/2404/4 3371/2407/4 2504/2410/4 886/2405/4
f 498/3345/4 1749/172/4 3371/2407/4 2502/2404/4
f 1749/172/4 67/171/4 1747/2408/4 3371/2407/4
f 1849/2420/4 3372/2403/4 2503/2406/4 598/2421/4
f 178/466/4 1256/3346/4 3372/2403/4 1849/2420/4
f 1256/3346/4 498/3345/4 2502/2404/4 3372/2403/4
f 1350/481/4 3373/2399/4 1352/2402/4 216/482/4
f 598/2421/4 2503/2406/4 3373/2399/4 1350/481/4
f 2503/2406/4 886/2405/4 2501/2400/4 3373/2399/4
f 2498/2392/4 3374/2395/4 2500/2398/4 885/2393/4
f 603/2377/4 1854/495/4 3374/2395/4 2498/2392/4
f 1854/495/4 217/494/4 1852/2396/4 3374/2395/4
f 1612/3388/4 3375/2391/4 2499/2394/4 358/3389/4
f 173/510/4 1355/2378/4 3375/2391/4 1612/3388/4
f 1355/2378/4 603/2377/4 2498/2392/4 3375/2391/4
f 1119/158/4 3376/2387/4 1121/2390/4 66/159/4
f 358/3389/4 2499/2394/4 3376/2387/4 1119/158/4
f 2499/2394/4 885/2393/4 2497/2388/4 3376/2387/4
f 2494/2380/4 3377/2383/4 2496/2386/4 884/2381/4
f 308/1084/4 1562/903/4 3377/2383/4 2494/2380/4
f 1562/903/4 124/902/4 1853/2384/4 3377/2383/4
f 1744/2336/4 3378/2379/4 2495/2382/4 493/2337/4
f 38/199/4 1069/1085/4 3378/2379/4 1744/2336/4
f 1069/1085/4 308/1084/4 2494/2380/4 3378/2379/4
f 1251/509/4 3379/2375/4 1355/2378/4 173/510/4
f 493/2337/4 2495/2382/4 3379/2375/4 1251/509/4
f 2495/2382/4 884/2381/4 2493/2376/4 3379/2375/4
f 2490/2368/4 3380/2371/4 2492/2374/4 883/2369/4
f 437/3812/4 1690/20/4 3380/2371/4 2490/2368/4
f 1690/20/4 1/19/4 1695/2372/4 3380/2371/4
f 1853/2384/4 3381/2367/4 2491/2370/4 602/2385/4
f 124/902/4 1198/3813/4 3381/2367/4 1853/2384/4
f 1198/3813/4 437/3812/4 2490/2368/4 3381/2367/4
f 1354/493/4 3382/2363/4 1356/2366/4 217/494/4
f 602/2385/4 2491/2370/4 3382/2363/4 1354/493/4
f 2491/2370/4 883/2369/4 2489/2364/4 3382/2363/4
f 2486/2356/4 3383/2359/4 2488/2362/4 882/2357/4
f 607/2341/4 1858/507/4 3383/2359/4 2486/2356/4
f 1858/507/4 218/506/4 1856/2360/4 3383/2359/4
f 1573/3340/4 3384/2355/4 2487/2358/4 319/3341/4
f 135/462/4 1359/2342/4 3384/2355/4 1573/3340/4
f 1359/2342/4 607/2341/4 2486/2356/4 3384/2355/4
f 1080/174/4 3385/2351/4 1120/2354/4 49/175/4
f 319/3341/4 2487/2358/4 3385/2351/4 1080/174/4
f 2487/2358/4 882/2357/4 2485/2352/4 3385/2351/4
f 2482/2344/4 3386/2347/4 2484/2350/4 881/2345/4
f 268/2775/4 1522/372/4 3386/2347/4 2482/2344/4
f 1522/372/4 86/371/4 1857/2348/4 3386/2347/4
f 1703/2480/4 3387/2343/4 2483/2346/4 450/2481/4
f 11/23/4 1029/2776/4 3387/2343/4 1703/2480/4
f 1029/2776/4 268/2775/4 2482/2344/4 3387/2343/4
f 1210/461/4 3388/2339/4 1359/2342/4 135/462/4
f 450/2481/4 2483/2346/4 3388/2339/4 1210/461/4
f 2483/2346/4 881/2345/4 2481/2340/4 3388/2339/4
f 2478/2332/4 3389/2335/4 2480/2338/4 880/2333/4
f 400/3265/4 1654/200/4 3389/2335/4 2478/2332/4
f 1654/200/4 38/199/4 1744/2336/4 3389/2335/4
f 1857/2348/4 3390/2331/4 2479/2334/4 606/2349/4
f 86/371/4 1161/3266/4 3390/2331/4 1857/2348/4
f 1161/3266/4 400/3265/4 2478/2332/4 3390/2331/4
f 1358/505/4 3391/2327/4 1360/2330/4 218/506/4
f 606/2349/4 2479/2334/4 3391/2327/4 1358/505/4
f 2479/2334/4 880/2333/4 2477/2328/4 3391/2327/4
f 2474/2320/4 3392/2323/4 2476/2326/4 879/2321/4
f 611/2305/4 1862/519/4 3392/2323/4 2474/2320/4
f 1862/519/4 219/518/4 1860/2324/4 3392/2323/4
f 1535/3777/4 3393/2319/4 2475/2322/4 281/3778/4
f 98/878/4 1363/2306/4 3393/2319/4 1535/3777/4
f 1363/2306/4 611/2305/4 2474/2320/4 3393/2319/4
f 1042/34/4 3394/2315/4 1044/2318/4 21/35/4
f 281/3778/4 2475/2322/4 3394/2315/4 1042/34/4
f 2475/2322/4 879/2321/4 2473/2316/4 3394/2315/4
f 2470/2308/4 3395/2311/4 2472/2314/4 878/2309/4
f 359/2353/4 1613/503/4 3395/2311/4 2470/2308/4
f 1613/503/4 174/502/4 1861/2312/4 3395/2311/4
f 1665/1159/4 3396/2307/4 2471/2310/4 411/1160/4
f 49/175/4 1120/2354/4 3396/2307/4 1665/1159/4
f 1120/2354/4 359/2353/4 2470/2308/4 3396/2307/4
f 1172/877/4 3397/2303/4 1363/2306/4 98/878/4
f 411/1160/4 2471/2310/4 3397/2303/4 1172/877/4
f 2471/2310/4 878/2309/4 2469/2304/4 3397/2303/4
f 2466/2296/4 3398/2299/4 2468/2302/4 877/2297/4
f 494/3381/4 1745/160/4 3398/2299/4 2466/2296/4
f 1745/160/4 66/159/4 1743/2300/4 3398/2299/4
f 1861/2312/4 3399/2295/4 2467/2298/4 610/2313/4
f 174/502/4 1252/3382/4 3399/2295/4 1861/2312/4
f 1252/3382/4 494/3381/4 2466/2296/4 3399/2295/4
f 1362/517/4 3400/2291/4 1364/2294/4 219/518/4
f 610/2313/4 2467/2298/4 3400/2291/4 1362/517/4
f 2467/2298/4 877/2297/4 2465/2292/4 3400/2291/4
f 2462/2284/3 3401/2287/3 2464/2290/3 876/2285/3
f 615/2269/3 1866/531/3 3401/2287/3 2462/2284/3
f 1866/531/3 220/530/3 1864/2288/3 3401/2287/3
f 1608/3424/3 3402/2283/3 2463/2286/3 354/3425/3
f 169/546/3 1367/2270/3 3402/2283/3 1608/3424/3
f 1367/2270/3 615/2269/3 2462/2284/3 3402/2283/3
f 1115/146/3 3403/2279/3 1117/2282/3 65/147/3
f 354/3425/3 2463/2286/3 3403/2279/3 1115/146/3
f 2463/2286/3 876/2285/3 2461/2280/3 3403/2279/3
f 2458/2272/3 3404/2275/3 2460/2278/3 875/2273/3
f 324/1284/3 1578/835/3 3404/2275/3 2458/2272/3
f 1578/835/3 140/834/3 1865/2276/3 3404/2275/3
f 1740/2228/3 3405/2271/3 2459/2274/3 489/2229/3
f 54/131/3 1085/1285/3 3405/2271/3 1740/2228/3
f 1085/1285/3 324/1284/3 2458/2272/3 3405/2271/3
f 1247/545/3 3406/2267/3 1367/2270/3 169/546/3
f 489/2229/3 2459/2274/3 3406/2267/3 1247/545/3
f 2459/2274/3 875/2273/3 2457/2268/3 3406/2267/3
f 2454/2260/3 3407/2263/3 2456/2266/3 874/2261/3
f 455/3734/3 1708/48/3 3407/2263/3 2454/2260/3
f 1708/48/3 22/47/3 1706/2264/3 3407/2263/3
f 1865/2276/3 3408/2259/3 2455/2262/3 614/2277/3
f 140/834/3 1215/3735/3 3408/2259/3 1865/2276/3
f 1215/3735/3 455/3734/3 2454/2260/3 3408/2259/3
f 1366/529/3 3409/2255/3 1368/2258/3 220/530/3
f 614/2277/3 2455/2262/3 3409/2255/3 1366/529/3
f 2455/2262/3 874/2261/3 2453/2256/3 3409/2255/3
f 2450/2248/3 3410/2251/3 2452/2254/3 873/2249/3
f 619/2233/3 1870/543/3 3410/2251/3 2450/2248/3
f 1870/543/3 221/542/3 1868/2252/3 3410/2251/3
f 1159/4046/3 3411/2247/3 2451/2250/3 398/4047/3
f 84/4048/3 1371/2234/3 3411/2247/3 1159/4046/3
f 1371/2234/3 619/2233/3 2450/2248/3 3411/2247/3
f 1652/4049/3 3412/2243/3 1116/2246/3 36/4050/3
f 398/4047/3 2451/2250/3 3412/2243/3 1652/4049/3
f 2451/2250/3 873/2249/3 2449/2244/3 3412/2243/3
f 2446/2236/3 3413/2239/3 2448/2242/3 872/2237/3
f 286/2101/3 1540/587/3 3413/2239/3 2446/2236/3
f 1540/587/3 103/586/3 1869/2240/3 3413/2239/3
f 1027/4051/3 3414/2235/3 2447/2238/3 266/4052/3
f 9/4053/3 1047/2102/3 3414/2235/3 1027/4051/3
f 1047/2102/3 286/2101/3 2446/2236/3 3414/2235/3
f 1520/4054/3 3415/2231/3 1371/2234/3 84/4048/3
f 266/4052/3 2447/2238/3 3415/2231/3 1520/4054/3
f 2447/2238/3 872/2237/3 2445/2232/3 3415/2231/3
f 2442/2224/3 3416/2227/3 2444/2230/3 871/2225/3
f 416/3465/3 1670/132/3 3416/2227/3 2442/2224/3
f 1670/132/3 54/131/3 1740/2228/3 3416/2227/3
f 1869/2240/3 3417/2223/3 2443/2226/3 618/2241/3
f 103/586/3 1177/3466/3 3417/2223/3 1869/2240/3
f 1177/3466/3 416/3465/3 2442/2224/3 3417/2223/3
f 1370/541/3 3418/2219/3 1372/2222/3 221/542/3
f 618/2241/3 2443/2226/3 3418/2219/3 1370/541/3
f 2443/2226/3 871/2225/3 2441/2220/3 3418/2219/3
f 2438/2212/3 3419/2215/3 2440/2218/3 870/2213/3
f 623/2197/3 1874/555/3 3419/2215/3 2438/2212/3
f 1874/555/3 222/554/3 1872/2216/3 3419/2215/3
f 1196/4055/3 3420/2211/3 2439/2214/3 435/4056/3
f 122/4057/3 1375/2198/3 3420/2211/3 1196/4055/3
f 1375/2198/3 623/2197/3 2438/2212/3 3420/2211/3
f 1688/4058/3 3421/2207/3 1020/2210/3 6/3979/3
f 435/4056/3 2439/2214/3 3421/2207/3 1688/4058/3
f 2439/2214/3 870/2213/3 2437/2208/3 3421/2207/3
f 2434/2200/3 3422/2203/3 2436/2206/3 869/2201/3
f 355/2245/3 1609/539/3 3422/2203/3 2434/2200/3
f 1609/539/3 170/538/3 1873/2204/3 3422/2203/3
f 1067/4059/3 3423/2199/3 2435/2202/3 306/4060/3
f 36/4050/3 1116/2246/3 3423/2199/3 1067/4059/3
f 1116/2246/3 355/2245/3 2434/2200/3 3423/2199/3
f 1560/4061/3 3424/2195/3 1375/2198/3 122/4057/3
f 306/4060/3 2435/2202/3 3424/2195/3 1560/4061/3
f 2435/2202/3 869/2201/3 2433/2196/3 3424/2195/3
f 2430/2188/3 3425/2191/3 2432/2194/3 868/2189/3
f 490/3417/3 1741/148/3 3425/2191/3 2430/2188/3
f 1741/148/3 65/147/3 1739/2192/3 3425/2191/3
f 1873/2204/3 3426/2187/3 2431/2190/3 622/2205/3
f 170/538/3 1248/3418/3 3426/2187/3 1873/2204/3
f 1248/3418/3 490/3417/3 2430/2188/3 3426/2187/3
f 1374/553/3 3427/2183/3 1376/2186/3 222/554/3
f 622/2205/3 2431/2190/3 3427/2183/3 1374/553/3
f 2431/2190/3 868/2189/3 2429/2184/3 3427/2183/3
f 2426/2176/3 3428/2179/3 2428/2182/3 867/2177/3
f 627/2161/3 1878/567/3 3428/2179/3 2426/2176/3
f 1878/567/3 223/566/3 1876/2180/3 3428/2179/3
f 1604/3460/3 3429/2175/3 2427/2178/3 350/3461/3
f 165/582/3 1379/2162/3 3429/2175/3 1604/3460/3
f 1379/2162/3 627/2161/3 2426/2176/3 3429/2175/3
f 1111/134/3 3430/2171/3 1113/2174/3 64/135/3
f 350/3461/3 2427/2178/3 3430/2171/3 1111/134/3
f 2427/2178/3 867/2177/3 2425/2172/3 3430/2171/3
f 2422/2164/3 3431/2167/3 2424/2170/3 866/2165/3
f 401/4062/3 1162/4063/3 3431/2167/3 2422/2164/3
f 1162/4063/3 87/4064/3 1877/2168/3 3431/2167/3
f 1736/2120/3 3432/2163/3 2423/2166/3 485/2121/3
f 39/4065/3 1655/4066/3 3432/2163/3 1736/2120/3
f 1655/4066/3 401/4062/3 2422/2164/3 3432/2163/3
f 1243/581/3 3433/2159/3 1379/2162/3 165/582/3
f 485/2121/3 2423/2166/3 3433/2159/3 1243/581/3
f 2423/2166/3 866/2165/3 2421/2160/3 3433/2159/3
f 2418/2152/3 3434/2155/3 2420/2158/3 865/2153/3
f 269/4067/3 1030/4068/3 3434/2155/3 2418/2152/3
f 1030/4068/3 12/4069/3 1707/2156/3 3434/2155/3
f 1877/2168/3 3435/2151/3 2419/2154/3 626/2169/3
f 87/4064/3 1523/4070/3 3435/2151/3 1877/2168/3
f 1523/4070/3 269/4067/3 2418/2152/3 3435/2151/3
f 1378/565/3 3436/2147/3 1380/2150/3 223/566/3
f 626/2169/3 2419/2154/3 3436/2147/3 1378/565/3
f 2419/2154/3 865/2153/3 2417/2148/3 3436/2147/3
f 2414/2140/3 3437/2143/3 2416/2146/3 864/2141/3
f 631/2125/3 1882/579/3 3437/2143/3 2414/2140/3
f 1882/579/3 224/578/3 1880/2144/3 3437/2143/3
f 1147/4071/3 3438/2139/3 2415/2142/3 386/4072/3
f 72/4073/3 1383/2126/3 3438/2139/3 1147/4071/3
f 1383/2126/3 631/2125/3 2414/2140/3 3438/2139/3
f 1640/4074/3 3439/2135/3 1112/2138/3 24/4075/3
f 386/4072/3 2415/2142/3 3439/2135/3 1640/4074/3
f 2415/2142/3 864/2141/3 2413/2136/3 3439/2135/3
f 2410/2128/3 3440/2131/3 2412/2134/3 863/2129/3
f 438/4076/3 1199/4077/3 3440/2131/3 2410/2128/3
f 1199/4077/3 125/4078/3 1881/2132/3 3440/2131/3
f 1015/4079/3 3441/2127/3 2411/2130/3 254/4080/3
f 8/4081/3 1691/4082/3 3441/2127/3 1015/4079/3
f 1691/4082/3 438/4076/3 2410/2128/3 3441/2127/3
f 1508/4083/3 3442/2123/3 1383/2126/3 72/4073/3
f 254/4080/3 2411/2130/3 3442/2123/3 1508/4083/3
f 2411/2130/3 863/2129/3 2409/2124/3 3442/2123/3
f 2406/2116/3 3443/2119/3 2408/2122/3 862/2117/3
f 309/4084/3 1070/4085/3 3443/2119/3 2406/2116/3
f 1070/4085/3 39/4065/3 1736/2120/3 3443/2119/3
f 1881/2132/3 3444/2115/3 2407/2118/3 630/2133/3
f 125/4078/3 1563/4086/3 3444/2115/3 1881/2132/3
f 1563/4086/3 309/4084/3 2406/2116/3 3444/2115/3
f 1382/577/3 3445/2111/3 1384/2114/3 224/578/3
f 630/2133/3 2407/2118/3 3445/2111/3 1382/577/3
f 2407/2118/3 862/2117/3 2405/2112/3 3445/2111/3
f 2402/2104/3 3446/2107/3 2404/2110/3 861/2105/3
f 635/2089/3 1886/591/3 3446/2107/3 2402/2104/3
f 1886/591/3 225/590/3 1884/2108/3 3446/2107/3
f 1184/4087/3 3447/2103/3 2403/2106/3 423/4088/3
f 110/4089/3 1387/2090/3 3447/2103/3 1184/4087/3
f 1387/2090/3 635/2089/3 2402/2104/3 3447/2103/3
f 1676/4090/3 3448/2099/3 1047/2102/3 9/4053/3
f 423/4088/3 2403/2106/3 3448/2099/3 1676/4090/3
f 2403/2106/3 861/2105/3 2401/2100/3 3448/2099/3
f 2398/2092/3 3449/2095/3 2400/2098/3 860/2093/3
f 351/2137/3 1605/575/3 3449/2095/3 2398/2092/3
f 1605/575/3 166/574/3 1885/2096/3 3449/2095/3
f 1055/4091/3 3450/2091/3 2399/2094/3 294/4092/3
f 24/4075/3 1112/2138/3 3450/2091/3 1055/4091/3
f 1112/2138/3 351/2137/3 2398/2092/3 3450/2091/3
f 1548/4093/3 3451/2087/3 1387/2090/3 110/4089/3
f 294/4092/3 2399/2094/3 3451/2087/3 1548/4093/3
f 2399/2094/3 860/2093/3 2397/2088/3 3451/2087/3
f 2394/2080/3 3452/2083/3 2396/2086/3 859/2081/3
f 486/3453/3 1737/136/3 3452/2083/3 2394/2080/3
f 1737/136/3 64/135/3 1735/2084/3 3452/2083/3
f 1885/2096/3 3453/2079/3 2395/2082/3 634/2097/3
f 166/574/3 1244/3454/3 3453/2079/3 1885/2096/3
f 1244/3454/3 486/3453/3 2394/2080/3 3453/2079/3
f 1386/589/3 3454/2075/3 1388/2078/3 225/590/3
f 634/2097/3 2395/2082/3 3454/2075/3 1386/589/3
f 2395/2082/3 859/2081/3 2393/2076/3 3454/2075/3
f 2390/2068/3 3455/2071/3 2392/2074/3 858/2069/3
f 639/2053/3 1890/603/3 3455/2071/3 2390/2068/3
f 1890/603/3 226/602/3 1888/2072/3 3455/2071/3
f 1600/3496/3 3456/2067/3 2391/2070/3 346/3497/3
f 161/618/3 1391/2054/3 3456/2067/3 1600/3496/3
f 1391/2054/3 639/2053/3 2390/2068/3 3456/2067/3
f 1107/122/3 3457/2063/3 1109/2066/3 63/123/3
f 346/3497/3 2391/2070/3 3457/2063/3 1107/122/3
f 2391/2070/3 858/2069/3 2389/2064/3 3457/2063/3
f 2386/2056/3 3458/2059/3 2388/2062/3 857/2057/3
f 389/4094/3 1150/4095/3 3458/2059/3 2386/2056/3
f 1150/4095/3 75/4096/3 1889/2060/3 3458/2059/3
f 1732/2012/3 3459/2055/3 2387/2058/3 481/2013/3
f 27/4097/3 1643/4098/3 3459/2055/3 1732/2012/3
f 1643/4098/3 389/4094/3 2386/2056/3 3459/2055/3
f 1239/617/3 3460/2051/3 1391/2054/3 161/618/3
f 481/2013/3 2387/2058/3 3460/2051/3 1239/617/3
f 2387/2058/3 857/2057/3 2385/2052/3 3460/2051/3
f 2382/2044/3 3461/2047/3 2384/2050/3 856/2045/3
f 257/4099/3 1018/4100/3 3461/2047/3 2382/2044/3
f 1018/4100/3 7/4101/3 1697/2048/3 3461/2047/3
f 1889/2060/3 3462/2043/3 2383/2046/3 638/2061/3
f 75/4096/3 1511/4102/3 3462/2043/3 1889/2060/3
f 1511/4102/3 257/4099/3 2382/2044/3 3462/2043/3
f 1390/601/3 3463/2039/3 1392/2042/3 226/602/3
f 638/2061/3 2383/2046/3 3463/2039/3 1390/601/3
f 2383/2046/3 856/2045/3 2381/2040/3 3463/2039/3
f 2378/2032/3 3464/2035/3 2380/2038/3 855/2033/3
f 643/2017/3 1894/615/3 3464/2035/3 2378/2032/3
f 1894/615/3 227/614/3 1892/2036/3 3464/2035/3
f 1577/3448/3 3465/2031/3 2379/2034/3 323/3449/3
f 139/570/3 1395/2018/3 3465/2031/3 1577/3448/3
f 1395/2018/3 643/2017/3 2378/2032/3 3465/2031/3
f 1084/138/3 3466/2027/3 1108/2030/3 53/139/3
f 323/3449/3 2379/2034/3 3466/2027/3 1084/138/3
f 2379/2034/3 855/2033/3 2377/2028/3 3466/2027/3
f 2374/2020/3 3467/2023/3 2376/2026/3 854/2021/3
f 426/4103/3 1187/4104/3 3467/2023/3 2374/2020/3
f 1187/4104/3 113/4105/3 1893/2024/3 3467/2023/3
f 1707/2156/3 3468/2019/3 2375/2022/3 454/2157/3
f 12/4069/3 1679/4106/3 3468/2019/3 1707/2156/3
f 1679/4106/3 426/4103/3 2374/2020/3 3468/2019/3
f 1214/569/3 3469/2015/3 1395/2018/3 139/570/3
f 454/2157/3 2375/2022/3 3469/2015/3 1214/569/3
f 2375/2022/3 854/2021/3 2373/2016/3 3469/2015/3
f 2370/2008/3 3470/2011/3 2372/2014/3 853/2009/3
f 297/4107/3 1058/4108/3 3470/2011/3 2370/2008/3
f 1058/4108/3 27/4097/3 1732/2012/3 3470/2011/3
f 1893/2024/3 3471/2007/3 2371/2010/3 642/2025/3
f 113/4105/3 1551/4109/3 3471/2007/3 1893/2024/3
f 1551/4109/3 297/4107/3 2370/2008/3 3471/2007/3
f 1394/613/3 3472/2003/3 1396/2006/3 227/614/3
f 642/2025/3 2371/2010/3 3472/2003/3 1394/613/3
f 2371/2010/3 853/2009/3 2369/2004/3 3472/2003/3
f 2366/1996/3 3473/1999/3 2368/2002/3 852/1997/3
f 647/1981/3 1898/627/3 3473/1999/3 2366/1996/3
f 1898/627/3 228/626/3 1896/2000/3 3473/1999/3
f 1539/3741/3 3474/1995/3 2367/1998/3 285/3742/3
f 102/842/3 1399/1982/3 3474/1995/3 1539/3741/3
f 1399/1982/3 647/1981/3 2366/1996/3 3474/1995/3
f 1046/46/3 3475/1991/3 1048/1994/3 22/47/3
f 285/3742/3 2367/1998/3 3475/1991/3 1046/46/3
f 2367/1998/3 852/1997/3 2365/1992/3 3475/1991/3
f 2362/1984/3 3476/1987/3 2364/1990/3 851/1985/3
f 347/2029/3 1601/611/3 3476/1987/3 2362/1984/3
f 1601/611/3 162/610/3 1897/1988/3 3476/1987/3
f 1669/1267/3 3477/1983/3 2363/1986/3 415/1268/3
f 53/139/3 1108/2030/3 3477/1983/3 1669/1267/3
f 1108/2030/3 347/2029/3 2362/1984/3 3477/1983/3
f 1176/841/3 3478/1979/3 1399/1982/3 102/842/3
f 415/1268/3 2363/1986/3 3478/1979/3 1176/841/3
f 2363/1986/3 851/1985/3 2361/1980/3 3478/1979/3
f 2358/1972/3 3479/1975/3 2360/1978/3 850/1973/3
f 482/3489/3 1733/124/3 3479/1975/3 2358/1972/3
f 1733/124/3 63/123/3 1731/1976/3 3479/1975/3
f 1897/1988/3 3480/1971/3 2359/1974/3 646/1989/3
f 162/610/3 1240/3490/3 3480/1971/3 1897/1988/3
f 1240/3490/3 482/3489/3 2358/1972/3 3480/1971/3
f 1398/625/3 3481/1967/3 1400/1970/3 228/626/3
f 646/1989/3 2359/1974/3 3481/1967/3 1398/625/3
f 2359/1974/3 850/1973/3 2357/1968/3 3481/1967/3
f 2354/1960/2 3482/1963/2 2356/1966/2 849/1961/2
f 651/1945/2 1902/639/2 3482/1963/2 2354/1960/2
f 1902/639/2 229/638/2 1900/1964/2 3482/1963/2
f 1167/4110/2 3483/1959/2 2355/1962/2 406/4111/2
f 92/4112/2 1403/1946/2 3483/1959/2 1167/4110/2
f 1403/1946/2 651/1945/2 2354/1960/2 3483/1959/2
f 1660/4113/2 3484/1955/2 1105/1958/2 44/4114/2
f 406/4111/2 2355/1962/2 3484/1955/2 1660/4113/2
f 2355/1962/2 849/1961/2 2353/1956/2 3484/1955/2
f 2350/1948/2 3485/1951/2 2352/1954/2 848/1949/2
f 289/1836/2 1543/659/2 3485/1951/2 2350/1948/2
f 1543/659/2 105/658/2 1901/1952/2 3485/1951/2
f 1035/4115/2 3486/1947/2 2351/1950/2 274/4116/2
f 17/4117/2 1050/1837/2 3486/1947/2 1035/4115/2
f 1050/1837/2 289/1836/2 2350/1948/2 3486/1947/2
f 1528/4118/2 3487/1943/2 1403/1946/2 92/4112/2
f 274/4116/2 2351/1950/2 3487/1943/2 1528/4118/2
f 2351/1950/2 848/1949/2 2349/1944/2 3487/1943/2
f 1901/1952/2 3488/1938/2 2348/1942/2 650/1953/2
f 105/658/2 1179/3548/2 3488/1938/2 1901/1952/2
f 1179/3548/2 418/3547/2 5730/4119/2 2347/1939/2 3488/1938/2
f 1402/637/2 3489/1933/2 1404/1937/2 229/638/2
f 650/1953/2 2348/1942/2 3489/1933/2 1402/637/2
f 2348/1942/2 847/1941/2 5729/4120/2 2346/1934/2 3489/1933/2
f 2343/1926/2 3490/1929/2 2345/1932/2 846/1927/2
f 655/1911/2 1905/647/2 3490/1929/2 2343/1926/2
f 1905/647/2 230/646/2 1903/1930/2 3490/1929/2
f 1204/4121/2 3491/1925/2 2344/1928/2 443/4122/2
f 130/4123/2 1407/1912/2 3491/1925/2 1204/4121/2
f 1407/1912/2 655/1911/2 2343/1926/2 3491/1925/2
f 1696/4124/2 3492/1921/2 1691/1924/2 8/4125/2
f 443/4122/2 2344/1928/2 3492/1921/2 1696/4124/2
f 2344/1928/2 846/1927/2 2342/1922/2 3492/1921/2
f 2339/1914/2 3493/1917/2 2341/1920/2 845/1915/2
f 344/1957/2 1598/635/2 3493/1917/2 2339/1914/2
f 1598/635/2 159/634/2 1904/1918/2 3493/1917/2
f 1075/4126/2 3494/1913/2 2340/1916/2 314/4127/2
f 44/4114/2 1105/1958/2 3494/1913/2 1075/4126/2
f 1105/1958/2 344/1957/2 2339/1914/2 3494/1913/2
f 1568/4128/2 3495/1909/2 1407/1912/2 130/4123/2
f 314/4127/2 2340/1916/2 3495/1909/2 1568/4128/2
f 2340/1916/2 845/1915/2 2338/1910/2 3495/1909/2
f 1904/1918/2 3496/1904/2 2337/1908/2 654/1919/2
f 159/634/2 1237/3515/2 3496/1904/2 1904/1918/2
f 1237/3515/2 479/3514/2 5728/4129/2 2336/1905/2 3496/1904/2
f 1406/645/2 3497/1899/2 1408/1903/2 230/646/2
f 654/1919/2 2337/1908/2 3497/1899/2 1406/645/2
f 2337/1908/2 844/1907/2 5727/4130/2 2335/1900/2 3497/1899/2
f 2332/1892/2 3498/1895/2 2334/1898/2 843/1893/2
f 298/1140/2 1552/883/2 3498/1895/2 2332/1892/2
f 1552/883/2 114/882/2 1906/1896/2 3498/1895/2
f 1730/1856/2 3499/1891/2 2333/1894/2 477/1857/2
f 28/179/2 1059/1141/2 3499/1891/2 1730/1856/2
f 1059/1141/2 298/1140/2 2332/1892/2 3499/1891/2
f 477/1857/2 2333/1894/2 3500/4131/2 5763/4132/2 1235/4133/2
f 2333/1894/2 843/1893/2 2331/4134/2 5764/4135/2 3500/4131/2
f 2328/1884/2 3501/1887/2 2330/1890/2 842/1885/2
f 427/3782/2 1680/32/2 3501/1887/2 2328/1884/2
f 1680/32/2 13/31/2 1710/1888/2 3501/1887/2
f 1906/1896/2 3502/1883/2 2329/1886/2 657/1897/2
f 114/882/2 1188/3783/2 3502/1883/2 1906/1896/2
f 1188/3783/2 427/3782/2 2328/1884/2 3502/1883/2
f 657/1897/2 2329/1886/2 3503/4136/2 5765/4137/2 1409/4138/2
f 2329/1886/2 842/1885/2 2327/4139/2 5766/4140/2 3503/4136/2
f 2324/1876/2 3504/1879/2 2326/1882/2 841/1877/2
f 660/1861/2 1909/655/2 3504/1879/2 2324/1876/2
f 1909/655/2 231/654/2 1907/1880/2 3504/1879/2
f 1155/4141/2 3505/1875/2 2325/1878/2 394/4142/2
f 80/4143/2 1412/1862/2 3505/1875/2 1155/4141/2
f 1412/1862/2 660/1861/2 2324/1876/2 3505/1875/2
f 1648/4144/2 3506/1871/2 1103/1874/2 32/4145/2
f 394/4142/2 2325/1878/2 3506/1871/2 1648/4144/2
f 2325/1878/2 841/1877/2 2323/1872/2 3506/1871/2
f 2320/1864/2 3507/1867/2 2322/1870/2 840/1865/2
f 258/2533/2 1512/443/2 3507/1867/2 2320/1864/2
f 1512/443/2 76/442/2 1908/1868/2 3507/1867/2
f 1023/4146/2 3508/1863/2 2321/1866/2 262/4147/2
f 4/4027/2 1019/2534/2 3508/1863/2 1023/4146/2
f 1019/2534/2 258/2533/2 2320/1864/2 3508/1863/2
f 1516/4148/2 3509/1859/2 1412/1862/2 80/4143/2
f 262/4147/2 2321/1866/2 3509/1859/2 1516/4148/2
f 2321/1866/2 840/1865/2 2319/1860/2 3509/1859/2
f 2316/1852/2 3510/1855/2 2318/1858/2 839/1853/2
f 390/3321/2 1644/180/2 3510/1855/2 2316/1852/2
f 1644/180/2 28/179/2 1730/1856/2 3510/1855/2
f 1908/1868/2 3511/1851/2 2317/1854/2 659/1869/2
f 76/442/2 1151/3322/2 3511/1851/2 1908/1868/2
f 1151/3322/2 390/3321/2 2316/1852/2 3511/1851/2
f 1411/653/2 3512/1846/2 1413/1850/2 231/654/2
f 659/1869/2 2317/1854/2 3512/1846/2 1411/653/2
f 2317/1854/2 839/1853/2 2315/1847/2 3512/1846/2
f 2312/1839/2 3513/1842/2 2314/1845/2 838/1840/2
f 664/1824/2 1912/663/2 3513/1842/2 2312/1839/2
f 1912/663/2 232/662/2 1910/1843/2 3513/1842/2
f 1192/4149/2 3514/1838/2 2313/1841/2 431/4150/2
f 118/4151/2 1416/1825/2 3514/1838/2 1192/4149/2
f 1416/1825/2 664/1824/2 2312/1839/2 3514/1838/2
f 1684/4152/2 3515/1834/2 1050/1837/2 17/4117/2
f 431/4150/2 2313/1841/2 3515/1834/2 1684/4152/2
f 2313/1841/2 838/1840/2 2311/1835/2 3515/1834/2
f 2308/1827/2 3516/1830/2 2310/1833/2 837/1828/2
f 342/1873/2 1596/651/2 3516/1830/2 2308/1827/2
f 1596/651/2 158/650/2 1911/1831/2 3516/1830/2
f 1063/4153/2 3517/1826/2 2309/1829/2 302/4154/2
f 32/4145/2 1103/1874/2 3517/1826/2 1063/4153/2
f 1103/1874/2 342/1873/2 2308/1827/2 3517/1826/2
f 1556/4155/2 3518/1822/2 1416/1825/2 118/4151/2
f 302/4154/2 2309/1829/2 3518/1822/2 1556/4155/2
f 2309/1829/2 837/1828/2 2307/1823/2 3518/1822/2
f 1911/1831/2 3519/1817/2 2306/1821/2 663/1832/2
f 158/650/2 1236/3538/2 3519/1817/2 1911/1831/2
f 1236/3538/2 478/3537/2 5726/4156/2 2305/1818/2 3519/1817/2
f 1415/661/2 3520/1812/2 1417/1816/2 232/662/2
f 663/1832/2 2306/1821/2 3520/1812/2 1415/661/2
f 2306/1821/2 836/1820/2 5725/4157/2 2304/1813/2 3520/1812/2
f 2301/1805/2 3521/1808/2 2303/1811/2 835/1806/2
f 310/1068/2 1564/911/2 3521/1808/2 2301/1805/2
f 1564/911/2 126/910/2 1913/1809/2 3521/1808/2
f 1728/1785/2 3522/1804/2 2302/1807/2 475/1786/2
f 40/207/2 1071/1069/2 3522/1804/2 1728/1785/2
f 1071/1069/2 310/1068/2 2301/1805/2 3522/1804/2
f 475/1786/2 2302/1807/2 3523/4158/2 5767/4159/2 1234/4160/2
f 2302/1807/2 835/1806/2 2300/4161/2 5768/4162/2 3523/4158/2
f 2297/1797/2 3524/1800/2 2299/1803/2 834/1798/2
f 439/3825/2 1692/16/2 3524/1800/2 2297/1797/2
f 1692/16/2 3/15/2 1694/1801/2 3524/1800/2
f 1913/1809/2 3525/1796/2 2298/1799/2 666/1810/2
f 126/910/2 1200/3826/2 3525/1796/2 1913/1809/2
f 1200/3826/2 439/3825/2 2297/1797/2 3525/1796/2
f 666/1810/2 2298/1799/2 3526/4163/2 5769/4164/2 1418/4165/2
f 2298/1799/2 834/1798/2 2296/4166/2 5770/4167/2 3526/4163/2
f 2293/1789/2 3527/1792/2 2295/1795/2 833/1790/2
f 270/2817/2 1524/356/2 3527/1792/2 2293/1789/2
f 1524/356/2 88/355/2 1915/1793/2 3527/1792/2
f 1710/1888/2 3528/1788/2 2294/1791/2 457/1889/2
f 13/31/2 1031/2818/2 3528/1788/2 1710/1888/2
f 1031/2818/2 270/2817/2 2293/1789/2 3528/1788/2
f 457/1889/2 2294/1791/2 3529/4168/2 5771/4169/2 1217/4170/2
f 2294/1791/2 833/1790/2 2292/4171/2 5772/4172/2 3529/4168/2
f 2289/1781/2 3530/1784/2 2291/1787/2 832/1782/2
f 402/3249/2 1656/208/2 3530/1784/2 2289/1781/2
f 1656/208/2 40/207/2 1728/1785/2 3530/1784/2
f 1915/1793/2 3531/1780/2 2290/1783/2 668/1794/2
f 88/355/2 1163/3250/2 3531/1780/2 1915/1793/2
f 1163/3250/2 402/3249/2 2289/1781/2 3531/1780/2
f 668/1794/2 2290/1783/2 3532/4173/2 5773/4174/2 1419/4175/2
f 2290/1783/2 832/1782/2 2288/4176/2 5774/4177/2 3532/4173/2
f 2285/1773/1 3533/1776/1 2287/1779/1 831/1774/1
f 671/1758/1 1918/675/1 3533/1776/1 2285/1773/1
f 1918/675/1 233/674/1 1916/1777/1 3533/1776/1
f 1593/3579/1 3534/1772/1 2286/1775/1 339/3580/1
f 155/690/1 1422/1759/1 3534/1772/1 1593/3579/1
f 1422/1759/1 671/1758/1 2285/1773/1 3534/1772/1
f 1100/102/1 3535/1768/1 1102/1771/1 62/103/1
f 339/3580/1 2286/1775/1 3535/1768/1 1100/102/1
f 2286/1775/1 831/1774/1 2284/1769/1 3535/1768/1
f 2281/1761/1 3536/1764/1 2283/1767/1 830/1762/1
f 328/1410/1 1582/791/1 3536/1764/1 2281/1761/1
f 1582/791/1 144/790/1 1917/1765/1 3536/1764/1
f 1725/1717/1 3537/1760/1 2282/1763/1 472/1718/1
f 58/87/1 1089/1411/1 3537/1760/1 1725/1717/1
f 1089/1411/1 328/1410/1 2281/1761/1 3537/1760/1
f 1231/689/1 3538/1756/1 1422/1759/1 155/690/1
f 472/1718/1 2282/1763/1 3538/1756/1 1231/689/1
f 2282/1763/1 830/1762/1 2280/1757/1 3538/1756/1
f 2277/1749/1 3539/1752/1 2279/1755/1 829/1750/1
f 461/3680/1 1714/68/1 3539/1752/1 2277/1749/1
f 1714/68/1 23/67/1 1712/1753/1 3539/1752/1
f 1917/1765/1 3540/1748/1 2278/1751/1 670/1766/1
f 144/790/1 1220/3681/1 3540/1748/1 1917/1765/1
f 1220/3681/1 461/3680/1 2277/1749/1 3540/1748/1
f 1421/673/1 3541/1744/1 1423/1747/1 233/674/1
f 670/1766/1 2278/1751/1 3541/1744/1 1421/673/1
f 2278/1751/1 829/1750/1 2276/1745/1 3541/1744/1
f 2273/1737/1 3542/1740/1 2275/1743/1 828/1738/1
f 675/1722/1 1922/687/1 3542/1740/1 2273/1737/1
f 1922/687/1 234/686/1 1920/1741/1 3542/1740/1
f 1555/3232/1 3543/1736/1 2274/1739/1 301/3233/1
f 117/339/1 1426/1723/1 3543/1736/1 1555/3232/1
f 1426/1723/1 675/1722/1 2273/1737/1 3543/1736/1
f 1062/214/1 3544/1732/1 1101/1735/1 31/215/1
f 301/3233/1 2274/1739/1 3544/1732/1 1062/214/1
f 2274/1739/1 828/1738/1 2272/1733/1 3544/1732/1
f 2269/1725/1 3545/1728/1 2271/1731/1 827/1726/1
f 292/1590/1 1546/731/1 3545/1728/1 2269/1725/1
f 1546/731/1 108/730/1 1921/1729/1 3545/1728/1
f 1683/2872/1 3546/1724/1 2270/1727/1 430/2873/1
f 16/39/1 1053/1591/1 3546/1724/1 1683/2872/1
f 1053/1591/1 292/1590/1 2269/1725/1 3546/1724/1
f 1191/338/1 3547/1720/1 1426/1723/1 117/339/1
f 430/2873/1 2270/1727/1 3547/1720/1 1191/338/1
f 2270/1727/1 827/1726/1 2268/1721/1 3547/1720/1
f 2265/1713/1 3548/1716/1 2267/1719/1 826/1714/1
f 421/3620/1 1674/88/1 3548/1716/1 2265/1713/1
f 1674/88/1 58/87/1 1725/1717/1 3548/1716/1
f 1921/1729/1 3549/1712/1 2266/1715/1 674/1730/1
f 108/730/1 1182/3621/1 3549/1712/1 1921/1729/1
f 1182/3621/1 421/3620/1 2265/1713/1 3549/1712/1
f 1425/685/1 3550/1708/1 1427/1711/1 234/686/1
f 674/1730/1 2266/1715/1 3550/1708/1 1425/685/1
f 2266/1715/1 826/1714/1 2264/1709/1 3550/1708/1
f 2261/1701/1 3551/1704/1 2263/1707/1 825/1702/1
f 679/1686/1 1926/699/1 3551/1704/1 2261/1701/1
f 1926/699/1 235/698/1 1924/1705/1 3551/1704/1
f 1515/3832/1 3552/1700/1 2262/1703/1 261/3833/1
f 79/918/1 1430/1687/1 3552/1700/1 1515/3832/1
f 1430/1687/1 679/1686/1 2261/1701/1 3552/1700/1
f 1022/14/1 3553/1696/1 1694/1699/1 3/15/1
f 261/3833/1 2262/1703/1 3553/1696/1 1022/14/1
f 2262/1703/1 825/1702/1 2260/1697/1 3553/1696/1
f 2257/1689/1 3554/1692/1 2259/1695/1 824/1690/1
f 340/1734/1 1594/683/1 3554/1692/1 2257/1689/1
f 1594/683/1 156/682/1 1925/1693/1 3554/1692/1
f 1647/1051/1 3555/1688/1 2258/1691/1 393/1052/1
f 31/215/1 1101/1735/1 3555/1688/1 1647/1051/1
f 1101/1735/1 340/1734/1 2257/1689/1 3555/1688/1
f 1154/917/1 3556/1684/1 1430/1687/1 79/918/1
f 393/1052/1 2258/1691/1 3556/1684/1 1154/917/1
f 2258/1691/1 824/1690/1 2256/1685/1 3556/1684/1
f 2253/1677/1 3557/1680/1 2255/1683/1 823/1678/1
f 473/3572/1 1726/104/1 3557/1680/1 2253/1677/1
f 1726/104/1 62/103/1 1724/1681/1 3557/1680/1
f 1925/1693/1 3558/1676/1 2254/1679/1 678/1694/1
f 156/682/1 1232/3573/1 3558/1676/1 1925/1693/1
f 1232/3573/1 473/3572/1 2253/1677/1 3558/1676/1
f 1429/697/1 3559/1672/1 1431/1675/1 235/698/1
f 678/1694/1 2254/1679/1 3559/1672/1 1429/697/1
f 2254/1679/1 823/1678/1 2252/1673/1 3559/1672/1
f 2249/1665/1 3560/1668/1 2251/1671/1 822/1666/1
f 683/1650/1 1930/711/1 3560/1668/1 2249/1665/1
f 1930/711/1 236/710/1 1928/1669/1 3560/1668/1
f 1589/3615/1 3561/1664/1 2250/1667/1 335/3616/1
f 151/726/1 1434/1651/1 3561/1664/1 1589/3615/1
f 1434/1651/1 683/1650/1 2249/1665/1 3561/1664/1
f 1096/90/1 3562/1660/1 1098/1663/1 61/91/1
f 335/3616/1 2250/1667/1 3562/1660/1 1096/90/1
f 2250/1667/1 822/1666/1 2248/1661/1 3562/1660/1
f 2245/1653/1 3563/1656/1 2247/1659/1 821/1654/1
f 304/4178/1 1558/4179/1 3563/1656/1 2245/1653/1
f 1558/4179/1 120/4180/1 1929/1657/1 3563/1656/1
f 1721/1609/1 3564/1652/1 2246/1655/1 468/1610/1
f 34/4181/1 1065/4182/1 3564/1652/1 1721/1609/1
f 1065/4182/1 304/4178/1 2245/1653/1 3564/1652/1
f 1227/725/1 3565/1648/1 1434/1651/1 151/726/1
f 468/1610/1 2246/1655/1 3565/1648/1 1227/725/1
f 2246/1655/1 821/1654/1 2244/1649/1 3565/1648/1
f 2241/1641/1 3566/1644/1 2243/1647/1 820/1642/1
f 433/4183/1 1686/4184/1 3566/1644/1 2241/1641/1
f 1686/4184/1 19/4185/1 1713/1645/1 3566/1644/1
f 1929/1657/1 3567/1640/1 2242/1643/1 682/1658/1
f 120/4180/1 1194/4186/1 3567/1640/1 1929/1657/1
f 1194/4186/1 433/4183/1 2241/1641/1 3567/1640/1
f 1433/709/1 3568/1636/1 1435/1639/1 236/710/1
f 682/1658/1 2242/1643/1 3568/1636/1 1433/709/1
f 2242/1643/1 820/1642/1 2240/1637/1 3568/1636/1
f 2237/1629/1 3569/1632/1 2239/1635/1 819/1630/1
f 687/1614/1 1934/723/1 3569/1632/1 2237/1629/1
f 1934/723/1 237/722/1 1932/1633/1 3569/1632/1
f 1567/3376/1 3570/1628/1 2238/1631/1 313/3377/1
f 129/498/1 1438/1615/1 3570/1628/1 1567/3376/1
f 1438/1615/1 687/1614/1 2237/1629/1 3570/1628/1
f 1074/162/1 3571/1624/1 1097/1627/1 43/163/1
f 313/3377/1 2238/1631/1 3571/1624/1 1074/162/1
f 2238/1631/1 819/1630/1 2236/1625/1 3571/1624/1
f 2233/1617/1 3572/1620/1 2235/1623/1 818/1618/1
f 264/4187/1 1518/4188/1 3572/1620/1 2233/1617/1
f 1518/4188/1 82/4189/1 1933/1621/1 3572/1620/1
f 1695/2372/1 3573/1616/1 2234/1619/1 442/2373/1
f 1/19/1 1025/4190/1 3573/1616/1 1695/2372/1
f 1025/4190/1 264/4187/1 2233/1617/1 3573/1616/1
f 1203/497/1 3574/1612/1 1438/1615/1 129/498/1
f 442/2373/1 2234/1619/1 3574/1612/1 1203/497/1
f 2234/1619/1 818/1618/1 2232/1613/1 3574/1612/1
f 2229/1605/1 3575/1608/1 2231/1611/1 817/1606/1
f 396/4191/1 1650/4192/1 3575/1608/1 2229/1605/1
f 1650/4192/1 34/4181/1 1721/1609/1 3575/1608/1
f 1933/1621/1 3576/1604/1 2230/1607/1 686/1622/1
f 82/4189/1 1157/4193/1 3576/1604/1 1933/1621/1
f 1157/4193/1 396/4191/1 2229/1605/1 3576/1604/1
f 1437/721/1 3577/1600/1 1439/1603/1 237/722/1
f 686/1622/1 2230/1607/1 3577/1600/1 1437/721/1
f 2230/1607/1 817/1606/1 2228/1601/1 3577/1600/1
f 2225/1593/1 3578/1596/1 2227/1599/1 816/1594/1
f 691/1578/1 1938/735/1 3578/1596/1 2225/1593/1
f 1938/735/1 238/734/1 1936/1597/1 3578/1596/1
f 1527/3765/1 3579/1592/1 2226/1595/1 273/3766/1
f 91/866/1 1442/1579/1 3579/1592/1 1527/3765/1
f 1442/1579/1 691/1578/1 2225/1593/1 3579/1592/1
f 1034/38/1 3580/1588/1 1053/1591/1 16/39/1
f 273/3766/1 2226/1595/1 3580/1588/1 1034/38/1
f 2226/1595/1 816/1594/1 2224/1589/1 3580/1588/1
f 2221/1581/1 3581/1584/1 2223/1587/1 815/1582/1
f 336/1626/1 1590/719/1 3581/1584/1 2221/1581/1
f 1590/719/1 152/718/1 1937/1585/1 3581/1584/1
f 1659/1195/1 3582/1580/1 2222/1583/1 405/1196/1
f 43/163/1 1097/1627/1 3582/1580/1 1659/1195/1
f 1097/1627/1 336/1626/1 2221/1581/1 3582/1580/1
f 1166/865/1 3583/1576/1 1442/1579/1 91/866/1
f 405/1196/1 2222/1583/1 3583/1576/1 1166/865/1
f 2222/1583/1 815/1582/1 2220/1577/1 3583/1576/1
f 2217/1569/1 3584/1572/1 2219/1575/1 814/1570/1
f 469/3608/1 1722/92/1 3584/1572/1 2217/1569/1
f 1722/92/1 61/91/1 1720/1573/1 3584/1572/1
f 1937/1585/1 3585/1568/1 2218/1571/1 690/1586/1
f 152/718/1 1228/3609/1 3585/1568/1 1937/1585/1
f 1228/3609/1 469/3608/1 2217/1569/1 3585/1568/1
f 1441/733/1 3586/1564/1 1443/1567/1 238/734/1
f 690/1586/1 2218/1571/1 3586/1564/1 1441/733/1
f 2218/1571/1 814/1570/1 2216/1565/1 3586/1564/1
f 2213/1557/1 3587/1560/1 2215/1563/1 813/1558/1
f 695/1542/1 1942/747/1 3587/1560/1 2213/1557/1
f 1942/747/1 239/746/1 1940/1561/1 3587/1560/1
f 1585/3651/1 3588/1556/1 2214/1559/1 331/3652/1
f 147/762/1 1446/1543/1 3588/1556/1 1585/3651/1
f 1446/1543/1 695/1542/1 2213/1557/1 3588/1556/1
f 1092/78/1 3589/1552/1 1094/1555/1 60/79/1
f 331/3652/1 2214/1559/1 3589/1552/1 1092/78/1
f 2214/1559/1 813/1558/1 2212/1553/1 3589/1552/1
f 2209/1545/1 3590/1548/1 2211/1551/1 812/1546/1
f 316/4194/1 1570/4195/1 3590/1548/1 2209/1545/1
f 1570/4195/1 132/4196/1 1941/1549/1 3590/1548/1
f 1717/1501/1 3591/1544/1 2210/1547/1 464/1502/1
f 46/4197/1 1077/4198/1 3591/1544/1 1717/1501/1
f 1077/4198/1 316/4194/1 2209/1545/1 3591/1544/1
f 1223/761/1 3592/1540/1 1446/1543/1 147/762/1
f 464/1502/1 2210/1547/1 3592/1540/1 1223/761/1
f 2210/1547/1 812/1546/1 2208/1541/1 3592/1540/1
f 2205/1533/1 3593/1536/1 2207/1539/1 811/1534/1
f 445/4199/1 1698/4200/1 3593/1536/1 2205/1533/1
f 1698/4200/1 5/4201/1 1024/1537/1 3593/1536/1
f 1941/1549/1 3594/1532/1 2206/1535/1 694/1550/1
f 132/4196/1 1206/4202/1 3594/1532/1 1941/1549/1
f 1206/4202/1 445/4199/1 2205/1533/1 3594/1532/1
f 1445/745/1 3595/1528/1 1447/1531/1 239/746/1
f 694/1550/1 2206/1535/1 3595/1528/1 1445/745/1
f 2206/1535/1 811/1534/1 2204/1529/1 3595/1528/1
f 2201/1521/1 3596/1524/1 2203/1527/1 810/1522/1
f 699/1506/1 1946/759/1 3596/1524/1 2201/1521/1
f 1946/759/1 240/758/1 1944/1525/1 3596/1524/1
f 1581/3603/1 3597/1520/1 2202/1523/1 327/3604/1
f 143/714/1 1450/1507/1 3597/1520/1 1581/3603/1
f 1450/1507/1 699/1506/1 2201/1521/1 3597/1520/1
f 1088/94/1 3598/1516/1 1093/1519/1 57/95/1
f 327/3604/1 2202/1523/1 3598/1516/1 1088/94/1
f 2202/1523/1 810/1522/1 2200/1517/1 3598/1516/1
f 2197/1509/1 3599/1512/1 2199/1515/1 809/1510/1
f 276/4203/1 1530/4204/1 3599/1512/1 2197/1509/1
f 1530/4204/1 94/4205/1 1945/1513/1 3599/1512/1
f 1713/1645/1 3600/1508/1 2198/1511/1 460/1646/1
f 19/4185/1 1037/4206/1 3600/1508/1 1713/1645/1
f 1037/4206/1 276/4203/1 2197/1509/1 3600/1508/1
f 1219/713/1 3601/1504/1 1450/1507/1 143/714/1
f 460/1646/1 2198/1511/1 3601/1504/1 1219/713/1
f 2198/1511/1 809/1510/1 2196/1505/1 3601/1504/1
f 2193/1497/1 3602/1500/1 2195/1503/1 808/1498/1
f 408/4207/1 1662/4208/1 3602/1500/1 2193/1497/1
f 1662/4208/1 46/4197/1 1717/1501/1 3602/1500/1
f 1945/1513/1 3603/1496/1 2194/1499/1 698/1514/1
f 94/4205/1 1169/4209/1 3603/1496/1 1945/1513/1
f 1169/4209/1 408/4207/1 2193/1497/1 3603/1496/1
f 1449/757/1 3604/1492/1 1451/1495/1 240/758/1
f 698/1514/1 2194/1499/1 3604/1492/1 1449/757/1
f 2194/1499/1 808/1498/1 2192/1493/1 3604/1492/1
f 2189/1485/1 3605/1488/1 2191/1491/1 807/1486/1
f 703/1470/1 1950/771/1 3605/1488/1 2189/1485/1
f 1950/771/1 241/770/1 1948/1489/1 3605/1488/1
f 1545/3687/1 3606/1484/1 2190/1487/1 291/3688/1
f 107/798/1 1454/1471/1 3606/1484/1 1545/3687/1
f 1454/1471/1 703/1470/1 2189/1485/1 3606/1484/1
f 1052/66/1 3607/1480/1 1054/1483/1 23/67/1
f 291/3688/1 2190/1487/1 3607/1480/1 1052/66/1
f 2190/1487/1 807/1486/1 2188/1481/1 3607/1480/1
f 2185/1473/1 3608/1476/1 2187/1479/1 806/1474/1
f 332/1518/1 1586/755/1 3608/1476/1 2185/1473/1
f 1586/755/1 148/754/1 1949/1477/1 3608/1476/1
f 1673/1393/1 3609/1472/1 2186/1475/1 420/1394/1
f 57/95/1 1093/1519/1 3609/1472/1 1673/1393/1
f 1093/1519/1 332/1518/1 2185/1473/1 3609/1472/1
f 1181/797/1 3610/1468/1 1454/1471/1 107/798/1
f 420/1394/1 2186/1475/1 3610/1468/1 1181/797/1
f 2186/1475/1 806/1474/1 2184/1469/1 3610/1468/1
f 2181/1461/1 3611/1464/1 2183/1467/1 805/1462/1
f 465/3644/1 1718/80/1 3611/1464/1 2181/1461/1
f 1718/80/1 60/79/1 1716/1465/1 3611/1464/1
f 1949/1477/1 3612/1460/1 2182/1463/1 702/1478/1
f 148/754/1 1224/3645/1 3612/1460/1 1949/1477/1
f 1224/3645/1 465/3644/1 2181/1461/1 3612/1460/1
f 1453/769/1 3613/1456/1 1455/1459/1 241/770/1
f 702/1478/1 2182/1463/1 3613/1456/1 1453/769/1
f 2182/1463/1 805/1462/1 2180/1457/1 3613/1456/1
f 2177/1449/1 3614/1452/1 2179/1455/1 804/1450/1
f 707/1434/1 1954/783/1 3614/1452/1 2177/1449/1
f 1954/783/1 242/782/1 1952/1453/1 3614/1452/1
f 1584/3663/1 3615/1448/1 2178/1451/1 330/3664/1
f 146/774/1 1458/1435/1 3615/1448/1 1584/3663/1
f 1458/1435/1 707/1434/1 2177/1449/1 3615/1448/1
f 1091/74/1 3616/1444/1 1090/1447/1 59/75/1
f 330/3664/1 2178/1451/1 3616/1444/1 1091/74/1
f 2178/1451/1 804/1450/1 2176/1445/1 3616/1444/1
f 2173/1437/1 3617/1440/1 2175/1443/1 803/1438/1
f 333/1554/1 1587/743/1 3617/1440/1 2173/1437/1
f 1587/743/1 149/742/1 1953/1441/1 3617/1440/1
f 1716/1465/1 3618/1436/1 2174/1439/1 463/1466/1
f 60/79/1 1094/1555/1 3618/1436/1 1716/1465/1
f 1094/1555/1 333/1554/1 2173/1437/1 3618/1436/1
f 1222/773/1 3619/1432/1 1458/1435/1 146/774/1
f 463/1466/1 2174/1439/1 3619/1432/1 1222/773/1
f 2174/1439/1 803/1438/1 2172/1433/1 3619/1432/1
f 2169/1425/1 3620/1428/1 2171/1431/1 802/1426/1
f 466/3632/1 1719/84/1 3620/1428/1 2169/1425/1
f 1719/84/1 33/83/1 1064/1429/1 3620/1428/1
f 1953/1441/1 3621/1424/1 2170/1427/1 706/1442/1
f 149/742/1 1225/3633/1 3621/1424/1 1953/1441/1
f 1225/3633/1 466/3632/1 2169/1425/1 3621/1424/1
f 1457/781/1 3622/1420/1 1459/1423/1 242/782/1
f 706/1442/1 2170/1427/1 3622/1420/1 1457/781/1
f 2170/1427/1 802/1426/1 2168/1421/1 3622/1420/1
f 2165/1413/1 3623/1416/1 2167/1419/1 801/1414/1
f 711/1398/1 1958/795/1 3623/1416/1 2165/1413/1
f 1958/795/1 243/794/1 1956/1417/1 3623/1416/1
f 1588/3627/1 3624/1412/1 2166/1415/1 334/3628/1
f 150/738/1 1462/1399/1 3624/1412/1 1588/3627/1
f 1462/1399/1 711/1398/1 2165/1413/1 3624/1412/1
f 1095/86/1 3625/1408/1 1089/1411/1 58/87/1
f 334/3628/1 2166/1415/1 3625/1408/1 1095/86/1
f 2166/1415/1 801/1414/1 2164/1409/1 3625/1408/1
f 2161/1401/1 3626/1404/1 2163/1407/1 800/1402/1
f 337/1662/1 1591/707/1 3626/1404/1 2161/1401/1
f 1591/707/1 153/706/1 1957/1405/1 3626/1404/1
f 1720/1573/1 3627/1400/1 2162/1403/1 467/1574/1
f 61/91/1 1098/1663/1 3627/1400/1 1720/1573/1
f 1098/1663/1 337/1662/1 2161/1401/1 3627/1400/1
f 1226/737/1 3628/1396/1 1462/1399/1 150/738/1
f 467/1574/1 2162/1403/1 3628/1396/1 1226/737/1
f 2162/1403/1 800/1402/1 2160/1397/1 3628/1396/1
f 2157/1389/1 3629/1392/1 2159/1395/1 799/1390/1
f 470/3596/1 1723/96/1 3629/1392/1 2157/1389/1
f 1723/96/1 57/95/1 1673/1393/1 3629/1392/1
f 1957/1405/1 3630/1388/1 2158/1391/1 710/1406/1
f 153/706/1 1229/3597/1 3630/1388/1 1957/1405/1
f 1229/3597/1 470/3596/1 2157/1389/1 3630/1388/1
f 1461/793/1 3631/1384/1 1463/1387/1 243/794/1
f 710/1406/1 2158/1391/1 3631/1384/1 1461/793/1
f 2158/1391/1 799/1390/1 2156/1385/1 3631/1384/1
f 2153/1377/1 3632/1380/1 2155/1383/1 798/1378/1
f 715/1362/1 1962/807/1 3632/1380/1 2153/1377/1
f 1962/807/1 244/806/1 1960/1381/1 3632/1380/1
f 1592/3591/1 3633/1376/1 2154/1379/1 338/3592/1
f 154/702/1 1466/1363/1 3633/1376/1 1592/3591/1
f 1466/1363/1 715/1362/1 2153/1377/1 3633/1376/1
f 1099/98/1 3634/1372/1 1658/1375/1 42/99/1
f 338/3592/1 2154/1379/1 3634/1372/1 1099/98/1
f 2154/1379/1 798/1378/1 2152/1373/1 3634/1372/1
f 2149/1365/1 3635/1368/1 2151/1371/1 797/1366/1
f 341/1770/1 1595/671/1 3635/1368/1 2149/1365/1
f 1595/671/1 157/670/1 1961/1369/1 3635/1368/1
f 1724/1681/1 3636/1364/1 2150/1367/1 471/1682/1
f 62/103/1 1102/1771/1 3636/1364/1 1724/1681/1
f 1102/1771/1 341/1770/1 2149/1365/1 3636/1364/1
f 1230/701/1 3637/1360/1 1466/1363/1 154/702/1
f 471/1682/1 2150/1367/1 3637/1360/1 1230/701/1
f 2150/1367/1 797/1366/1 2148/1361/1 3637/1360/1
f 2145/1353/1 3638/1356/1 2147/1359/1 796/1354/1
f 474/3560/1 1727/108/1 3638/1356/1 2145/1353/1
f 1727/108/1 56/107/1 1672/1357/1 3638/1356/1
f 1961/1369/1 3639/1352/1 2146/1355/1 714/1370/1
f 157/670/1 1233/3561/1 3639/1352/1 1961/1369/1
f 1233/3561/1 474/3560/1 2145/1353/1 3639/1352/1
f 1465/805/1 3640/1348/1 1467/1351/1 244/806/1
f 714/1370/1 2146/1355/1 3640/1348/1 1465/805/1
f 2146/1355/1 796/1354/1 2144/1349/1 3640/1348/1
f 2142/4210/2 3641/1344/2 2143/1347/2 795/4211/2 5698/4212/2
f 476/4213/2 1729/112/2 3641/1344/2 2142/4210/2 5724/4214/2
f 1729/112/2 42/111/2 1658/1345/2 3641/1344/2
f 2138/1336/2 5775/4215/2 3642/1339/2 2140/1343/2 794/1337/2
f 1597/3531/2 5777/4216/2 3643/1334/2 2139/1338/2 343/3532/2
f 1104/114/2 3644/1330/2 1655/1333/2 39/115/2
f 343/3532/2 2139/1338/2 3644/1330/2 1104/114/2
f 2139/1338/2 794/1337/2 2137/1331/2 3644/1330/2
f 2134/1323/3 3645/1326/3 2136/1329/3 793/1324/3
f 721/1308/3 1968/827/3 3645/1326/3 2134/1323/3
f 1968/827/3 245/826/3 1966/1327/3 3645/1326/3
f 1599/3508/3 3646/1322/3 2135/1325/3 345/3509/3
f 160/630/3 1471/1309/3 3646/1322/3 1599/3508/3
f 1471/1309/3 721/1308/3 2134/1323/3 3646/1322/3
f 1106/118/3 3647/1318/3 1086/1321/3 55/119/3
f 345/3509/3 2135/1325/3 3647/1318/3 1106/118/3
f 2135/1325/3 793/1324/3 2133/1319/3 3647/1318/3
f 2130/1311/3 3648/1314/3 2132/1317/3 792/1312/3
f 348/2065/3 1602/599/3 3648/1314/3 2130/1311/3
f 1602/599/3 163/598/3 1967/1315/3 3648/1314/3
f 1731/1976/3 3649/1310/3 2131/1313/3 480/1977/3
f 63/123/3 1109/2066/3 3649/1310/3 1731/1976/3
f 1109/2066/3 348/2065/3 2130/1311/3 3649/1310/3
f 1238/629/3 3650/1306/3 1471/1309/3 160/630/3
f 480/1977/3 2131/1313/3 3650/1306/3 1238/629/3
f 2131/1313/3 792/1312/3 2129/1307/3 3650/1306/3
f 2126/1299/3 3651/1302/3 2128/1305/3 791/1300/3
f 483/3477/3 1734/128/3 3651/1302/3 2126/1299/3
f 1734/128/3 45/127/3 1661/1303/3 3651/1302/3
f 1967/1315/3 3652/1298/3 2127/1301/3 720/1316/3
f 163/598/3 1241/3478/3 3652/1298/3 1967/1315/3
f 1241/3478/3 483/3477/3 2126/1299/3 3652/1298/3
f 1470/825/3 3653/1294/3 1472/1297/3 245/826/3
f 720/1316/3 2127/1301/3 3653/1294/3 1470/825/3
f 2127/1301/3 791/1300/3 2125/1295/3 3653/1294/3
f 2122/1287/3 3654/1290/3 2124/1293/3 790/1288/3
f 725/1272/3 1972/839/3 3654/1290/3 2122/1287/3
f 1972/839/3 246/838/3 1970/1291/3 3654/1290/3
f 1603/3472/3 3655/1286/3 2123/1289/3 349/3473/3
f 164/594/3 1475/1273/3 3655/1286/3 1603/3472/3
f 1475/1273/3 725/1272/3 2122/1287/3 3655/1286/3
f 1110/130/3 3656/1282/3 1085/1285/3 54/131/3
f 349/3473/3 2123/1289/3 3656/1282/3 1110/130/3
f 2123/1289/3 790/1288/3 2121/1283/3 3656/1282/3
f 2118/1275/3 3657/1278/3 2120/1281/3 789/1276/3
f 352/2173/3 1606/563/3 3657/1278/3 2118/1275/3
f 1606/563/3 167/562/3 1971/1279/3 3657/1278/3
f 1735/2084/3 3658/1274/3 2119/1277/3 484/2085/3
f 64/135/3 1113/2174/3 3658/1274/3 1735/2084/3
f 1113/2174/3 352/2173/3 2118/1275/3 3658/1274/3
f 1242/593/3 3659/1270/3 1475/1273/3 164/594/3
f 484/2085/3 2119/1277/3 3659/1270/3 1242/593/3
f 2119/1277/3 789/1276/3 2117/1271/3 3659/1270/3
f 2114/1263/3 3660/1266/3 2116/1269/3 788/1264/3
f 487/3441/3 1738/140/3 3660/1266/3 2114/1263/3
f 1738/140/3 53/139/3 1669/1267/3 3660/1266/3
f 1971/1279/3 3661/1262/3 2115/1265/3 724/1280/3
f 167/562/3 1245/3442/3 3661/1262/3 1971/1279/3
f 1245/3442/3 487/3441/3 2114/1263/3 3661/1262/3
f 1474/837/3 3662/1258/3 1476/1261/3 246/838/3
f 724/1280/3 2115/1265/3 3662/1258/3 1474/837/3
f 2115/1265/3 788/1264/3 2113/1259/3 3662/1258/3
f 2110/1251/3 3663/1254/3 2112/1257/3 787/1252/3
f 729/1236/3 1976/851/3 3663/1254/3 2110/1251/3
f 1976/851/3 247/850/3 1974/1255/3 3663/1254/3
f 1607/3436/3 3664/1250/3 2111/1253/3 353/3437/3
f 168/558/3 1479/1237/3 3664/1250/3 1607/3436/3
f 1479/1237/3 729/1236/3 2110/1251/3 3664/1250/3
f 1114/142/3 3665/1246/3 1060/1249/3 29/143/3
f 353/3437/3 2111/1253/3 3665/1246/3 1114/142/3
f 2111/1253/3 787/1252/3 2109/1247/3 3665/1246/3
f 2106/1239/3 3666/1242/3 2108/1245/3 786/1240/3
f 356/2281/3 1610/527/3 3666/1242/3 2106/1239/3
f 1610/527/3 171/526/3 1975/1243/3 3666/1242/3
f 1739/2192/3 3667/1238/3 2107/1241/3 488/2193/3
f 65/147/3 1117/2282/3 3667/1238/3 1739/2192/3
f 1117/2282/3 356/2281/3 2106/1239/3 3667/1238/3
f 1246/557/3 3668/1234/3 1479/1237/3 168/558/3
f 488/2193/3 2107/1241/3 3668/1234/3 1246/557/3
f 2107/1241/3 786/1240/3 2105/1235/3 3668/1234/3
f 2102/1227/3 3669/1230/3 2104/1233/3 785/1228/3
f 491/3405/3 1742/152/3 3669/1230/3 2102/1227/3
f 1742/152/3 52/151/3 1668/1231/3 3669/1230/3
f 1975/1243/3 3670/1226/3 2103/1229/3 728/1244/3
f 171/526/3 1249/3406/3 3670/1226/3 1975/1243/3
f 1249/3406/3 491/3405/3 2102/1227/3 3670/1226/3
f 1478/849/3 3671/1222/3 1480/1225/3 247/850/3
f 728/1244/3 2103/1229/3 3671/1222/3 1478/849/3
f 2103/1229/3 785/1228/3 2101/1223/3 3671/1222/3
f 2098/1215/4 3672/1218/4 2100/1221/4 784/1216/4
f 733/1200/4 1980/863/4 3672/1218/4 2098/1215/4
f 1980/863/4 248/862/4 1978/1219/4 3672/1218/4
f 1611/3400/4 3673/1214/4 2099/1217/4 357/3401/4
f 172/522/4 1483/1201/4 3673/1214/4 1611/3400/4
f 1483/1201/4 733/1200/4 2098/1215/4 3673/1214/4
f 1118/154/4 3674/1210/4 1082/1213/4 51/155/4
f 357/3401/4 2099/1217/4 3674/1210/4 1118/154/4
f 2099/1217/4 784/1216/4 2097/1211/4 3674/1210/4
f 2094/1203/4 3675/1206/4 2096/1209/4 783/1204/4
f 360/2389/4 1614/491/4 3675/1206/4 2094/1203/4
f 1614/491/4 175/490/4 1979/1207/4 3675/1206/4
f 1743/2300/4 3676/1202/4 2095/1205/4 492/2301/4
f 66/159/4 1121/2390/4 3676/1202/4 1743/2300/4
f 1121/2390/4 360/2389/4 2094/1203/4 3676/1202/4
f 1250/521/4 3677/1198/4 1483/1201/4 172/522/4
f 492/2301/4 2095/1205/4 3677/1198/4 1250/521/4
f 2095/1205/4 783/1204/4 2093/1199/4 3677/1198/4
f 2090/1191/4 3678/1194/4 2092/1197/4 782/1192/4
f 495/3369/4 1746/164/4 3678/1194/4 2090/1191/4
f 1746/164/4 43/163/4 1659/1195/4 3678/1194/4
f 1979/1207/4 3679/1190/4 2091/1193/4 732/1208/4
f 175/490/4 1253/3370/4 3679/1190/4 1979/1207/4
f 1253/3370/4 495/3369/4 2090/1191/4 3679/1190/4
f 1482/861/4 3680/1186/4 1484/1189/4 248/862/4
f 732/1208/4 2091/1193/4 3680/1186/4 1482/861/4
f 2091/1193/4 782/1192/4 2089/1187/4 3680/1186/4
f 2086/1179/4 3681/1182/4 2088/1185/4 781/1180/4
f 737/1164/4 1984/875/4 3681/1182/4 2086/1179/4
f 1984/875/4 249/874/4 1982/1183/4 3681/1182/4
f 1615/3364/4 3682/1178/4 2087/1181/4 361/3365/4
f 176/486/4 1487/1165/4 3682/1178/4 1615/3364/4
f 1487/1165/4 737/1164/4 2086/1179/4 3682/1178/4
f 1122/166/4 3683/1174/4 1081/1177/4 50/167/4
f 361/3365/4 2087/1181/4 3683/1174/4 1122/166/4
f 2087/1181/4 781/1180/4 2085/1175/4 3683/1174/4
f 2082/1167/4 3684/1170/4 2084/1173/4 780/1168/4
f 364/2497/4 1618/455/4 3684/1170/4 2082/1167/4
f 1618/455/4 179/454/4 1983/1171/4 3684/1170/4
f 1747/2408/4 3685/1166/4 2083/1169/4 496/2409/4
f 67/171/4 1125/2498/4 3685/1166/4 1747/2408/4
f 1125/2498/4 364/2497/4 2082/1167/4 3685/1166/4
f 1254/485/4 3686/1162/4 1487/1165/4 176/486/4
f 496/2409/4 2083/1169/4 3686/1162/4 1254/485/4
f 2083/1169/4 780/1168/4 2081/1163/4 3686/1162/4
f 2078/1155/4 3687/1158/4 2080/1161/4 779/1156/4
f 499/3333/4 1750/176/4 3687/1158/4 2078/1155/4
f 1750/176/4 49/175/4 1665/1159/4 3687/1158/4
f 1983/1171/4 3688/1154/4 2079/1157/4 736/1172/4
f 179/454/4 1257/3334/4 3688/1154/4 1983/1171/4
f 1257/3334/4 499/3333/4 2078/1155/4 3688/1154/4
f 1486/873/4 3689/1150/4 1488/1153/4 249/874/4
f 736/1172/4 2079/1157/4 3689/1150/4 1486/873/4
f 2079/1157/4 779/1156/4 2077/1151/4 3689/1150/4
f 2074/1143/4 3690/1146/4 2076/1149/4 778/1144/4
f 741/1128/4 1988/887/4 3690/1146/4 2074/1143/4
f 1988/887/4 250/886/4 1986/1147/4 3690/1146/4
f 1619/3328/4 3691/1142/4 2075/1145/4 365/3329/4
f 180/450/4 1491/1129/4 3691/1142/4 1619/3328/4
f 1491/1129/4 741/1128/4 2074/1143/4 3691/1142/4
f 1126/178/4 3692/1138/4 1059/1141/4 28/179/4
f 365/3329/4 2075/1145/4 3692/1138/4 1126/178/4
f 2075/1145/4 778/1144/4 2073/1139/4 3692/1138/4
f 2070/1131/4 3693/1134/4 2072/1137/4 777/1132/4
f 368/2605/4 1622/419/4 3693/1134/4 2070/1131/4
f 1622/419/4 183/418/4 1987/1135/4 3693/1134/4
f 1751/2516/4 3694/1130/4 2071/1133/4 500/2517/4
f 68/183/4 1129/2606/4 3694/1130/4 1751/2516/4
f 1129/2606/4 368/2605/4 2070/1131/4 3694/1130/4
f 1258/449/4 3695/1126/4 1491/1129/4 180/450/4
f 500/2517/4 2071/1133/4 3695/1126/4 1258/449/4
f 2071/1133/4 777/1132/4 2069/1127/4 3695/1126/4
f 2066/1119/4 3696/1122/4 2068/1125/4 776/1120/4
f 503/3297/4 1754/188/4 3696/1122/4 2066/1119/4
f 1754/188/4 48/187/4 1664/1123/4 3696/1122/4
f 1987/1135/4 3697/1118/4 2067/1121/4 740/1136/4
f 183/418/4 1261/3298/4 3697/1118/4 1987/1135/4
f 1261/3298/4 503/3297/4 2066/1119/4 3697/1118/4
f 1490/885/4 3698/1114/4 1492/1117/4 250/886/4
f 740/1136/4 2067/1121/4 3698/1114/4 1490/885/4
f 2067/1121/4 776/1120/4 2065/1115/4 3698/1114/4
f 2063/4217/8 3699/1110/8 2064/1113/8 775/4218/8 5295/4219/8
f 505/4220/8 1756/192/8 3699/1110/8 2063/4217/8 5321/4221/8
f 1756/192/5 46/191/5 1662/1111/5 3699/1110/5
f 2059/1102/7 5363/4222/7 3700/1105/7 2061/1109/7 774/1103/7
f 1624/3288/7 5365/4223/7 3701/1100/7 2060/1104/7 370/3289/7
f 1131/194/5 3702/1096/5 1057/1099/5 26/195/5
f 370/3289/5 2060/1104/5 3702/1096/5 1131/194/5
f 2060/1104/5 774/1103/5 2058/1097/5 3702/1096/5
f 2055/1088/7 5367/4224/7 3703/1091/7 2057/1095/7 773/1089/7
f 1626/3274/7 5369/4225/7 3704/1086/7 2056/1090/7 372/3275/7
f 1133/198/5 3705/1082/5 1069/1085/5 38/199/5
f 372/3275/5 2056/1090/5 3705/1082/5 1133/198/5
f 2056/1090/5 773/1089/5 2054/1083/5 3705/1082/5
f 2052/4226/8 3706/1078/8 2053/1081/8 772/4227/8 5293/4228/8
f 507/4229/8 1758/204/8 3706/1078/8 2052/4226/8 5319/4230/8
f 1758/204/5 34/203/5 1650/1079/5 3706/1078/5
f 2048/1071/4 3707/1074/4 2050/1077/4 771/1072/4
f 749/1056/4 1996/915/4 3707/1074/4 2048/1071/4
f 1996/915/4 251/914/4 1994/1075/4 3707/1074/4
f 1627/3256/4 3708/1070/4 2049/1073/4 373/3257/4
f 186/363/4 1497/1057/4 3708/1070/4 1627/3256/4
f 1497/1057/4 749/1056/4 2048/1071/4 3708/1070/4
f 1134/206/4 3709/1066/4 1071/1069/4 40/207/4
f 373/3257/4 2049/1073/4 3709/1066/4 1134/206/4
f 2049/1073/4 771/1072/4 2047/1067/4 3709/1066/4
f 2044/1059/4 3710/1062/4 2046/1065/4 770/1060/4
f 376/2889/4 1630/332/4 3710/1062/4 2044/1059/4
f 1630/332/4 189/331/4 1995/1063/4 3710/1062/4
f 1759/2800/4 3711/1058/4 2045/1061/4 508/2801/4
f 69/211/4 1137/2890/4 3711/1058/4 1759/2800/4
f 1137/2890/4 376/2889/4 2044/1059/4 3711/1058/4
f 1264/362/4 3712/1054/4 1497/1057/4 186/363/4
f 508/2801/4 2045/1061/4 3712/1054/4 1264/362/4
f 2045/1061/4 770/1060/4 2043/1055/4 3712/1054/4
f 2040/1047/4 3713/1050/4 2042/1053/4 769/1048/4
f 511/3225/4 1762/216/4 3713/1050/4 2040/1047/4
f 1762/216/4 31/215/4 1647/1051/4 3713/1050/4
f 1995/1063/4 3714/1046/4 2041/1049/4 748/1064/4
f 189/331/4 1267/3226/4 3714/1046/4 1995/1063/4
f 1267/3226/4 511/3225/4 2040/1047/4 3714/1046/4
f 1496/913/4 3715/1042/4 1498/1045/4 251/914/4
f 748/1064/4 2041/1049/4 3715/1042/4 1496/913/4
f 2041/1049/4 769/1048/4 2039/1043/4 3715/1042/4
f 2036/1035/3 3716/1038/3 2038/1041/3 768/1036/3
f 753/1020/3 2000/927/3 3716/1038/3 2036/1035/3
f 2000/927/3 252/926/3 1998/1039/3 3716/1038/3
f 1631/3220/3 3717/1034/3 2037/1037/3 377/3221/3
f 190/327/3 1501/1021/3 3717/1034/3 1631/3220/3
f 1501/1021/3 753/1020/3 2036/1035/3 3717/1034/3
f 1138/218/3 3718/1030/3 1072/1033/3 41/219/3
f 377/3221/3 2037/1037/3 3718/1030/3 1138/218/3
f 2037/1037/3 768/1036/3 2035/1031/3 3718/1030/3
f 2032/1023/3 3719/1026/3 2034/1029/3 767/1024/3
f 380/2997/3 1634/296/3 3719/1026/3 2032/1023/3
f 1634/296/3 193/295/3 1999/1027/3 3719/1026/3
f 1763/2908/3 3720/1022/3 2033/1025/3 512/2909/3
f 70/223/3 1141/2998/3 3720/1022/3 1763/2908/3
f 1141/2998/3 380/2997/3 2032/1023/3 3720/1022/3
f 1268/326/3 3721/1018/3 1501/1021/3 190/327/3
f 512/2909/3 2033/1025/3 3721/1018/3 1268/326/3
f 2033/1025/3 767/1024/3 2031/1019/3 3721/1018/3
f 2028/1011/3 3722/1014/3 2030/1017/3 766/1012/3
f 515/3189/3 1766/228/3 3722/1014/3 2028/1011/3
f 1766/228/3 33/227/3 1649/1015/3 3722/1014/3
f 1999/1027/3 3723/1010/3 2029/1013/3 752/1028/3
f 193/295/3 1271/3190/3 3723/1010/3 1999/1027/3
f 1271/3190/3 515/3189/3 2028/1011/3 3723/1010/3
f 1500/925/3 3724/1006/3 1502/1009/3 252/926/3
f 752/1028/3 2029/1013/3 3724/1006/3 1500/925/3
f 2029/1013/3 766/1012/3 2027/1007/3 3724/1006/3
f 2024/998/2 5779/4231/2 3725/1001/2 2026/1005/2 765/999/2
f 1635/3184/2 5781/4232/2 3726/996/2 2025/1000/2 381/3185/2
f 1142/230/2 3727/992/2 1643/995/2 27/231/2
f 381/3185/2 2025/1000/2 3727/992/2 1142/230/2
f 2025/1000/2 765/999/2 2023/993/2 3727/992/2
f 2021/4233/2 3728/988/2 2022/991/2 764/4234/2 5696/4235/2
f 516/4236/2 1767/236/2 3728/988/2 2021/4233/2 5722/4237/2
f 1767/236/2 30/235/2 1646/989/2 3728/988/2
f 2017/981/1 3729/984/1 2019/987/1 763/982/1
f 759/966/1 2006/947/1 3729/984/1 2017/981/1
f 2006/947/1 253/946/1 2004/985/1 3729/984/1
f 1636/3166/1 3730/980/1 2018/983/1 382/3167/1
f 194/283/1 1506/967/1 3730/980/1 1636/3166/1
f 1506/967/1 759/966/1 2017/981/1 3730/980/1
f 1143/238/1 3731/976/1 1646/979/1 30/239/1
f 382/3167/1 2018/983/1 3731/976/1 1143/238/1
f 2018/983/1 763/982/1 2016/977/1 3731/976/1
f 2013/969/1 3732/972/1 2015/975/1 762/970/1
f 385/3123/1 1639/252/1 3732/972/1 2013/969/1
f 1639/252/1 197/251/1 2005/973/1 3732/972/1
f 1768/3034/1 3733/968/1 2014/971/1 517/3035/1
f 71/243/1 1146/3124/1 3733/968/1 1768/3034/1
f 1146/3124/1 385/3123/1 2013/969/1 3733/968/1
f 1272/282/1 3734/964/1 1506/967/1 194/283/1
f 517/3035/1 2014/971/1 3734/964/1 1272/282/1
f 2014/971/1 762/970/1 2012/965/1 3734/964/1
f 2009/957/1 3735/960/1 2011/963/1 761/958/1
f 520/3135/1 1771/248/1 3735/960/1 2009/957/1
f 1771/248/1 45/247/1 1076/961/1 3735/960/1
f 2005/973/1 3736/956/1 2010/959/1 758/974/1
f 197/251/1 1275/3136/1 3736/956/1 2005/973/1
f 1275/3136/1 520/3135/1 2009/957/1 3736/956/1
f 1505/945/1 3737/952/1 1507/955/1 253/946/1
f 758/974/1 2010/959/1 3737/952/1 1505/945/1
f 2010/959/1 761/958/1 2008/953/1 3737/952/1
f 2008/953/1 3738/948/1 2007/951/1 760/954/1
f 761/958/1 2011/963/1 3738/948/1 2008/953/1
f 2011/963/1 315/962/1 1569/949/1 3738/948/1
f 2012/965/1 3739/944/1 2006/947/1 759/966/1
f 762/970/1 2015/975/1 3739/944/1 2012/965/1
f 2015/975/1 758/974/1 1505/945/1 3739/944/1
f 2016/977/1 3740/940/1 1153/943/1 392/978/1
f 763/982/1 2019/987/1 3740/940/1 2016/977/1
f 2019/987/1 757/986/1 1504/941/1 3740/940/1
f 2020/4238/2 3741/936/2 2003/939/2 756/3872/2 5695/4239/2
f 764/4234/2 2022/991/2 3741/936/2 2020/4238/2 5721/4240/2
f 2022/991/2 392/990/2 1153/937/2 3741/936/2
f 2023/993/2 3742/932/2 1150/935/2 389/994/2
f 765/999/2 2026/1005/2 3742/932/2 2023/993/2
f 2026/1005/2 755/1004/2 1503/933/2 3742/932/2
f 2027/1007/3 3743/928/3 2001/931/3 754/1008/3
f 766/1012/3 2030/1017/3 3743/928/3 2027/1007/3
f 2030/1017/3 395/1016/3 1156/929/3 3743/928/3
f 2031/1019/3 3744/924/3 2000/927/3 753/1020/3
f 767/1024/3 2034/1029/3 3744/924/3 2031/1019/3
f 2034/1029/3 752/1028/3 1500/925/3 3744/924/3
f 2035/1031/3 3745/920/3 1565/923/3 311/1032/3
f 768/1036/3 2038/1041/3 3745/920/3 2035/1031/3
f 2038/1041/3 751/1040/3 1499/921/3 3745/920/3
f 2039/1043/4 3746/916/4 1997/919/4 750/1044/4
f 769/1048/4 2042/1053/4 3746/916/4 2039/1043/4
f 2042/1053/4 393/1052/4 1154/917/4 3746/916/4
f 2043/1055/4 3747/912/4 1996/915/4 749/1056/4
f 770/1060/4 2046/1065/4 3747/912/4 2043/1055/4
f 2046/1065/4 748/1064/4 1496/913/4 3747/912/4
f 2047/1067/4 3748/908/4 1564/911/4 310/1068/4
f 771/1072/4 2050/1077/4 3748/908/4 2047/1067/4
f 2050/1077/4 747/1076/4 1495/909/4 3748/908/4
f 2051/4241/8 3749/904/8 1993/907/8 746/3875/8 5292/4242/8
f 772/4227/8 2053/1081/8 3749/904/8 2051/4241/8 5318/4243/8
f 2053/1081/5 396/1080/5 1157/905/5 3749/904/5
f 2054/1083/5 3750/900/5 1562/903/5 308/1084/5
f 773/1089/5 2057/1095/5 3750/900/5 2054/1083/5
f 2057/1095/5 745/1094/5 1494/901/5 3750/900/5
f 2058/1097/5 3751/896/5 1550/899/5 296/1098/5
f 774/1103/5 2061/1109/5 3751/896/5 2058/1097/5
f 2061/1109/5 744/1108/5 1493/897/5 3751/896/5
f 5694/3907/10 5376/3906/10 4110/3906/10 5510/3907/10
f 5693/3909/10 5375/3905/10 4159/3905/10 5535/3909/10
f 5692/4244/10 5408/4220/10 4094/4220/10 5509/4244/10
f 5691/4245/10 5377/4246/10 4158/4246/10 5534/4245/10
f 5690/4228/10 5385/4227/10 4106/4227/10 5501/4228/10
f 5689/4003/4 5378/4002/4 4146/4002/4 5566/4003/4
f 5688/4247/10 5379/3908/10 4103/3908/10 5504/4247/10
f 5687/4242/10 5406/3875/10 4105/3875/10 5500/4242/10
f 2062/4248/8 3752/892/8 1990/895/8 743/3883/8 5294/4249/8
f 775/4218/8 2064/1113/8 3752/892/8 2062/4248/8 5320/4250/8
f 2064/1113/5 408/1112/5 1169/893/5 3752/892/5
f 5686/3282/3 5384/3281/3 4168/3281/3 5548/3282/3
f 5685/4000/4 5382/3999/4 4177/3999/4 5565/4000/4
f 5684/4230/10 5383/4226/10 4139/4226/10 5527/4230/10
f 5683/3911/3 5413/2744/3 4131/2744/3 5547/3911/3
f 5682/4243/10 5386/4241/10 4138/4241/10 5526/4243/10
f 5681/3287/3 5387/3286/3 4167/3286/3 5546/3287/3
f 2065/1115/4 3753/888/4 1989/891/4 742/1116/4
f 776/1120/4 2068/1125/4 3753/888/4 2065/1115/4
f 2068/1125/4 410/1124/4 1171/889/4 3753/888/4
f 2069/1127/4 3754/884/4 1988/887/4 741/1128/4
f 777/1132/4 2072/1137/4 3754/884/4 2069/1127/4
f 2072/1137/4 740/1136/4 1490/885/4 3754/884/4
f 2073/1139/4 3755/880/4 1552/883/4 298/1140/4
f 778/1144/4 2076/1149/4 3755/880/4 2073/1139/4
f 2076/1149/4 739/1148/4 1489/881/4 3755/880/4
f 2077/1151/4 3756/876/4 1985/879/4 738/1152/4
f 779/1156/4 2080/1161/4 3756/876/4 2077/1151/4
f 2080/1161/4 411/1160/4 1172/877/4 3756/876/4
f 2081/1163/4 3757/872/4 1984/875/4 737/1164/4
f 780/1168/4 2084/1173/4 3757/872/4 2081/1163/4
f 2084/1173/4 736/1172/4 1486/873/4 3757/872/4
f 2085/1175/4 3758/868/4 1574/871/4 320/1176/4
f 781/1180/4 2088/1185/4 3758/868/4 2085/1175/4
f 2088/1185/4 735/1184/4 1485/869/4 3758/868/4
f 2089/1187/4 3759/864/4 1981/867/4 734/1188/4
f 782/1192/4 2092/1197/4 3759/864/4 2089/1187/4
f 2092/1197/4 405/1196/4 1166/865/4 3759/864/4
f 2093/1199/4 3760/860/4 1980/863/4 733/1200/4
f 783/1204/4 2096/1209/4 3760/860/4 2093/1199/4
f 2096/1209/4 732/1208/4 1482/861/4 3760/860/4
f 2097/1211/4 3761/856/4 1575/859/4 321/1212/4
f 784/1216/4 2100/1221/4 3761/856/4 2097/1211/4
f 2100/1221/4 731/1220/4 1481/857/4 3761/856/4
f 2101/1223/3 3762/852/3 1977/855/3 730/1224/3
f 785/1228/3 2104/1233/3 3762/852/3 2101/1223/3
f 2104/1233/3 414/1232/3 1175/853/3 3762/852/3
f 2105/1235/3 3763/848/3 1976/851/3 729/1236/3
f 786/1240/3 2108/1245/3 3763/848/3 2105/1235/3
f 2108/1245/3 728/1244/3 1478/849/3 3763/848/3
f 2109/1247/3 3764/844/3 1553/847/3 299/1248/3
f 787/1252/3 2112/1257/3 3764/844/3 2109/1247/3
f 2112/1257/3 727/1256/3 1477/845/3 3764/844/3
f 2113/1259/3 3765/840/3 1973/843/3 726/1260/3
f 788/1264/3 2116/1269/3 3765/840/3 2113/1259/3
f 2116/1269/3 415/1268/3 1176/841/3 3765/840/3
f 2117/1271/3 3766/836/3 1972/839/3 725/1272/3
f 789/1276/3 2120/1281/3 3766/836/3 2117/1271/3
f 2120/1281/3 724/1280/3 1474/837/3 3766/836/3
f 2121/1283/3 3767/832/3 1578/835/3 324/1284/3
f 790/1288/3 2124/1293/3 3767/832/3 2121/1283/3
f 2124/1293/3 723/1292/3 1473/833/3 3767/832/3
f 2125/1295/3 3768/828/3 1969/831/3 722/1296/3
f 791/1300/3 2128/1305/3 3768/828/3 2125/1295/3
f 2128/1305/3 407/1304/3 1168/829/3 3768/828/3
f 2129/1307/3 3769/824/3 1968/827/3 721/1308/3
f 792/1312/3 2132/1317/3 3769/824/3 2129/1307/3
f 2132/1317/3 720/1316/3 1470/825/3 3769/824/3
f 2133/1319/3 3770/820/3 1579/823/3 325/1320/3
f 793/1324/3 2136/1329/3 3770/820/3 2133/1319/3
f 2136/1329/3 719/1328/3 1469/821/3 3770/820/3
f 2137/1331/2 3771/816/2 1162/819/2 401/1332/2
f 794/1337/2 2140/1343/2 3771/816/2 2137/1331/2
f 2140/1343/2 718/1342/2 1468/817/2 3771/816/2
f 6286/1940/1 5842/1939/1 4042/1939/1 5926/1940/1
f 6285/3897/1 5893/1815/1 3996/1815/1 5986/3897/1
f 6284/1935/1 5847/1934/1 4041/1934/1 5925/1935/1
f 6283/3898/1 5808/3552/1 4009/3552/1 5985/3898/1
f 2141/4251/2 3772/812/2 1964/815/2 717/3890/2 5697/4252/2
f 795/4211/2 2143/1347/2 3772/812/2 2141/4251/2 5723/4253/2
f 2143/1347/2 404/1346/2 1165/813/2 3772/812/2
f 6282/4167/3 5793/4166/3 4032/4166/3 6044/4167/3
f 6281/4237/10 5816/4233/10 4025/4233/10 5959/4237/10
f 6280/4164/3 5787/4163/3 4073/4163/3 6043/4164/3
f 6279/4240/10 5819/4238/10 4024/4238/10 5958/4240/10
f 6278/3899/1 5852/1849/1 3995/1849/1 5984/3899/1
f 6277/3889/10 5860/3888/10 4011/3888/10 5944/3889/10
f 2144/1349/1 3773/808/1 1963/811/1 716/1350/1
f 796/1354/1 2147/1359/1 3773/808/1 2144/1349/1
f 2147/1359/1 419/1358/1 1180/809/1 3773/808/1
f 2148/1361/1 3774/804/1 1962/807/1 715/1362/1
f 797/1366/1 2151/1371/1 3774/804/1 2148/1361/1
f 2151/1371/1 714/1370/1 1465/805/1 3774/804/1
f 2152/1373/1 3775/800/1 1165/803/1 404/1374/1
f 798/1378/1 2155/1383/1 3775/800/1 2152/1373/1
f 2155/1383/1 713/1382/1 1464/801/1 3775/800/1
f 2156/1385/1 3776/796/1 1959/799/1 712/1386/1
f 799/1390/1 2159/1395/1 3776/796/1 2156/1385/1
f 2159/1395/1 420/1394/1 1181/797/1 3776/796/1
f 2160/1397/1 3777/792/1 1958/795/1 711/1398/1
f 800/1402/1 2163/1407/1 3777/792/1 2160/1397/1
f 2163/1407/1 710/1406/1 1461/793/1 3777/792/1
f 2164/1409/1 3778/788/1 1582/791/1 328/1410/1
f 801/1414/1 2167/1419/1 3778/788/1 2164/1409/1
f 2167/1419/1 709/1418/1 1460/789/1 3778/788/1
f 2168/1421/1 3779/784/1 1955/787/1 708/1422/1
f 802/1426/1 2171/1431/1 3779/784/1 2168/1421/1
f 2171/1431/1 303/1430/1 1557/785/1 3779/784/1
f 2172/1433/1 3780/780/1 1954/783/1 707/1434/1
f 803/1438/1 2175/1443/1 3780/780/1 2172/1433/1
f 2175/1443/1 706/1442/1 1457/781/1 3780/780/1
f 2176/1445/1 3781/776/1 1583/779/1 329/1446/1
f 804/1450/1 2179/1455/1 3781/776/1 2176/1445/1
f 2179/1455/1 705/1454/1 1456/777/1 3781/776/1
f 2180/1457/1 3782/772/1 1951/775/1 704/1458/1
f 805/1462/1 2183/1467/1 3782/772/1 2180/1457/1
f 2183/1467/1 463/1466/1 1222/773/1 3782/772/1
f 2184/1469/1 3783/768/1 1950/771/1 703/1470/1
f 806/1474/1 2187/1479/1 3783/768/1 2184/1469/1
f 2187/1479/1 702/1478/1 1453/769/1 3783/768/1
f 2188/1481/1 3784/764/1 1547/767/1 293/1482/1
f 807/1486/1 2191/1491/1 3784/764/1 2188/1481/1
f 2191/1491/1 701/1490/1 1452/765/1 3784/764/1
f 2192/1493/1 3785/760/1 1947/763/1 700/1494/1
f 808/1498/1 2195/1503/1 3785/760/1 2192/1493/1
f 2195/1503/1 464/1502/1 1223/761/1 3785/760/1
f 2196/1505/1 3786/756/1 1946/759/1 699/1506/1
f 809/1510/1 2199/1515/1 3786/756/1 2196/1505/1
f 2199/1515/1 698/1514/1 1449/757/1 3786/756/1
f 2200/1517/1 3787/752/1 1586/755/1 332/1518/1
f 810/1522/1 2203/1527/1 3787/752/1 2200/1517/1
f 2203/1527/1 697/1526/1 1448/753/1 3787/752/1
f 2204/1529/1 3788/748/1 1943/751/1 696/1530/1
f 811/1534/1 2207/1539/1 3788/748/1 2204/1529/1
f 2207/1539/1 263/1538/1 1517/749/1 3788/748/1
f 2208/1541/1 3789/744/1 1942/747/1 695/1542/1
f 812/1546/1 2211/1551/1 3789/744/1 2208/1541/1
f 2211/1551/1 694/1550/1 1445/745/1 3789/744/1
f 2212/1553/1 3790/740/1 1587/743/1 333/1554/1
f 813/1558/1 2215/1563/1 3790/740/1 2212/1553/1
f 2215/1563/1 693/1562/1 1444/741/1 3790/740/1
f 2216/1565/1 3791/736/1 1939/739/1 692/1566/1
f 814/1570/1 2219/1575/1 3791/736/1 2216/1565/1
f 2219/1575/1 467/1574/1 1226/737/1 3791/736/1
f 2220/1577/1 3792/732/1 1938/735/1 691/1578/1
f 815/1582/1 2223/1587/1 3792/732/1 2220/1577/1
f 2223/1587/1 690/1586/1 1441/733/1 3792/732/1
f 2224/1589/1 3793/728/1 1546/731/1 292/1590/1
f 816/1594/1 2227/1599/1 3793/728/1 2224/1589/1
f 2227/1599/1 689/1598/1 1440/729/1 3793/728/1
f 2228/1601/1 3794/724/1 1935/727/1 688/1602/1
f 817/1606/1 2231/1611/1 3794/724/1 2228/1601/1
f 2231/1611/1 468/1610/1 1227/725/1 3794/724/1
f 2232/1613/1 3795/720/1 1934/723/1 687/1614/1
f 818/1618/1 2235/1623/1 3795/720/1 2232/1613/1
f 2235/1623/1 686/1622/1 1437/721/1 3795/720/1
f 2236/1625/1 3796/716/1 1590/719/1 336/1626/1
f 819/1630/1 2239/1635/1 3796/716/1 2236/1625/1
f 2239/1635/1 685/1634/1 1436/717/1 3796/716/1
f 2240/1637/1 3797/712/1 1931/715/1 684/1638/1
f 820/1642/1 2243/1647/1 3797/712/1 2240/1637/1
f 2243/1647/1 460/1646/1 1219/713/1 3797/712/1
f 2244/1649/1 3798/708/1 1930/711/1 683/1650/1
f 821/1654/1 2247/1659/1 3798/708/1 2244/1649/1
f 2247/1659/1 682/1658/1 1433/709/1 3798/708/1
f 2248/1661/1 3799/704/1 1591/707/1 337/1662/1
f 822/1666/1 2251/1671/1 3799/704/1 2248/1661/1
f 2251/1671/1 681/1670/1 1432/705/1 3799/704/1
f 2252/1673/1 3800/700/1 1927/703/1 680/1674/1
f 823/1678/1 2255/1683/1 3800/700/1 2252/1673/1
f 2255/1683/1 471/1682/1 1230/701/1 3800/700/1
f 2256/1685/1 3801/696/1 1926/699/1 679/1686/1
f 824/1690/1 2259/1695/1 3801/696/1 2256/1685/1
f 2259/1695/1 678/1694/1 1429/697/1 3801/696/1
f 2260/1697/1 3802/692/1 1202/695/1 441/1698/1
f 825/1702/1 2263/1707/1 3802/692/1 2260/1697/1
f 2263/1707/1 677/1706/1 1428/693/1 3802/692/1
f 2264/1709/1 3803/688/1 1923/691/1 676/1710/1
f 826/1714/1 2267/1719/1 3803/688/1 2264/1709/1
f 2267/1719/1 472/1718/1 1231/689/1 3803/688/1
f 2268/1721/1 3804/684/1 1922/687/1 675/1722/1
f 827/1726/1 2271/1731/1 3804/684/1 2268/1721/1
f 2271/1731/1 674/1730/1 1425/685/1 3804/684/1
f 2272/1733/1 3805/680/1 1594/683/1 340/1734/1
f 828/1738/1 2275/1743/1 3805/680/1 2272/1733/1
f 2275/1743/1 673/1742/1 1424/681/1 3805/680/1
f 2276/1745/1 3806/676/1 1919/679/1 672/1746/1
f 829/1750/1 2279/1755/1 3806/676/1 2276/1745/1
f 2279/1755/1 459/1754/1 1218/677/1 3806/676/1
f 2280/1757/1 3807/672/1 1918/675/1 671/1758/1
f 830/1762/1 2283/1767/1 3807/672/1 2280/1757/1
f 2283/1767/1 670/1766/1 1421/673/1 3807/672/1
f 2284/1769/1 3808/668/1 1595/671/1 341/1770/1
f 831/1774/1 2287/1779/1 3808/668/1 2284/1769/1
f 2287/1779/1 669/1778/1 1420/669/1 3808/668/1
f 6276/3900/1 5821/3542/1 4008/3542/1 5983/3900/1
f 6275/4254/10 5829/3929/10 3987/3929/10 5943/4254/10
f 6274/4255/3 5812/4175/3 4017/4175/3 6072/4255/3
f 6273/4256/3 5790/4257/3 4081/4257/3 6071/4256/3
f 6272/4140/3 5797/4139/3 4037/4139/3 6037/4140/3
f 6271/4137/3 5791/4136/3 4071/4136/3 6036/4137/3
f 6270/4258/3 5792/4138/3 4015/4138/3 6085/4258/3
f 6269/4259/10 5887/3895/10 3997/3895/10 5914/4259/10
f 6268/4260/3 5801/4160/3 4013/4160/3 6069/4260/3
f 6267/4261/3 5794/4262/3 4085/4262/3 6084/4261/3
f 832/1782/2 2291/1787/2 3809/4263/2 5783/4264/2 2288/4176/2
f 2291/1787/2 475/1786/2 1234/4160/2 5784/4260/2 3809/4263/2
f 6266/4264/3 5795/4263/3 4080/4263/3 6068/4264/3
f 833/1790/2 2295/1795/2 3810/4257/2 5785/4256/2 2292/4171/2
f 2295/1795/2 668/1794/2 1419/4175/2 5786/4255/2 3810/4257/2
f 6265/1906/1 5879/1905/1 4040/1905/1 5923/1906/1
f 6264/3902/1 5796/1902/1 3994/1902/1 5982/3902/1
f 6263/1901/1 5885/1900/1 4039/1900/1 5922/1901/1
f 2296/4166/2 3811/664/2 1914/667/2 667/3895/2 5699/4259/2
f 834/1798/2 2299/1803/2 3811/664/2 2296/4166/2
f 2299/1803/2 441/1802/2 1202/665/2 3811/664/2
f 6262/3894/10 5891/3893/10 4010/3893/10 5942/3894/10
f 835/1806/2 2303/1811/2 3812/4265/2 5788/4266/2 2300/4161/2
f 2303/1811/2 666/1810/2 1418/4165/2 5789/4267/2 3812/4265/2
f 6261/4268/3 5833/4170/3 4012/4170/3 6082/4268/3
f 6260/4269/10 5836/4213/10 3988/4213/10 5941/4269/10
f 6259/4162/3 5877/4161/3 4033/4161/3 6041/4162/3
f 6258/4270/3 5798/4271/3 4084/4271/3 6081/4270/3
f 6257/3873/10 5859/3853/10 4061/3853/10 5994/3873/10
f 6256/4159/3 5804/4158/3 4072/4158/3 6040/4159/3
f 2307/1823/2 3813/660/2 1912/663/2 664/1824/2
f 837/1828/2 2310/1833/2 3813/660/2 2307/1823/2
f 2310/1833/2 663/1832/2 1415/661/2 3813/660/2
f 2311/1835/2 3814/656/2 1543/659/2 289/1836/2
f 838/1840/2 2314/1845/2 3814/656/2 2311/1835/2
f 2314/1845/2 662/1844/2 1414/657/2 3814/656/2
f 6255/3903/1 5807/1936/1 3993/1936/1 5981/3903/1
f 839/1853/2 2318/1858/2 3815/4272/2 5799/4273/2 2315/1847/2
f 2318/1858/2 477/1857/2 1235/4133/2 5800/4274/2 3815/4272/2
f 2319/1860/2 3816/652/2 1909/655/2 660/1861/2
f 840/1865/2 2322/1870/2 3816/652/2 2319/1860/2
f 2322/1870/2 659/1869/2 1411/653/2 3816/652/2
f 2323/1872/2 3817/648/2 1596/651/2 342/1873/2
f 841/1877/2 2326/1882/2 3817/648/2 2323/1872/2
f 2326/1882/2 658/1881/2 1410/649/2 3817/648/2
f 6254/3551/1 5809/3550/1 4055/3550/1 5939/3551/1
f 842/1885/2 2330/1890/2 3818/4271/2 5802/4270/2 2327/4139/2
f 2330/1890/2 457/1889/2 1217/4170/2 5803/4268/2 3818/4271/2
f 6253/3904/1 5837/3519/1 4007/3519/1 5980/3904/1
f 843/1893/2 2334/1898/2 3819/4262/2 5805/4261/2 2331/4134/2
f 2334/1898/2 657/1897/2 1409/4138/2 5806/4258/2 3819/4262/2
f 6252/4177/3 5810/4176/3 4030/4176/3 6050/4177/3
f 6251/3546/1 5811/3545/1 4054/3545/1 5938/3546/1
f 6250/4174/3 5813/4173/3 4075/4173/3 6049/4174/3
f 6249/1335/4 5815/1334/4 4077/1334/4 6058/1335/4
f 6248/3925/10 5845/3921/10 4047/3921/10 5977/3925/10
f 6247/4135/3 5814/4134/3 4038/4134/3 6034/4135/3
f 2338/1910/2 3820/644/2 1905/647/2 655/1911/2
f 845/1915/2 2341/1920/2 3820/644/2 2338/1910/2
f 2341/1920/2 654/1919/2 1406/645/2 3820/644/2
f 2342/1922/2 3821/640/2 1199/643/2 438/1923/2
f 846/1927/2 2345/1932/2 3821/640/2 2342/1922/2
f 2345/1932/2 653/1931/2 1405/641/2 3821/640/2
f 6246/4216/4 5849/3531/4 4019/3531/4 6057/4216/4
f 6245/4235/10 5817/4234/10 4000/4234/10 5909/4235/10
f 6244/4275/10 5850/4276/10 4046/4276/10 5976/4275/10
f 2349/1944/2 3822/636/2 1902/639/2 651/1945/2
f 848/1949/2 2352/1954/2 3822/636/2 2349/1944/2
f 2352/1954/2 650/1953/2 1402/637/2 3822/636/2
f 2353/1956/2 3823/632/2 1598/635/2 344/1957/2
f 849/1961/2 2356/1966/2 3823/632/2 2353/1956/2
f 2356/1966/2 649/1965/2 1401/633/2 3823/632/2
f 6243/4132/3 5818/4131/3 4070/4131/3 6033/4132/3
f 6242/4239/10 5820/3872/10 3999/3872/10 5908/4239/10
f 6241/3541/1 5822/3540/1 4053/3540/1 5936/3541/1
f 6240/3536/1 5823/3535/1 4052/3535/1 5935/3536/1
f 6239/1340/4 5824/1339/4 4076/1339/4 6055/1340/4
f 6238/997/4 5826/996/4 4079/996/4 6064/997/4
f 6237/4215/4 5825/1336/4 4027/1336/4 6054/4215/4
f 6236/4232/4 5862/3184/4 4020/3184/4 6063/4232/4
f 6235/4274/3 5827/4133/3 4014/4133/3 6079/4274/3
f 2357/1968/3 3824/628/3 1899/631/3 648/1969/3
f 850/1973/3 2360/1978/3 3824/628/3 2357/1968/3
f 2360/1978/3 480/1977/3 1238/629/3 3824/628/3
f 2361/1980/3 3825/624/3 1898/627/3 647/1981/3
f 851/1985/3 2364/1990/3 3825/624/3 2361/1980/3
f 2364/1990/3 646/1989/3 1398/625/3 3825/624/3
f 2365/1992/3 3826/620/3 1541/623/3 287/1993/3
f 852/1997/3 2368/2002/3 3826/620/3 2365/1992/3
f 2368/2002/3 645/2001/3 1397/621/3 3826/620/3
f 2369/2004/3 3827/616/3 1895/619/3 644/2005/3
f 853/2009/3 2372/2014/3 3827/616/3 2369/2004/3
f 2372/2014/3 481/2013/3 1239/617/3 3827/616/3
f 2373/2016/3 3828/612/3 1894/615/3 643/2017/3
f 854/2021/3 2376/2026/3 3828/612/3 2373/2016/3
f 2376/2026/3 642/2025/3 1394/613/3 3828/612/3
f 2377/2028/3 3829/608/3 1601/611/3 347/2029/3
f 855/2033/3 2380/2038/3 3829/608/3 2377/2028/3
f 2380/2038/3 641/2037/3 1393/609/3 3829/608/3
f 2381/2040/3 3830/604/3 1891/607/3 640/2041/3
f 856/2045/3 2384/2050/3 3830/604/3 2381/2040/3
f 2384/2050/3 444/2049/3 1205/605/3 3830/604/3
f 2385/2052/3 3831/600/3 1890/603/3 639/2053/3
f 857/2057/3 2388/2062/3 3831/600/3 2385/2052/3
f 2388/2062/3 638/2061/3 1390/601/3 3831/600/3
f 2389/2064/3 3832/596/3 1602/599/3 348/2065/3
f 858/2069/3 2392/2074/3 3832/596/3 2389/2064/3
f 2392/2074/3 637/2073/3 1389/597/3 3832/596/3
f 2393/2076/3 3833/592/3 1887/595/3 636/2077/3
f 859/2081/3 2396/2086/3 3833/592/3 2393/2076/3
f 2396/2086/3 484/2085/3 1242/593/3 3833/592/3
f 2397/2088/3 3834/588/3 1886/591/3 635/2089/3
f 860/2093/3 2400/2098/3 3834/588/3 2397/2088/3
f 2400/2098/3 634/2097/3 1386/589/3 3834/588/3
f 2401/2100/3 3835/584/3 1540/587/3 286/2101/3
f 861/2105/3 2404/2110/3 3835/584/3 2401/2100/3
f 2404/2110/3 633/2109/3 1385/585/3 3835/584/3
f 2405/2112/3 3836/580/3 1883/583/3 632/2113/3
f 862/2117/3 2408/2122/3 3836/580/3 2405/2112/3
f 2408/2122/3 485/2121/3 1243/581/3 3836/580/3
f 2409/2124/3 3837/576/3 1882/579/3 631/2125/3
f 863/2129/3 2412/2134/3 3837/576/3 2409/2124/3
f 2412/2134/3 630/2133/3 1382/577/3 3837/576/3
f 2413/2136/3 3838/572/3 1605/575/3 351/2137/3
f 864/2141/3 2416/2146/3 3838/572/3 2413/2136/3
f 2416/2146/3 629/2145/3 1381/573/3 3838/572/3
f 2417/2148/3 3839/568/3 1879/571/3 628/2149/3
f 865/2153/3 2420/2158/3 3839/568/3 2417/2148/3
f 2420/2158/3 454/2157/3 1214/569/3 3839/568/3
f 2421/2160/3 3840/564/3 1878/567/3 627/2161/3
f 866/2165/3 2424/2170/3 3840/564/3 2421/2160/3
f 2424/2170/3 626/2169/3 1378/565/3 3840/564/3
f 2425/2172/3 3841/560/3 1606/563/3 352/2173/3
f 867/2177/3 2428/2182/3 3841/560/3 2425/2172/3
f 2428/2182/3 625/2181/3 1377/561/3 3841/560/3
f 2429/2184/3 3842/556/3 1875/559/3 624/2185/3
f 868/2189/3 2432/2194/3 3842/556/3 2429/2184/3
f 2432/2194/3 488/2193/3 1246/557/3 3842/556/3
f 2433/2196/3 3843/552/3 1874/555/3 623/2197/3
f 869/2201/3 2436/2206/3 3843/552/3 2433/2196/3
f 2436/2206/3 622/2205/3 1374/553/3 3843/552/3
f 2437/2208/3 3844/548/3 1513/551/3 259/2209/3
f 870/2213/3 2440/2218/3 3844/548/3 2437/2208/3
f 2440/2218/3 621/2217/3 1373/549/3 3844/548/3
f 2441/2220/3 3845/544/3 1871/547/3 620/2221/3
f 871/2225/3 2444/2230/3 3845/544/3 2441/2220/3
f 2444/2230/3 489/2229/3 1247/545/3 3845/544/3
f 2445/2232/3 3846/540/3 1870/543/3 619/2233/3
f 872/2237/3 2448/2242/3 3846/540/3 2445/2232/3
f 2448/2242/3 618/2241/3 1370/541/3 3846/540/3
f 2449/2244/3 3847/536/3 1609/539/3 355/2245/3
f 873/2249/3 2452/2254/3 3847/536/3 2449/2244/3
f 2452/2254/3 617/2253/3 1369/537/3 3847/536/3
f 2453/2256/3 3848/532/3 1867/535/3 616/2257/3
f 874/2261/3 2456/2266/3 3848/532/3 2453/2256/3
f 2456/2266/3 453/2265/3 1213/533/3 3848/532/3
f 2457/2268/3 3849/528/3 1866/531/3 615/2269/3
f 875/2273/3 2460/2278/3 3849/528/3 2457/2268/3
f 2460/2278/3 614/2277/3 1366/529/3 3849/528/3
f 2461/2280/3 3850/524/3 1610/527/3 356/2281/3
f 876/2285/3 2464/2290/3 3850/524/3 2461/2280/3
f 2464/2290/3 613/2289/3 1365/525/3 3850/524/3
f 1056/3991/5 295/3992/5 4284/3992/5 4492/3991/5
f 431/4150/2 1684/4152/2 4677/4152/2 4325/4150/2
f 1055/4091/3 294/4092/3 4283/4092/3 4491/4091/3
f 1696/4124/2 8/4125/2 4193/4125/2 4681/4124/2
f 1185/3986/5 424/3987/5 4324/3987/5 4532/3986/5
f 1648/4144/2 32/4145/2 4201/4145/2 4665/4144/2
f 95/4016/4 1170/4014/4 4526/4014/4 4222/4016/4
f 1561/3960/5 123/3954/5 4232/3954/5 4640/3960/5
f 1184/4087/3 423/4088/3 4323/4088/3 4531/4087/3
f 1560/4061/3 122/4057/3 4231/4057/3 4639/4061/3
f 20/4021/4 1038/4019/4 4486/4019/4 4197/4021/4
f 1559/4045/4 121/4041/4 4230/4041/4 4638/4045/4
f 1509/3980/5 73/3974/5 4216/3974/5 4624/3980/5
f 92/4112/2 1167/4110/2 4525/4110/2 4221/4112/2
f 295/3992/5 1549/3993/5 4636/3993/5 4284/3992/5
f 1508/4083/3 72/4073/3 4215/4073/3 4623/4083/3
f 294/4092/3 1548/4093/3 4635/4093/3 4283/4092/3
f 17/4117/2 1035/4115/2 4485/4115/2 4196/4117/2
f 1556/4155/2 118/4151/2 4229/4151/2 4637/4155/2
f 424/3987/5 1677/3989/5 4676/3989/5 4324/3987/5
f 1689/3955/5 2/3956/5 4190/3956/5 4680/3955/5
f 423/4088/3 1676/4090/3 4675/4090/3 4323/4088/3
f 1641/3975/5 25/3976/5 4200/3976/5 4664/3975/5
f 1688/4058/3 6/3979/3 4192/3979/3 4679/4058/3
f 1640/4074/3 24/4075/3 4199/4075/3 4663/4074/3
f 1687/4042/4 20/4021/4 4197/4021/4 4678/4042/4
f 47/4018/4 1078/4028/4 4498/4028/4 4206/4018/4
f 85/3943/5 1160/3941/5 4524/3941/5 4220/3943/5
f 133/4025/4 1207/4023/4 4538/4023/4 4234/4025/4
f 84/4048/3 1159/4046/3 4523/4046/3 4219/4048/3
f 1684/4152/2 17/4117/2 4196/4117/2 4677/4152/2
f 10/3949/5 1028/3947/5 4484/3947/5 4195/3949/5
f 83/4033/4 1158/4031/4 4522/4031/4 4218/4033/4
f 1549/3993/5 111/3988/5 4228/3988/5 4636/3993/5
f 44/4114/2 1075/4126/2 4497/4126/2 4205/4114/2
f 9/4053/3 1027/4051/3 4483/4051/3 4194/4053/3
f 1548/4093/3 110/4089/3 4227/4089/3 4635/4093/3
f 130/4123/2 1204/4121/2 4537/4121/2 4233/4123/2
f 2/3956/4 1026/4036/4 4482/4036/4 4190/3956/4
f 80/4143/2 1155/4141/2 4521/4141/2 4217/4143/2
f 4/4027/2 1023/4146/2 4481/4146/2 4191/4027/2
f 1677/3989/5 10/3949/5 4195/3949/5 4676/3989/5
f 1170/4014/4 409/4015/4 4318/4015/4 4526/4014/4
f 37/3945/5 1068/3958/5 4496/3958/5 4204/3945/5
f 1676/4090/3 9/4053/3 4194/4053/3 4675/4090/3
f 36/4050/3 1067/4059/3 4495/4059/3 4203/4050/3
f 1038/4019/4 277/4020/4 4278/4020/4 4486/4019/4
f 123/3954/5 1197/3952/5 4536/3952/5 4232/3954/5
f 35/4035/4 1066/4043/4 4494/4043/4 4202/4035/4
f 1167/4110/2 406/4111/2 4317/4111/2 4525/4110/2
f 122/4057/3 1196/4055/3 4535/4055/3 4231/4057/3
f 73/3974/5 1148/3972/5 4520/3972/5 4216/3974/5
f 121/4041/4 1195/4039/4 4534/4039/4 4230/4041/4
f 2465/2292/4 3851/520/4 1863/523/4 612/2293/4
f 877/2297/4 2468/2302/4 3851/520/4 2465/2292/4
f 2468/2302/4 492/2301/4 1250/521/4 3851/520/4
f 2469/2304/4 3852/516/4 1862/519/4 611/2305/4
f 878/2309/4 2472/2314/4 3852/516/4 2469/2304/4
f 2472/2314/4 610/2313/4 1362/517/4 3852/516/4
f 2473/2316/4 3853/512/4 1537/515/4 283/2317/4
f 879/2321/4 2476/2326/4 3853/512/4 2473/2316/4
f 2476/2326/4 609/2325/4 1361/513/4 3853/512/4
f 2477/2328/4 3854/508/4 1859/511/4 608/2329/4
f 880/2333/4 2480/2338/4 3854/508/4 2477/2328/4
f 2480/2338/4 493/2337/4 1251/509/4 3854/508/4
f 2481/2340/4 3855/504/4 1858/507/4 607/2341/4
f 881/2345/4 2484/2350/4 3855/504/4 2481/2340/4
f 2484/2350/4 606/2349/4 1358/505/4 3855/504/4
f 2485/2352/4 3856/500/4 1613/503/4 359/2353/4
f 882/2357/4 2488/2362/4 3856/500/4 2485/2352/4
f 2488/2362/4 605/2361/4 1357/501/4 3856/500/4
f 2489/2364/4 3857/496/4 1855/499/4 604/2365/4
f 883/2369/4 2492/2374/4 3857/496/4 2489/2364/4
f 2492/2374/4 442/2373/4 1203/497/4 3857/496/4
f 2493/2376/4 3858/492/4 1854/495/4 603/2377/4
f 884/2381/4 2496/2386/4 3858/492/4 2493/2376/4
f 2496/2386/4 602/2385/4 1354/493/4 3858/492/4
f 2497/2388/4 3859/488/4 1614/491/4 360/2389/4
f 885/2393/4 2500/2398/4 3859/488/4 2497/2388/4
f 2500/2398/4 601/2397/4 1353/489/4 3859/488/4
f 2501/2400/4 3860/484/4 1851/487/4 600/2401/4
f 886/2405/4 2504/2410/4 3860/484/4 2501/2400/4
f 2504/2410/4 496/2409/4 1254/485/4 3860/484/4
f 2505/2412/4 3861/480/4 1850/483/4 599/2413/4
f 887/2417/4 2508/2422/4 3861/480/4 2505/2412/4
f 2508/2422/4 598/2421/4 1350/481/4 3861/480/4
f 2509/2424/4 3862/476/4 1536/479/4 282/2425/4
f 888/2429/4 2512/2434/4 3862/476/4 2509/2424/4
f 2512/2434/4 597/2433/4 1349/477/4 3862/476/4
f 2513/2436/4 3863/472/4 1847/475/4 596/2437/4
f 889/2441/4 2516/2446/4 3863/472/4 2513/2436/4
f 2516/2446/4 497/2445/4 1255/473/4 3863/472/4
f 2517/2448/4 3864/468/4 1846/471/4 595/2449/4
f 890/2453/4 2520/2458/4 3864/468/4 2517/2448/4
f 2520/2458/4 594/2457/4 1346/469/4 3864/468/4
f 2521/2460/4 3865/464/4 1617/467/4 363/2461/4
f 891/2465/4 2524/2470/4 3865/464/4 2521/2460/4
f 2524/2470/4 593/2469/4 1345/465/4 3865/464/4
f 2525/2472/4 3866/460/4 1843/463/4 592/2473/4
f 892/2477/4 2528/2482/4 3866/460/4 2525/2472/4
f 2528/2482/4 450/2481/4 1210/461/4 3866/460/4
f 2529/2484/4 3867/456/4 1842/459/4 591/2485/4
f 893/2489/4 2532/2494/4 3867/456/4 2529/2484/4
f 2532/2494/4 590/2493/4 1342/457/4 3867/456/4
f 2533/2496/4 3868/452/4 1618/455/4 364/2497/4
f 894/2501/4 2536/2506/4 3868/452/4 2533/2496/4
f 2536/2506/4 589/2505/4 1341/453/4 3868/452/4
f 2537/2508/4 3869/448/4 1839/451/4 588/2509/4
f 895/2513/4 2540/2518/4 3869/448/4 2537/2508/4
f 2540/2518/4 500/2517/4 1258/449/4 3869/448/4
f 2541/2520/4 3870/444/4 1838/447/4 587/2521/4
f 896/2525/4 2544/2530/4 3870/444/4 2541/2520/4
f 2544/2530/4 586/2529/4 1338/445/4 3870/444/4
f 2545/2532/4 3871/440/4 1512/443/4 258/2533/4
f 897/2537/4 2548/2542/4 3871/440/4 2545/2532/4
f 2548/2542/4 585/2541/4 1337/441/4 3871/440/4
f 2549/2544/4 3872/436/4 1835/439/4 584/2545/4
f 898/2549/4 2552/2554/4 3872/436/4 2549/2544/4
f 2552/2554/4 501/2553/4 1259/437/4 3872/436/4
f 2553/2556/4 3873/432/4 1834/435/4 583/2557/4
f 899/2561/4 2556/2566/4 3873/432/4 2553/2556/4
f 2556/2566/4 582/2565/4 1334/433/4 3873/432/4
f 2557/2568/4 3874/428/4 1621/431/4 367/2569/4
f 900/2573/4 2560/2578/4 3874/428/4 2557/2568/4
f 2560/2578/4 581/2577/4 1333/429/4 3874/428/4
f 2561/2580/4 3875/424/4 1831/427/4 580/2581/4
f 901/2585/4 2564/2590/4 3875/424/4 2561/2580/4
f 2564/2590/4 449/2589/4 1209/425/4 3875/424/4
f 2565/2592/4 3876/420/4 1830/423/4 579/2593/4
f 902/2597/4 2568/2602/4 3876/420/4 2565/2592/4
f 2568/2602/4 578/2601/4 1330/421/4 3876/420/4
f 2569/2604/4 3877/416/4 1622/419/4 368/2605/4
f 903/2609/4 2572/2614/4 3877/416/4 2569/2604/4
f 2572/2614/4 577/2613/4 1329/417/4 3877/416/4
f 5680/3970/4 5456/3969/4 4149/3969/4 5560/3970/4
f 5679/3990/1 5461/395/1 4087/395/1 5525/3990/1
f 5678/3910/3 5388/3283/3 4157/3283/3 5545/3910/3
f 5677/3967/4 5389/3966/4 4174/3966/4 5559/3967/4
f 5676/3985/1 5434/410/1 4092/410/1 5524/3985/1
f 5675/2657/1 5390/2656/1 4135/2656/1 5499/2657/1
f 5674/2670/1 5393/2669/1 4134/2669/1 5498/2670/1
f 5673/4277/4 5396/4001/4 4123/4001/4 5584/4277/4
f 5672/3971/1 5454/400/1 4091/400/1 5523/3971/1
f 5671/4278/4 5399/4279/4 4186/4279/4 5583/4278/4
f 904/2617/9 2576/2622/9 3878/4280/9 5371/4281/9 2573/4012/9
f 2576/2622/9 504/2621/9 1262/3996/9 5372/4282/9 3878/4280/9
f 5670/2703/1 5400/2702/1 4133/2702/1 5497/2703/1
f 905/2625/9 2580/2630/9 3879/4283/9 5373/4284/9 2577/4007/9
f 2580/2630/9 576/2629/9 1328/4011/9 5374/4285/9 3879/4283/9
f 5669/3998/4 5401/3997/4 4147/3997/4 5564/3998/4
f 5668/3995/4 5402/3994/4 4176/3994/4 5563/3995/4
f 5667/1101/3 5403/1100/3 4181/1100/3 5574/1101/3
f 2581/4002/8 3880/412/8 1826/415/8 575/3908/8 5296/4247/8
f 906/2633/5 2584/2638/5 3880/412/5 2581/4002/5
f 2584/2638/5 445/2637/5 1206/413/5 3880/412/5
f 5666/4219/10 5411/4218/10 4107/4218/10 5503/4219/10
f 907/2641/9 2588/2646/9 3881/4279/9 5380/4278/9 2585/3997/9
f 2588/2646/9 574/2645/9 1327/4001/9 5381/4277/9 3881/4279/9
f 5665/4013/4 5438/4012/4 4144/4012/4 5570/4013/4
f 5664/4223/3 5404/3288/3 4126/3288/3 5573/4223/3
f 5663/4249/10 5446/3883/10 4104/3883/10 5502/4249/10
f 5662/3268/3 5407/3267/3 4170/3267/3 5552/3268/3
f 5661/4010/4 5405/4009/4 4179/4009/4 5569/4010/4
f 5660/3876/10 5453/3816/10 4163/3816/10 5538/3876/10
f 2589/2648/5 3882/407/5 1824/411/5 573/2649/5
f 908/2653/5 2592/2659/5 3882/407/5 2589/2648/5
f 2592/2659/6 572/2658/6 5310/4286/6 1325/408/6 3882/407/6
f 2593/2661/5 3883/402/5 1533/406/5 279/2662/5
f 909/2666/5 2596/2672/5 3883/402/5 2593/2661/5
f 2596/2672/6 571/2671/6 5309/4287/6 1324/403/6 3883/402/6
f 5659/3913/3 5440/2784/3 4128/2784/3 5551/3913/3
f 910/2675/9 2600/2680/9 3884/4288/9 5391/4289/9 2597/3983/9
f 2600/2680/9 506/2679/9 1263/3963/9 5392/4290/9 3884/4288/9
f 2601/2682/5 3885/397/5 1821/401/5 570/2683/5
f 911/2687/5 2604/2692/5 3885/397/5 2601/2682/5
f 2604/2692/5 569/2691/5 1322/398/5 3885/397/5
f 2605/2694/5 3886/392/5 1623/396/5 369/2695/5
f 912/2699/5 2608/2705/5 3886/392/5 2605/2694/5
f 2608/2705/6 568/2704/6 5308/4291/6 1321/393/6 3886/392/6
f 5658/3965/4 5436/3964/4 4150/3964/4 5558/3965/4
f 913/2708/9 2612/2713/9 3887/4292/9 5394/4293/9 2609/3969/9
f 2612/2713/9 447/2712/9 1208/4006/9 5395/4294/9 3887/4292/9
f 5657/4221/10 5409/4217/10 4143/4217/10 5529/4221/10
f 914/2716/9 2616/2721/9 3888/4295/9 5397/4296/9 2613/3964/9
f 2616/2721/9 567/2720/9 1320/3968/9 5398/4297/9 3888/4295/9
f 5656/3957/1 5480/376/1 4088/376/1 5522/3957/1
f 5655/3962/4 5410/3961/4 4173/3961/4 5557/3962/4
f 5654/3801/3 5415/3800/3 4166/3800/3 5544/3801/3
f 5653/4250/10 5412/4248/10 4142/4248/10 5528/4250/10
f 5652/3951/1 5471/390/1 4090/390/1 5521/3951/1
f 5651/2732/1 5414/2731/1 4132/2731/1 5496/2732/1
f 2617/2723/5 3889/387/5 1817/391/5 566/2724/5
f 915/2728/5 2620/2734/5 3889/387/5 2617/2723/5
f 2620/2734/6 565/2733/6 5307/4298/6 1318/388/6 3889/387/6
f 2621/2736/5 3890/383/5 1510/386/5 256/2737/5
f 916/2741/5 2624/2746/5 3890/383/5 2621/2736/5
f 2624/2746/5 564/2745/5 1317/384/5 3890/383/5
f 5650/1106/3 5417/1105/3 4180/1105/3 5572/1106/3
f 5649/3879/3 5416/1107/3 4136/1107/3 5543/3879/3
f 5648/4222/3 5418/1102/3 4141/1102/3 5571/4222/3
f 2625/2748/5 3891/378/5 1814/382/5 563/2749/5
f 917/2753/5 2628/2759/5 3891/378/5 2625/2748/5
f 2628/2759/6 562/2758/6 5306/4299/6 1315/379/6 3891/378/6
f 2629/2761/5 3892/373/5 1625/377/5 371/2762/5
f 918/2766/5 2632/2772/5 3892/373/5 2629/2761/5
f 2632/2772/6 561/2771/6 5305/4300/6 1314/374/6 3892/373/6
f 5647/3273/3 5419/3272/3 4169/3272/3 5550/3273/3
f 5646/3984/4 5478/3983/4 4148/3983/4 5562/3984/4
f 5645/3912/3 5420/3269/3 4156/3269/3 5549/3912/3
f 5644/3946/1 5441/405/1 4086/405/1 5520/3946/1
f 5643/3982/4 5421/3981/4 4175/3981/4 5561/3982/4
f 5642/4285/4 5422/4011/4 4124/4011/4 5582/4285/4
f 5641/3806/3 5425/3805/3 4165/3805/3 5542/3806/3
f 5640/3940/1 5476/381/1 4089/381/1 5519/3940/1
f 5639/2757/1 5423/2756/1 4130/2756/1 5495/2757/1
f 5638/4284/4 5424/4283/4 4185/4283/4 5581/4284/4
f 5637/2778/3 5428/2777/3 4172/2777/3 5556/2778/3
f 5636/3878/3 5426/3802/3 4162/3802/3 5541/3878/3
f 5635/2770/1 5427/2769/1 4129/2769/1 5494/2770/1
f 5634/3939/3 5429/3807/3 4125/3807/3 5555/3939/3
f 5633/4286/1 5430/2658/1 4102/2658/1 5518/4286/1
f 2633/2774/5 3893/369/5 1522/372/5 268/2775/5
f 919/2780/5 2636/2786/5 3893/369/5 2633/2774/5
f 2636/2786/5 560/2785/5 1313/370/5 3893/369/5
f 5632/4297/4 5431/3968/4 4118/3968/4 5590/4297/4
f 5631/4282/4 5432/3996/4 4113/3996/4 5580/4282/4
f 5630/4287/1 5433/2671/1 4101/2671/1 5517/4287/1
f 5629/409/1 5435/408/1 4122/408/1 5493/409/1
f 5628/4296/4 5437/4295/4 4189/4295/4 5589/4296/4
f 5627/4281/4 5439/4280/4 4184/4280/4 5579/4281/4
f 5626/2783/3 5444/2782/3 4171/2782/3 5554/2783/3
f 5625/404/1 5442/403/1 4121/403/1 5492/404/1
f 5624/4008/4 5443/4007/4 4145/4007/4 5568/4008/4
f 2637/4301/8 3894/365/8 1810/368/8 559/3917/8 5297/4302/8
f 920/3934/8 2639/2790/8 3894/365/8 2637/4301/8 5322/4303/8
f 2639/2790/5 433/2789/5 1194/366/5 3894/365/5
f 5623/3882/10 5450/3881/10 4111/3881/10 5512/3882/10
f 5622/3938/3 5445/2779/3 4151/2779/3 5553/3938/3
f 5621/3884/10 5447/3880/10 4161/3880/10 5537/3884/10
f 5620/4304/10 5482/3936/10 4093/3936/10 5511/4304/10
f 5619/4005/4 5448/4004/4 4178/4004/4 5567/4005/4
f 5618/4294/4 5449/4006/4 4112/4006/4 5588/4294/4
f 2640/2792/4 3895/361/4 1809/364/4 558/2793/4
f 921/2797/4 2643/2802/4 3895/361/4 2640/2792/4
f 2643/2802/4 508/2801/4 1264/362/4 3895/361/4
f 2644/2804/4 3896/357/4 1808/360/4 557/2805/4
f 922/2809/4 2647/2814/4 3896/357/4 2644/2804/4
f 2647/2814/4 556/2813/4 1310/358/4 3896/357/4
f 2648/2816/4 3897/353/4 1524/356/4 270/2817/4
f 923/2821/4 2651/2826/4 3897/353/4 2648/2816/4
f 2651/2826/4 555/2825/4 1309/354/4 3897/353/4
f 2652/2828/4 3898/349/4 1805/352/4 554/2829/4
f 924/2833/4 2655/2838/4 3898/349/4 2652/2828/4
f 2655/2838/4 509/2837/4 1265/350/4 3898/349/4
f 2656/2840/4 3899/345/4 1804/348/4 553/2841/4
f 925/2845/4 2659/2850/4 3899/345/4 2656/2840/4
f 2659/2850/4 552/2849/4 1306/346/4 3899/345/4
f 2660/2852/4 3900/341/4 1629/344/4 375/2853/4
f 926/2857/4 2663/2862/4 3900/341/4 2660/2852/4
f 2663/2862/4 551/2861/4 1305/342/4 3900/341/4
f 2664/2864/4 3901/337/4 1801/340/4 550/2865/4
f 927/2869/4 2667/2874/4 3901/337/4 2664/2864/4
f 2667/2874/4 430/2873/4 1191/338/4 3901/337/4
f 2668/2876/4 3902/333/4 1800/336/4 549/2877/4
f 928/2881/4 2671/2886/4 3902/333/4 2668/2876/4
f 2671/2886/4 548/2885/4 1302/334/4 3902/333/4
f 2672/2888/4 3903/329/4 1630/332/4 376/2889/4
f 929/2893/4 2675/2898/4 3903/329/4 2672/2888/4
f 2675/2898/4 547/2897/4 1301/330/4 3903/329/4
f 72/4073/3 1147/4071/3 4519/4071/3 4215/4073/3
f 1035/4115/2 274/4116/2 4277/4116/2 4485/4115/2
f 409/4015/4 1663/4017/4 4670/4017/4 4318/4015/4
f 6/3979/5 1016/3977/5 4480/3977/5 4192/3979/5
f 32/4145/2 1063/4153/2 4493/4153/2 4201/4145/2
f 8/4081/3 1015/4079/3 4479/4079/3 4193/4081/3
f 118/4151/2 1192/4149/2 4533/4149/2 4229/4151/2
f 277/4020/4 1531/4022/4 4630/4022/4 4278/4020/4
f 406/4111/2 1660/4113/2 4669/4113/2 4317/4111/2
f 1078/4028/4 317/4029/4 4290/4029/4 4498/4028/4
f 1160/3941/5 399/3942/5 4316/3942/5 4524/3941/5
f 274/4116/2 1528/4118/2 4629/4118/2 4277/4116/2
f 1207/4023/4 446/4024/4 4330/4024/4 4538/4023/4
f 1159/4046/3 398/4047/3 4315/4047/3 4523/4046/3
f 1028/3947/5 267/3948/5 4276/3948/5 4484/3947/5
f 1158/4031/4 397/4032/4 4314/4032/4 4522/4031/4
f 1075/4126/2 314/4127/2 4289/4127/2 4497/4126/2
f 25/3976/5 1056/3991/5 4492/3991/5 4200/3976/5
f 1027/4051/3 266/4052/3 4275/4052/3 4483/4051/3
f 1204/4121/2 443/4122/2 4329/4122/2 4537/4121/2
f 1531/4022/4 95/4016/4 4222/4016/4 4630/4022/4
f 24/4075/3 1055/4091/3 4491/4091/3 4199/4075/3
f 1026/4036/4 265/4037/4 4274/4037/4 4482/4036/4
f 111/3988/5 1185/3986/5 4532/3986/5 4228/3988/5
f 317/4029/4 1571/4030/4 4642/4030/4 4290/4029/4
f 110/4089/3 1184/4087/3 4531/4087/3 4227/4089/3
f 1155/4141/2 394/4142/2 4313/4142/2 4521/4141/2
f 2676/2900/3 3904/325/3 1797/328/3 546/2901/3
f 930/2905/3 2679/2910/3 3904/325/3 2676/2900/3
f 2679/2910/3 512/2909/3 1268/326/3 3904/325/3
f 2680/2912/3 3905/321/3 1796/324/3 545/2913/3
f 931/2917/3 2683/2922/3 3905/321/3 2680/2912/3
f 2683/2922/3 544/2921/3 1298/322/3 3905/321/3
f 2684/2924/3 3906/317/3 1525/320/3 271/2925/3
f 932/2929/3 2687/2934/3 3906/317/3 2684/2924/3
f 2687/2934/3 543/2933/3 1297/318/3 3906/317/3
f 2688/2936/3 3907/313/3 1793/316/3 542/2937/3
f 933/2941/3 2691/2946/3 3907/313/3 2688/2936/3
f 2691/2946/3 513/2945/3 1269/314/3 3907/313/3
f 2692/2948/3 3908/309/3 1792/312/3 541/2949/3
f 934/2953/3 2695/2958/3 3908/309/3 2692/2948/3
f 2695/2958/3 540/2957/3 1294/310/3 3908/309/3
f 2696/2960/3 3909/305/3 1633/308/3 379/2961/3
f 935/2965/3 2699/2970/3 3909/305/3 2696/2960/3
f 2699/2970/3 539/2969/3 1293/306/3 3909/305/3
f 2700/2972/3 3910/301/3 1789/304/3 538/2973/3
f 936/2977/3 2703/2982/3 3910/301/3 2700/2972/3
f 2703/2982/3 432/2981/3 1193/302/3 3910/301/3
f 2704/2984/3 3911/297/3 1788/300/3 537/2985/3
f 937/2989/3 2707/2994/3 3911/297/3 2704/2984/3
f 2707/2994/3 536/2993/3 1290/298/3 3911/297/3
f 2708/2996/3 3912/293/3 1634/296/3 380/2997/3
f 938/3001/3 2711/3006/3 3912/293/3 2708/2996/3
f 2711/3006/3 535/3005/3 1289/294/3 3912/293/3
f 6234/4273/3 5828/4272/3 4083/4272/3 6078/4273/3
f 6233/3930/10 5870/3926/10 4045/3926/10 5974/3930/10
f 6232/1002/4 5830/1001/4 4078/1001/4 6061/1002/4
f 6231/4305/10 5872/4306/10 4044/4306/10 5973/4305/10
f 6230/4231/4 5831/998/4 4026/998/4 6060/4231/4
f 6229/4172/3 5832/4171/3 4031/4171/3 6047/4172/3
f 2712/3008/2 3913/289/2 1187/292/2 426/3009/2
f 939/3014/2 2715/3020/2 3913/289/2 2712/3008/2
f 2715/3020/2 534/3019/2 1288/290/2 3913/289/2
f 6228/4169/3 5834/4168/3 4074/4168/3 6046/4169/3
f 6227/4156/1 5835/3537/1 3989/3537/1 5967/4156/1
f 6226/4214/10 5840/4210/10 4029/4210/10 5964/4214/10
f 6225/4157/1 5889/1820/1 4002/1820/1 5966/4157/1
f 6224/4253/10 5844/4251/10 4028/4251/10 5963/4253/10
f 6223/3518/1 5838/3517/1 4050/3517/1 5933/3518/1
f 6222/3513/1 5839/3512/1 4049/3512/1 5932/3513/1
f 6221/4212/10 5841/4211/10 4001/4211/10 5911/4212/10
f 6220/4119/1 5843/3547/1 3986/3547/1 5971/4119/1
f 2716/4306/2 3914/285/2 1784/288/2 533/3924/2 5707/4307/2
f 940/3927/2 2718/3024/2 3914/285/2 2716/4306/2 5731/4305/2
f 2718/3024/2 429/3023/2 1190/286/2 3914/285/2
f 6219/4252/10 5857/3890/10 3998/3890/10 5910/4252/10
f 6218/3923/10 5846/3922/10 4006/3922/10 5931/3923/10
f 6217/4120/1 5848/1941/1 4004/1941/1 5970/4120/1
f 6216/3530/4 5854/3529/4 4065/3529/4 6012/3530/4
f 6215/4308/10 5851/4236/10 3991/4236/10 5930/4308/10
f 6214/3178/4 5856/3177/4 4067/3177/4 6019/3178/4
f 2719/3026/1 3915/281/1 1783/284/1 532/3027/1
f 941/3031/1 2722/3036/1 3915/281/1 2719/3026/1
f 2722/3036/1 517/3035/1 1272/282/1 3915/281/1
f 2723/3038/1 3916/277/1 1782/280/1 531/3039/1
f 942/3043/1 2726/3048/1 3916/277/1 2723/3038/1
f 2726/3048/1 530/3047/1 1285/278/1 3916/277/1
f 2727/3050/1 3917/273/1 1190/276/1 429/3051/1
f 943/3055/1 2730/3060/1 3917/273/1 2727/3050/1
f 2730/3060/1 529/3059/1 1284/274/1 3917/273/1
f 2731/3062/1 3918/269/1 1779/272/1 528/3063/1
f 944/3067/1 2734/3072/1 3918/269/1 2731/3062/1
f 2734/3072/1 518/3071/1 1273/270/1 3918/269/1
f 2735/3074/1 3919/265/1 1778/268/1 527/3075/1
f 945/3079/1 2738/3084/1 3919/265/1 2735/3074/1
f 2738/3084/1 526/3083/1 1281/266/1 3919/265/1
f 2739/3086/1 3920/261/1 1638/264/1 384/3087/1
f 946/3091/1 2742/3096/1 3920/261/1 2739/3086/1
f 2742/3096/1 525/3095/1 1280/262/1 3920/261/1
f 2743/3098/1 3921/257/1 1775/260/1 524/3099/1
f 947/3103/1 2746/3108/1 3921/257/1 2743/3098/1
f 2746/3108/1 275/3107/1 1529/258/1 3921/257/1
f 2747/3110/1 3922/253/1 1774/256/1 523/3111/1
f 948/3115/1 2750/3120/1 3922/253/1 2747/3110/1
f 2750/3120/1 522/3119/1 1277/254/1 3922/253/1
f 2751/3122/1 3923/249/1 1639/252/1 385/3123/1
f 949/3127/1 2754/3132/1 3923/249/1 2751/3122/1
f 2754/3132/1 521/3131/1 1276/250/1 3923/249/1
f 2755/3134/1 3924/245/1 1771/248/1 520/3135/1
f 950/3139/1 2758/3144/1 3924/245/1 2755/3134/1
f 2758/3144/1 407/3143/1 1661/246/1 3924/245/1
f 2759/3146/1 3925/241/1 1770/244/1 519/3147/1
f 951/3151/1 2762/3156/1 3925/241/1 2759/3146/1
f 2762/3156/1 383/3155/1 1144/242/1 3925/241/1
f 2763/3158/1 3926/237/1 1061/240/1 300/3159/1
f 952/3163/1 2766/3168/1 3926/237/1 2763/3158/1
f 2766/3168/1 382/3167/1 1143/238/1 3926/237/1
f 2767/4276/2 3927/233/2 1767/236/2 516/4236/2 5709/4308/2
f 953/3922/2 2769/3172/2 3927/233/2 2767/4276/2 5733/4275/2
f 2769/3172/2 300/3171/2 1061/234/2 3927/233/2
f 6213/1848/1 5853/1847/1 4036/1847/1 5919/1848/1
f 6212/3901/4 5855/3526/4 4051/3526/4 6011/3901/4
f 6211/3920/4 5876/3018/4 4021/3018/4 6018/3920/4
f 2770/3174/2 3928/229/2 1058/232/2 297/3175/2
f 954/3180/2 2773/3186/2 3928/229/2 2770/3174/2
f 2773/3186/2 381/3185/2 1142/230/2 3928/229/2
f 2774/3188/3 3929/225/3 1766/228/3 515/3189/3
f 955/3193/3 2777/3198/3 3929/225/3 2774/3188/3
f 2777/3198/3 303/3197/3 1064/226/3 3929/225/3
f 2778/3200/3 3930/221/3 1765/224/3 514/3201/3
f 956/3205/3 2781/3210/3 3930/221/3 2778/3200/3
f 2781/3210/3 378/3209/3 1139/222/3 3930/221/3
f 2782/3212/3 3931/217/3 1657/220/3 403/3213/3
f 957/3217/3 2785/3222/3 3931/217/3 2782/3212/3
f 2785/3222/3 377/3221/3 1138/218/3 3931/217/3
f 399/3942/5 1653/3944/5 4668/3944/5 4316/3942/5
f 398/4047/3 1652/4049/3 4667/4049/3 4315/4047/3
f 1528/4118/2 92/4112/2 4221/4112/2 4629/4118/2
f 1023/4146/2 262/4147/2 4273/4147/2 4481/4146/2
f 446/4024/4 1699/4026/4 4682/4026/4 4330/4024/4
f 267/3948/5 1521/3950/5 4628/3950/5 4276/3948/5
f 397/4032/4 1651/4034/4 4666/4034/4 4314/4032/4
f 314/4127/2 1568/4128/2 4641/4128/2 4289/4127/2
f 1663/4017/4 47/4018/4 4206/4018/4 4670/4017/4
f 2786/3224/4 3932/213/4 1762/216/4 511/3225/4
f 958/3229/4 2789/3234/4 3932/213/4 2786/3224/4
f 2789/3234/4 301/3233/4 1062/214/4 3932/213/4
f 2790/3236/4 3933/209/4 1761/212/4 510/3237/4
f 959/3241/4 2793/3246/4 3933/209/4 2790/3236/4
f 2793/3246/4 374/3245/4 1135/210/4 3933/209/4
f 2794/3248/4 3934/205/4 1656/208/4 402/3249/4
f 960/3253/4 2797/3258/4 3934/205/4 2794/3248/4
f 2797/3258/4 373/3257/4 1134/206/4 3934/205/4
f 2798/4309/8 3935/201/8 1758/204/8 507/4229/8 5299/4310/8
f 961/3915/8 2800/3262/8 3935/201/8 2798/4309/8 5324/4311/8
f 2800/3262/5 304/3261/5 1065/202/5 3935/201/5
f 5617/4312/10 5451/4313/10 4160/4313/10 5536/4312/10
f 5616/1087/3 5458/1086/3 4183/1086/3 5578/1087/3
f 5615/4291/1 5452/2704/1 4100/2704/1 5516/4291/1
f 2801/3264/5 3936/197/5 1654/200/5 400/3265/5
f 962/3270/5 2804/3276/5 3936/197/5 2801/3264/5
f 2804/3276/5 372/3275/5 1133/198/5 3936/197/5
f 5614/3815/3 5460/3814/3 4164/3814/3 5540/3815/3
f 5613/399/1 5455/398/1 4120/398/1 5491/399/1
f 5612/4293/4 5457/4292/4 4188/4292/4 5587/4293/4
f 5611/4225/3 5459/3274/3 4127/3274/3 5577/4225/3
f 5610/3877/3 5464/1093/3 4137/1093/3 5539/3877/3
f 5609/394/1 5462/393/1 4119/393/1 5490/394/1
f 2805/3278/5 3937/193/5 1642/196/5 388/3279/5
f 963/3284/5 2808/3290/5 3937/193/5 2805/3278/5
f 2808/3290/5 370/3289/5 1131/194/5 3937/193/5
f 5608/3918/10 5463/3914/10 4155/3914/10 5533/3918/10
f 5607/3916/10 5465/3915/10 4109/3915/10 5508/3916/10
f 5606/1092/3 5468/1091/3 4182/1091/3 5576/1092/3
f 5605/4311/10 5466/4309/10 4154/4309/10 5532/4311/10
f 5604/4310/10 5467/4229/10 4095/4229/10 5507/4310/10
f 5603/4224/3 5469/1088/3 4140/1088/3 5575/4224/3
f 5602/4298/1 5470/2733/1 4099/2733/1 5515/4298/1
f 5601/389/1 5472/388/1 4117/388/1 5489/389/1
f 5600/4299/1 5473/2758/1 4098/2758/1 5514/4299/1
f 2809/4246/8 3938/189/8 1756/192/8 505/4220/8 5301/4244/8
f 964/3906/8 2811/3294/8 3938/189/8 2809/4246/8 5326/4245/8
f 2811/3294/5 316/3293/5 1077/190/5 3938/189/5
f 5599/4290/4 5474/3963/4 4114/3963/4 5586/4290/4
f 5598/4300/1 5475/2771/1 4097/2771/1 5513/4300/1
f 5597/380/1 5477/379/1 4116/379/1 5488/380/1
f 5596/4289/4 5479/4288/4 4187/4288/4 5585/4289/4
f 5595/375/1 5481/374/1 4115/374/1 5487/375/1
f 5594/3937/10 5483/3933/10 4153/3933/10 5531/3937/10
f 2812/3296/4 3939/185/4 1754/188/4 503/3297/4
f 965/3301/4 2815/3306/4 3939/185/4 2812/3296/4
f 2815/3306/4 318/3305/4 1079/186/4 3939/185/4
f 2816/3308/4 3940/181/4 1753/184/4 502/3309/4
f 966/3313/4 2819/3318/4 3940/181/4 2816/3308/4
f 2819/3318/4 366/3317/4 1127/182/4 3940/181/4
f 2820/3320/4 3941/177/4 1644/180/4 390/3321/4
f 967/3325/4 2823/3330/4 3941/177/4 2820/3320/4
f 2823/3330/4 365/3329/4 1126/178/4 3941/177/4
f 2824/3332/4 3942/173/4 1750/176/4 499/3333/4
f 968/3337/4 2827/3342/4 3942/173/4 2824/3332/4
f 2827/3342/4 319/3341/4 1080/174/4 3942/173/4
f 2828/3344/4 3943/169/4 1749/172/4 498/3345/4
f 969/3349/4 2831/3354/4 3943/169/4 2828/3344/4
f 2831/3354/4 362/3353/4 1123/170/4 3943/169/4
f 2832/3356/4 3944/165/4 1666/168/4 412/3357/4
f 970/3361/4 2835/3366/4 3944/165/4 2832/3356/4
f 2835/3366/4 361/3365/4 1122/166/4 3944/165/4
f 2836/3368/4 3945/161/4 1746/164/4 495/3369/4
f 971/3373/4 2839/3378/4 3945/161/4 2836/3368/4
f 2839/3378/4 313/3377/4 1074/162/4 3945/161/4
f 2840/3380/4 3946/157/4 1745/160/4 494/3381/4
f 972/3385/4 2843/3390/4 3946/157/4 2840/3380/4
f 2843/3390/4 358/3389/4 1119/158/4 3946/157/4
f 2844/3392/4 3947/153/4 1667/156/4 413/3393/4
f 973/3397/4 2847/3402/4 3947/153/4 2844/3392/4
f 2847/3402/4 357/3401/4 1118/154/4 3947/153/4
f 266/4052/3 1520/4054/3 4627/4054/3 4275/4052/3
f 1068/3958/5 307/3959/5 4288/3959/5 4496/3958/5
f 265/4037/4 1519/4038/4 4626/4038/4 4274/4037/4
f 443/4122/2 1696/4124/2 4681/4124/2 4329/4122/2
f 1067/4059/3 306/4060/3 4287/4060/3 4495/4059/3
f 1197/3952/5 436/3953/5 4328/3953/5 4536/3952/5
f 394/4142/2 1648/4144/2 4665/4144/2 4313/4142/2
f 1660/4113/2 44/4114/2 4205/4114/2 4669/4113/2
f 1066/4043/4 305/4044/4 4286/4044/4 4494/4043/4
f 1196/4055/3 435/4056/3 4327/4056/3 4535/4055/3
f 1148/3972/5 387/3973/5 4312/3973/5 4520/3972/5
f 262/4147/2 1516/4148/2 4625/4148/2 4273/4147/2
f 1195/4039/4 434/4040/4 4326/4040/4 4534/4039/4
f 1147/4071/3 386/4072/3 4311/4072/3 4519/4071/3
f 1571/4030/4 133/4025/4 4234/4025/4 4642/4030/4
f 1521/3950/5 85/3943/5 4220/3943/5 4628/3950/5
f 1016/3977/5 255/3978/5 4272/3978/5 4480/3977/5
f 1063/4153/2 302/4154/2 4285/4154/2 4493/4153/2
f 307/3959/5 1561/3960/5 4640/3960/5 4288/3959/5
f 1520/4054/3 84/4048/3 4219/4048/3 4627/4054/3
f 1015/4079/3 254/4080/3 4271/4080/3 4479/4079/3
f 1192/4149/2 431/4150/2 4325/4150/2 4533/4149/2
f 306/4060/3 1560/4061/3 4639/4061/3 4287/4060/3
f 1519/4038/4 83/4033/4 4218/4033/4 4626/4038/4
f 1568/4128/2 130/4123/2 4233/4123/2 4641/4128/2
f 305/4044/4 1559/4045/4 4638/4045/4 4286/4044/4
f 436/3953/5 1689/3955/5 4680/3955/5 4328/3953/5
f 2848/3404/3 3948/149/3 1742/152/3 491/3405/3
f 974/3409/3 2851/3414/3 3948/149/3 2848/3404/3
f 2851/3414/3 322/3413/3 1083/150/3 3948/149/3
f 2852/3416/3 3949/145/3 1741/148/3 490/3417/3
f 975/3421/3 2855/3426/3 3949/145/3 2852/3416/3
f 2855/3426/3 354/3425/3 1115/146/3 3949/145/3
f 2856/3428/3 3950/141/3 1645/144/3 391/3429/3
f 976/3433/3 2859/3438/3 3950/141/3 2856/3428/3
f 2859/3438/3 353/3437/3 1114/142/3 3950/141/3
f 2860/3440/3 3951/137/3 1738/140/3 487/3441/3
f 977/3445/3 2863/3450/3 3951/137/3 2860/3440/3
f 2863/3450/3 323/3449/3 1084/138/3 3951/137/3
f 2864/3452/3 3952/133/3 1737/136/3 486/3453/3
f 978/3457/3 2867/3462/3 3952/133/3 2864/3452/3
f 2867/3462/3 350/3461/3 1111/134/3 3952/133/3
f 2868/3464/3 3953/129/3 1670/132/3 416/3465/3
f 979/3469/3 2871/3474/3 3953/129/3 2868/3464/3
f 2871/3474/3 349/3473/3 1110/130/3 3953/129/3
f 2872/3476/3 3954/125/3 1734/128/3 483/3477/3
f 980/3481/3 2875/3486/3 3954/125/3 2872/3476/3
f 2875/3486/3 315/3485/3 1076/126/3 3954/125/3
f 2876/3488/3 3955/121/3 1733/124/3 482/3489/3
f 981/3493/3 2879/3498/3 3955/121/3 2876/3488/3
f 2879/3498/3 346/3497/3 1107/122/3 3955/121/3
f 2880/3500/3 3956/117/3 1671/120/3 417/3501/3
f 982/3505/3 2883/3510/3 3956/117/3 2880/3500/3
f 2883/3510/3 345/3509/3 1106/118/3 3956/117/3
f 6210/3891/10 5858/3887/10 4059/3887/10 5991/3891/10
f 6209/3852/4 5863/3851/4 4062/3851/4 5997/3852/4
f 6208/4314/10 5861/4315/10 4058/4315/10 5990/4314/10
f 6207/3183/4 5865/3182/4 4066/3182/4 6016/3183/4
f 6206/3874/4 5864/1003/4 4023/1003/4 5996/3874/4
f 6205/3711/4 5867/3710/4 4064/3710/4 6003/3711/4
f 2887/3522/2 3957/113/2 1070/116/2 309/3523/2
f 984/3527/2 2890/3533/2 3957/113/2 2887/3522/2
f 2890/3533/2 343/3532/2 1104/114/2 3957/113/2
f 6204/3012/4 5869/3011/4 4069/3011/4 6029/3012/4
f 6203/3919/4 5866/3179/4 4048/3179/4 6015/3919/4
f 6202/3886/4 5868/1341/4 4022/1341/4 6002/3886/4
f 6201/3932/4 5875/3717/4 4018/3717/4 6028/3932/4
f 6200/3928/10 5871/3927/10 4005/3927/10 5929/3928/10
f 6199/4307/10 5873/3924/10 3992/3924/10 5928/4307/10
f 6198/4267/3 5874/4165/3 4016/4165/3 6075/4267/3
f 6197/3716/4 5881/3715/4 4063/3715/4 6000/3716/4
f 6196/3017/4 5883/3016/4 4068/3016/4 6026/3017/4
f 2897/4316/2 3958/109/2 1729/112/2 476/4213/2 5717/4269/2
f 987/3893/2 2899/3557/2 3958/109/2 2897/4316/2 5742/4317/2
f 2899/3557/2 312/3556/2 1073/110/2 3958/109/2
f 6195/4266/3 5878/4265/3 4082/4265/3 6074/4266/3
f 6194/4129/1 5880/3514/1 3990/3514/1 5969/4129/1
f 6193/3885/4 5882/3712/4 4060/3712/4 5999/3885/4
f 6192/3931/4 5884/3013/4 4043/3013/4 6025/3931/4
f 6191/4130/1 5886/1907/1 4003/1907/1 5968/4130/1
f 6190/3896/10 5888/3892/10 4057/3892/10 5988/3896/10
f 2900/3559/1 3959/105/1 1727/108/1 474/3560/1
f 988/3564/1 2903/3569/1 3959/105/1 2900/3559/1
f 2903/3569/1 326/3568/1 1087/106/1 3959/105/1
f 2904/3571/1 3960/101/1 1726/104/1 473/3572/1
f 989/3576/1 2907/3581/1 3960/101/1 2904/3571/1
f 2907/3581/1 339/3580/1 1100/102/1 3960/101/1
f 2908/3583/1 3961/97/1 1073/100/1 312/3584/1
f 990/3588/1 2911/3593/1 3961/97/1 2908/3583/1
f 2911/3593/1 338/3592/1 1099/98/1 3961/97/1
f 2912/3595/1 3962/93/1 1723/96/1 470/3596/1
f 991/3600/1 2915/3605/1 3962/93/1 2912/3595/1
f 2915/3605/1 327/3604/1 1088/94/1 3962/93/1
f 2916/3607/1 3963/89/1 1722/92/1 469/3608/1
f 992/3612/1 2919/3617/1 3963/89/1 2916/3607/1
f 2919/3617/1 335/3616/1 1096/90/1 3963/89/1
f 2920/3619/1 3964/85/1 1674/88/1 421/3620/1
f 993/3624/1 2923/3629/1 3964/85/1 2920/3619/1
f 2923/3629/1 334/3628/1 1095/86/1 3964/85/1
f 2924/3631/1 3965/81/1 1719/84/1 466/3632/1
f 994/3636/1 2927/3641/1 3965/81/1 2924/3631/1
f 2927/3641/1 395/3640/1 1649/82/1 3965/81/1
f 2928/3643/1 3966/77/1 1718/80/1 465/3644/1
f 995/3648/1 2931/3653/1 3966/77/1 2928/3643/1
f 2931/3653/1 331/3652/1 1092/78/1 3966/77/1
f 2932/3655/1 3967/73/1 1675/76/1 422/3656/1
f 996/3660/1 2935/3665/1 3967/73/1 2932/3655/1
f 2935/3665/1 330/3664/1 1091/74/1 3967/73/1
f 2936/3667/1 3968/69/1 1715/72/1 462/3668/1
f 997/3672/1 2939/3677/1 3968/69/1 2936/3667/1
f 2939/3677/1 432/3676/1 1685/70/1 3968/69/1
f 2940/3679/1 3969/65/1 1714/68/1 461/3680/1
f 998/3684/1 2943/3689/1 3969/65/1 2940/3679/1
f 2943/3689/1 291/3688/1 1052/66/1 3969/65/1
f 2944/3691/1 3970/61/1 1033/64/1 272/3692/1
f 999/3696/1 2947/3701/1 3970/61/1 2944/3691/1
f 2947/3701/1 290/3700/1 1051/62/1 3970/61/1
f 2948/4315/2 3971/57/2 1711/60/2 458/3929/2 5719/4254/2
f 1000/3888/2 2950/3705/2 3971/57/2 2948/4315/2 5744/4314/2
f 2950/3705/2 272/3704/2 1033/58/2 3971/57/2
f 6189/1819/1 5890/1818/1 4035/1818/1 5917/1819/1
f 6188/4317/10 5892/4316/10 4056/4316/10 5987/4317/10
f 6187/1814/1 5894/1813/1 4034/1813/1 5916/1814/1
f 2951/3707/2 3972/53/2 1030/56/2 269/3708/2
f 1001/3713/2 2954/3719/2 3972/53/2 2951/3707/2
f 2954/3719/2 288/3718/2 1049/54/2 3972/53/2
f 2955/3721/3 3973/49/3 1709/52/3 456/3722/3
f 1002/3726/3 2958/3731/3 3973/49/3 2955/3721/3
f 2958/3731/3 275/3730/3 1036/50/3 3973/49/3
f 2959/3733/3 3974/45/3 1708/48/3 455/3734/3
f 1003/3738/3 2962/3743/3 3974/45/3 2959/3733/3
f 2962/3743/3 285/3742/3 1046/46/3 3974/45/3
f 2963/3745/3 3975/41/3 1681/44/3 428/3746/3
f 1004/3750/3 2966/3755/3 3975/41/3 2963/3745/3
f 2966/3755/3 284/3754/3 1045/42/3 3975/41/3
f 387/3973/5 1641/3975/5 4664/3975/5 4312/3973/5
f 435/4056/3 1688/4058/3 4679/4058/3 4327/4056/3
f 1653/3944/5 37/3945/5 4204/3945/5 4668/3944/5
f 386/4072/3 1640/4074/3 4663/4074/3 4311/4072/3
f 1516/4148/2 80/4143/2 4217/4143/2 4625/4148/2
f 434/4040/4 1687/4042/4 4678/4042/4 4326/4040/4
f 1652/4049/3 36/4050/3 4203/4050/3 4667/4049/3
f 255/3978/5 1509/3980/5 4624/3980/5 4272/3978/5
f 1699/4026/4 4/4027/4 4191/4027/4 4682/4026/4
f 2967/3757/4 3976/37/4 1705/40/4 452/3758/4
f 1005/3762/4 2970/3767/4 3976/37/4 2967/3757/4
f 2970/3767/4 273/3766/4 1034/38/4 3976/37/4
f 2971/3769/4 3977/33/4 1704/36/4 451/3770/4
f 1006/3774/4 2974/3779/4 3977/33/4 2971/3769/4
f 2974/3779/4 281/3778/4 1042/34/4 3977/33/4
f 2975/3781/4 3978/29/4 1680/32/4 427/3782/4
f 1007/3786/4 2978/3791/4 3978/29/4 2975/3781/4
f 2978/3791/4 280/3790/4 1041/30/4 3978/29/4
f 2979/4313/8 3979/25/8 1701/28/8 448/3936/8 5303/4304/8
f 1008/3881/8 2981/3795/8 3979/25/8 2979/4313/8 5328/4312/8
f 2981/3795/5 276/3794/5 1037/26/5 3979/25/5
f 5593/4303/10 5485/4301/10 4152/4301/10 5530/4303/10
f 5592/3935/10 5484/3934/10 4108/3934/10 5506/3935/10
f 5591/4302/10 5486/3917/10 4096/3917/10 5505/4302/10
f 2982/3797/5 3980/21/5 1678/24/5 425/3798/5
f 1009/3803/5 2985/3809/5 3980/21/5 2982/3797/5
f 2985/3809/5 278/3808/5 1039/22/5 3980/21/5
f 2986/3811/5 3981/17/5 1690/20/5 437/3812/5
f 1010/3817/5 2989/3822/5 3981/17/5 2986/3811/5
f 2989/3822/5 264/3821/5 1025/18/5 3981/17/5
f 2990/3824/4 3982/13/4 1692/16/4 439/3825/4
f 1011/3829/4 2993/3834/4 3982/13/4 2990/3824/4
f 2993/3834/4 261/3833/4 1022/14/4 3982/13/4
f 302/4154/2 1556/4155/2 4637/4155/2 4285/4154/2
f 1651/4034/4 35/4035/4 4202/4035/4 4666/4034/4
f 254/4080/3 1508/4083/3 4623/4083/3 4271/4080/3
f 2994/3836/3 3983/9/3 1693/12/3 440/3837/3
f 1012/3841/3 2997/3846/3 3983/9/3 2994/3836/3
f 2997/3846/3 263/3845/3 1024/10/3 3983/9/3
f 2998/3848/2 3984/5/2 1018/8/2 257/3849/2
f 1013/3854/2 3001/3859/2 3984/5/2 2998/3848/2
f 3001/3859/2 260/3858/2 1021/6/2 3984/5/2
f 3002/3861/1 3985/1/1 1021/4/1 260/3862/1
f 1014/3866/1 3005/3871/1 3985/1/1 3002/3861/1
f 3005/3871/1 444/3870/1 1697/2/1 3985/1/1
f 6180/4318/2 5908/4239/2 3999/3872/2 5951/4319/2
f 6179/4320/2 5909/4235/2 4000/4234/2 5960/4321/2
f 6178/4322/2 5910/4252/2 3998/3890/2 5950/4323/2
f 6177/4324/2 5911/4212/2 4001/4211/2 5965/4325/2
f 6174/4326/2 5914/4259/2 3997/3895/2 5949/4327/2
f 6170/4328/2 5928/4307/2 3992/3924/2 5948/4329/2
f 6169/4330/2 5929/3928/2 4005/3927/2 5975/4331/2
f 6168/4332/2 5930/4308/2 3991/4236/2 5947/4333/2
f 6167/4334/2 5931/3923/2 4006/3922/2 5978/4335/2
f 6166/4336/2 5941/4269/2 3988/4213/2 5946/4337/2
f 6165/4338/2 5942/3894/2 4010/3893/2 5989/4339/2
f 6164/4340/2 5943/4254/2 3987/3929/2 5945/4341/2
f 6163/4342/2 5944/3889/2 4011/3888/2 5992/4343/2
f 6162/4344/2 5995/4345/2 4062/3851/2 5996/3874/2
f 6161/4346/2 5994/3873/2 4061/3853/2 5997/3852/2
f 6160/4347/2 5998/4348/2 4063/3715/2 5999/3885/2
f 6159/4349/2 5952/4350/2 4018/3717/2 6000/3716/2
f 6158/4351/2 6001/4352/2 4064/3710/2 6002/3886/2
f 6157/4353/2 5993/4354/2 4060/3712/2 6003/3711/2
f 6156/4355/2 5991/3891/2 4059/3887/2 6004/4356/2
f 6155/4357/2 5990/4314/2 4058/4315/2 6005/4358/2
f 6154/4359/2 5988/3896/2 4057/3892/2 6006/4360/2
f 6153/4361/2 5987/4317/2 4056/4316/2 6007/4362/2
f 6148/4363/2 6010/4364/2 4065/3529/2 6011/3901/2
f 6147/4365/2 5953/4366/2 4019/3531/2 6012/3530/2
f 6144/4367/2 6014/4368/2 4066/3182/2 6015/3919/2
f 6143/4369/2 5954/4370/2 4020/3184/2 6016/3183/2
f 6142/4371/2 6017/4372/2 4067/3177/2 6018/3920/2
f 6141/4373/2 5979/4374/2 4048/3179/2 6019/3178/2
f 6140/4375/2 5977/3925/2 4047/3921/2 6020/4376/2
f 6139/4377/2 5976/4275/2 4046/4276/2 6021/4378/2
f 6138/4379/2 5974/3930/2 4045/3926/2 6022/4380/2
f 6137/4381/2 5973/4305/2 4044/4306/2 6023/4382/2
f 6136/4383/2 6024/4384/2 4068/3016/2 6025/3931/2
f 6135/4385/2 5955/4386/2 4021/3018/2 6026/3017/2
f 6134/4387/2 6027/4388/2 4069/3011/2 6028/3932/2
f 6133/4389/2 5972/4390/2 4043/3013/2 6029/3012/2
f 6120/4391/2 5964/4214/2 4029/4210/2 6051/4392/2
f 6119/4393/2 5963/4253/2 4028/4251/2 6052/4394/2
f 6118/4395/2 6053/4396/2 4076/1339/2 6054/4215/2
f 6117/4397/2 5956/4398/2 4022/1341/2 6055/1340/2
f 6116/4399/2 6056/4400/2 4077/1334/2 6057/4216/2
f 6115/4401/2 5962/4402/2 4027/1336/2 6058/1335/2
f 6114/4403/2 6059/4404/2 4078/1001/2 6060/4231/2
f 6113/4405/2 5957/4406/2 4023/1003/2 6061/1002/2
f 6112/4407/2 6062/4408/2 4079/996/2 6063/4232/2
f 6111/4409/2 5961/4410/2 4026/998/2 6064/997/2
f 6110/4411/2 5959/4237/2 4025/4233/2 6065/4412/2
f 6109/4413/2 5958/4240/2 4024/4238/2 6066/4414/2
f 5278/4415/10 4682/4026/10 4191/4027/10 4481/4416/10
f 5277/4417/10 4487/4418/10 4196/4419/10 4485/4420/10
f 5276/4421/10 4488/4422/10 4198/4423/10 4685/4424/10
f 5275/4425/10 4678/4042/10 4197/4021/10 4686/4426/10
f 5274/4427/10 4503/4428/10 4210/4429/10 4674/4430/10
f 5273/4431/10 4504/4432/10 4211/4433/10 4689/4434/10
f 5272/4435/10 4666/4034/10 4202/4035/10 4690/4436/10
f 5271/4437/10 4507/4438/10 4209/4439/10 4673/4440/10
f 5270/4441/10 4508/4442/10 4212/4443/10 4693/4444/10
f 5269/4445/10 4500/4446/10 4208/4447/10 4694/4448/10
f 5268/4449/10 4511/4450/10 4205/4451/10 4497/4452/10
f 5267/4453/10 4512/4454/10 4213/4455/10 4697/4456/10
f 5266/4457/10 4499/4458/10 4207/4459/10 4698/4460/10
f 5265/4461/10 4515/4462/10 4201/4463/10 4493/4464/10
f 5264/4465/10 4516/4466/10 4214/4467/10 4701/4468/10
f 5263/4469/10 4670/4017/10 4206/4018/10 4702/4470/10
f 5262/4471/10 4559/4472/10 4254/4473/10 4662/4474/10
f 5261/4475/10 4560/4476/10 4255/4477/10 4705/4478/10
f 5260/4479/10 4630/4022/10 4222/4016/10 4706/4480/10
f 5259/4481/10 4563/4482/10 4253/4483/10 4661/4484/10
f 5258/4485/10 4564/4486/10 4256/4487/10 4709/4488/10
f 5257/4489/10 4556/4490/10 4252/4491/10 4710/4492/10
f 5256/4493/10 4567/4494/10 4229/4495/10 4533/4496/10
f 5255/4497/10 4568/4498/10 4257/4499/10 4713/4500/10
f 5254/4501/10 4555/4502/10 4251/4503/10 4714/4504/10
f 5253/4505/10 4571/4506/10 4250/4507/10 4658/4508/10
f 5252/4509/10 4572/4510/10 4258/4511/10 4717/4512/10
f 5251/4513/10 4539/4514/10 4235/4515/10 4718/4516/10
f 5250/4517/10 4575/4518/10 4249/4519/10 4657/4520/10
f 5249/4521/10 4576/4522/10 4259/4523/10 4721/4524/10
f 5248/4525/10 4552/4526/10 4248/4527/10 4722/4528/10
f 5247/4529/10 4579/4530/10 4233/4531/10 4537/4532/10
f 5246/4533/10 4580/4534/10 4260/4535/10 4725/4536/10
f 5245/4537/10 4551/4538/10 4247/4539/10 4726/4540/10
f 5244/4541/10 4583/4542/10 4246/4543/10 4654/4544/10
f 5243/4545/10 4584/4546/10 4261/4547/10 4729/4548/10
f 5242/4549/10 4540/4550/10 4236/4551/10 4730/4552/10
f 5241/4553/10 4587/4554/10 4245/4555/10 4653/4556/10
f 5240/4557/10 4588/4558/10 4262/4559/10 4733/4560/10
f 5239/4561/10 4548/4562/10 4244/4563/10 4734/4564/10
f 5238/4565/10 4591/4566/10 4225/4567/10 4633/4568/10
f 5237/4569/10 4592/4570/10 4263/4571/10 4737/4572/10
f 5236/4573/10 4547/4574/10 4243/4575/10 4738/4576/10
f 5235/4577/10 4595/4578/10 4242/4579/10 4650/4580/10
f 5234/4581/10 4596/4582/10 4264/4583/10 4741/4584/10
f 5233/4585/10 4626/4038/10 4218/4033/10 4742/4586/10
f 5232/4587/10 4599/4588/10 4241/4589/10 4649/4590/10
f 5231/4591/10 4600/4592/10 4265/4593/10 4745/4594/10
f 5230/4595/10 4544/4596/10 4240/4597/10 4746/4598/10
f 5229/4599/10 4603/4600/10 4226/4601/10 4634/4602/10
f 5228/4603/10 4604/4604/10 4266/4605/10 4749/4606/10
f 5227/4607/10 4543/4608/10 4239/4609/10 4750/4610/10
f 5226/4611/10 4607/4612/10 4238/4613/10 4646/4614/10
f 5225/4615/10 4608/4616/10 4267/4617/10 4753/4618/10
f 5224/4619/10 4638/4045/10 4230/4041/10 4754/4620/10
f 5223/4621/10 4611/4622/10 4237/4623/10 4645/4624/10
f 5222/4625/10 4612/4626/10 4268/4627/10 4757/4628/10
f 5221/4629/10 4528/4630/10 4224/4631/10 4758/4632/10
f 5220/4633/10 4615/4634/10 4221/4635/10 4525/4636/10
f 5219/4637/10 4616/4638/10 4269/4639/10 4761/4640/10
f 5218/4641/10 4527/4642/10 4223/4643/10 4762/4644/10
f 5217/4645/10 4619/4646/10 4217/4647/10 4521/4648/10
f 5216/4649/10 4620/4650/10 4270/4651/10 4765/4652/10
f 5215/4653/10 4642/4030/10 4234/4025/10 4766/4654/10
f 5214/4655/10 4767/4656/10 4414/4657/10 4622/4658/10
f 5213/4659/10 4768/4660/10 4415/4661/10 4769/4662/10
f 5212/4663/10 4498/4028/10 4290/4029/10 4770/4664/10
f 5211/4665/10 4771/4666/10 4413/4667/10 4621/4668/10
f 5210/4669/10 4772/4670/10 4416/4671/10 4773/4672/10
f 5209/4673/10 4764/4674/10 4412/4675/10 4774/4676/10
f 5208/4677/10 4775/4678/10 4313/4679/10 4665/4680/10
f 5207/4681/10 4776/4682/10 4417/4683/10 4777/4684/10
f 5206/4685/10 4763/4686/10 4411/4687/10 4778/4688/10
f 5205/4689/10 4779/4690/10 4410/4691/10 4618/4692/10
f 5204/4693/10 4780/4694/10 4418/4695/10 4781/4696/10
f 5203/4697/10 4671/4698/10 4319/4699/10 4782/4700/10
f 5202/4701/10 4783/4702/10 4409/4703/10 4617/4704/10
f 5201/4705/10 4784/4706/10 4419/4707/10 4785/4708/10
f 5200/4709/10 4760/4710/10 4408/4711/10 4786/4712/10
f 5199/4713/10 4787/4714/10 4317/4715/10 4669/4716/10
f 5198/4717/10 4788/4718/10 4420/4719/10 4789/4720/10
f 5197/4721/10 4759/4722/10 4407/4723/10 4790/4724/10
f 5196/4725/10 4791/4726/10 4406/4727/10 4614/4728/10
f 5195/4729/10 4792/4730/10 4421/4731/10 4793/4732/10
f 5194/4733/10 4672/4734/10 4320/4735/10 4794/4736/10
f 5193/4737/10 4795/4738/10 4405/4739/10 4613/4740/10
f 5192/4741/10 4796/4742/10 4422/4743/10 4797/4744/10
f 5191/4745/10 4756/4746/10 4404/4747/10 4798/4748/10
f 5190/4749/10 4799/4750/10 4293/4751/10 4501/4752/10
f 5189/4753/10 4800/4754/10 4423/4755/10 4801/4756/10
f 5188/4757/10 4755/4758/10 4403/4759/10 4802/4760/10
f 5187/4761/10 4803/4762/10 4402/4763/10 4610/4764/10
f 5186/4765/10 4804/4766/10 4424/4767/10 4805/4768/10
f 5185/4769/10 4494/4043/10 4286/4044/10 4806/4770/10
f 5184/4771/10 4807/4772/10 4401/4773/10 4609/4774/10
f 5183/4775/10 4808/4776/10 4425/4777/10 4809/4778/10
f 5182/4779/10 4752/4780/10 4400/4781/10 4810/4782/10
f 5181/4783/10 4811/4784/10 4294/4785/10 4502/4786/10
f 5180/4787/10 4812/4788/10 4426/4789/10 4813/4790/10
f 5179/4791/10 4751/4792/10 4399/4793/10 4814/4794/10
f 5178/4795/10 4815/4796/10 4398/4797/10 4606/4798/10
f 5177/4799/10 4816/4800/10 4427/4801/10 4817/4802/10
f 5176/4803/10 4687/4804/10 4335/4805/10 4818/4806/10
f 5175/4807/10 4819/4808/10 4397/4809/10 4605/4810/10
f 5174/4811/10 4820/4812/10 4428/4813/10 4821/4814/10
f 5173/4815/10 4748/4816/10 4396/4817/10 4822/4818/10
f 5172/4819/10 4823/4820/10 4282/4821/10 4490/4822/10
f 5171/4823/10 4824/4824/10 4429/4825/10 4825/4826/10
f 5170/4827/10 4747/4828/10 4395/4829/10 4826/4830/10
f 5169/4831/10 4827/4832/10 4394/4833/10 4602/4834/10
f 5168/4835/10 4828/4836/10 4430/4837/10 4829/4838/10
f 5167/4839/10 4688/4840/10 4336/4841/10 4830/4842/10
f 5166/4843/10 4831/4844/10 4393/4845/10 4601/4846/10
f 5165/4847/10 4832/4848/10 4431/4849/10 4833/4850/10
f 5164/4851/10 4744/4852/10 4392/4853/10 4834/4854/10
f 5163/4855/10 4835/4856/10 4297/4857/10 4505/4858/10
f 5162/4859/10 4836/4860/10 4432/4861/10 4837/4862/10
f 5161/4863/10 4743/4864/10 4391/4865/10 4838/4866/10
f 5160/4867/10 4839/4868/10 4390/4869/10 4598/4870/10
f 5159/4871/10 4840/4872/10 4433/4873/10 4841/4874/10
f 5158/4875/10 4482/4036/10 4274/4037/10 4842/4876/10
f 5157/4877/10 4843/4878/10 4389/4879/10 4597/4880/10
f 5156/4881/10 4844/4882/10 4434/4883/10 4845/4884/10
f 5155/4885/10 4740/4886/10 4388/4887/10 4846/4888/10
f 5154/4889/10 4847/4890/10 4298/4891/10 4506/4892/10
f 5153/4893/10 4848/4894/10 4435/4895/10 4849/4896/10
f 5152/4897/10 4739/4898/10 4387/4899/10 4850/4900/10
f 5151/4901/10 4851/4902/10 4386/4903/10 4594/4904/10
f 5150/4905/10 4852/4906/10 4436/4907/10 4853/4908/10
f 5149/4909/10 4691/4910/10 4339/4911/10 4854/4912/10
f 5148/4913/10 4855/4914/10 4385/4915/10 4593/4916/10
f 5147/4917/10 4856/4918/10 4437/4919/10 4857/4920/10
f 5146/4921/10 4736/4922/10 4384/4923/10 4858/4924/10
f 5145/4925/10 4859/4926/10 4281/4927/10 4489/4928/10
f 5144/4929/10 4860/4930/10 4438/4931/10 4861/4932/10
f 5143/4933/10 4735/4934/10 4383/4935/10 4862/4936/10
f 5142/4937/10 4863/4938/10 4382/4939/10 4590/4940/10
f 5141/4941/10 4864/4942/10 4439/4943/10 4865/4944/10
f 5140/4945/10 4692/4946/10 4340/4947/10 4866/4948/10
f 5139/4949/10 4867/4950/10 4381/4951/10 4589/4952/10
f 5138/4953/10 4868/4954/10 4440/4955/10 4869/4956/10
f 5137/4957/10 4732/4958/10 4380/4959/10 4870/4960/10
f 5136/4961/10 4871/4962/10 4301/4963/10 4509/4964/10
f 5135/4965/10 4872/4966/10 4441/4967/10 4873/4968/10
f 5134/4969/10 4731/4970/10 4379/4971/10 4874/4972/10
f 5133/4973/10 4875/4974/10 4378/4975/10 4586/4976/10
f 5132/4977/10 4876/4978/10 4442/4979/10 4877/4980/10
f 5131/4981/10 4684/4982/10 4332/4983/10 4878/4984/10
f 5130/4985/10 4879/4986/10 4377/4987/10 4585/4988/10
f 5129/4989/10 4880/4990/10 4443/4991/10 4881/4992/10
f 5128/4993/10 4728/4994/10 4376/4995/10 4882/4996/10
f 5127/4997/10 4883/4998/10 4302/4999/10 4510/5000/10
f 5126/5001/10 4884/5002/10 4444/5003/10 4885/5004/10
f 5125/5005/10 4727/5006/10 4375/5007/10 4886/5008/10
f 5124/5009/10 4887/5010/10 4374/5011/10 4582/5012/10
f 5123/5013/10 4888/5014/10 4445/5015/10 4889/5016/10
f 5122/5017/10 4695/5018/10 4343/5019/10 4890/5020/10
f 5121/5021/10 4891/5022/10 4373/5023/10 4581/5024/10
f 5120/5025/10 4892/5026/10 4446/5027/10 4893/5028/10
f 5119/5029/10 4724/5030/10 4372/5031/10 4894/5032/10
f 5118/5033/10 4895/5034/10 4329/5035/10 4681/5036/10
f 5117/5037/10 4896/5038/10 4447/5039/10 4897/5040/10
f 5116/5041/10 4723/5042/10 4371/5043/10 4898/5044/10
f 5115/5045/10 4899/5046/10 4370/5047/10 4578/5048/10
f 5114/5049/10 4900/5050/10 4448/5051/10 4901/5052/10
f 5113/5053/10 4696/5054/10 4344/5055/10 4902/5056/10
f 5112/5057/10 4903/5058/10 4369/5059/10 4577/5060/10
f 5111/5061/10 4904/5062/10 4449/5063/10 4905/5064/10
f 5110/5065/10 4720/5066/10 4368/5067/10 4906/5068/10
f 5109/5069/10 4907/5070/10 4305/5071/10 4513/5072/10
f 5108/5073/10 4908/5074/10 4450/5075/10 4909/5076/10
f 5107/5077/10 4719/5078/10 4367/5079/10 4910/5080/10
f 5106/5081/10 4911/5082/10 4366/5083/10 4574/5084/10
f 5105/5085/10 4912/5086/10 4451/5087/10 4913/5088/10
f 5104/5089/10 4683/5090/10 4331/5091/10 4914/5092/10
f 5103/5093/10 4915/5094/10 4365/5095/10 4573/5096/10
f 5102/5097/10 4916/5098/10 4452/5099/10 4917/5100/10
f 5101/5101/10 4716/5102/10 4364/5103/10 4918/5104/10
f 5100/5105/10 4919/5106/10 4306/5107/10 4514/5108/10
f 5099/5109/10 4920/5110/10 4453/5111/10 4921/5112/10
f 5098/5113/10 4715/5114/10 4363/5115/10 4922/5116/10
f 5097/5117/10 4923/5118/10 4362/5119/10 4570/5120/10
f 5096/5121/10 4924/5122/10 4454/5123/10 4925/5124/10
f 5095/5125/10 4699/5126/10 4347/5127/10 4926/5128/10
f 5094/5129/10 4927/5130/10 4361/5131/10 4569/5132/10
f 5093/5133/10 4928/5134/10 4455/5135/10 4929/5136/10
f 5092/5137/10 4712/5138/10 4360/5139/10 4930/5140/10
f 5091/5141/10 4931/5142/10 4325/5143/10 4677/5144/10
f 5090/5145/10 4932/5146/10 4456/5147/10 4933/5148/10
f 5089/5149/10 4711/5150/10 4359/5151/10 4934/5152/10
f 5088/5153/10 4935/5154/10 4358/5155/10 4566/5156/10
f 5087/5157/10 4936/5158/10 4457/5159/10 4937/5160/10
f 5086/5161/10 4700/5162/10 4348/5163/10 4938/5164/10
f 5085/5165/10 4939/5166/10 4357/5167/10 4565/5168/10
f 5084/5169/10 4940/5170/10 4458/5171/10 4941/5172/10
f 5083/5173/10 4708/5174/10 4356/5175/10 4942/5176/10
f 5082/5177/10 4943/5178/10 4309/5179/10 4517/5180/10
f 5081/5181/10 4944/5182/10 4459/5183/10 4945/5184/10
f 5080/5185/10 4707/5186/10 4355/5187/10 4946/5188/10
f 5079/5189/10 4947/5190/10 4354/5191/10 4562/5192/10
f 5078/5193/10 4948/5194/10 4460/5195/10 4949/5196/10
f 5077/5197/10 4486/4019/10 4278/4020/10 4950/5198/10
f 5076/5199/10 4951/5200/10 4353/5201/10 4561/5202/10
f 5075/5203/10 4952/5204/10 4461/5205/10 4953/5206/10
f 5074/5207/10 4704/5208/10 4352/5209/10 4954/5210/10
f 5073/5211/10 4955/5212/10 4310/5213/10 4518/5214/10
f 5072/5215/10 4956/5216/10 4462/5217/10 4957/5218/10
f 5071/5219/10 4703/5220/10 4351/5221/10 4958/5222/10
f 5070/5223/10 4959/5224/10 4350/5225/10 4558/5226/10
f 5069/5227/10 4960/5228/10 4463/5229/10 4961/5230/10
f 5068/5231/10 4526/4014/10 4318/4015/10 4962/5232/10
f 5067/5233/10 4963/5234/10 4349/5235/10 4557/5236/10
f 5066/5237/10 4964/5238/10 4464/5239/10 4965/5240/10
f 5065/5241/10 4660/5242/10 4308/5243/10 4966/5244/10
f 5064/5245/10 4967/5246/10 4285/5247/10 4637/5248/10
f 5063/5249/10 4968/5250/10 4465/5251/10 4969/5252/10
f 5062/5253/10 4659/5254/10 4307/5255/10 4970/5256/10
f 5061/5257/10 4971/5258/10 4346/5259/10 4554/5260/10
f 5060/5261/10 4972/5262/10 4466/5263/10 4973/5264/10
f 5059/5265/10 4643/5266/10 4291/5267/10 4974/5268/10
f 5058/5269/10 4975/5270/10 4345/5271/10 4553/5272/10
f 5057/5273/10 4976/5274/10 4467/5275/10 4977/5276/10
f 5056/5277/10 4656/5278/10 4304/5279/10 4978/5280/10
f 5055/5281/10 4979/5282/10 4289/5283/10 4641/5284/10
f 5054/5285/10 4980/5286/10 4468/5287/10 4981/5288/10
f 5053/5289/10 4655/5290/10 4303/5291/10 4982/5292/10
f 5052/5293/10 4983/5294/10 4342/5295/10 4550/5296/10
f 5051/5297/10 4984/5298/10 4469/5299/10 4985/5300/10
f 5050/5301/10 4644/5302/10 4292/5303/10 4986/5304/10
f 5049/5305/10 4987/5306/10 4341/5307/10 4549/5308/10
f 5048/5309/10 4988/5310/10 4470/5311/10 4989/5312/10
f 5047/5313/10 4652/5314/10 4300/5315/10 4990/5316/10
f 5046/5317/10 4991/5318/10 4321/5319/10 4529/5320/10
f 5045/5321/10 4992/5322/10 4471/5323/10 4993/5324/10
f 5044/5325/10 4651/5326/10 4299/5327/10 4994/5328/10
f 5043/5329/10 4995/5330/10 4338/5331/10 4546/5332/10
f 5042/5333/10 4996/5334/10 4472/5335/10 4997/5336/10
f 5041/5337/10 4522/4031/10 4314/4032/10 4998/5338/10
f 5040/5339/10 4999/5340/10 4337/5341/10 4545/5342/10
f 5039/5343/10 5000/5344/10 4473/5345/10 5001/5346/10
f 5038/5347/10 4648/5348/10 4296/5349/10 5002/5350/10
f 5037/5351/10 5003/5352/10 4322/5353/10 4530/5354/10
f 5036/5355/10 5004/5356/10 4474/5357/10 5005/5358/10
f 5035/5359/10 4647/5360/10 4295/5361/10 5006/5362/10
f 5034/5363/10 5007/5364/10 4334/5365/10 4542/5366/10
f 5033/5367/10 5008/5368/10 4475/5369/10 5009/5370/10
f 5032/5371/10 4534/4039/10 4326/4040/10 5010/5372/10
f 5031/5373/10 5011/5374/10 4333/5375/10 4541/5376/10
f 5030/5377/10 5012/5378/10 4476/5379/10 5013/5380/10
f 5029/5381/10 4632/5382/10 4280/5383/10 5014/5384/10
f 5028/5385/10 5015/5386/10 4277/5387/10 4629/5388/10
f 5027/5389/10 5016/5390/10 4477/5391/10 5017/5392/10
f 5026/5393/10 4631/5394/10 4279/5395/10 5018/5396/10
f 5025/5397/10 5019/5398/10 4273/5399/10 4625/5400/10
f 5024/5401/10 5020/5402/10 4478/5403/10 5021/5404/10
f 5023/5405/10 4538/4023/10 4330/4024/10 5022/5406/10
f 5020/5402/10 5023/5405/10 5022/5406/10 4478/5403/10
f 4414/4657/10 4766/4654/10 5023/5405/10 5020/5402/10
f 4766/4654/10 4234/4025/10 4538/4023/10 5023/5405/10
f 4763/4686/10 5024/5401/10 5021/5404/10 4411/4687/10
f 4270/4651/10 4622/4658/10 5024/5401/10 4763/4686/10
f 4622/4658/10 4414/4657/10 5020/5402/10 5024/5401/10
f 4619/4646/10 5025/5397/10 4625/5400/10 4217/4647/10
f 4411/4687/10 5021/5404/10 5025/5397/10 4619/4646/10
f 5021/5404/10 4478/5403/10 5019/5398/10 5025/5397/10
f 5016/5390/10 5026/5393/10 5018/5396/10 4477/5391/10
f 4410/4691/10 4762/4644/10 5026/5393/10 5016/5390/10
f 4762/4644/10 4223/4643/10 4631/5394/10 5026/5393/10
f 4759/4722/10 5027/5389/10 5017/5392/10 4407/4723/10
f 4269/4639/10 4618/4692/10 5027/5389/10 4759/4722/10
f 4618/4692/10 4410/4691/10 5016/5390/10 5027/5389/10
f 4615/4634/10 5028/5385/10 4629/5388/10 4221/4635/10
f 4407/4723/10 5017/5392/10 5028/5385/10 4615/4634/10
f 5017/5392/10 4477/5391/10 5015/5386/10 5028/5385/10
f 5012/5378/10 5029/5381/10 5014/5384/10 4476/5379/10
f 4406/4727/10 4758/4632/10 5029/5381/10 5012/5378/10
f 4758/4632/10 4224/4631/10 4632/5382/10 5029/5381/10
f 4755/4758/10 5030/5377/10 5013/5380/10 4403/4759/10
f 4268/4627/10 4614/4728/10 5030/5377/10 4755/4758/10
f 4614/4728/10 4406/4727/10 5012/5378/10 5030/5377/10
f 4611/4622/10 5031/5373/10 4541/5376/10 4237/4623/10
f 4403/4759/10 5013/5380/10 5031/5373/10 4611/4622/10
f 5013/5380/10 4476/5379/10 5011/5374/10 5031/5373/10
f 5008/5368/10 5032/5371/10 5010/5372/10 4475/5369/10
f 4402/4763/10 4754/4620/10 5032/5371/10 5008/5368/10
f 4754/4620/10 4230/4041/10 4534/4039/10 5032/5371/10
f 4751/4792/10 5033/5367/10 5009/5370/10 4399/4793/10
f 4267/4617/10 4610/4764/10 5033/5367/10 4751/4792/10
f 4610/4764/10 4402/4763/10 5008/5368/10 5033/5367/10
f 4607/4612/10 5034/5363/10 4542/5366/10 4238/4613/10
f 4399/4793/10 5009/5370/10 5034/5363/10 4607/4612/10
f 5009/5370/10 4475/5369/10 5007/5364/10 5034/5363/10
f 5004/5356/10 5035/5359/10 5006/5362/10 4474/5357/10
f 4398/4797/10 4750/4610/10 5035/5359/10 5004/5356/10
f 4750/4610/10 4239/4609/10 4647/5360/10 5035/5359/10
f 4747/4828/10 5036/5355/10 5005/5358/10 4395/4829/10
f 4266/4605/10 4606/4798/10 5036/5355/10 4747/4828/10
f 4606/4798/10 4398/4797/10 5004/5356/10 5036/5355/10
f 4603/4600/10 5037/5351/10 4530/5354/10 4226/4601/10
f 4395/4829/10 5005/5358/10 5037/5351/10 4603/4600/10
f 5005/5358/10 4474/5357/10 5003/5352/10 5037/5351/10
f 5000/5344/10 5038/5347/10 5002/5350/10 4473/5345/10
f 4394/4833/10 4746/4598/10 5038/5347/10 5000/5344/10
f 4746/4598/10 4240/4597/10 4648/5348/10 5038/5347/10
f 4743/4864/10 5039/5343/10 5001/5346/10 4391/4865/10
f 4265/4593/10 4602/4834/10 5039/5343/10 4743/4864/10
f 4602/4834/10 4394/4833/10 5000/5344/10 5039/5343/10
f 4599/4588/10 5040/5339/10 4545/5342/10 4241/4589/10
f 4391/4865/10 5001/5346/10 5040/5339/10 4599/4588/10
f 5001/5346/10 4473/5345/10 4999/5340/10 5040/5339/10
f 4996/5334/10 5041/5337/10 4998/5338/10 4472/5335/10
f 4390/4869/10 4742/4586/10 5041/5337/10 4996/5334/10
f 4742/4586/10 4218/4033/10 4522/4031/10 5041/5337/10
f 4739/4898/10 5042/5333/10 4997/5336/10 4387/4899/10
f 4264/4583/10 4598/4870/10 5042/5333/10 4739/4898/10
f 4598/4870/10 4390/4869/10 4996/5334/10 5042/5333/10
f 4595/4578/10 5043/5329/10 4546/5332/10 4242/4579/10
f 4387/4899/10 4997/5336/10 5043/5329/10 4595/4578/10
f 4997/5336/10 4472/5335/10 4995/5330/10 5043/5329/10
f 4992/5322/10 5044/5325/10 4994/5328/10 4471/5323/10
f 4386/4903/10 4738/4576/10 5044/5325/10 4992/5322/10
f 4738/4576/10 4243/4575/10 4651/5326/10 5044/5325/10
f 4735/4934/10 5045/5321/10 4993/5324/10 4383/4935/10
f 4263/4571/10 4594/4904/10 5045/5321/10 4735/4934/10
f 4594/4904/10 4386/4903/10 4992/5322/10 5045/5321/10
f 4591/4566/10 5046/5317/10 4529/5320/10 4225/4567/10
f 4383/4935/10 4993/5324/10 5046/5317/10 4591/4566/10
f 4993/5324/10 4471/5323/10 4991/5318/10 5046/5317/10
f 4988/5310/10 5047/5313/10 4990/5316/10 4470/5311/10
f 4382/4939/10 4734/4564/10 5047/5313/10 4988/5310/10
f 4734/4564/10 4244/4563/10 4652/5314/10 5047/5313/10
f 4731/4970/10 5048/5309/10 4989/5312/10 4379/4971/10
f 4262/4559/10 4590/4940/10 5048/5309/10 4731/4970/10
f 4590/4940/10 4382/4939/10 4988/5310/10 5048/5309/10
f 4587/4554/10 5049/5305/10 4549/5308/10 4245/4555/10
f 4379/4971/10 4989/5312/10 5049/5305/10 4587/4554/10
f 4989/5312/10 4470/5311/10 4987/5306/10 5049/5305/10
f 4984/5298/10 5050/5301/10 4986/5304/10 4469/5299/10
f 4378/4975/10 4730/4552/10 5050/5301/10 4984/5298/10
f 4730/4552/10 4236/4551/10 4644/5302/10 5050/5301/10
f 4727/5006/10 5051/5297/10 4985/5300/10 4375/5007/10
f 4261/4547/10 4586/4976/10 5051/5297/10 4727/5006/10
f 4586/4976/10 4378/4975/10 4984/5298/10 5051/5297/10
f 4583/4542/10 5052/5293/10 4550/5296/10 4246/4543/10
f 4375/5007/10 4985/5300/10 5052/5293/10 4583/4542/10
f 4985/5300/10 4469/5299/10 4983/5294/10 5052/5293/10
f 4980/5286/10 5053/5289/10 4982/5292/10 4468/5287/10
f 4374/5011/10 4726/4540/10 5053/5289/10 4980/5286/10
f 4726/4540/10 4247/4539/10 4655/5290/10 5053/5289/10
f 4723/5042/10 5054/5285/10 4981/5288/10 4371/5043/10
f 4260/4535/10 4582/5012/10 5054/5285/10 4723/5042/10
f 4582/5012/10 4374/5011/10 4980/5286/10 5054/5285/10
f 4579/4530/10 5055/5281/10 4641/5284/10 4233/4531/10
f 4371/5043/10 4981/5288/10 5055/5281/10 4579/4530/10
f 4981/5288/10 4468/5287/10 4979/5282/10 5055/5281/10
f 4976/5274/10 5056/5277/10 4978/5280/10 4467/5275/10
f 4370/5047/10 4722/4528/10 5056/5277/10 4976/5274/10
f 4722/4528/10 4248/4527/10 4656/5278/10 5056/5277/10
f 4719/5078/10 5057/5273/10 4977/5276/10 4367/5079/10
f 4259/4523/10 4578/5048/10 5057/5273/10 4719/5078/10
f 4578/5048/10 4370/5047/10 4976/5274/10 5057/5273/10
f 4575/4518/10 5058/5269/10 4553/5272/10 4249/4519/10
f 4367/5079/10 4977/5276/10 5058/5269/10 4575/4518/10
f 4977/5276/10 4467/5275/10 4975/5270/10 5058/5269/10
f 4972/5262/10 5059/5265/10 4974/5268/10 4466/5263/10
f 4366/5083/10 4718/4516/10 5059/5265/10 4972/5262/10
f 4718/4516/10 4235/4515/10 4643/5266/10 5059/5265/10
f 4715/5114/10 5060/5261/10 4973/5264/10 4363/5115/10
f 4258/4511/10 4574/5084/10 5060/5261/10 4715/5114/10
f 4574/5084/10 4366/5083/10 4972/5262/10 5060/5261/10
f 4571/4506/10 5061/5257/10 4554/5260/10 4250/4507/10
f 4363/5115/10 4973/5264/10 5061/5257/10 4571/4506/10
f 4973/5264/10 4466/5263/10 4971/5258/10 5061/5257/10
f 4968/5250/10 5062/5253/10 4970/5256/10 4465/5251/10
f 4362/5119/10 4714/4504/10 5062/5253/10 4968/5250/10
f 4714/4504/10 4251/4503/10 4659/5254/10 5062/5253/10
f 4711/5150/10 5063/5249/10 4969/5252/10 4359/5151/10
f 4257/4499/10 4570/5120/10 5063/5249/10 4711/5150/10
f 4570/5120/10 4362/5119/10 4968/5250/10 5063/5249/10
f 4567/4494/10 5064/5245/10 4637/5248/10 4229/4495/10
f 4359/5151/10 4969/5252/10 5064/5245/10 4567/4494/10
f 4969/5252/10 4465/5251/10 4967/5246/10 5064/5245/10
f 4964/5238/10 5065/5241/10 4966/5244/10 4464/5239/10
f 4358/5155/10 4710/4492/10 5065/5241/10 4964/5238/10
f 4710/4492/10 4252/4491/10 4660/5242/10 5065/5241/10
f 4707/5186/10 5066/5237/10 4965/5240/10 4355/5187/10
f 4256/4487/10 4566/5156/10 5066/5237/10 4707/5186/10
f 4566/5156/10 4358/5155/10 4964/5238/10 5066/5237/10
f 4563/4482/10 5067/5233/10 4557/5236/10 4253/4483/10
f 4355/5187/10 4965/5240/10 5067/5233/10 4563/4482/10
f 4965/5240/10 4464/5239/10 4963/5234/10 5067/5233/10
f 4960/5228/10 5068/5231/10 4962/5232/10 4463/5229/10
f 4354/5191/10 4706/4480/10 5068/5231/10 4960/5228/10
f 4706/4480/10 4222/4016/10 4526/4014/10 5068/5231/10
f 4703/5220/10 5069/5227/10 4961/5230/10 4351/5221/10
f 4255/4477/10 4562/5192/10 5069/5227/10 4703/5220/10
f 4562/5192/10 4354/5191/10 4960/5228/10 5069/5227/10
f 4559/4472/10 5070/5223/10 4558/5226/10 4254/4473/10
f 4351/5221/10 4961/5230/10 5070/5223/10 4559/4472/10
f 4961/5230/10 4463/5229/10 4959/5224/10 5070/5223/10
f 4956/5216/10 5071/5219/10 4958/5222/10 4462/5217/10
f 4353/5201/10 4705/4478/10 5071/5219/10 4956/5216/10
f 4705/4478/10 4255/4477/10 4703/5220/10 5071/5219/10
f 4660/5242/10 5072/5215/10 4957/5218/10 4308/5243/10
f 4252/4491/10 4561/5202/10 5072/5215/10 4660/5242/10
f 4561/5202/10 4353/5201/10 4956/5216/10 5072/5215/10
f 4516/4466/10 5073/5211/10 4518/5214/10 4214/4467/10
f 4308/5243/10 4957/5218/10 5073/5211/10 4516/4466/10
f 4957/5218/10 4462/5217/10 4955/5212/10 5073/5211/10
f 4952/5204/10 5074/5207/10 4954/5210/10 4461/5205/10
f 4294/4785/10 4646/4614/10 5074/5207/10 4952/5204/10
f 4646/4614/10 4238/4613/10 4704/5208/10 5074/5207/10
f 4700/5162/10 5075/5203/10 4953/5206/10 4348/5163/10
f 4210/4429/10 4502/4786/10 5075/5203/10 4700/5162/10
f 4502/4786/10 4294/4785/10 4952/5204/10 5075/5203/10
f 4556/4490/10 5076/5199/10 4561/5202/10 4252/4491/10
f 4348/5163/10 4953/5206/10 5076/5199/10 4556/4490/10
f 4953/5206/10 4461/5205/10 4951/5200/10 5076/5199/10
f 4948/5194/10 5077/5197/10 4950/5198/10 4460/5195/10
f 4334/5365/10 4686/4426/10 5077/5197/10 4948/5194/10
f 4686/4426/10 4197/4021/10 4486/4019/10 5077/5197/10
f 4704/5208/10 5078/5193/10 4949/5196/10 4352/5209/10
f 4238/4613/10 4542/5366/10 5078/5193/10 4704/5208/10
f 4542/5366/10 4334/5365/10 4948/5194/10 5078/5193/10
f 4560/4476/10 5079/5189/10 4562/5192/10 4255/4477/10
f 4352/5209/10 4949/5196/10 5079/5189/10 4560/4476/10
f 4949/5196/10 4460/5195/10 4947/5190/10 5079/5189/10
f 4944/5182/10 5080/5185/10 4946/5188/10 4459/5183/10
f 4357/5167/10 4709/4488/10 5080/5185/10 4944/5182/10
f 4709/4488/10 4256/4487/10 4707/5186/10 5080/5185/10
f 4643/5266/10 5081/5181/10 4945/5184/10 4291/5267/10
f 4235/4515/10 4565/5168/10 5081/5181/10 4643/5266/10
f 4565/5168/10 4357/5167/10 4944/5182/10 5081/5181/10
f 4499/4458/10 5082/5177/10 4517/5180/10 4207/4459/10
f 4291/5267/10 4945/5184/10 5082/5177/10 4499/4458/10
f 4945/5184/10 4459/5183/10 4943/5178/10 5082/5177/10
f 4940/5170/10 5083/5173/10 4942/5176/10 4458/5171/10
f 4282/4821/10 4634/4602/10 5083/5173/10 4940/5170/10
f 4634/4602/10 4226/4601/10 4708/5174/10 5083/5173/10
f 4683/5090/10 5084/5169/10 4941/5172/10 4331/5091/10
f 4198/4423/10 4490/4822/10 5084/5169/10 4683/5090/10
f 4490/4822/10 4282/4821/10 4940/5170/10 5084/5169/10
f 4539/4514/10 5085/5165/10 4565/5168/10 4235/4515/10
f 4331/5091/10 4941/5172/10 5085/5165/10 4539/4514/10
f 4941/5172/10 4458/5171/10 4939/5166/10 5085/5165/10
f 4936/5158/10 5086/5161/10 4938/5164/10 4457/5159/10
f 4322/5353/10 4674/4430/10 5086/5161/10 4936/5158/10
f 4674/4430/10 4210/4429/10 4700/5162/10 5086/5161/10
f 4708/5174/10 5087/5157/10 4937/5160/10 4356/5175/10
f 4226/4601/10 4530/5354/10 5087/5157/10 4708/5174/10
f 4530/5354/10 4322/5353/10 4936/5158/10 5087/5157/10
f 4564/4486/10 5088/5153/10 4566/5156/10 4256/4487/10
f 4356/5175/10 4937/5160/10 5088/5153/10 4564/4486/10
f 4937/5160/10 4457/5159/10 4935/5154/10 5088/5153/10
f 4932/5146/10 5089/5149/10 4934/5152/10 4456/5147/10
f 4361/5131/10 4713/4500/10 5089/5149/10 4932/5146/10
f 4713/4500/10 4257/4499/10 4711/5150/10 5089/5149/10
f 4631/5394/10 5090/5145/10 4933/5148/10 4279/5395/10
f 4223/4643/10 4569/5132/10 5090/5145/10 4631/5394/10
f 4569/5132/10 4361/5131/10 4932/5146/10 5090/5145/10
f 4487/4418/10 5091/5141/10 4677/5144/10 4196/4419/10
f 4279/5395/10 4933/5148/10 5091/5141/10 4487/4418/10
f 4933/5148/10 4456/5147/10 4931/5142/10 5091/5141/10
f 4928/5134/10 5092/5137/10 4930/5140/10 4455/5135/10
f 4309/5179/10 4661/4484/10 5092/5137/10 4928/5134/10
f 4661/4484/10 4253/4483/10 4712/5138/10 5092/5137/10
f 4671/4698/10 5093/5133/10 4929/5136/10 4319/4699/10
f 4207/4459/10 4517/5180/10 5093/5133/10 4671/4698/10
f 4517/5180/10 4309/5179/10 4928/5134/10 5093/5133/10
f 4527/4642/10 5094/5129/10 4569/5132/10 4223/4643/10
f 4319/4699/10 4929/5136/10 5094/5129/10 4527/4642/10
f 4929/5136/10 4455/5135/10 4927/5130/10 5094/5129/10
f 4924/5122/10 5095/5125/10 4926/5128/10 4454/5123/10
f 4349/5235/10 4701/4468/10 5095/5125/10 4924/5122/10
f 4701/4468/10 4214/4467/10 4699/5126/10 5095/5125/10
f 4712/5138/10 5096/5121/10 4925/5124/10 4360/5139/10
f 4253/4483/10 4557/5236/10 5096/5121/10 4712/5138/10
f 4557/5236/10 4349/5235/10 4924/5122/10 5096/5121/10
f 4568/4498/10 5097/5117/10 4570/5120/10 4257/4499/10
f 4360/5139/10 4925/5124/10 5097/5117/10 4568/4498/10
f 4925/5124/10 4454/5123/10 4923/5118/10 5097/5117/10
f 4920/5110/10 5098/5113/10 4922/5116/10 4453/5111/10
f 4365/5095/10 4717/4512/10 5098/5113/10 4920/5110/10
f 4717/4512/10 4258/4511/10 4715/5114/10 5098/5113/10
f 4656/5278/10 5099/5109/10 4921/5112/10 4304/5279/10
f 4248/4527/10 4573/5096/10 5099/5109/10 4656/5278/10
f 4573/5096/10 4365/5095/10 4920/5110/10 5099/5109/10
f 4512/4454/10 5100/5105/10 4514/5108/10 4213/4455/10
f 4304/5279/10 4921/5112/10 5100/5105/10 4512/4454/10
f 4921/5112/10 4453/5111/10 4919/5106/10 5100/5105/10
f 4916/5098/10 5101/5101/10 4918/5104/10 4452/5099/10
f 4293/4751/10 4645/4624/10 5101/5101/10 4916/5098/10
f 4645/4624/10 4237/4623/10 4716/5102/10 5101/5101/10
f 4696/5054/10 5102/5097/10 4917/5100/10 4344/5055/10
f 4209/4439/10 4501/4752/10 5102/5097/10 4696/5054/10
f 4501/4752/10 4293/4751/10 4916/5098/10 5102/5097/10
f 4552/4526/10 5103/5093/10 4573/5096/10 4248/4527/10
f 4344/5055/10 4917/5100/10 5103/5093/10 4552/4526/10
f 4917/5100/10 4452/5099/10 4915/5094/10 5103/5093/10
f 4912/5086/10 5104/5089/10 4914/5092/10 4451/5087/10
f 4333/5375/10 4685/4424/10 5104/5089/10 4912/5086/10
f 4685/4424/10 4198/4423/10 4683/5090/10 5104/5089/10
f 4716/5102/10 5105/5085/10 4913/5088/10 4364/5103/10
f 4237/4623/10 4541/5376/10 5105/5085/10 4716/5102/10
f 4541/5376/10 4333/5375/10 4912/5086/10 5105/5085/10
f 4572/4510/10 5106/5081/10 4574/5084/10 4258/4511/10
f 4364/5103/10 4913/5088/10 5106/5081/10 4572/4510/10
f 4913/5088/10 4451/5087/10 4911/5082/10 5106/5081/10
f 4908/5074/10 5107/5077/10 4910/5080/10 4450/5075/10
f 4369/5059/10 4721/4524/10 5107/5077/10 4908/5074/10
f 4721/4524/10 4259/4523/10 4719/5078/10 5107/5077/10
f 4635/5407/10 5108/5073/10 4909/5076/10 4283/5408/10
f 4227/5409/10 4577/5060/10 5108/5073/10 4635/5407/10
f 4577/5060/10 4369/5059/10 4908/5074/10 5108/5073/10
f 4491/5410/10 5109/5069/10 4513/5072/10 4199/5411/10
f 4283/5408/10 4909/5076/10 5109/5069/10 4491/5410/10
f 4909/5076/10 4450/5075/10 4907/5070/10 5109/5069/10
f 4904/5062/10 5110/5065/10 4906/5068/10 4449/5063/10
f 4281/4927/10 4633/4568/10 5110/5065/10 4904/5062/10
f 4633/4568/10 4225/4567/10 4720/5066/10 5110/5065/10
f 4675/5412/10 5111/5061/10 4905/5064/10 4323/5413/10
f 4194/5414/10 4489/4928/10 5111/5061/10 4675/5412/10
f 4489/4928/10 4281/4927/10 4904/5062/10 5111/5061/10
f 4531/5415/10 5112/5057/10 4577/5060/10 4227/5409/10
f 4323/5413/10 4905/5064/10 5112/5057/10 4531/5415/10
f 4905/5064/10 4449/5063/10 4903/5058/10 5112/5057/10
f 4900/5050/10 5113/5053/10 4902/5056/10 4448/5051/10
f 4321/5319/10 4673/4440/10 5113/5053/10 4900/5050/10
f 4673/4440/10 4209/4439/10 4696/5054/10 5113/5053/10
f 4720/5066/10 5114/5049/10 4901/5052/10 4368/5067/10
f 4225/4567/10 4529/5320/10 5114/5049/10 4720/5066/10
f 4529/5320/10 4321/5319/10 4900/5050/10 5114/5049/10
f 4576/4522/10 5115/5045/10 4578/5048/10 4259/4523/10
f 4368/5067/10 4901/5052/10 5115/5045/10 4576/4522/10
f 4901/5052/10 4448/5051/10 4899/5046/10 5115/5045/10
f 4896/5038/10 5116/5041/10 4898/5044/10 4447/5039/10
f 4373/5023/10 4725/4536/10 5116/5041/10 4896/5038/10
f 4725/4536/10 4260/4535/10 4723/5042/10 5116/5041/10
f 4623/5416/10 5117/5037/10 4897/5040/10 4271/5417/10
f 4215/5418/10 4581/5024/10 5117/5037/10 4623/5416/10
f 4581/5024/10 4373/5023/10 4896/5038/10 5117/5037/10
f 4479/5419/10 5118/5033/10 4681/5036/10 4193/5420/10
f 4271/5417/10 4897/5040/10 5118/5033/10 4479/5419/10
f 4897/5040/10 4447/5039/10 4895/5034/10 5118/5033/10
f 4892/5026/10 5119/5029/10 4894/5032/10 4446/5027/10
f 4305/5071/10 4657/4520/10 5119/5029/10 4892/5026/10
f 4657/4520/10 4249/4519/10 4724/5030/10 5119/5029/10
f 4663/5421/10 5120/5025/10 4893/5028/10 4311/5422/10
f 4199/5411/10 4513/5072/10 5120/5025/10 4663/5421/10
f 4513/5072/10 4305/5071/10 4892/5026/10 5120/5025/10
f 4519/5423/10 5121/5021/10 4581/5024/10 4215/5418/10
f 4311/5422/10 4893/5028/10 5121/5021/10 4519/5423/10
f 4893/5028/10 4446/5027/10 4891/5022/10 5121/5021/10
f 4888/5014/10 5122/5017/10 4890/5020/10 4445/5015/10
f 4345/5271/10 4697/4456/10 5122/5017/10 4888/5014/10
f 4697/4456/10 4213/4455/10 4695/5018/10 5122/5017/10
f 4724/5030/10 5123/5013/10 4889/5016/10 4372/5031/10
f 4249/4519/10 4553/5272/10 5123/5013/10 4724/5030/10
f 4553/5272/10 4345/5271/10 4888/5014/10 5123/5013/10
f 4580/4534/10 5124/5009/10 4582/5012/10 4260/4535/10
f 4372/5031/10 4889/5016/10 5124/5009/10 4580/4534/10
f 4889/5016/10 4445/5015/10 4887/5010/10 5124/5009/10
f 4884/5002/10 5125/5005/10 4886/5008/10 4444/5003/10
f 4377/4987/10 4729/4548/10 5125/5005/10 4884/5002/10
f 4729/4548/10 4261/4547/10 4727/5006/10 5125/5005/10
f 4652/5314/10 5126/5001/10 4885/5004/10 4300/5315/10
f 4244/4563/10 4585/4988/10 5126/5001/10 4652/5314/10
f 4585/4988/10 4377/4987/10 4884/5002/10 5126/5001/10
f 4508/4442/10 5127/4997/10 4510/5000/10 4212/4443/10
f 4300/5315/10 4885/5004/10 5127/4997/10 4508/4442/10
f 4885/5004/10 4444/5003/10 4883/4998/10 5127/4997/10
f 4880/4990/10 5128/4993/10 4882/4996/10 4443/4991/10
f 4284/5424/10 4636/5425/10 5128/4993/10 4880/4990/10
f 4636/5425/10 4228/5426/10 4728/4994/10 5128/4993/10
f 4692/4946/10 5129/4989/10 4881/4992/10 4340/4947/10
f 4200/5427/10 4492/5428/10 5129/4989/10 4692/4946/10
f 4492/5428/10 4284/5424/10 4880/4990/10 5129/4989/10
f 4548/4562/10 5130/4985/10 4585/4988/10 4244/4563/10
f 4340/4947/10 4881/4992/10 5130/4985/10 4548/4562/10
f 4881/4992/10 4443/4991/10 4879/4986/10 5130/4985/10
f 4876/4978/10 5131/4981/10 4878/4984/10 4442/4979/10
f 4324/5429/10 4676/5430/10 5131/4981/10 4876/4978/10
f 4676/5430/10 4195/5431/10 4684/4982/10 5131/4981/10
f 4728/4994/10 5132/4977/10 4877/4980/10 4376/4995/10
f 4228/5426/10 4532/5432/10 5132/4977/10 4728/4994/10
f 4532/5432/10 4324/5429/10 4876/4978/10 5132/4977/10
f 4584/4546/10 5133/4973/10 4586/4976/10 4261/4547/10
f 4376/4995/10 4877/4980/10 5133/4973/10 4584/4546/10
f 4877/4980/10 4442/4979/10 4875/4974/10 5133/4973/10
f 4872/4966/10 5134/4969/10 4874/4972/10 4441/4967/10
f 4381/4951/10 4733/4560/10 5134/4969/10 4872/4966/10
f 4733/4560/10 4262/4559/10 4731/4970/10 5134/4969/10
f 4639/5433/10 5135/4965/10 4873/4968/10 4287/5434/10
f 4231/5435/10 4589/4952/10 5135/4965/10 4639/5433/10
f 4589/4952/10 4381/4951/10 4872/4966/10 5135/4965/10
f 4495/5436/10 5136/4961/10 4509/4964/10 4203/5437/10
f 4287/5434/10 4873/4968/10 5136/4961/10 4495/5436/10
f 4873/4968/10 4441/4967/10 4871/4962/10 5136/4961/10
f 4868/4954/10 5137/4957/10 4870/4960/10 4440/4955/10
f 4272/5438/10 4624/5439/10 5137/4957/10 4868/4954/10
f 4624/5439/10 4216/5440/10 4732/4958/10 5137/4957/10
f 4679/5441/10 5138/4953/10 4869/4956/10 4327/5442/10
f 4192/5443/10 4480/5444/10 5138/4953/10 4679/5441/10
f 4480/5444/10 4272/5438/10 4868/4954/10 5138/4953/10
f 4535/5445/10 5139/4949/10 4589/4952/10 4231/5435/10
f 4327/5442/10 4869/4956/10 5139/4949/10 4535/5445/10
f 4869/4956/10 4440/4955/10 4867/4950/10 5139/4949/10
f 4864/4942/10 5140/4945/10 4866/4948/10 4439/4943/10
f 4312/5446/10 4664/5447/10 5140/4945/10 4864/4942/10
f 4664/5447/10 4200/5427/10 4692/4946/10 5140/4945/10
f 4732/4958/10 5141/4941/10 4865/4944/10 4380/4959/10
f 4216/5440/10 4520/5448/10 5141/4941/10 4732/4958/10
f 4520/5448/10 4312/5446/10 4864/4942/10 5141/4941/10
f 4588/4558/10 5142/4937/10 4590/4940/10 4262/4559/10
f 4380/4959/10 4865/4944/10 5142/4937/10 4588/4558/10
f 4865/4944/10 4439/4943/10 4863/4938/10 5142/4937/10
f 4860/4930/10 5143/4933/10 4862/4936/10 4438/4931/10
f 4385/4915/10 4737/4572/10 5143/4933/10 4860/4930/10
f 4737/4572/10 4263/4571/10 4735/4934/10 5143/4933/10
f 4627/5449/10 5144/4929/10 4861/4932/10 4275/5450/10
f 4219/5451/10 4593/4916/10 5144/4929/10 4627/5449/10
f 4593/4916/10 4385/4915/10 4860/4930/10 5144/4929/10
f 4483/5452/10 5145/4925/10 4489/4928/10 4194/5414/10
f 4275/5450/10 4861/4932/10 5145/4925/10 4483/5452/10
f 4861/4932/10 4438/4931/10 4859/4926/10 5145/4925/10
f 4856/4918/10 5146/4921/10 4858/4924/10 4437/4919/10
f 4301/4963/10 4653/4556/10 5146/4921/10 4856/4918/10
f 4653/4556/10 4245/4555/10 4736/4922/10 5146/4921/10
f 4667/5453/10 5147/4917/10 4857/4920/10 4315/5454/10
f 4203/5437/10 4509/4964/10 5147/4917/10 4667/5453/10
f 4509/4964/10 4301/4963/10 4856/4918/10 5147/4917/10
f 4523/5455/10 5148/4913/10 4593/4916/10 4219/5451/10
f 4315/5454/10 4857/4920/10 5148/4913/10 4523/5455/10
f 4857/4920/10 4437/4919/10 4855/4914/10 5148/4913/10
f 4852/4906/10 5149/4909/10 4854/4912/10 4436/4907/10
f 4341/5307/10 4693/4444/10 5149/4909/10 4852/4906/10
f 4693/4444/10 4212/4443/10 4691/4910/10 5149/4909/10
f 4736/4922/10 5150/4905/10 4853/4908/10 4384/4923/10
f 4245/4555/10 4549/5308/10 5150/4905/10 4736/4922/10
f 4549/5308/10 4341/5307/10 4852/4906/10 5150/4905/10
f 4592/4570/10 5151/4901/10 4594/4904/10 4263/4571/10
f 4384/4923/10 4853/4908/10 5151/4901/10 4592/4570/10
f 4853/4908/10 4436/4907/10 4851/4902/10 5151/4901/10
f 4848/4894/10 5152/4897/10 4850/4900/10 4435/4895/10
f 4389/4879/10 4741/4584/10 5152/4897/10 4848/4894/10
f 4741/4584/10 4264/4583/10 4739/4898/10 5152/4897/10
f 4648/5348/10 5153/4893/10 4849/4896/10 4296/5349/10
f 4240/4597/10 4597/4880/10 5153/4893/10 4648/5348/10
f 4597/4880/10 4389/4879/10 4848/4894/10 5153/4893/10
f 4504/4432/10 5154/4889/10 4506/4892/10 4211/4433/10
f 4296/5349/10 4849/4896/10 5154/4889/10 4504/4432/10
f 4849/4896/10 4435/4895/10 4847/4890/10 5154/4889/10
f 4844/4882/10 5155/4885/10 4846/4888/10 4434/4883/10
f 4288/5456/10 4640/5457/10 5155/4885/10 4844/4882/10
f 4640/5457/10 4232/5458/10 4740/4886/10 5155/4885/10
f 4688/4840/10 5156/4881/10 4845/4884/10 4336/4841/10
f 4204/5459/10 4496/5460/10 5156/4881/10 4688/4840/10
f 4496/5460/10 4288/5456/10 4844/4882/10 5156/4881/10
f 4544/4596/10 5157/4877/10 4597/4880/10 4240/4597/10
f 4336/4841/10 4845/4884/10 5157/4877/10 4544/4596/10
f 4845/4884/10 4434/4883/10 4843/4878/10 5157/4877/10
f 4840/4872/10 5158/4875/10 4842/4876/10 4433/4873/10
f 4328/5461/10 4680/5462/10 5158/4875/10 4840/4872/10
f 4680/5462/10 4190/3956/10 4482/4036/10 5158/4875/10
f 4740/4886/10 5159/4871/10 4841/4874/10 4388/4887/10
f 4232/5458/10 4536/5463/10 5159/4871/10 4740/4886/10
f 4536/5463/10 4328/5461/10 4840/4872/10 5159/4871/10
f 4596/4582/10 5160/4867/10 4598/4870/10 4264/4583/10
f 4388/4887/10 4841/4874/10 5160/4867/10 4596/4582/10
f 4841/4874/10 4433/4873/10 4839/4868/10 5160/4867/10
f 4836/4860/10 5161/4863/10 4838/4866/10 4432/4861/10
f 4393/4845/10 4745/4594/10 5161/4863/10 4836/4860/10
f 4745/4594/10 4265/4593/10 4743/4864/10 5161/4863/10
f 4644/5302/10 5162/4859/10 4837/4862/10 4292/5303/10
f 4236/4551/10 4601/4846/10 5162/4859/10 4644/5302/10
f 4601/4846/10 4393/4845/10 4836/4860/10 5162/4859/10
f 4500/4446/10 5163/4855/10 4505/4858/10 4208/4447/10
f 4292/5303/10 4837/4862/10 5163/4855/10 4500/4446/10
f 4837/4862/10 4432/4861/10 4835/4856/10 5163/4855/10
f 4832/4848/10 5164/4851/10 4834/4854/10 4431/4849/10
f 4276/5464/10 4628/5465/10 5164/4851/10 4832/4848/10
f 4628/5465/10 4220/5466/10 4744/4852/10 5164/4851/10
f 4684/4982/10 5165/4847/10 4833/4850/10 4332/4983/10
f 4195/5431/10 4484/5467/10 5165/4847/10 4684/4982/10
f 4484/5467/10 4276/5464/10 4832/4848/10 5165/4847/10
f 4540/4550/10 5166/4843/10 4601/4846/10 4236/4551/10
f 4332/4983/10 4833/4850/10 5166/4843/10 4540/4550/10
f 4833/4850/10 4431/4849/10 4831/4844/10 5166/4843/10
f 4828/4836/10 5167/4839/10 4830/4842/10 4430/4837/10
f 4316/5468/10 4668/5469/10 5167/4839/10 4828/4836/10
f 4668/5469/10 4204/5459/10 4688/4840/10 5167/4839/10
f 4744/4852/10 5168/4835/10 4829/4838/10 4392/4853/10
f 4220/5466/10 4524/5470/10 5168/4835/10 4744/4852/10
f 4524/5470/10 4316/5468/10 4828/4836/10 5168/4835/10
f 4600/4592/10 5169/4831/10 4602/4834/10 4265/4593/10
f 4392/4853/10 4829/4838/10 5169/4831/10 4600/4592/10
f 4829/4838/10 4430/4837/10 4827/4832/10 5169/4831/10
f 4824/4824/10 5170/4827/10 4826/4830/10 4429/4825/10
f 4397/4809/10 4749/4606/10 5170/4827/10 4824/4824/10
f 4749/4606/10 4266/4605/10 4747/4828/10 5170/4827/10
f 4632/5382/10 5171/4823/10 4825/4826/10 4280/5383/10
f 4224/4631/10 4605/4810/10 5171/4823/10 4632/5382/10
f 4605/4810/10 4397/4809/10 4824/4824/10 5171/4823/10
f 4488/4422/10 5172/4819/10 4490/4822/10 4198/4423/10
f 4280/5383/10 4825/4826/10 5172/4819/10 4488/4422/10
f 4825/4826/10 4429/4825/10 4823/4820/10 5172/4819/10
f 4820/4812/10 5173/4815/10 4822/4818/10 4428/4813/10
f 4297/4857/10 4649/4590/10 5173/4815/10 4820/4812/10
f 4649/4590/10 4241/4589/10 4748/4816/10 5173/4815/10
f 4672/4734/10 5174/4811/10 4821/4814/10 4320/4735/10
f 4208/4447/10 4505/4858/10 5174/4811/10 4672/4734/10
f 4505/4858/10 4297/4857/10 4820/4812/10 5174/4811/10
f 4528/4630/10 5175/4807/10 4605/4810/10 4224/4631/10
f 4320/4735/10 4821/4814/10 5175/4807/10 4528/4630/10
f 4821/4814/10 4428/4813/10 4819/4808/10 5175/4807/10
f 4816/4800/10 5176/4803/10 4818/4806/10 4427/4801/10
f 4337/5341/10 4689/4434/10 5176/4803/10 4816/4800/10
f 4689/4434/10 4211/4433/10 4687/4804/10 5176/4803/10
f 4748/4816/10 5177/4799/10 4817/4802/10 4396/4817/10
f 4241/4589/10 4545/5342/10 5177/4799/10 4748/4816/10
f 4545/5342/10 4337/5341/10 4816/4800/10 5177/4799/10
f 4604/4604/10 5178/4795/10 4606/4798/10 4266/4605/10
f 4396/4817/10 4817/4802/10 5178/4795/10 4604/4604/10
f 4817/4802/10 4427/4801/10 4815/4796/10 5178/4795/10
f 4812/4788/10 5179/4791/10 4814/4794/10 4426/4789/10
f 4401/4773/10 4753/4618/10 5179/4791/10 4812/4788/10
f 4753/4618/10 4267/4617/10 4751/4792/10 5179/4791/10
f 4647/5360/10 5180/4787/10 4813/4790/10 4295/5361/10
f 4239/4609/10 4609/4774/10 5180/4787/10 4647/5360/10
f 4609/4774/10 4401/4773/10 4812/4788/10 5180/4787/10
f 4503/4428/10 5181/4783/10 4502/4786/10 4210/4429/10
f 4295/5361/10 4813/4790/10 5181/4783/10 4503/4428/10
f 4813/4790/10 4426/4789/10 4811/4784/10 5181/4783/10
f 4808/4776/10 5182/4779/10 4810/4782/10 4425/4777/10
f 4298/4891/10 4650/4580/10 5182/4779/10 4808/4776/10
f 4650/4580/10 4242/4579/10 4752/4780/10 5182/4779/10
f 4687/4804/10 5183/4775/10 4809/4778/10 4335/4805/10
f 4211/4433/10 4506/4892/10 5183/4775/10 4687/4804/10
f 4506/4892/10 4298/4891/10 4808/4776/10 5183/4775/10
f 4543/4608/10 5184/4771/10 4609/4774/10 4239/4609/10
f 4335/4805/10 4809/4778/10 5184/4771/10 4543/4608/10
f 4809/4778/10 4425/4777/10 4807/4772/10 5184/4771/10
f 4804/4766/10 5185/4769/10 4806/4770/10 4424/4767/10
f 4338/5331/10 4690/4436/10 5185/4769/10 4804/4766/10
f 4690/4436/10 4202/4035/10 4494/4043/10 5185/4769/10
f 4752/4780/10 5186/4765/10 4805/4768/10 4400/4781/10
f 4242/4579/10 4546/5332/10 5186/4765/10 4752/4780/10
f 4546/5332/10 4338/5331/10 4804/4766/10 5186/4765/10
f 4608/4616/10 5187/4761/10 4610/4764/10 4267/4617/10
f 4400/4781/10 4805/4768/10 5187/4761/10 4608/4616/10
f 4805/4768/10 4424/4767/10 4803/4762/10 5187/4761/10
f 4800/4754/10 5188/4757/10 4802/4760/10 4423/4755/10
f 4405/4739/10 4757/4628/10 5188/4757/10 4800/4754/10
f 4757/4628/10 4268/4627/10 4755/4758/10 5188/4757/10
f 4651/5326/10 5189/4753/10 4801/4756/10 4299/5327/10
f 4243/4575/10 4613/4740/10 5189/4753/10 4651/5326/10
f 4613/4740/10 4405/4739/10 4800/4754/10 5189/4753/10
f 4507/4438/10 5190/4749/10 4501/4752/10 4209/4439/10
f 4299/5327/10 4801/4756/10 5190/4749/10 4507/4438/10
f 4801/4756/10 4423/4755/10 4799/4750/10 5190/4749/10
f 4796/4742/10 5191/4745/10 4798/4748/10 4422/4743/10
f 4302/4999/10 4654/4544/10 5191/4745/10 4796/4742/10
f 4654/4544/10 4246/4543/10 4756/4746/10 5191/4745/10
f 4691/4910/10 5192/4741/10 4797/4744/10 4339/4911/10
f 4212/4443/10 4510/5000/10 5192/4741/10 4691/4910/10
f 4510/5000/10 4302/4999/10 4796/4742/10 5192/4741/10
f 4547/4574/10 5193/4737/10 4613/4740/10 4243/4575/10
f 4339/4911/10 4797/4744/10 5193/4737/10 4547/4574/10
f 4797/4744/10 4422/4743/10 4795/4738/10 5193/4737/10
f 4792/4730/10 5194/4733/10 4794/4736/10 4421/4731/10
f 4342/5295/10 4694/4448/10 5194/4733/10 4792/4730/10
f 4694/4448/10 4208/4447/10 4672/4734/10 5194/4733/10
f 4756/4746/10 5195/4729/10 4793/4732/10 4404/4747/10
f 4246/4543/10 4550/5296/10 5195/4729/10 4756/4746/10
f 4550/5296/10 4342/5295/10 4792/4730/10 5195/4729/10
f 4612/4626/10 5196/4725/10 4614/4728/10 4268/4627/10
f 4404/4747/10 4793/4732/10 5196/4725/10 4612/4626/10
f 4793/4732/10 4421/4731/10 4791/4726/10 5196/4725/10
f 4788/4718/10 5197/4721/10 4790/4724/10 4420/4719/10
f 4409/4703/10 4761/4640/10 5197/4721/10 4788/4718/10
f 4761/4640/10 4269/4639/10 4759/4722/10 5197/4721/10
f 4655/5290/10 5198/4717/10 4789/4720/10 4303/5291/10
f 4247/4539/10 4617/4704/10 5198/4717/10 4655/5290/10
f 4617/4704/10 4409/4703/10 4788/4718/10 5198/4717/10
f 4511/4450/10 5199/4713/10 4669/4716/10 4205/4451/10
f 4303/5291/10 4789/4720/10 5199/4713/10 4511/4450/10
f 4789/4720/10 4420/4719/10 4787/4714/10 5199/4713/10
f 4784/4706/10 5200/4709/10 4786/4712/10 4419/4707/10
f 4306/5107/10 4658/4508/10 5200/4709/10 4784/4706/10
f 4658/4508/10 4250/4507/10 4760/4710/10 5200/4709/10
f 4695/5018/10 5201/4705/10 4785/4708/10 4343/5019/10
f 4213/4455/10 4514/5108/10 5201/4705/10 4695/5018/10
f 4514/5108/10 4306/5107/10 4784/4706/10 5201/4705/10
f 4551/4538/10 5202/4701/10 4617/4704/10 4247/4539/10
f 4343/5019/10 4785/4708/10 5202/4701/10 4551/4538/10
f 4785/4708/10 4419/4707/10 4783/4702/10 5202/4701/10
f 4780/4694/10 5203/4697/10 4782/4700/10 4418/4695/10
f 4346/5259/10 4698/4460/10 5203/4697/10 4780/4694/10
f 4698/4460/10 4207/4459/10 4671/4698/10 5203/4697/10
f 4760/4710/10 5204/4693/10 4781/4696/10 4408/4711/10
f 4250/4507/10 4554/5260/10 5204/4693/10 4760/4710/10
f 4554/5260/10 4346/5259/10 4780/4694/10 5204/4693/10
f 4616/4638/10 5205/4689/10 4618/4692/10 4269/4639/10
f 4408/4711/10 4781/4696/10 5205/4689/10 4616/4638/10
f 4781/4696/10 4418/4695/10 4779/4690/10 5205/4689/10
f 4776/4682/10 5206/4685/10 4778/4688/10 4417/4683/10
f 4413/4667/10 4765/4652/10 5206/4685/10 4776/4682/10
f 4765/4652/10 4270/4651/10 4763/4686/10 5206/4685/10
f 4659/5254/10 5207/4681/10 4777/4684/10 4307/5255/10
f 4251/4503/10 4621/4668/10 5207/4681/10 4659/5254/10
f 4621/4668/10 4413/4667/10 4776/4682/10 5207/4681/10
f 4515/4462/10 5208/4677/10 4665/4680/10 4201/4463/10
f 4307/5255/10 4777/4684/10 5208/4677/10 4515/4462/10
f 4777/4684/10 4417/4683/10 4775/4678/10 5208/4677/10
f 4772/4670/10 5209/4673/10 4774/4676/10 4416/4671/10
f 4310/5213/10 4662/4474/10 5209/4673/10 4772/4670/10
f 4662/4474/10 4254/4473/10 4764/4674/10 5209/4673/10
f 4699/5126/10 5210/4669/10 4773/4672/10 4347/5127/10
f 4214/4467/10 4518/5214/10 5210/4669/10 4699/5126/10
f 4518/5214/10 4310/5213/10 4772/4670/10 5210/4669/10
f 4555/4502/10 5211/4665/10 4621/4668/10 4251/4503/10
f 4347/5127/10 4773/4672/10 5211/4665/10 4555/4502/10
f 4773/4672/10 4416/4671/10 4771/4666/10 5211/4665/10
f 4768/4660/10 5212/4663/10 4770/4664/10 4415/4661/10
f 4350/5225/10 4702/4470/10 5212/4663/10 4768/4660/10
f 4702/4470/10 4206/4018/10 4498/4028/10 5212/4663/10
f 4764/4674/10 5213/4659/10 4769/4662/10 4412/4675/10
f 4254/4473/10 4558/5226/10 5213/4659/10 4764/4674/10
f 4558/5226/10 4350/5225/10 4768/4660/10 5213/4659/10
f 4620/4650/10 5214/4655/10 4622/4658/10 4270/4651/10
f 4412/4675/10 4769/4662/10 5214/4655/10 4620/4650/10
f 4769/4662/10 4415/4661/10 4767/4656/10 5214/4655/10
f 4767/4656/10 5215/4653/10 4766/4654/10 4414/4657/10
f 4415/4661/10 4770/4664/10 5215/4653/10 4767/4656/10
f 4770/4664/10 4290/4029/10 4642/4030/10 5215/4653/10
f 4771/4666/10 5216/4649/10 4765/4652/10 4413/4667/10
f 4416/4671/10 4774/4676/10 5216/4649/10 4771/4666/10
f 4774/4676/10 4412/4675/10 4620/4650/10 5216/4649/10
f 4775/4678/10 5217/4645/10 4521/4648/10 4313/4679/10
f 4417/4683/10 4778/4688/10 5217/4645/10 4775/4678/10
f 4778/4688/10 4411/4687/10 4619/4646/10 5217/4645/10
f 4779/4690/10 5218/4641/10 4762/4644/10 4410/4691/10
f 4418/4695/10 4782/4700/10 5218/4641/10 4779/4690/10
f 4782/4700/10 4319/4699/10 4527/4642/10 5218/4641/10
f 4783/4702/10 5219/4637/10 4761/4640/10 4409/4703/10
f 4419/4707/10 4786/4712/10 5219/4637/10 4783/4702/10
f 4786/4712/10 4408/4711/10 4616/4638/10 5219/4637/10
f 4787/4714/10 5220/4633/10 4525/4636/10 4317/4715/10
f 4420/4719/10 4790/4724/10 5220/4633/10 4787/4714/10
f 4790/4724/10 4407/4723/10 4615/4634/10 5220/4633/10
f 4791/4726/10 5221/4629/10 4758/4632/10 4406/4727/10
f 4421/4731/10 4794/4736/10 5221/4629/10 4791/4726/10
f 4794/4736/10 4320/4735/10 4528/4630/10 5221/4629/10
f 4795/4738/10 5222/4625/10 4757/4628/10 4405/4739/10
f 4422/4743/10 4798/4748/10 5222/4625/10 4795/4738/10
f 4798/4748/10 4404/4747/10 4612/4626/10 5222/4625/10
f 4799/4750/10 5223/4621/10 4645/4624/10 4293/4751/10
f 4423/4755/10 4802/4760/10 5223/4621/10 4799/4750/10
f 4802/4760/10 4403/4759/10 4611/4622/10 5223/4621/10
f 4803/4762/10 5224/4619/10 4754/4620/10 4402/4763/10
f 4424/4767/10 4806/4770/10 5224/4619/10 4803/4762/10
f 4806/4770/10 4286/4044/10 4638/4045/10 5224/4619/10
f 4807/4772/10 5225/4615/10 4753/4618/10 4401/4773/10
f 4425/4777/10 4810/4782/10 5225/4615/10 4807/4772/10
f 4810/4782/10 4400/4781/10 4608/4616/10 5225/4615/10
f 4811/4784/10 5226/4611/10 4646/4614/10 4294/4785/10
f 4426/4789/10 4814/4794/10 5226/4611/10 4811/4784/10
f 4814/4794/10 4399/4793/10 4607/4612/10 5226/4611/10
f 4815/4796/10 5227/4607/10 4750/4610/10 4398/4797/10
f 4427/4801/10 4818/4806/10 5227/4607/10 4815/4796/10
f 4818/4806/10 4335/4805/10 4543/4608/10 5227/4607/10
f 4819/4808/10 5228/4603/10 4749/4606/10 4397/4809/10
f 4428/4813/10 4822/4818/10 5228/4603/10 4819/4808/10
f 4822/4818/10 4396/4817/10 4604/4604/10 5228/4603/10
f 4823/4820/10 5229/4599/10 4634/4602/10 4282/4821/10
f 4429/4825/10 4826/4830/10 5229/4599/10 4823/4820/10
f 4826/4830/10 4395/4829/10 4603/4600/10 5229/4599/10
f 4827/4832/10 5230/4595/10 4746/4598/10 4394/4833/10
f 4430/4837/10 4830/4842/10 5230/4595/10 4827/4832/10
f 4830/4842/10 4336/4841/10 4544/4596/10 5230/4595/10
f 4831/4844/10 5231/4591/10 4745/4594/10 4393/4845/10
f 4431/4849/10 4834/4854/10 5231/4591/10 4831/4844/10
f 4834/4854/10 4392/4853/10 4600/4592/10 5231/4591/10
f 4835/4856/10 5232/4587/10 4649/4590/10 4297/4857/10
f 4432/4861/10 4838/4866/10 5232/4587/10 4835/4856/10
f 4838/4866/10 4391/4865/10 4599/4588/10 5232/4587/10
f 4839/4868/10 5233/4585/10 4742/4586/10 4390/4869/10
f 4433/4873/10 4842/4876/10 5233/4585/10 4839/4868/10
f 4842/4876/10 4274/4037/10 4626/4038/10 5233/4585/10
f 4843/4878/10 5234/4581/10 4741/4584/10 4389/4879/10
f 4434/4883/10 4846/4888/10 5234/4581/10 4843/4878/10
f 4846/4888/10 4388/4887/10 4596/4582/10 5234/4581/10
f 4847/4890/10 5235/4577/10 4650/4580/10 4298/4891/10
f 4435/4895/10 4850/4900/10 5235/4577/10 4847/4890/10
f 4850/4900/10 4387/4899/10 4595/4578/10 5235/4577/10
f 4851/4902/10 5236/4573/10 4738/4576/10 4386/4903/10
f 4436/4907/10 4854/4912/10 5236/4573/10 4851/4902/10
f 4854/4912/10 4339/4911/10 4547/4574/10 5236/4573/10
f 4855/4914/10 5237/4569/10 4737/4572/10 4385/4915/10
f 4437/4919/10 4858/4924/10 5237/4569/10 4855/4914/10
f 4858/4924/10 4384/4923/10 4592/4570/10 5237/4569/10
f 4859/4926/10 5238/4565/10 4633/4568/10 4281/4927/10
f 4438/4931/10 4862/4936/10 5238/4565/10 4859/4926/10
f 4862/4936/10 4383/4935/10 4591/4566/10 5238/4565/10
f 4863/4938/10 5239/4561/10 4734/4564/10 4382/4939/10
f 4439/4943/10 4866/4948/10 5239/4561/10 4863/4938/10
f 4866/4948/10 4340/4947/10 4548/4562/10 5239/4561/10
f 4867/4950/10 5240/4557/10 4733/4560/10 4381/4951/10
f 4440/4955/10 4870/4960/10 5240/4557/10 4867/4950/10
f 4870/4960/10 4380/4959/10 4588/4558/10 5240/4557/10
f 4871/4962/10 5241/4553/10 4653/4556/10 4301/4963/10
f 4441/4967/10 4874/4972/10 5241/4553/10 4871/4962/10
f 4874/4972/10 4379/4971/10 4587/4554/10 5241/4553/10
f 4875/4974/10 5242/4549/10 4730/4552/10 4378/4975/10
f 4442/4979/10 4878/4984/10 5242/4549/10 4875/4974/10
f 4878/4984/10 4332/4983/10 4540/4550/10 5242/4549/10
f 4879/4986/10 5243/4545/10 4729/4548/10 4377/4987/10
f 4443/4991/10 4882/4996/10 5243/4545/10 4879/4986/10
f 4882/4996/10 4376/4995/10 4584/4546/10 5243/4545/10
f 4883/4998/10 5244/4541/10 4654/4544/10 4302/4999/10
f 4444/5003/10 4886/5008/10 5244/4541/10 4883/4998/10
f 4886/5008/10 4375/5007/10 4583/4542/10 5244/4541/10
f 4887/5010/10 5245/4537/10 4726/4540/10 4374/5011/10
f 4445/5015/10 4890/5020/10 5245/4537/10 4887/5010/10
f 4890/5020/10 4343/5019/10 4551/4538/10 5245/4537/10
f 4891/5022/10 5246/4533/10 4725/4536/10 4373/5023/10
f 4446/5027/10 4894/5032/10 5246/4533/10 4891/5022/10
f 4894/5032/10 4372/5031/10 4580/4534/10 5246/4533/10
f 4895/5034/10 5247/4529/10 4537/4532/10 4329/5035/10
f 4447/5039/10 4898/5044/10 5247/4529/10 4895/5034/10
f 4898/5044/10 4371/5043/10 4579/4530/10 5247/4529/10
f 4899/5046/10 5248/4525/10 4722/4528/10 4370/5047/10
f 4448/5051/10 4902/5056/10 5248/4525/10 4899/5046/10
f 4902/5056/10 4344/5055/10 4552/4526/10 5248/4525/10
f 4903/5058/10 5249/4521/10 4721/4524/10 4369/5059/10
f 4449/5063/10 4906/5068/10 5249/4521/10 4903/5058/10
f 4906/5068/10 4368/5067/10 4576/4522/10 5249/4521/10
f 4907/5070/10 5250/4517/10 4657/4520/10 4305/5071/10
f 4450/5075/10 4910/5080/10 5250/4517/10 4907/5070/10
f 4910/5080/10 4367/5079/10 4575/4518/10 5250/4517/10
f 4911/5082/10 5251/4513/10 4718/4516/10 4366/5083/10
f 4451/5087/10 4914/5092/10 5251/4513/10 4911/5082/10
f 4914/5092/10 4331/5091/10 4539/4514/10 5251/4513/10
f 4915/5094/10 5252/4509/10 4717/4512/10 4365/5095/10
f 4452/5099/10 4918/5104/10 5252/4509/10 4915/5094/10
f 4918/5104/10 4364/5103/10 4572/4510/10 5252/4509/10
f 4919/5106/10 5253/4505/10 4658/4508/10 4306/5107/10
f 4453/5111/10 4922/5116/10 5253/4505/10 4919/5106/10
f 4922/5116/10 4363/5115/10 4571/4506/10 5253/4505/10
f 4923/5118/10 5254/4501/10 4714/4504/10 4362/5119/10
f 4454/5123/10 4926/5128/10 5254/4501/10 4923/5118/10
f 4926/5128/10 4347/5127/10 4555/4502/10 5254/4501/10
f 4927/5130/10 5255/4497/10 4713/4500/10 4361/5131/10
f 4455/5135/10 4930/5140/10 5255/4497/10 4927/5130/10
f 4930/5140/10 4360/5139/10 4568/4498/10 5255/4497/10
f 4931/5142/10 5256/4493/10 4533/4496/10 4325/5143/10
f 4456/5147/10 4934/5152/10 5256/4493/10 4931/5142/10
f 4934/5152/10 4359/5151/10 4567/4494/10 5256/4493/10
f 4935/5154/10 5257/4489/10 4710/4492/10 4358/5155/10
f 4457/5159/10 4938/5164/10 5257/4489/10 4935/5154/10
f 4938/5164/10 4348/5163/10 4556/4490/10 5257/4489/10
f 4939/5166/10 5258/4485/10 4709/4488/10 4357/5167/10
f 4458/5171/10 4942/5176/10 5258/4485/10 4939/5166/10
f 4942/5176/10 4356/5175/10 4564/4486/10 5258/4485/10
f 4943/5178/10 5259/4481/10 4661/4484/10 4309/5179/10
f 4459/5183/10 4946/5188/10 5259/4481/10 4943/5178/10
f 4946/5188/10 4355/5187/10 4563/4482/10 5259/4481/10
f 4947/5190/10 5260/4479/10 4706/4480/10 4354/5191/10
f 4460/5195/10 4950/5198/10 5260/4479/10 4947/5190/10
f 4950/5198/10 4278/4020/10 4630/4022/10 5260/4479/10
f 4951/5200/10 5261/4475/10 4705/4478/10 4353/5201/10
f 4461/5205/10 4954/5210/10 5261/4475/10 4951/5200/10
f 4954/5210/10 4352/5209/10 4560/4476/10 5261/4475/10
f 4955/5212/10 5262/4471/10 4662/4474/10 4310/5213/10
f 4462/5217/10 4958/5222/10 5262/4471/10 4955/5212/10
f 4958/5222/10 4351/5221/10 4559/4472/10 5262/4471/10
f 4959/5224/10 5263/4469/10 4702/4470/10 4350/5225/10
f 4463/5229/10 4962/5232/10 5263/4469/10 4959/5224/10
f 4962/5232/10 4318/4015/10 4670/4017/10 5263/4469/10
f 4963/5234/10 5264/4465/10 4701/4468/10 4349/5235/10
f 4464/5239/10 4966/5244/10 5264/4465/10 4963/5234/10
f 4966/5244/10 4308/5243/10 4516/4466/10 5264/4465/10
f 4967/5246/10 5265/4461/10 4493/4464/10 4285/5247/10
f 4465/5251/10 4970/5256/10 5265/4461/10 4967/5246/10
f 4970/5256/10 4307/5255/10 4515/4462/10 5265/4461/10
f 4971/5258/10 5266/4457/10 4698/4460/10 4346/5259/10
f 4466/5263/10 4974/5268/10 5266/4457/10 4971/5258/10
f 4974/5268/10 4291/5267/10 4499/4458/10 5266/4457/10
f 4975/5270/10 5267/4453/10 4697/4456/10 4345/5271/10
f 4467/5275/10 4978/5280/10 5267/4453/10 4975/5270/10
f 4978/5280/10 4304/5279/10 4512/4454/10 5267/4453/10
f 4979/5282/10 5268/4449/10 4497/4452/10 4289/5283/10
f 4468/5287/10 4982/5292/10 5268/4449/10 4979/5282/10
f 4982/5292/10 4303/5291/10 4511/4450/10 5268/4449/10
f 4983/5294/10 5269/4445/10 4694/4448/10 4342/5295/10
f 4469/5299/10 4986/5304/10 5269/4445/10 4983/5294/10
f 4986/5304/10 4292/5303/10 4500/4446/10 5269/4445/10
f 4987/5306/10 5270/4441/10 4693/4444/10 4341/5307/10
f 4470/5311/10 4990/5316/10 5270/4441/10 4987/5306/10
f 4990/5316/10 4300/5315/10 4508/4442/10 5270/4441/10
f 4991/5318/10 5271/4437/10 4673/4440/10 4321/5319/10
f 4471/5323/10 4994/5328/10 5271/4437/10 4991/5318/10
f 4994/5328/10 4299/5327/10 4507/4438/10 5271/4437/10
f 4995/5330/10 5272/4435/10 4690/4436/10 4338/5331/10
f 4472/5335/10 4998/5338/10 5272/4435/10 4995/5330/10
f 4998/5338/10 4314/4032/10 4666/4034/10 5272/4435/10
f 4999/5340/10 5273/4431/10 4689/4434/10 4337/5341/10
f 4473/5345/10 5002/5350/10 5273/4431/10 4999/5340/10
f 5002/5350/10 4296/5349/10 4504/4432/10 5273/4431/10
f 5003/5352/10 5274/4427/10 4674/4430/10 4322/5353/10
f 4474/5357/10 5006/5362/10 5274/4427/10 5003/5352/10
f 5006/5362/10 4295/5361/10 4503/4428/10 5274/4427/10
f 5007/5364/10 5275/4425/10 4686/4426/10 4334/5365/10
f 4475/5369/10 5010/5372/10 5275/4425/10 5007/5364/10
f 5010/5372/10 4326/4040/10 4678/4042/10 5275/4425/10
f 5011/5374/10 5276/4421/10 4685/4424/10 4333/5375/10
f 4476/5379/10 5014/5384/10 5276/4421/10 5011/5374/10
f 5014/5384/10 4280/5383/10 4488/4422/10 5276/4421/10
f 5015/5386/10 5277/4417/10 4485/4420/10 4277/5387/10
f 4477/5391/10 5018/5396/10 5277/4417/10 5015/5386/10
f 5018/5396/10 4279/5395/10 4487/4418/10 5277/4417/10
f 5019/5398/10 5278/4415/10 4481/4416/10 4273/5399/10
f 4478/5403/10 5022/5406/10 5278/4415/10 5019/5398/10
f 5022/5406/10 4330/4024/10 4682/4026/10 5278/4415/10
f 5485/4301/10 5591/4302/10 5505/4302/10 4152/4301/10
f 2637/4301/10 5297/4302/10 5591/4302/10 5485/4301/10
f 5297/4302/10 559/3917/10 5486/3917/10 5591/4302/10
f 5483/3933/10 5592/3935/10 5506/3935/10 4153/3933/10
f 2638/3933/10 5298/3935/10 5592/3935/10 5483/3933/10
f 5298/3935/10 920/3934/10 5484/3934/10 5592/3935/10
f 5484/3934/10 5593/4303/10 5530/4303/10 4108/3934/10
f 920/3934/10 5322/4303/10 5593/4303/10 5484/3934/10
f 5322/4303/10 2637/4301/10 5485/4301/10 5593/4303/10
f 5482/3936/10 5594/3937/10 5531/3937/10 4093/3936/10
f 448/3936/10 5323/3937/10 5594/3937/10 5482/3936/10
f 5323/3937/10 2638/3933/10 5483/3933/10 5594/3937/10
f 5480/376/1 5595/375/1 5487/375/1 4088/376/1
f 185/376/1 5279/375/1 5595/375/1 5480/376/1
f 5279/375/1 1314/374/1 5481/374/1 5595/375/1
f 5478/3983/4 5596/4289/4 5585/4289/4 4148/3983/4
f 2597/3983/4 5391/4289/4 5596/4289/4 5478/3983/4
f 5391/4289/4 3884/4288/4 5479/4288/4 5596/4289/4
f 5476/381/1 5597/380/1 5488/380/1 4089/381/1
f 207/381/1 5280/380/1 5597/380/1 5476/381/1
f 5280/380/1 1315/379/1 5477/379/1 5597/380/1
f 5481/374/1 5598/4300/1 5513/4300/1 4115/374/1
f 1314/374/1 5305/4300/1 5598/4300/1 5481/374/1
f 5305/4300/1 561/2771/1 5475/2771/1 5598/4300/1
f 5479/4288/4 5599/4290/4 5586/4290/4 4187/4288/4
f 3884/4288/4 5392/4290/4 5599/4290/4 5479/4288/4
f 5392/4290/4 1263/3963/4 5474/3963/4 5599/4290/4
f 5477/379/1 5600/4299/1 5514/4299/1 4116/379/1
f 1315/379/1 5306/4299/1 5600/4299/1 5477/379/1
f 5306/4299/1 562/2758/1 5473/2758/1 5600/4299/1
f 5471/390/1 5601/389/1 5489/389/1 4090/390/1
f 208/390/1 5281/389/1 5601/389/1 5471/390/1
f 5281/389/1 1318/388/1 5472/388/1 5601/389/1
f 5472/388/1 5602/4298/1 5515/4298/1 4117/388/1
f 1318/388/1 5307/4298/1 5602/4298/1 5472/388/1
f 5307/4298/1 565/2733/1 5470/2733/1 5602/4298/1
f 5468/1091/3 5603/4224/3 5575/4224/3 4182/1091/3
f 3703/1091/3 5367/4224/3 5603/4224/3 5468/1091/3
f 5367/4224/3 2055/1088/3 5469/1088/3 5603/4224/3
f 5466/4309/10 5604/4310/10 5507/4310/10 4154/4309/10
f 2798/4309/10 5299/4310/10 5604/4310/10 5466/4309/10
f 5299/4310/10 507/4229/10 5467/4229/10 5604/4310/10
f 5465/3915/10 5605/4311/10 5532/4311/10 4109/3915/10
f 961/3915/10 5324/4311/10 5605/4311/10 5465/3915/10
f 5324/4311/10 2798/4309/10 5466/4309/10 5605/4311/10
f 5464/1093/3 5606/1092/3 5576/1092/3 4137/1093/3
f 1992/1093/3 5368/1092/3 5606/1092/3 5464/1093/3
f 5368/1092/3 3703/1091/3 5468/1091/3 5606/1092/3
f 5463/3914/10 5607/3916/10 5508/3916/10 4155/3914/10
f 2799/3914/10 5300/3916/10 5607/3916/10 5463/3914/10
f 5300/3916/10 961/3915/10 5465/3915/10 5607/3916/10
f 5486/3917/10 5608/3918/10 5533/3918/10 4096/3917/10
f 559/3917/10 5325/3918/10 5608/3918/10 5486/3917/10
f 5325/3918/10 2799/3914/10 5463/3914/10 5608/3918/10
f 5461/395/1 5609/394/1 5490/394/1 4087/395/1
f 184/395/1 5282/394/1 5609/394/1 5461/395/1
f 5282/394/1 1321/393/1 5462/393/1 5609/394/1
f 5460/3814/3 5610/3877/3 5539/3877/3 4164/3814/3
f 3019/3814/3 5331/3877/3 5610/3877/3 5460/3814/3
f 5331/3877/3 1992/1093/3 5464/1093/3 5610/3877/3
f 5458/1086/3 5611/4225/3 5577/4225/3 4183/1086/3
f 3704/1086/3 5369/4225/3 5611/4225/3 5458/1086/3
f 5369/4225/3 1626/3274/3 5459/3274/3 5611/4225/3
f 5456/3969/4 5612/4293/4 5587/4293/4 4149/3969/4
f 2609/3969/4 5394/4293/4 5612/4293/4 5456/3969/4
f 5394/4293/4 3887/4292/4 5457/4292/4 5612/4293/4
f 5454/400/1 5613/399/1 5491/399/1 4091/400/1
f 209/400/1 5283/399/1 5613/399/1 5454/400/1
f 5283/399/1 1322/398/1 5455/398/1 5613/399/1
f 5453/3816/3 5614/3815/3 5540/3815/3 4163/3816/3
f 2987/3816/3 5332/3815/3 5614/3815/3 5453/3816/3
f 5332/3815/3 3019/3814/3 5460/3814/3 5614/3815/3
f 5462/393/1 5615/4291/1 5516/4291/1 4119/393/1
f 1321/393/1 5308/4291/1 5615/4291/1 5462/393/1
f 5308/4291/1 568/2704/1 5452/2704/1 5615/4291/1
f 5469/1088/3 5616/1087/3 5578/1087/3 4140/1088/3
f 2055/1088/3 5370/1087/3 5616/1087/3 5469/1088/3
f 5370/1087/3 3704/1086/3 5458/1086/3 5616/1087/3
f 5450/3881/10 5617/4312/10 5536/4312/10 4111/3881/10
f 1008/3881/10 5328/4312/10 5617/4312/10 5450/3881/10
f 5328/4312/10 2979/4313/10 5451/4313/10 5617/4312/10
f 5457/4292/4 5618/4294/4 5588/4294/4 4188/4292/4
f 3887/4292/4 5395/4294/4 5618/4294/4 5457/4292/4
f 5395/4294/4 1208/4006/4 5449/4006/4 5618/4294/4
f 5449/4006/4 5619/4005/4 5567/4005/4 4112/4006/4
f 1208/4006/4 5359/4005/4 5619/4005/4 5449/4006/4
f 5359/4005/4 3316/4004/4 5448/4004/4 5619/4005/4
f 5451/4313/10 5620/4304/10 5511/4304/10 4160/4313/10
f 2979/4313/10 5303/4304/10 5620/4304/10 5451/4313/10
f 5303/4304/10 448/3936/10 5482/3936/10 5620/4304/10
f 5446/3883/10 5621/3884/10 5537/3884/10 4104/3883/10
f 743/3883/10 5329/3884/10 5621/3884/10 5446/3883/10
f 5329/3884/10 2980/3880/10 5447/3880/10 5621/3884/10
f 5444/2782/3 5622/3938/3 5553/3938/3 4171/2782/3
f 3272/2782/3 5345/3938/3 5622/3938/3 5444/2782/3
f 5345/3938/3 2634/2779/3 5445/2779/3 5622/3938/3
f 5447/3880/10 5623/3882/10 5512/3882/10 4161/3880/10
f 2980/3880/10 5304/3882/10 5623/3882/10 5447/3880/10
f 5304/3882/10 1008/3881/10 5450/3881/10 5623/3882/10
f 5448/4004/4 5624/4008/4 5568/4008/4 4178/4004/4
f 3316/4004/4 5360/4008/4 5624/4008/4 5448/4004/4
f 5360/4008/4 2577/4007/4 5443/4007/4 5624/4008/4
f 5441/405/1 5625/404/1 5492/404/1 4086/405/1
f 96/405/1 5284/404/1 5625/404/1 5441/405/1
f 5284/404/1 1324/403/1 5442/403/1 5625/404/1
f 5440/2784/3 5626/2783/3 5554/2783/3 4128/2784/3
f 1811/2784/3 5346/2783/3 5626/2783/3 5440/2784/3
f 5346/2783/3 3272/2782/3 5444/2782/3 5626/2783/3
f 5438/4012/4 5627/4281/4 5579/4281/4 4144/4012/4
f 2573/4012/4 5371/4281/4 5627/4281/4 5438/4012/4
f 5371/4281/4 3878/4280/4 5439/4280/4 5627/4281/4
f 5436/3964/4 5628/4296/4 5589/4296/4 4150/3964/4
f 2613/3964/4 5397/4296/4 5628/4296/4 5436/3964/4
f 5397/4296/4 3888/4295/4 5437/4295/4 5628/4296/4
f 5434/410/1 5629/409/1 5493/409/1 4092/410/1
f 210/410/1 5285/409/1 5629/409/1 5434/410/1
f 5285/409/1 1325/408/1 5435/408/1 5629/409/1
f 5442/403/1 5630/4287/1 5517/4287/1 4121/403/1
f 1324/403/1 5309/4287/1 5630/4287/1 5442/403/1
f 5309/4287/1 571/2671/1 5433/2671/1 5630/4287/1
f 5439/4280/4 5631/4282/4 5580/4282/4 4184/4280/4
f 3878/4280/4 5372/4282/4 5631/4282/4 5439/4280/4
f 5372/4282/4 1262/3996/4 5432/3996/4 5631/4282/4
f 5437/4295/4 5632/4297/4 5590/4297/4 4189/4295/4
f 3888/4295/4 5398/4297/4 5632/4297/4 5437/4295/4
f 5398/4297/4 1320/3968/4 5431/3968/4 5632/4297/4
f 5435/408/1 5633/4286/1 5518/4286/1 4122/408/1
f 1325/408/1 5310/4286/1 5633/4286/1 5435/408/1
f 5310/4286/1 572/2658/1 5430/2658/1 5633/4286/1
f 5428/2777/3 5634/3939/3 5555/3939/3 4172/2777/3
f 3273/2777/3 5347/3939/3 5634/3939/3 5428/2777/3
f 5347/3939/3 1532/3807/3 5429/3807/3 5634/3939/3
f 5475/2771/1 5635/2770/1 5494/2770/1 4097/2771/1
f 561/2771/1 5286/2770/1 5635/2770/1 5475/2771/1
f 5286/2770/1 1812/2769/1 5427/2769/1 5635/2770/1
f 5425/3805/3 5636/3878/3 5541/3878/3 4165/3805/3
f 3021/3805/3 5333/3878/3 5636/3878/3 5425/3805/3
f 5333/3878/3 2983/3802/3 5426/3802/3 5636/3878/3
f 5445/2779/3 5637/2778/3 5556/2778/3 4151/2779/3
f 2634/2779/3 5348/2778/3 5637/2778/3 5445/2779/3
f 5348/2778/3 3273/2777/3 5428/2777/3 5637/2778/3
f 5443/4007/4 5638/4284/4 5581/4284/4 4145/4007/4
f 2577/4007/4 5373/4284/4 5638/4284/4 5443/4007/4
f 5373/4284/4 3879/4283/4 5424/4283/4 5638/4284/4
f 5473/2758/1 5639/2757/1 5495/2757/1 4098/2758/1
f 562/2758/1 5287/2757/1 5639/2757/1 5473/2758/1
f 5287/2757/1 1813/2756/1 5423/2756/1 5639/2757/1
f 5427/2769/1 5640/3940/1 5519/3940/1 4129/2769/1
f 1812/2769/1 5311/3940/1 5640/3940/1 5427/2769/1
f 5311/3940/1 207/381/1 5476/381/1 5640/3940/1
f 5429/3807/3 5641/3806/3 5542/3806/3 4125/3807/3
f 1532/3807/3 5334/3806/3 5641/3806/3 5429/3807/3
f 5334/3806/3 3021/3805/3 5425/3805/3 5641/3806/3
f 5424/4283/4 5642/4285/4 5582/4285/4 4185/4283/4
f 3879/4283/4 5374/4285/4 5642/4285/4 5424/4283/4
f 5374/4285/4 1328/4011/4 5422/4011/4 5642/4285/4
f 5455/398/4 5643/3982/4 5561/3982/4 4120/398/4
f 1322/398/4 5353/3982/4 5643/3982/4 5455/398/4
f 5353/3982/4 3301/3981/4 5421/3981/4 5643/3982/4
f 5423/2756/1 5644/3946/1 5520/3946/1 4130/2756/1
f 1813/2756/1 5312/3946/1 5644/3946/1 5423/2756/1
f 5312/3946/1 96/405/1 5441/405/1 5644/3946/1
f 5419/3272/3 5645/3912/3 5549/3912/3 4169/3272/3
f 3151/3272/3 5341/3912/3 5645/3912/3 5419/3272/3
f 5341/3912/3 2802/3269/3 5420/3269/3 5645/3912/3
f 5421/3981/4 5646/3984/4 5562/3984/4 4175/3981/4
f 3301/3981/4 5354/3984/4 5646/3984/4 5421/3981/4
f 5354/3984/4 2597/3983/4 5478/3983/4 5646/3984/4
f 5459/3274/3 5647/3273/3 5550/3273/3 4127/3274/3
f 1626/3274/3 5342/3273/3 5647/3273/3 5459/3274/3
f 5342/3273/3 3151/3272/3 5419/3272/3 5647/3273/3
f 5417/1105/3 5648/4222/3 5571/4222/3 4180/1105/3
f 3700/1105/3 5363/4222/3 5648/4222/3 5417/1105/3
f 5363/4222/3 2059/1102/3 5418/1102/3 5648/4222/3
f 5415/3800/3 5649/3879/3 5543/3879/3 4166/3800/3
f 3022/3800/3 5335/3879/3 5649/3879/3 5415/3800/3
f 5335/3879/3 1991/1107/3 5416/1107/3 5649/3879/3
f 5416/1107/3 5650/1106/3 5572/1106/3 4136/1107/3
f 1991/1107/3 5364/1106/3 5650/1106/3 5416/1107/3
f 5364/1106/3 3700/1105/3 5417/1105/3 5650/1106/3
f 5470/2733/1 5651/2732/1 5496/2732/1 4099/2733/1
f 565/2733/1 5288/2732/1 5651/2732/1 5470/2733/1
f 5288/2732/1 1816/2731/1 5414/2731/1 5651/2732/1
f 5413/2744/1 5652/3951/1 5521/3951/1 4131/2744/1
f 1815/2744/1 5313/3951/1 5652/3951/1 5413/2744/1
f 5313/3951/1 208/390/1 5471/390/1 5652/3951/1
f 5411/4218/10 5653/4250/10 5528/4250/10 4107/4218/10
f 775/4218/10 5320/4250/10 5653/4250/10 5411/4218/10
f 5320/4250/10 2062/4248/10 5412/4248/10 5653/4250/10
f 5426/3802/3 5654/3801/3 5544/3801/3 4162/3802/3
f 2983/3802/3 5336/3801/3 5654/3801/3 5426/3802/3
f 5336/3801/3 3022/3800/3 5415/3800/3 5654/3801/3
f 5474/3963/4 5655/3962/4 5557/3962/4 4114/3963/4
f 1263/3963/4 5349/3962/4 5655/3962/4 5474/3963/4
f 5349/3962/4 3289/3961/4 5410/3961/4 5655/3962/4
f 5414/2731/1 5656/3957/1 5522/3957/1 4132/2731/1
f 1816/2731/1 5314/3957/1 5656/3957/1 5414/2731/1
f 5314/3957/1 185/376/1 5480/376/1 5656/3957/1
f 5408/4220/10 5657/4221/10 5529/4221/10 4094/4220/10
f 505/4220/10 5321/4221/10 5657/4221/10 5408/4220/10
f 5321/4221/10 2063/4217/10 5409/4217/10 5657/4221/10
f 5410/3961/4 5658/3965/4 5558/3965/4 4173/3961/4
f 3289/3961/4 5350/3965/4 5658/3965/4 5410/3961/4
f 5350/3965/4 2613/3964/4 5436/3964/4 5658/3965/4
f 5407/3267/3 5659/3913/3 5551/3913/3 4170/3267/3
f 3152/3267/3 5343/3913/3 5659/3913/3 5407/3267/3
f 5343/3913/3 1811/2784/3 5440/2784/3 5659/3913/3
f 5406/3875/10 5660/3876/10 5538/3876/10 4105/3875/10
f 746/3875/10 5330/3876/10 5660/3876/10 5406/3875/10
f 5330/3876/10 2987/3816/10 5453/3816/10 5660/3876/10
f 5422/4011/4 5661/4010/4 5569/4010/4 4124/4011/4
f 1328/4011/4 5361/4010/4 5661/4010/4 5422/4011/4
f 5361/4010/4 3319/4009/4 5405/4009/4 5661/4010/4
f 5420/3269/3 5662/3268/3 5552/3268/3 4156/3269/3
f 2802/3269/3 5344/3268/3 5662/3268/3 5420/3269/3
f 5344/3268/3 3152/3267/3 5407/3267/3 5662/3268/3
f 5412/4248/10 5663/4249/10 5502/4249/10 4142/4248/10
f 2062/4248/10 5294/4249/10 5663/4249/10 5412/4248/10
f 5294/4249/10 743/3883/10 5446/3883/10 5663/4249/10
f 5403/1100/3 5664/4223/3 5573/4223/3 4181/1100/3
f 3701/1100/3 5365/4223/3 5664/4223/3 5403/1100/3
f 5365/4223/3 1624/3288/3 5404/3288/3 5664/4223/3
f 5405/4009/4 5665/4013/4 5570/4013/4 4179/4009/4
f 3319/4009/4 5362/4013/4 5665/4013/4 5405/4009/4
f 5362/4013/4 2573/4012/4 5438/4012/4 5665/4013/4
f 5409/4217/10 5666/4219/10 5503/4219/10 4143/4217/10
f 2063/4217/10 5295/4219/10 5666/4219/10 5409/4217/10
f 5295/4219/10 775/4218/10 5411/4218/10 5666/4219/10
f 5418/1102/3 5667/1101/3 5574/1101/3 4141/1102/3
f 2059/1102/3 5366/1101/3 5667/1101/3 5418/1102/3
f 5366/1101/3 3701/1100/3 5403/1100/3 5667/1101/3
f 5432/3996/4 5668/3995/4 5563/3995/4 4113/3996/4
f 1262/3996/4 5355/3995/4 5668/3995/4 5432/3996/4
f 5355/3995/4 3310/3994/4 5402/3994/4 5668/3995/4
f 5402/3994/4 5669/3998/4 5564/3998/4 4176/3994/4
f 3310/3994/4 5356/3998/4 5669/3998/4 5402/3994/4
f 5356/3998/4 2585/3997/4 5401/3997/4 5669/3998/4
f 5452/2704/1 5670/2703/1 5497/2703/1 4100/2704/1
f 568/2704/1 5289/2703/1 5670/2703/1 5452/2704/1
f 5289/2703/1 1819/2702/1 5400/2702/1 5670/2703/1
f 5401/3997/4 5671/4278/4 5583/4278/4 4147/3997/4
f 2585/3997/4 5380/4278/4 5671/4278/4 5401/3997/4
f 5380/4278/4 3881/4279/4 5399/4279/4 5671/4278/4
f 5400/2702/1 5672/3971/1 5523/3971/1 4133/2702/1
f 1819/2702/1 5315/3971/1 5672/3971/1 5400/2702/1
f 5315/3971/1 209/400/1 5454/400/1 5672/3971/1
f 5399/4279/4 5673/4277/4 5584/4277/4 4186/4279/4
f 3881/4279/4 5381/4277/4 5673/4277/4 5399/4279/4
f 5381/4277/4 1327/4001/4 5396/4001/4 5673/4277/4
f 5433/2671/1 5674/2670/1 5498/2670/1 4101/2671/1
f 571/2671/1 5290/2670/1 5674/2670/1 5433/2671/1
f 5290/2670/1 1822/2669/1 5393/2669/1 5674/2670/1
f 5430/2658/1 5675/2657/1 5499/2657/1 4102/2658/1
f 572/2658/1 5291/2657/1 5675/2657/1 5430/2658/1
f 5291/2657/1 1823/2656/1 5390/2656/1 5675/2657/1
f 5393/2669/1 5676/3985/1 5524/3985/1 4134/2669/1
f 1822/2669/1 5316/3985/1 5676/3985/1 5393/2669/1
f 5316/3985/1 210/410/1 5434/410/1 5676/3985/1
f 5431/3968/4 5677/3967/4 5559/3967/4 4118/3968/4
f 1320/3968/4 5351/3967/4 5677/3967/4 5431/3968/4
f 5351/3967/4 3292/3966/4 5389/3966/4 5677/3967/4
f 5387/3286/3 5678/3910/3 5545/3910/3 4167/3286/3
f 3148/3286/3 5337/3910/3 5678/3910/3 5387/3286/3
f 5337/3910/3 2806/3283/3 5388/3283/3 5678/3910/3
f 5390/2656/1 5679/3990/1 5525/3990/1 4135/2656/1
f 1823/2656/1 5317/3990/1 5679/3990/1 5390/2656/1
f 5317/3990/1 184/395/1 5461/395/1 5679/3990/1
f 5389/3966/4 5680/3970/4 5560/3970/4 4174/3966/4
f 3292/3966/4 5352/3970/4 5680/3970/4 5389/3966/4
f 5352/3970/4 2609/3969/4 5456/3969/4 5680/3970/4
f 5404/3288/3 5681/3287/3 5546/3287/3 4126/3288/3
f 1624/3288/3 5338/3287/3 5681/3287/3 5404/3288/3
f 5338/3287/3 3148/3286/3 5387/3286/3 5681/3287/3
f 5385/4227/10 5682/4243/10 5526/4243/10 4106/4227/10
f 772/4227/10 5318/4243/10 5682/4243/10 5385/4227/10
f 5318/4243/10 2051/4241/10 5386/4241/10 5682/4243/10
f 5384/3281/3 5683/3911/3 5547/3911/3 4168/3281/3
f 3149/3281/3 5339/3911/3 5683/3911/3 5384/3281/3
f 5339/3911/3 1815/2744/3 5413/2744/3 5683/3911/3
f 5467/4229/10 5684/4230/10 5527/4230/10 4095/4229/10
f 507/4229/10 5319/4230/10 5684/4230/10 5467/4229/10
f 5319/4230/10 2052/4226/10 5383/4226/10 5684/4230/10
f 5396/4001/4 5685/4000/4 5565/4000/4 4123/4001/4
f 1327/4001/4 5357/4000/4 5685/4000/4 5396/4001/4
f 5357/4000/4 3313/3999/4 5382/3999/4 5685/4000/4
f 5388/3283/3 5686/3282/3 5548/3282/3 4157/3283/3
f 2806/3283/3 5340/3282/3 5686/3282/3 5388/3283/3
f 5340/3282/3 3149/3281/3 5384/3281/3 5686/3282/3
f 5386/4241/10 5687/4242/10 5500/4242/10 4138/4241/10
f 2051/4241/10 5292/4242/10 5687/4242/10 5386/4241/10
f 5292/4242/10 746/3875/10 5406/3875/10 5687/4242/10
f 5378/4002/10 5688/4247/10 5504/4247/10 4146/4002/10
f 2581/4002/10 5296/4247/10 5688/4247/10 5378/4002/10
f 5296/4247/10 575/3908/10 5379/3908/10 5688/4247/10
f 5382/3999/4 5689/4003/4 5566/4003/4 4177/3999/4
f 3313/3999/4 5358/4003/4 5689/4003/4 5382/3999/4
f 5358/4003/4 2581/4002/4 5378/4002/4 5689/4003/4
f 5383/4226/10 5690/4228/10 5501/4228/10 4139/4226/10
f 2052/4226/10 5293/4228/10 5690/4228/10 5383/4226/10
f 5293/4228/10 772/4227/10 5385/4227/10 5690/4228/10
f 5376/3906/10 5691/4245/10 5534/4245/10 4110/3906/10
f 964/3906/10 5326/4245/10 5691/4245/10 5376/3906/10
f 5326/4245/10 2809/4246/10 5377/4246/10 5691/4245/10
f 5377/4246/10 5692/4244/10 5509/4244/10 4158/4246/10
f 2809/4246/10 5301/4244/10 5692/4244/10 5377/4246/10
f 5301/4244/10 505/4220/10 5408/4220/10 5692/4244/10
f 5379/3908/10 5693/3909/10 5535/3909/10 4103/3908/10
f 575/3908/10 5327/3909/10 5693/3909/10 5379/3908/10
f 5327/3909/10 2810/3905/10 5375/3905/10 5693/3909/10
f 5375/3905/10 5694/3907/10 5510/3907/10 4159/3905/10
f 2810/3905/10 5302/3907/10 5694/3907/10 5375/3905/10
f 5302/3907/10 964/3906/10 5376/3906/10 5694/3907/10
f 5985/3898/2 6091/5471/2 6090/5472/2 4054/3545/2
f 4009/3552/2 5940/5473/2 6091/5471/2 5985/3898/2
f 5938/3546/2 6092/5474/2 5901/5475/2 3986/3547/2
f 4054/3545/2 6090/5472/2 6092/5474/2 5938/3546/2
f 5983/3900/2 6093/5476/2 6089/5477/2 4052/3535/2
f 4008/3542/2 5937/5478/2 6093/5476/2 5983/3900/2
f 5935/3536/2 6094/5479/2 5902/5480/2 3989/3537/2
f 4052/3535/2 6089/5477/2 6094/5479/2 5935/3536/2
f 5980/3904/2 6095/5481/2 6088/5482/2 4049/3512/2
f 4007/3519/2 5934/5483/2 6095/5481/2 5980/3904/2
f 5932/3513/2 6096/5484/2 5903/5485/2 3990/3514/2
f 4049/3512/2 6088/5482/2 6096/5484/2 5932/3513/2
f 5970/4120/2 6097/5486/2 6087/5487/2 4041/1934/2
f 4004/1941/2 5927/5488/2 6097/5486/2 5970/4120/2
f 5925/1935/2 6098/5489/2 5904/5490/2 3993/1936/2
f 4041/1934/2 6087/5487/2 6098/5489/2 5925/1935/2
f 5968/4130/2 6099/5491/2 6086/5492/2 4039/1900/2
f 4003/1907/2 5924/5493/2 6099/5491/2 5968/4130/2
f 5922/1901/2 6100/5494/2 5905/5495/2 3994/1902/2
f 4039/1900/2 6086/5492/2 6100/5494/2 5922/1901/2
f 4038/4134/2 6084/4261/2 6101/5496/2 5921/5497/2
f 6084/4261/2 4085/4262/2 6083/5498/2 6101/5496/2
f 4037/4139/2 6081/4270/2 6102/5499/2 5920/5500/2
f 6081/4270/2 4084/4271/2 6080/5501/2 6102/5499/2
f 5919/1848/2 6103/5502/2 5906/5503/2 3995/1849/2
f 4036/1847/2 6078/4273/2 6103/5502/2 5919/1848/2
f 6078/4273/2 4083/4272/2 6077/5504/2 6103/5502/2
f 5966/4157/2 6104/5505/2 6076/5506/2 4034/1813/2
f 4002/1820/2 5918/5507/2 6104/5505/2 5966/4157/2
f 5916/1814/2 6105/5508/2 5907/5509/2 3996/1815/2
f 4034/1813/2 6076/5506/2 6105/5508/2 5916/1814/2
f 4033/4161/2 6074/4266/2 6106/5510/2 5915/5511/2
f 6074/4266/2 4082/4265/2 6073/5512/2 6106/5510/2
f 4031/4171/2 6071/4256/2 6107/5513/2 5913/5514/2
f 6071/4256/2 4081/4257/2 6070/5515/2 6107/5513/2
f 4030/4176/2 6068/4264/2 6108/5516/2 5912/5517/2
f 6068/4264/2 4080/4263/2 6067/5518/2 6108/5516/2
f 5960/4321/2 4000/4234/2 5958/4240/2 6109/4413/2
f 5947/4333/2 3991/4236/2 5959/4237/2 6110/4411/2
f 6062/4408/2 6111/4409/2 6064/997/2 4079/996/2
f 5954/4370/2 6112/4407/2 6063/4232/2 4020/3184/2
f 6059/4404/2 6113/4405/2 6061/1002/2 4078/1001/2
f 5961/4410/2 6114/4403/2 6060/4231/2 4026/998/2
f 6056/4400/2 6115/4401/2 6058/1335/2 4077/1334/2
f 5953/4366/2 6116/4399/2 6057/4216/2 4019/3531/2
f 6053/4396/2 6117/4397/2 6055/1340/2 4076/1339/2
f 5962/4402/2 6118/4395/2 6054/4215/2 4027/1336/2
f 5965/4325/2 4001/4211/2 5963/4253/2 6119/4393/2
f 5946/4337/2 3988/4213/2 5964/4214/2 6120/4391/2
f 4017/4175/2 6049/4174/2 6121/5519/2 5900/5520/2
f 6049/4174/2 4075/4173/2 6048/5521/2 6121/5519/2
f 4012/4170/2 6046/4169/2 6122/5522/2 5895/5523/2
f 6046/4169/2 4074/4168/2 6045/5524/2 6122/5522/2
f 4016/4165/2 6043/4164/2 6123/5525/2 5899/5526/2
f 6043/4164/2 4073/4163/2 6042/5527/2 6123/5525/2
f 4013/4160/2 6040/4159/2 6124/5528/2 5896/5529/2
f 6040/4159/2 4072/4158/2 6039/5530/2 6124/5528/2
f 5967/4156/2 6125/5531/2 6038/5532/2 4035/1818/2
f 3989/3537/2 5902/5480/2 6125/5531/2 5967/4156/2
f 5917/1819/2 6126/5533/2 5918/5507/2 4002/1820/2
f 4035/1818/2 6038/5532/2 6126/5533/2 5917/1819/2
f 4015/4138/2 6036/4137/2 6127/5534/2 5898/5535/2
f 6036/4137/2 4071/4136/2 6035/5536/2 6127/5534/2
f 4014/4133/2 6033/4132/2 6128/5537/2 5897/5538/2
f 6033/4132/2 4070/4131/2 6032/5539/2 6128/5537/2
f 5969/4129/2 6129/5540/2 6031/5541/2 4040/1905/2
f 3990/3514/2 5903/5485/2 6129/5540/2 5969/4129/2
f 5923/1906/2 6130/5542/2 5924/5493/2 4003/1907/2
f 4040/1905/2 6031/5541/2 6130/5542/2 5923/1906/2
f 5971/4119/2 6131/5543/2 6030/5544/2 4042/1939/2
f 3986/3547/2 5901/5475/2 6131/5543/2 5971/4119/2
f 5926/1940/2 6132/5545/2 5927/5488/2 4004/1941/2
f 4042/1939/2 6030/5544/2 6132/5545/2 5926/1940/2
f 6027/4388/2 6133/4389/2 6029/3012/2 4069/3011/2
f 5952/4350/2 6134/4387/2 6028/3932/2 4018/3717/2
f 6024/4384/2 6135/4385/2 6026/3017/2 4068/3016/2
f 5972/4390/2 6136/4383/2 6025/3931/2 4043/3013/2
f 5975/4331/2 4005/3927/2 5973/4305/2 6137/4381/2
f 5945/4341/2 3987/3929/2 5974/3930/2 6138/4379/2
f 5978/4335/2 4006/3922/2 5976/4275/2 6139/4377/2
f 5948/4329/2 3992/3924/2 5977/3925/2 6140/4375/2
f 6017/4372/2 6141/4373/2 6019/3178/2 4067/3177/2
f 5955/4386/2 6142/4371/2 6018/3920/2 4021/3018/2
f 6014/4368/2 6143/4369/2 6016/3183/2 4066/3182/2
f 5979/4374/2 6144/4367/2 6015/3919/2 4048/3179/2
f 5981/3903/2 6145/5546/2 6013/5547/2 4050/3517/2
f 3993/1936/2 5904/5490/2 6145/5546/2 5981/3903/2
f 5933/3518/2 6146/5548/2 5934/5483/2 4007/3519/2
f 4050/3517/2 6013/5547/2 6146/5548/2 5933/3518/2
f 6010/4364/2 6147/4365/2 6012/3530/2 4065/3529/2
f 5982/3902/2 6148/4363/2 6011/3901/2 4051/3526/2
f 3994/1902/2 5905/5495/2 6148/4363/2 5982/3902/2
f 5984/3899/2 6149/5549/2 6009/5550/2 4053/3540/2
f 3995/1849/2 5906/5503/2 6149/5549/2 5984/3899/2
f 5936/3541/2 6150/5551/2 5937/5478/2 4008/3542/2
f 4053/3540/2 6009/5550/2 6150/5551/2 5936/3541/2
f 5986/3897/2 6151/5552/2 6008/5553/2 4055/3550/2
f 3996/1815/2 5907/5509/2 6151/5552/2 5986/3897/2
f 5939/3551/2 6152/5554/2 5940/5473/2 4009/3552/2
f 4055/3550/2 6008/5553/2 6152/5554/2 5939/3551/2
f 5989/4339/2 4010/3893/2 5987/4317/2 6153/4361/2
f 5949/4327/2 3997/3895/2 5988/3896/2 6154/4359/2
f 5992/4343/2 4011/3888/2 5990/4314/2 6155/4357/2
f 5950/4323/2 3998/3890/2 5991/3891/2 6156/4355/2
f 6001/4352/2 6157/4353/2 6003/3711/2 4064/3710/2
f 5956/4398/2 6158/4351/2 6002/3886/2 4022/1341/2
f 5998/4348/2 6159/4349/2 6000/3716/2 4063/3715/2
f 5993/4354/2 6160/4347/2 5999/3885/2 4060/3712/2
f 5995/4345/2 6161/4346/2 5997/3852/2 4062/3851/2
f 5951/4319/2 3999/3872/2 5994/3873/2 6161/4346/2
f 5957/4406/2 6162/4344/2 5996/3874/2 4023/1003/2
f 6004/4356/2 4059/3887/2 5944/3889/2 6163/4342/2
f 6005/4358/2 4058/4315/2 5943/4254/2 6164/4340/2
f 6006/4360/2 4057/3892/2 5942/3894/2 6165/4338/2
f 6007/4362/2 4056/4316/2 5941/4269/2 6166/4336/2
f 6020/4376/2 4047/3921/2 5931/3923/2 6167/4334/2
f 6021/4378/2 4046/4276/2 5930/4308/2 6168/4332/2
f 6022/4380/2 4045/3926/2 5929/3928/2 6169/4330/2
f 6023/4382/2 4044/4306/2 5928/4307/2 6170/4328/2
f 4070/4131/2 6034/4135/2 6171/5555/2 6032/5539/2
f 6034/4135/2 4038/4134/2 5921/5497/2 6171/5555/2
f 4071/4136/2 6037/4140/2 6172/5556/2 6035/5536/2
f 6037/4140/2 4037/4139/2 5920/5500/2 6172/5556/2
f 4072/4158/2 6041/4162/2 6173/5557/2 6039/5530/2
f 6041/4162/2 4033/4161/2 5915/5511/2 6173/5557/2
f 4073/4163/2 6044/4167/2 6174/4326/2 6042/5527/2
f 6044/4167/2 4032/4166/2 5914/4259/2 6174/4326/2
f 4074/4168/2 6047/4172/2 6175/5558/2 6045/5524/2
f 6047/4172/2 4031/4171/2 5913/5514/2 6175/5558/2
f 4075/4173/2 6050/4177/2 6176/5559/2 6048/5521/2
f 6050/4177/2 4030/4176/2 5912/5517/2 6176/5559/2
f 6051/4392/2 4029/4210/2 5911/4212/2 6177/4324/2
f 6052/4394/2 4028/4251/2 5910/4252/2 6178/4322/2
f 6065/4412/2 4025/4233/2 5909/4235/2 6179/4320/2
f 6066/4414/2 4024/4238/2 5908/4239/2 6180/4318/2
f 4080/4263/2 6069/4260/2 6181/5560/2 6067/5518/2
f 6069/4260/2 4013/4160/2 5896/5529/2 6181/5560/2
f 4081/4257/2 6072/4255/2 6182/5561/2 6070/5515/2
f 6072/4255/2 4017/4175/2 5900/5520/2 6182/5561/2
f 4082/4265/2 6075/4267/2 6183/5562/2 6073/5512/2
f 6075/4267/2 4016/4165/2 5899/5526/2 6183/5562/2
f 4083/4272/2 6079/4274/2 6184/5563/2 6077/5504/2
f 6079/4274/2 4014/4133/2 5897/5538/2 6184/5563/2
f 4084/4271/2 6082/4268/2 6185/5564/2 6080/5501/2
f 6082/4268/2 4012/4170/2 5895/5523/2 6185/5564/2
f 4085/4262/2 6085/4258/2 6186/5565/2 6083/5498/2
f 6085/4258/2 4015/4138/2 5898/5535/2 6186/5565/2
f 5893/1815/1 6187/1814/1 5916/1814/1 3996/1815/1
f 665/1815/1 5700/1814/1 6187/1814/1 5893/1815/1
f 5700/1814/1 2304/1813/1 5894/1813/1 6187/1814/1
f 5891/3893/10 6188/4317/10 5987/4317/10 4010/3893/10
f 987/3893/10 5742/4317/10 6188/4317/10 5891/3893/10
f 5742/4317/10 2897/4316/10 5892/4316/10 6188/4317/10
f 5889/1820/1 6189/1819/1 5917/1819/1 4002/1820/1
f 836/1820/1 5701/1819/1 6189/1819/1 5889/1820/1
f 5701/1819/1 2305/1818/1 5890/1818/1 6189/1819/1
f 5887/3895/10 6190/3896/10 5988/3896/10 3997/3895/10
f 667/3895/10 5743/3896/10 6190/3896/10 5887/3895/10
f 5743/3896/10 2898/3892/10 5888/3892/10 6190/3896/10
f 5885/1900/1 6191/4130/1 5968/4130/1 4039/1900/1
f 2335/1900/1 5727/4130/1 6191/4130/1 5885/1900/1
f 5727/4130/1 844/1907/1 5886/1907/1 6191/4130/1
f 5883/3016/4 6192/3931/4 6025/3931/4 4068/3016/4
f 3214/3016/4 5759/3931/4 6192/3931/4 5883/3016/4
f 5759/3931/4 2713/3013/4 5884/3013/4 6192/3931/4
f 5881/3715/4 6193/3885/4 5999/3885/4 4063/3715/4
f 3043/3715/4 5749/3885/4 6193/3885/4 5881/3715/4
f 5749/3885/4 2952/3712/4 5882/3712/4 6193/3885/4
f 5879/1905/1 6194/4129/1 5969/4129/1 4040/1905/1
f 2336/1905/1 5728/4129/1 6194/4129/1 5879/1905/1
f 5728/4129/1 479/3514/1 5880/3514/1 6194/4129/1
f 5877/4161/3 6195/4266/3 6074/4266/3 4033/4161/3
f 2300/4161/3 5788/4266/3 6195/4266/3 5877/4161/3
f 5788/4266/3 3812/4265/3 5878/4265/3 6195/4266/3
f 5876/3018/4 6196/3017/4 6026/3017/4 4021/3018/4
f 1785/3018/4 5760/3017/4 6196/3017/4 5876/3018/4
f 5760/3017/4 3214/3016/4 5883/3016/4 6196/3017/4
f 5875/3717/4 6197/3716/4 6000/3716/4 4018/3717/4
f 1542/3717/4 5750/3716/4 6197/3716/4 5875/3717/4
f 5750/3716/4 3043/3715/4 5881/3715/4 6197/3716/4
f 5878/4265/3 6198/4267/3 6075/4267/3 4082/4265/3
f 3812/4265/3 5789/4267/3 6198/4267/3 5878/4265/3
f 5789/4267/3 1418/4165/3 5874/4165/3 6198/4267/3
f 5872/4306/10 6199/4307/10 5928/4307/10 4044/4306/10
f 2716/4306/10 5707/4307/10 6199/4307/10 5872/4306/10
f 5707/4307/10 533/3924/10 5873/3924/10 6199/4307/10
f 5870/3926/10 6200/3928/10 5929/3928/10 4045/3926/10
f 2717/3926/10 5708/3928/10 6200/3928/10 5870/3926/10
f 5708/3928/10 940/3927/10 5871/3927/10 6200/3928/10
f 5869/3011/4 6201/3932/4 6028/3932/4 4069/3011/4
f 3215/3011/4 5761/3932/4 6201/3932/4 5869/3011/4
f 5761/3932/4 1542/3717/4 5875/3717/4 6201/3932/4
f 5867/3710/4 6202/3886/4 6002/3886/4 4064/3710/4
f 3044/3710/4 5751/3886/4 6202/3886/4 5867/3710/4
f 5751/3886/4 1965/1341/4 5868/1341/4 6202/3886/4
f 5865/3182/4 6203/3919/4 6015/3919/4 4066/3182/4
f 3173/3182/4 5755/3919/4 6203/3919/4 5865/3182/4
f 5755/3919/4 2771/3179/4 5866/3179/4 6203/3919/4
f 5884/3013/4 6204/3012/4 6029/3012/4 4043/3013/4
f 2713/3013/4 5762/3012/4 6204/3012/4 5884/3013/4
f 5762/3012/4 3215/3011/4 5869/3011/4 6204/3012/4
f 5882/3712/4 6205/3711/4 6003/3711/4 4060/3712/4
f 2952/3712/4 5752/3711/4 6205/3711/4 5882/3712/4
f 5752/3711/4 3044/3710/4 5867/3710/4 6205/3711/4
f 5863/3851/4 6206/3874/4 5996/3874/4 4062/3851/4
f 3010/3851/4 5747/3874/4 6206/3874/4 5863/3851/4
f 5747/3874/4 2002/1003/4 5864/1003/4 6206/3874/4
f 5862/3184/4 6207/3183/4 6016/3183/4 4020/3184/4
f 1635/3184/4 5756/3183/4 6207/3183/4 5862/3184/4
f 5756/3183/4 3173/3182/4 5865/3182/4 6207/3183/4
f 5860/3888/10 6208/4314/10 5990/4314/10 4011/3888/10
f 1000/3888/10 5744/4314/10 6208/4314/10 5860/3888/10
f 5744/4314/10 2948/4315/10 5861/4315/10 6208/4314/10
f 5859/3853/4 6209/3852/4 5997/3852/4 4061/3853/4
f 2999/3853/4 5748/3852/4 6209/3852/4 5859/3853/4
f 5748/3852/4 3010/3851/4 5863/3851/4 6209/3852/4
f 5857/3890/10 6210/3891/10 5991/3891/10 3998/3890/10
f 717/3890/10 5745/3891/10 6210/3891/10 5857/3890/10
f 5745/3891/10 2949/3887/10 5858/3887/10 6210/3891/10
f 5856/3177/4 6211/3920/4 6018/3920/4 4067/3177/4
f 3174/3177/4 5757/3920/4 6211/3920/4 5856/3177/4
f 5757/3920/4 1785/3018/4 5876/3018/4 6211/3920/4
f 5854/3529/4 6212/3901/4 6011/3901/4 4065/3529/4
f 3088/3529/4 5753/3901/4 6212/3901/4 5854/3529/4
f 5753/3901/4 2888/3526/4 5855/3526/4 6212/3901/4
f 5852/1849/1 6213/1848/1 5919/1848/1 3995/1849/1
f 661/1849/1 5702/1848/1 6213/1848/1 5852/1849/1
f 5702/1848/1 2315/1847/1 5853/1847/1 6213/1848/1
f 5866/3179/4 6214/3178/4 6019/3178/4 4048/3179/4
f 2771/3179/4 5758/3178/4 6214/3178/4 5866/3179/4
f 5758/3178/4 3174/3177/4 5856/3177/4 6214/3178/4
f 5850/4276/10 6215/4308/10 5930/4308/10 4046/4276/10
f 2767/4276/10 5709/4308/10 6215/4308/10 5850/4276/10
f 5709/4308/10 516/4236/10 5851/4236/10 6215/4308/10
f 5849/3531/4 6216/3530/4 6012/3530/4 4019/3531/4
f 1597/3531/4 5754/3530/4 6216/3530/4 5849/3531/4
f 5754/3530/4 3088/3529/4 5854/3529/4 6216/3530/4
f 5847/1934/1 6217/4120/1 5970/4120/1 4041/1934/1
f 2346/1934/1 5729/4120/1 6217/4120/1 5847/1934/1
f 5729/4120/1 847/1941/1 5848/1941/1 6217/4120/1
f 5845/3921/10 6218/3923/10 5931/3923/10 4047/3921/10
f 2768/3921/10 5710/3923/10 6218/3923/10 5845/3921/10
f 5710/3923/10 953/3922/10 5846/3922/10 6218/3923/10
f 5844/4251/10 6219/4252/10 5910/4252/10 4028/4251/10
f 2141/4251/10 5697/4252/10 6219/4252/10 5844/4251/10
f 5697/4252/10 717/3890/10 5857/3890/10 6219/4252/10
f 5842/1939/1 6220/4119/1 5971/4119/1 4042/1939/1
f 2347/1939/1 5730/4119/1 6220/4119/1 5842/1939/1
f 5730/4119/1 418/3547/1 5843/3547/1 6220/4119/1
f 5840/4210/10 6221/4212/10 5911/4212/10 4029/4210/10
f 2142/4210/10 5698/4212/10 6221/4212/10 5840/4210/10
f 5698/4212/10 795/4211/10 5841/4211/10 6221/4212/10
f 5880/3514/1 6222/3513/1 5932/3513/1 3990/3514/1
f 479/3514/1 5711/3513/1 6222/3513/1 5880/3514/1
f 5711/3513/1 2884/3512/1 5839/3512/1 6222/3513/1
f 5837/3519/1 6223/3518/1 5933/3518/1 4007/3519/1
f 983/3519/1 5712/3518/1 6223/3518/1 5837/3519/1
f 5712/3518/1 2885/3517/1 5838/3517/1 6223/3518/1
f 5841/4211/10 6224/4253/10 5963/4253/10 4001/4211/10
f 795/4211/10 5723/4253/10 6224/4253/10 5841/4211/10
f 5723/4253/10 2141/4251/10 5844/4251/10 6224/4253/10
f 5894/1813/1 6225/4157/1 5966/4157/1 4034/1813/1
f 2304/1813/1 5725/4157/1 6225/4157/1 5894/1813/1
f 5725/4157/1 836/1820/1 5889/1820/1 6225/4157/1
f 5836/4213/10 6226/4214/10 5964/4214/10 3988/4213/10
f 476/4213/10 5724/4214/10 6226/4214/10 5836/4213/10
f 5724/4214/10 2142/4210/10 5840/4210/10 6226/4214/10
f 5890/1818/1 6227/4156/1 5967/4156/1 4035/1818/1
f 2305/1818/1 5726/4156/1 6227/4156/1 5890/1818/1
f 5726/4156/1 478/3537/1 5835/3537/1 6227/4156/1
f 5833/4170/3 6228/4169/3 6046/4169/3 4012/4170/3
f 1217/4170/3 5771/4169/3 6228/4169/3 5833/4170/3
f 5771/4169/3 3529/4168/3 5834/4168/3 6228/4169/3
f 5834/4168/3 6229/4172/3 6047/4172/3 4074/4168/3
f 3529/4168/3 5772/4172/3 6229/4172/3 5834/4168/3
f 5772/4172/3 2292/4171/3 5832/4171/3 6229/4172/3
f 5830/1001/4 6230/4231/4 6060/4231/4 4078/1001/4
f 3725/1001/4 5779/4231/4 6230/4231/4 5830/1001/4
f 5779/4231/4 2024/998/4 5831/998/4 6230/4231/4
f 5871/3927/10 6231/4305/10 5973/4305/10 4005/3927/10
f 940/3927/10 5731/4305/10 6231/4305/10 5871/3927/10
f 5731/4305/10 2716/4306/10 5872/4306/10 6231/4305/10
f 5864/1003/4 6232/1002/4 6061/1002/4 4023/1003/4
f 2002/1003/4 5780/1002/4 6232/1002/4 5864/1003/4
f 5780/1002/4 3725/1001/4 5830/1001/4 6232/1002/4
f 5829/3929/10 6233/3930/10 5974/3930/10 3987/3929/10
f 458/3929/10 5732/3930/10 6233/3930/10 5829/3929/10
f 5732/3930/10 2717/3926/10 5870/3926/10 6233/3930/10
f 5853/1847/3 6234/4273/3 6078/4273/3 4036/1847/3
f 2315/1847/3 5799/4273/3 6234/4273/3 5853/1847/3
f 5799/4273/3 3815/4272/3 5828/4272/3 6234/4273/3
f 5828/4272/3 6235/4274/3 6079/4274/3 4083/4272/3
f 3815/4272/3 5800/4274/3 6235/4274/3 5828/4272/3
f 5800/4274/3 1235/4133/3 5827/4133/3 6235/4274/3
f 5826/996/4 6236/4232/4 6063/4232/4 4079/996/4
f 3726/996/4 5781/4232/4 6236/4232/4 5826/996/4
f 5781/4232/4 1635/3184/4 5862/3184/4 6236/4232/4
f 5824/1339/4 6237/4215/4 6054/4215/4 4076/1339/4
f 3642/1339/4 5775/4215/4 6237/4215/4 5824/1339/4
f 5775/4215/4 2138/1336/4 5825/1336/4 6237/4215/4
f 5831/998/4 6238/997/4 6064/997/4 4026/998/4
f 2024/998/4 5782/997/4 6238/997/4 5831/998/4
f 5782/997/4 3726/996/4 5826/996/4 6238/997/4
f 5868/1341/4 6239/1340/4 6055/1340/4 4022/1341/4
f 1965/1341/4 5776/1340/4 6239/1340/4 5868/1341/4
f 5776/1340/4 3642/1339/4 5824/1339/4 6239/1340/4
f 5835/3537/1 6240/3536/1 5935/3536/1 3989/3537/1
f 478/3537/1 5713/3536/1 6240/3536/1 5835/3537/1
f 5713/3536/1 2891/3535/1 5823/3535/1 6240/3536/1
f 5821/3542/1 6241/3541/1 5936/3541/1 4008/3542/1
f 985/3542/1 5714/3541/1 6241/3541/1 5821/3542/1
f 5714/3541/1 2892/3540/1 5822/3540/1 6241/3541/1
f 5819/4238/10 6242/4239/10 5908/4239/10 4024/4238/10
f 2020/4238/10 5695/4239/10 6242/4239/10 5819/4238/10
f 5695/4239/10 756/3872/10 5820/3872/10 6242/4239/10
f 5827/4133/3 6243/4132/3 6033/4132/3 4014/4133/3
f 1235/4133/3 5763/4132/3 6243/4132/3 5827/4133/3
f 5763/4132/3 3500/4131/3 5818/4131/3 6243/4132/3
f 5846/3922/10 6244/4275/10 5976/4275/10 4006/3922/10
f 953/3922/10 5733/4275/10 6244/4275/10 5846/3922/10
f 5733/4275/10 2767/4276/10 5850/4276/10 6244/4275/10
f 5816/4233/10 6245/4235/10 5909/4235/10 4025/4233/10
f 2021/4233/10 5696/4235/10 6245/4235/10 5816/4233/10
f 5696/4235/10 764/4234/10 5817/4234/10 6245/4235/10
f 5815/1334/4 6246/4216/4 6057/4216/4 4077/1334/4
f 3643/1334/4 5777/4216/4 6246/4216/4 5815/1334/4
f 5777/4216/4 1597/3531/4 5849/3531/4 6246/4216/4
f 5818/4131/3 6247/4135/3 6034/4135/3 4070/4131/3
f 3500/4131/3 5764/4135/3 6247/4135/3 5818/4131/3
f 5764/4135/3 2331/4134/3 5814/4134/3 6247/4135/3
f 5873/3924/10 6248/3925/10 5977/3925/10 3992/3924/10
f 533/3924/10 5734/3925/10 6248/3925/10 5873/3924/10
f 5734/3925/10 2768/3921/10 5845/3921/10 6248/3925/10
f 5825/1336/4 6249/1335/4 6058/1335/4 4027/1336/4
f 2138/1336/4 5778/1335/4 6249/1335/4 5825/1336/4
f 5778/1335/4 3643/1334/4 5815/1334/4 6249/1335/4
f 5812/4175/3 6250/4174/3 6049/4174/3 4017/4175/3
f 1419/4175/3 5773/4174/3 6250/4174/3 5812/4175/3
f 5773/4174/3 3532/4173/3 5813/4173/3 6250/4174/3
f 5843/3547/1 6251/3546/1 5938/3546/1 3986/3547/1
f 418/3547/1 5715/3546/1 6251/3546/1 5843/3547/1
f 5715/3546/1 2894/3545/1 5811/3545/1 6251/3546/1
f 5813/4173/3 6252/4177/3 6050/4177/3 4075/4173/3
f 3532/4173/3 5774/4177/3 6252/4177/3 5813/4173/3
f 5774/4177/3 2288/4176/3 5810/4176/3 6252/4177/3
f 5839/3512/1 6253/3904/1 5980/3904/1 4049/3512/1
f 2884/3512/1 5735/3904/1 6253/3904/1 5839/3512/1
f 5735/3904/1 983/3519/1 5837/3519/1 6253/3904/1
f 5808/3552/1 6254/3551/1 5939/3551/1 4009/3552/1
f 986/3552/1 5716/3551/1 6254/3551/1 5808/3552/1
f 5716/3551/1 2895/3550/1 5809/3550/1 6254/3551/1
f 5838/3517/1 6255/3903/1 5981/3903/1 4050/3517/1
f 2885/3517/1 5736/3903/1 6255/3903/1 5838/3517/1
f 5736/3903/1 652/1936/1 5807/1936/1 6255/3903/1
f 5801/4160/3 6256/4159/3 6040/4159/3 4013/4160/3
f 1234/4160/3 5767/4159/3 6256/4159/3 5801/4160/3
f 5767/4159/3 3523/4158/3 5804/4158/3 6256/4159/3
f 5820/3872/10 6257/3873/10 5994/3873/10 3999/3872/10
f 756/3872/10 5746/3873/10 6257/3873/10 5820/3872/10
f 5746/3873/10 2999/3853/10 5859/3853/10 6257/3873/10
f 5797/4139/3 6258/4270/3 6081/4270/3 4037/4139/3
f 2327/4139/3 5802/4270/3 6258/4270/3 5797/4139/3
f 5802/4270/3 3818/4271/3 5798/4271/3 6258/4270/3
f 5804/4158/3 6259/4162/3 6041/4162/3 4072/4158/3
f 3523/4158/3 5768/4162/3 6259/4162/3 5804/4158/3
f 5768/4162/3 2300/4161/3 5877/4161/3 6259/4162/3
f 5892/4316/10 6260/4269/10 5941/4269/10 4056/4316/10
f 2897/4316/10 5717/4269/10 6260/4269/10 5892/4316/10
f 5717/4269/10 476/4213/10 5836/4213/10 6260/4269/10
f 5798/4271/3 6261/4268/3 6082/4268/3 4084/4271/3
f 3818/4271/3 5803/4268/3 6261/4268/3 5798/4271/3
f 5803/4268/3 1217/4170/3 5833/4170/3 6261/4268/3
f 5888/3892/10 6262/3894/10 5942/3894/10 4057/3892/10
f 2898/3892/10 5718/3894/10 6262/3894/10 5888/3892/10
f 5718/3894/10 987/3893/10 5891/3893/10 6262/3894/10
f 5796/1902/1 6263/1901/1 5922/1901/1 3994/1902/1
f 656/1902/1 5703/1901/1 6263/1901/1 5796/1902/1
f 5703/1901/1 2335/1900/1 5885/1900/1 6263/1901/1
f 5855/3526/1 6264/3902/1 5982/3902/1 4051/3526/1
f 2888/3526/1 5737/3902/1 6264/3902/1 5855/3526/1
f 5737/3902/1 656/1902/1 5796/1902/1 6264/3902/1
f 5886/1907/1 6265/1906/1 5923/1906/1 4003/1907/1
f 844/1907/1 5704/1906/1 6265/1906/1 5886/1907/1
f 5704/1906/1 2336/1905/1 5879/1905/1 6265/1906/1
f 5810/4176/3 6266/4264/3 6068/4264/3 4030/4176/3
f 2288/4176/3 5783/4264/3 6266/4264/3 5810/4176/3
f 5783/4264/3 3809/4263/3 5795/4263/3 6266/4264/3
f 5814/4134/3 6267/4261/3 6084/4261/3 4038/4134/3
f 2331/4134/3 5805/4261/3 6267/4261/3 5814/4134/3
f 5805/4261/3 3819/4262/3 5794/4262/3 6267/4261/3
f 5795/4263/3 6268/4260/3 6069/4260/3 4080/4263/3
f 3809/4263/3 5784/4260/3 6268/4260/3 5795/4263/3
f 5784/4260/3 1234/4160/3 5801/4160/3 6268/4260/3
f 5793/4166/10 6269/4259/10 5914/4259/10 4032/4166/10
f 2296/4166/10 5699/4259/10 6269/4259/10 5793/4166/10
f 5699/4259/10 667/3895/10 5887/3895/10 6269/4259/10
f 5794/4262/3 6270/4258/3 6085/4258/3 4085/4262/3
f 3819/4262/3 5806/4258/3 6270/4258/3 5794/4262/3
f 5806/4258/3 1409/4138/3 5792/4138/3 6270/4258/3
f 5792/4138/3 6271/4137/3 6036/4137/3 4015/4138/3
f 1409/4138/3 5765/4137/3 6271/4137/3 5792/4138/3
f 5765/4137/3 3503/4136/3 5791/4136/3 6271/4137/3
f 5791/4136/3 6272/4140/3 6037/4140/3 4071/4136/3
f 3503/4136/3 5766/4140/3 6272/4140/3 5791/4136/3
f 5766/4140/3 2327/4139/3 5797/4139/3 6272/4140/3
f 5832/4171/3 6273/4256/3 6071/4256/3 4031/4171/3
f 2292/4171/3 5785/4256/3 6273/4256/3 5832/4171/3
f 5785/4256/3 3810/4257/3 5790/4257/3 6273/4256/3
f 5790/4257/3 6274/4255/3 6072/4255/3 4081/4257/3
f 3810/4257/3 5786/4255/3 6274/4255/3 5790/4257/3
f 5786/4255/3 1419/4175/3 5812/4175/3 6274/4255/3
f 5861/4315/10 6275/4254/10 5943/4254/10 4058/4315/10
f 2948/4315/10 5719/4254/10 6275/4254/10 5861/4315/10
f 5719/4254/10 458/3929/10 5829/3929/10 6275/4254/10
f 5823/3535/1 6276/3900/1 5983/3900/1 4052/3535/1
f 2891/3535/1 5738/3900/1 6276/3900/1 5823/3535/1
f 5738/3900/1 985/3542/1 5821/3542/1 6276/3900/1
f 5858/3887/10 6277/3889/10 5944/3889/10 4059/3887/10
f 2949/3887/10 5720/3889/10 6277/3889/10 5858/3887/10
f 5720/3889/10 1000/3888/10 5860/3888/10 6277/3889/10
f 5822/3540/1 6278/3899/1 5984/3899/1 4053/3540/1
f 2892/3540/1 5739/3899/1 6278/3899/1 5822/3540/1
f 5739/3899/1 661/1849/1 5852/1849/1 6278/3899/1
f 5817/4234/10 6279/4240/10 5958/4240/10 4000/4234/10
f 764/4234/10 5721/4240/10 6279/4240/10 5817/4234/10
f 5721/4240/10 2020/4238/10 5819/4238/10 6279/4240/10
f 5874/4165/3 6280/4164/3 6043/4164/3 4016/4165/3
f 1418/4165/3 5769/4164/3 6280/4164/3 5874/4165/3
f 5769/4164/3 3526/4163/3 5787/4163/3 6280/4164/3
f 5851/4236/10 6281/4237/10 5959/4237/10 3991/4236/10
f 516/4236/10 5722/4237/10 6281/4237/10 5851/4236/10
f 5722/4237/10 2021/4233/10 5816/4233/10 6281/4237/10
f 5787/4163/3 6282/4167/3 6044/4167/3 4073/4163/3
f 3526/4163/3 5770/4167/3 6282/4167/3 5787/4163/3
f 5770/4167/3 2296/4166/3 5793/4166/3 6282/4167/3
f 5811/3545/1 6283/3898/1 5985/3898/1 4054/3545/1
f 2894/3545/1 5740/3898/1 6283/3898/1 5811/3545/1
f 5740/3898/1 986/3552/1 5808/3552/1 6283/3898/1
f 5807/1936/1 6284/1935/1 5925/1935/1 3993/1936/1
f 652/1936/1 5705/1935/1 6284/1935/1 5807/1936/1
f 5705/1935/1 2346/1934/1 5847/1934/1 6284/1935/1
f 5809/3550/1 6285/3897/1 5986/3897/1 4055/3550/1
f 2895/3550/1 5741/3897/1 6285/3897/1 5809/3550/1
f 5741/3897/1 665/1815/1 5893/1815/1 6285/3897/1
f 5848/1941/1 6286/1940/1 5926/1940/1 4004/1941/1
f 847/1941/1 5706/1940/1 6286/1940/1 5848/1941/1
f 5706/1940/1 2347/1939/1 5842/1939/1 6286/1940/1
f 6103/5502/11 6078/4273/11 4131/2744/11 5521/3951/11 4090/390/11 5489/389/11 4117/388/11 5515/4298/11 4099/2733/11 5496/2732/11 4132/2731/11 5522/3957/11 4088/376/11 5487/375/11 4115/374/11 5513/4300/11 4097/2771/11 5494/2770/11 4129/2769/11 5519/3940/11 4089/381/11 5488/380/11 4116/379/11 5514/4299/11 4098/2758/11 5495/2757/11 4130/2756/11 5520/3946/11 4086/405/11 5492/404/11 4121/403/11 5517/4287/11 4101/2671/11 5498/2670/11 4134/2669/11 5524/3985/11 4092/410/11 5493/409/11 4122/408/11 5518/4286/11 4102/2658/11 5499/2657/11 4135/2656/11 5525/3990/11 4087/395/11 5490/394/11 4119/393/11 5516/4291/11 4100/2704/11 5497/2703/11 4133/2702/11 5523/3971/11 4091/400/11 5491/399/11 6148/4363/11 5905/5495/11 6100/5494/11 6086/5492/11 6099/5491/11 5924/5493/11 6130/5542/11 6031/5541/11 6129/5540/11 5903/5485/11 6096/5484/11 6088/5482/11 6095/5481/11 5934/5483/11 6146/5548/11 6013/5547/11 6145/5546/11 5904/5490/11 6098/5489/11 6087/5487/11 6097/5486/11 5927/5488/11 6132/5545/11 6030/5544/11 6131/5543/11 5901/5475/11 6092/5474/11 6090/5472/11 6091/5471/11 5940/5473/11 6152/5554/11 6008/5553/11 6151/5552/11 5907/5509/11 6105/5508/11 6076/5506/11 6104/5505/11 5918/5507/11 6126/5533/11 6038/5532/11 6125/5531/11 5902/5480/11 6094/5479/11 6089/5477/11 6093/5476/11 5937/5478/11 6150/5551/11 6009/5550/11 6149/5549/11 5906/5503/11
f 4120/5566/11 6011/5566/11 6148/5566/11 5491/5566/11
f 6011/5566/4 4120/5566/4 4187/5566/4 5557/5566/4 6057/5566/4
f 6057/5566/4 5557/5566/4 5569/5566/4 4146/5566/4 4061/5566/4 6018/5566/4
f 4146/5566/12 4163/5566/12 4032/5566/12 675/5566/12 4061/5566/12
f 4131/2744/3 6078/4273/3 6033/5566/3 5573/5566/3 5545/5566/3
f 4032/5566/3 4163/5566/3 5573/5566/3 6033/5566/3
l 5521 6103
