Using pre-set license
Built from '2022.3/staging' branch; Version is '2022.3.29f1 (8d510ca76d2b) revision 9261324'; Using compiler version '192829333'; Build Type 'Release'
OS: 'Windows 11  (10.0.22631) 64bit Professional' Language: 'es' Physical Memory: 15205 MB
BatchMode: 1, IsHumanControllingUs: 0, StartBugReporterOnCrash: 0, Is64bit: 1, IsPro: 1

COMMAND LINE ARGUMENTS:
C:\Program Files\Unity\Hub\Editor\2022.3.29f1\Editor\Unity.exe
-adb2
-batchMode
-noUpm
-name
AssetImportWorker0
-projectPath
F:/Lexium-Repo/Lexium
-logFile
Logs/AssetImportWorker0.log
-srvPort
50931
Successfully changed project path to: F:/Lexium-Repo/Lexium
F:/Lexium-Repo/Lexium
[UnityMemory] Configuration Parameters - Can be set up in boot.config
    "memorysetup-bucket-allocator-granularity=16"
    "memorysetup-bucket-allocator-bucket-count=8"
    "memorysetup-bucket-allocator-block-size=33554432"
    "memorysetup-bucket-allocator-block-count=8"
    "memorysetup-main-allocator-block-size=16777216"
    "memorysetup-thread-allocator-block-size=16777216"
    "memorysetup-gfx-main-allocator-block-size=16777216"
    "memorysetup-gfx-thread-allocator-block-size=16777216"
    "memorysetup-cache-allocator-block-size=4194304"
    "memorysetup-typetree-allocator-block-size=2097152"
    "memorysetup-profiler-bucket-allocator-granularity=16"
    "memorysetup-profiler-bucket-allocator-bucket-count=8"
    "memorysetup-profiler-bucket-allocator-block-size=33554432"
    "memorysetup-profiler-bucket-allocator-block-count=8"
    "memorysetup-profiler-allocator-block-size=16777216"
    "memorysetup-profiler-editor-allocator-block-size=1048576"
    "memorysetup-temp-allocator-size-main=16777216"
    "memorysetup-job-temp-allocator-block-size=2097152"
    "memorysetup-job-temp-allocator-block-size-background=1048576"
    "memorysetup-job-temp-allocator-reduction-small-platforms=262144"
    "memorysetup-allocator-temp-initial-block-size-main=262144"
    "memorysetup-allocator-temp-initial-block-size-worker=262144"
    "memorysetup-temp-allocator-size-background-worker=32768"
    "memorysetup-temp-allocator-size-job-worker=262144"
    "memorysetup-temp-allocator-size-preload-manager=33554432"
    "memorysetup-temp-allocator-size-nav-mesh-worker=65536"
    "memorysetup-temp-allocator-size-audio-worker=65536"
    "memorysetup-temp-allocator-size-cloud-worker=32768"
    "memorysetup-temp-allocator-size-gi-baking-worker=262144"
    "memorysetup-temp-allocator-size-gfx=262144"
Player connection [3244] Host "[IP] 192.168.10.105 [Port] 0 [Flags] 2 [Guid] 3506214562 [EditorId] 3506214562 [Version] 1048832 [Id] WindowsEditor(7,DESKTOP-PAATDI4) [Debug] 1 [PackageName] WindowsEditor [ProjectName] Editor" joined multi-casting on [225.0.0.222:54997]...

Player connection [3244] Host "[IP] 192.168.10.105 [Port] 0 [Flags] 2 [Guid] 3506214562 [EditorId] 3506214562 [Version] 1048832 [Id] WindowsEditor(7,DESKTOP-PAATDI4) [Debug] 1 [PackageName] WindowsEditor [ProjectName] Editor" joined alternative multi-casting on [225.0.0.222:34997]...

[Physics::Module] Initialized MultithreadedJobDispatcher with 7 workers.
Refreshing native plugins compatible for Editor in 16.63 ms, found 3 plugins.
Preloading 0 native plugins for Editor in 0.00 ms.
Initialize engine version: 2022.3.29f1 (8d510ca76d2b)
[Subsystems] Discovering subsystems at path C:/Program Files/Unity/Hub/Editor/2022.3.29f1/Editor/Data/Resources/UnitySubsystems
[Subsystems] Discovering subsystems at path F:/Lexium-Repo/Lexium/Assets
GfxDevice: creating device client; threaded=0; jobified=0
Direct3D:
    Version:  Direct3D 11.0 [level 11.1]
    Renderer: Intel(R) UHD Graphics 630 (ID=0x9bc8)
    Vendor:   Intel
    VRAM:     7602 MB
    Driver:   31.0.101.2111
Initialize mono
Mono path[0] = 'C:/Program Files/Unity/Hub/Editor/2022.3.29f1/Editor/Data/Managed'
Mono path[1] = 'C:/Program Files/Unity/Hub/Editor/2022.3.29f1/Editor/Data/MonoBleedingEdge/lib/mono/unityjit-win32'
Mono config path = 'C:/Program Files/Unity/Hub/Editor/2022.3.29f1/Editor/Data/MonoBleedingEdge/etc'
Using monoOptions --debugger-agent=transport=dt_socket,embedding=1,server=y,suspend=n,address=127.0.0.1:56996
Begin MonoManager ReloadAssembly
Registering precompiled unity dll's ...
Register platform support module: C:/Program Files/Unity/Hub/Editor/2022.3.29f1/Editor/Data/PlaybackEngines/WebGLSupport/UnityEditor.WebGL.Extensions.dll
Register platform support module: C:/Program Files/Unity/Hub/Editor/2022.3.29f1/Editor/Data/PlaybackEngines/AndroidPlayer/UnityEditor.Android.Extensions.dll
Register platform support module: C:/Program Files/Unity/Hub/Editor/2022.3.29f1/Editor/Data/PlaybackEngines/iOSSupport/UnityEditor.iOS.Extensions.dll
Register platform support module: C:/Program Files/Unity/Hub/Editor/2022.3.29f1/Editor/Data/PlaybackEngines/WindowsStandaloneSupport/UnityEditor.WindowsStandalone.Extensions.dll
Registered in 0.021270 seconds.
- Loaded All Assemblies, in  0.633 seconds
Native extension for WindowsStandalone target not found
[usbmuxd] Start listen thread
[usbmuxd] Listen thread started
[usbmuxd] Send listen message
Native extension for iOS target not found
Native extension for Android target not found
Android Extension - Scanning For ADB Devices 443 ms
Native extension for WebGL target not found
Mono: successfully reloaded assembly
- Finished resetting the current domain, in  1.076 seconds
Domain Reload Profiling: 1705ms
	BeginReloadAssembly (184ms)
		ExecutionOrderSort (0ms)
		DisableScriptedObjects (0ms)
		BackupInstance (0ms)
		ReleaseScriptingObjects (0ms)
		CreateAndSetChildDomain (2ms)
	RebuildCommonClasses (58ms)
	RebuildNativeTypeToScriptingClass (15ms)
	initialDomainReloadingComplete (112ms)
	LoadAllAssembliesAndSetupDomain (259ms)
		LoadAssemblies (181ms)
		RebuildTransferFunctionScriptingTraits (0ms)
		AnalyzeDomain (254ms)
			TypeCache.Refresh (253ms)
				TypeCache.ScanAssembly (229ms)
			ScanForSourceGeneratedMonoScriptInfo (1ms)
			ResolveRequiredComponents (1ms)
	FinalizeReload (1076ms)
		ReleaseScriptCaches (0ms)
		RebuildScriptCaches (0ms)
		SetupLoadedEditorAssemblies (969ms)
			LogAssemblyErrors (0ms)
			InitializePlatformSupportModulesInManaged (666ms)
			SetLoadedEditorAssemblies (7ms)
			RefreshPlugins (0ms)
			BeforeProcessingInitializeOnLoad (3ms)
			ProcessInitializeOnLoadAttributes (210ms)
			ProcessInitializeOnLoadMethodAttributes (82ms)
			AfterProcessingInitializeOnLoad (0ms)
			EditorAssembliesLoaded (0ms)
		ExecutionOrderSort2 (0ms)
		AwakeInstancesAfterBackupRestoration (0ms)
========================================================================
Worker process is ready to serve import requests
Begin MonoManager ReloadAssembly
- Loaded All Assemblies, in  1.488 seconds
Refreshing native plugins compatible for Editor in 6.90 ms, found 3 plugins.
Native extension for WindowsStandalone target not found
Native extension for iOS target not found
Native extension for Android target not found
Native extension for WebGL target not found
Package Manager log level set to [2]
[Package Manager] Server::EnsureServerProcessIsRunning -- launch failed, reason: Unity was launched with the -noUpm command-line argument
[Package Manager] UpmClient::Send -- Unable to send message (not connected to UPM process).
[Package Manager] Cannot connect to Unity Package Manager local server
Mono: successfully reloaded assembly
[Package Manager] Server::EnsureServerProcessIsRunning -- launch failed, reason: Unity was launched with the -noUpm command-line argument
[Package Manager] UpmClient::Send -- Unable to send message (not connected to UPM process).
[Package Manager] Cannot connect to Unity Package Manager local server
[Package Manager] Server::EnsureServerProcessIsRunning -- launch failed, reason: Unity was launched with the -noUpm command-line argument
[Package Manager] UpmClient::Send -- Unable to send message (not connected to UPM process).
[Package Manager] Cannot connect to Unity Package Manager local server
- Finished resetting the current domain, in  1.440 seconds
Domain Reload Profiling: 2926ms
	BeginReloadAssembly (259ms)
		ExecutionOrderSort (0ms)
		DisableScriptedObjects (8ms)
		BackupInstance (0ms)
		ReleaseScriptingObjects (0ms)
		CreateAndSetChildDomain (42ms)
	RebuildCommonClasses (60ms)
	RebuildNativeTypeToScriptingClass (17ms)
	initialDomainReloadingComplete (70ms)
	LoadAllAssembliesAndSetupDomain (1079ms)
		LoadAssemblies (679ms)
		RebuildTransferFunctionScriptingTraits (0ms)
		AnalyzeDomain (543ms)
			TypeCache.Refresh (448ms)
				TypeCache.ScanAssembly (399ms)
			ScanForSourceGeneratedMonoScriptInfo (68ms)
			ResolveRequiredComponents (24ms)
	FinalizeReload (1441ms)
		ReleaseScriptCaches (0ms)
		RebuildScriptCaches (0ms)
		SetupLoadedEditorAssemblies (1084ms)
			LogAssemblyErrors (0ms)
			InitializePlatformSupportModulesInManaged (74ms)
			SetLoadedEditorAssemblies (11ms)
			RefreshPlugins (0ms)
			BeforeProcessingInitializeOnLoad (157ms)
			ProcessInitializeOnLoadAttributes (716ms)
			ProcessInitializeOnLoadMethodAttributes (111ms)
			AfterProcessingInitializeOnLoad (15ms)
			EditorAssembliesLoaded (1ms)
		ExecutionOrderSort2 (0ms)
		AwakeInstancesAfterBackupRestoration (10ms)
Launched and connected shader compiler UnityShaderCompiler.exe after 0.08 seconds
Refreshing native plugins compatible for Editor in 8.36 ms, found 3 plugins.
Preloading 0 native plugins for Editor in 0.00 ms.
Unloading 6541 Unused Serialized files (Serialized files now loaded: 0)
Unloading 96 unused Assets / (482.5 KB). Loaded Objects now: 7002.
Memory consumption went from 260.4 MB to 260.0 MB.
Total: 8.472700 ms (FindLiveObjects: 0.756800 ms CreateObjectMapping: 0.826800 ms MarkObjects: 6.132700 ms  DeleteObjects: 0.754400 ms)

AssetImportParameters requested are different than current active one (requested -> active):
  custom:container-demuxer-ogg: 62fdf1f143b41e24485cea50d1cbac27 -> 
  custom:framework-win-MediaFoundation: 216162199b28c13a410421893ffa2e32 -> 
  custom:container-muxer-webm: aa71ff27fc2769a1b78a27578f13a17b -> 
  custom:video-decoder-webm-vp8: 9c59270c3fd7afecdb556c50c9e8de78 -> 
  custom:SearchIndexIgnoredProperties: e643bd26f0fe6173181afceb89e7c659 -> 
  custom:AudioImporter_EditorPlatform: d09bf68614088b80899f8185d706f6e7 -> 
  custom:audio-decoder-ogg-vorbis: bf7c407c2cedff20999df2af8eb42d56 -> 
  custom:audio-encoder-webm-vorbis: bf7c407c2cedff20999df2af8eb42d56 -> 
  custom:video-codec-MediaFoundation-h265: 746d11721c4dcdbdad8f713fa42b33f4 -> 
  custom:video-decoder-ogg-theora: a1e56fd34408186e4bbccfd4996cb3dc -> 
  custom:CustomObjectIndexerAttribute: 72b91833f83ae208fae7752999fa3104 -> 
  custom:container-demuxer-webm: 4f35f7cbe854078d1ac9338744f61a02 -> 
  custom:video-encoder-webm-vp8: eb34c28f22e8b96e1ab97ce403110664 -> 
========================================================================
Received Import Request.
  Time since last request: 2232.348416 seconds.
  path: Assets/sq_shooter/FPS/Scripts/AI/EnemyManager.cs
  artifactKey: Guid(888c7d8f8f69c6b42a086589b6f01bb1) Importer(2089858483,0ecaa5967403d082aa24f35e1b516d23)
Start importing Assets/sq_shooter/FPS/Scripts/AI/EnemyManager.cs using Guid(888c7d8f8f69c6b42a086589b6f01bb1) Importer(2089858483,0ecaa5967403d082aa24f35e1b516d23)  -> (artifact id: '0515a66c951d8b666e67229626596c3d') in 0.181537 seconds
Number of updated asset objects reloaded before import = 0
Number of asset objects unloaded after import = 1
========================================================================
Received Import Request.
  Time since last request: 0.000029 seconds.
  path: Assets/sq_shooter/FPS/Scripts/AI/NavigationModule.cs
  artifactKey: Guid(22d6b672a3f9d27468cfdd79b2119c7e) Importer(2089858483,0ecaa5967403d082aa24f35e1b516d23)
Start importing Assets/sq_shooter/FPS/Scripts/AI/NavigationModule.cs using Guid(22d6b672a3f9d27468cfdd79b2119c7e) Importer(2089858483,0ecaa5967403d082aa24f35e1b516d23)  -> (artifact id: 'b01b8501c1b3b6c96e0b8db89b3b06de') in 0.004155 seconds
Number of updated asset objects reloaded before import = 0
Number of asset objects unloaded after import = 1
========================================================================
Received Import Request.
  Time since last request: 0.000025 seconds.
  path: Assets/sq_shooter/Plugins/CW/LeanTouch/Extras/Scripts/LeanSwipeBase.cs
  artifactKey: Guid(d6570a4c74d8dbf43b0d2152e0313001) Importer(2089858483,0ecaa5967403d082aa24f35e1b516d23)
Start importing Assets/sq_shooter/Plugins/CW/LeanTouch/Extras/Scripts/LeanSwipeBase.cs using Guid(d6570a4c74d8dbf43b0d2152e0313001) Importer(2089858483,0ecaa5967403d082aa24f35e1b516d23)  -> (artifact id: '2156a83c7bdf204d1080a29ebec6ccc3') in 0.004408 seconds
Number of updated asset objects reloaded before import = 0
Number of asset objects unloaded after import = 1
========================================================================
Received Import Request.
  Time since last request: 0.000056 seconds.
  path: Assets/sq_shooter/FPS/Scripts/Game/Managers/GameFlowManager.cs
  artifactKey: Guid(5e1fea5cb3ddbc249bd0181e6766db68) Importer(2089858483,0ecaa5967403d082aa24f35e1b516d23)
Start importing Assets/sq_shooter/FPS/Scripts/Game/Managers/GameFlowManager.cs using Guid(5e1fea5cb3ddbc249bd0181e6766db68) Importer(2089858483,0ecaa5967403d082aa24f35e1b516d23)  -> (artifact id: '73e90343e5f7ef7ebb0114e00ad2a369') in 0.003677 seconds
Number of updated asset objects reloaded before import = 0
Number of asset objects unloaded after import = 1
========================================================================
Received Import Request.
  Time since last request: 0.000065 seconds.
  path: Assets/sq_shooter/FPS/Tutorials/AddARoom/13-Spawn-Room.asset
  artifactKey: Guid(f6daaf2178facf14f92f3e4447cc10fb) Importer(2089858483,0ecaa5967403d082aa24f35e1b516d23)
Start importing Assets/sq_shooter/FPS/Tutorials/AddARoom/13-Spawn-Room.asset using Guid(f6daaf2178facf14f92f3e4447cc10fb) Importer(2089858483,0ecaa5967403d082aa24f35e1b516d23)  -> (artifact id: '454d5b3b840ed10eee4a0f24f74ea980') in 0.066291 seconds
Number of updated asset objects reloaded before import = 0
Number of asset objects unloaded after import = 517
========================================================================
Received Import Request.
  Time since last request: 0.000016 seconds.
  path: Assets/sq_shooter/FPS/Scripts/Game/TimedSelfDestruct.cs
  artifactKey: Guid(09df4c6380233d34397a4a7506903302) Importer(2089858483,0ecaa5967403d082aa24f35e1b516d23)
Start importing Assets/sq_shooter/FPS/Scripts/Game/TimedSelfDestruct.cs using Guid(09df4c6380233d34397a4a7506903302) Importer(2089858483,0ecaa5967403d082aa24f35e1b516d23)  -> (artifact id: '37a8b021258e65321e8766f28504e6cb') in 0.003736 seconds
Number of updated asset objects reloaded before import = 0
Number of asset objects unloaded after import = 1
========================================================================
Received Import Request.
  Time since last request: 0.000018 seconds.
  path: Assets/sq_shooter/FPS/Tutorials/FPSIcon.png
  artifactKey: Guid(82868597b55b3409093b4fe79d24b26c) Importer(815301076,1909f56bfc062723c751e8b465ee728b)
Start importing Assets/sq_shooter/FPS/Tutorials/FPSIcon.png using Guid(82868597b55b3409093b4fe79d24b26c) Importer(815301076,1909f56bfc062723c751e8b465ee728b)  -> (artifact id: '921c33123008769dc2eb6ff8a84bc264') in 0.043243 seconds
Number of updated asset objects reloaded before import = 0
Number of asset objects unloaded after import = 2
========================================================================
Received Import Request.
  Time since last request: 0.000017 seconds.
  path: Assets/sq_shooter/FPS/Scripts/Gameplay/Pickup.cs
  artifactKey: Guid(c72a2c2e0f8c9194f9ab3b97752e8fec) Importer(2089858483,0ecaa5967403d082aa24f35e1b516d23)
Start importing Assets/sq_shooter/FPS/Scripts/Gameplay/Pickup.cs using Guid(c72a2c2e0f8c9194f9ab3b97752e8fec) Importer(2089858483,0ecaa5967403d082aa24f35e1b516d23)  -> (artifact id: '3243288b8efb0b511c063817079bde8f') in 0.004234 seconds
Number of updated asset objects reloaded before import = 0
Number of asset objects unloaded after import = 1
========================================================================
Received Import Request.
  Time since last request: 0.000024 seconds.
  path: Assets/sq_shooter/Plugins/CW/LeanTouch/Extras/Scripts/LeanDragTranslate.cs
  artifactKey: Guid(4eda371e5375f454490a86f21559ee38) Importer(2089858483,0ecaa5967403d082aa24f35e1b516d23)
Start importing Assets/sq_shooter/Plugins/CW/LeanTouch/Extras/Scripts/LeanDragTranslate.cs using Guid(4eda371e5375f454490a86f21559ee38) Importer(2089858483,0ecaa5967403d082aa24f35e1b516d23)  -> (artifact id: '6af6622ad04a9b407ff93df436aad06e') in 0.004065 seconds
Number of updated asset objects reloaded before import = 0
Number of asset objects unloaded after import = 1
========================================================================
Received Import Request.
  Time since last request: 0.000020 seconds.
  path: Assets/sq_shooter/Plugins/CW/LeanTouch/Extras/Scripts/LeanTwistRotate.cs
  artifactKey: Guid(52d72cc6210cb7144a24acb7402222a6) Importer(2089858483,0ecaa5967403d082aa24f35e1b516d23)
Start importing Assets/sq_shooter/Plugins/CW/LeanTouch/Extras/Scripts/LeanTwistRotate.cs using Guid(52d72cc6210cb7144a24acb7402222a6) Importer(2089858483,0ecaa5967403d082aa24f35e1b516d23)  -> (artifact id: '4a0f982e8daafaac6f3c8b7f7c3c40d3') in 0.004293 seconds
Number of updated asset objects reloaded before import = 0
Number of asset objects unloaded after import = 1
========================================================================
Received Import Request.
  Time since last request: 0.000027 seconds.
  path: Assets/sq_shooter/FPS/Scenes/MainScene.unity
  artifactKey: Guid(d794a2ef8ba31d847ad3c19d03e2ddb9) Importer(2089858483,0ecaa5967403d082aa24f35e1b516d23)
Start importing Assets/sq_shooter/FPS/Scenes/MainScene.unity using Guid(d794a2ef8ba31d847ad3c19d03e2ddb9) Importer(2089858483,0ecaa5967403d082aa24f35e1b516d23)  -> (artifact id: '83e9b03ea976c781c1db5b4a07ca1d78') in 0.003916 seconds
Number of updated asset objects reloaded before import = 0
Number of asset objects unloaded after import = 1
========================================================================
Received Import Request.
  Time since last request: 0.000073 seconds.
  path: Assets/sq_shooter/Plugins/CW/LeanTouch/Extras/Scripts/LeanScreenDepth.cs
  artifactKey: Guid(4b2ff10facb46e046abcee4e29a6c13f) Importer(2089858483,0ecaa5967403d082aa24f35e1b516d23)
Start importing Assets/sq_shooter/Plugins/CW/LeanTouch/Extras/Scripts/LeanScreenDepth.cs using Guid(4b2ff10facb46e046abcee4e29a6c13f) Importer(2089858483,0ecaa5967403d082aa24f35e1b516d23)  -> (artifact id: 'b040e0a8d792e3b69d7b04617afa384b') in 0.004195 seconds
Number of updated asset objects reloaded before import = 0
Number of asset objects unloaded after import = 1
========================================================================
Received Import Request.
  Time since last request: 0.000020 seconds.
  path: Assets/sq_shooter/FPS/Scripts/UI/MenuNavigation.cs
  artifactKey: Guid(705b060d91dd25446a76cfc9640acee4) Importer(2089858483,0ecaa5967403d082aa24f35e1b516d23)
Start importing Assets/sq_shooter/FPS/Scripts/UI/MenuNavigation.cs using Guid(705b060d91dd25446a76cfc9640acee4) Importer(2089858483,0ecaa5967403d082aa24f35e1b516d23)  -> (artifact id: '73b2303dfb34e5d95fa2f077672d847d') in 0.005452 seconds
Number of updated asset objects reloaded before import = 0
Number of asset objects unloaded after import = 1
========================================================================
Received Import Request.
  Time since last request: 0.000018 seconds.
  path: Assets/sq_shooter/Plugins/CW/LeanTouch/Required/Scripts/LeanGesture.cs
  artifactKey: Guid(da8a88708d8e3f349920ae0d6cc7e3c1) Importer(2089858483,0ecaa5967403d082aa24f35e1b516d23)
Start importing Assets/sq_shooter/Plugins/CW/LeanTouch/Required/Scripts/LeanGesture.cs using Guid(da8a88708d8e3f349920ae0d6cc7e3c1) Importer(2089858483,0ecaa5967403d082aa24f35e1b516d23)  -> (artifact id: 'fbafaf33ef7d007af5fe47f80e852e18') in 0.006539 seconds
Number of updated asset objects reloaded before import = 0
Number of asset objects unloaded after import = 1
========================================================================
Received Import Request.
  Time since last request: 0.000020 seconds.
  path: Assets/sq_shooter/Plugins/CW/LeanTouch/Required/Scripts/LeanSnapshot.cs
  artifactKey: Guid(fef9e03c4eb1f4f44894223de421c1b3) Importer(2089858483,0ecaa5967403d082aa24f35e1b516d23)
Start importing Assets/sq_shooter/Plugins/CW/LeanTouch/Required/Scripts/LeanSnapshot.cs using Guid(fef9e03c4eb1f4f44894223de421c1b3) Importer(2089858483,0ecaa5967403d082aa24f35e1b516d23)  -> (artifact id: 'f64054f2c1b9ec1a6ab6244803579ed5') in 0.004079 seconds
Number of updated asset objects reloaded before import = 0
Number of asset objects unloaded after import = 1
========================================================================
Received Import Request.
  Time since last request: 0.000019 seconds.
  path: Assets/sq_shooter/FPS/Scripts/AI/EnemyTurret.cs
  artifactKey: Guid(a4cb5371dba09ee46806cbe0c2aa2c9c) Importer(2089858483,0ecaa5967403d082aa24f35e1b516d23)
Start importing Assets/sq_shooter/FPS/Scripts/AI/EnemyTurret.cs using Guid(a4cb5371dba09ee46806cbe0c2aa2c9c) Importer(2089858483,0ecaa5967403d082aa24f35e1b516d23)  -> (artifact id: '7d36cd826475ac3cef0b5107a857a799') in 0.003747 seconds
Number of updated asset objects reloaded before import = 0
Number of asset objects unloaded after import = 1
========================================================================
Received Import Request.
  Time since last request: 0.000022 seconds.
  path: Assets/sq_shooter/NavMeshComponents/Scripts/NavMeshModifierVolume.cs
  artifactKey: Guid(e04ef5f9cd2c27441ab1970384df033e) Importer(2089858483,0ecaa5967403d082aa24f35e1b516d23)
Start importing Assets/sq_shooter/NavMeshComponents/Scripts/NavMeshModifierVolume.cs using Guid(e04ef5f9cd2c27441ab1970384df033e) Importer(2089858483,0ecaa5967403d082aa24f35e1b516d23)  -> (artifact id: '379ae1f1887ccfa9d8fa83af6e9b4b52') in 0.005070 seconds
Number of updated asset objects reloaded before import = 0
Number of asset objects unloaded after import = 2
========================================================================
Received Import Request.
  Time since last request: 0.000015 seconds.
  path: Assets/sq_shooter/Plugins/CW/Shared/Common/Required/Scripts/CwInput.cs
  artifactKey: Guid(fbb4d9a834e3b5b43801419bceffc9cb) Importer(2089858483,0ecaa5967403d082aa24f35e1b516d23)
Start importing Assets/sq_shooter/Plugins/CW/Shared/Common/Required/Scripts/CwInput.cs using Guid(fbb4d9a834e3b5b43801419bceffc9cb) Importer(2089858483,0ecaa5967403d082aa24f35e1b516d23)  -> (artifact id: '2473cb81d11a080a41b226454774276a') in 0.004079 seconds
Number of updated asset objects reloaded before import = 0
Number of asset objects unloaded after import = 1
========================================================================
Received Import Request.
  Time since last request: 0.000020 seconds.
  path: Assets/sq_shooter/Plugins/CW/LeanTouch/Extras/Scripts/LeanDragCamera.cs
  artifactKey: Guid(e278200a08f9b9f419a13f87e9559ab1) Importer(2089858483,0ecaa5967403d082aa24f35e1b516d23)
Start importing Assets/sq_shooter/Plugins/CW/LeanTouch/Extras/Scripts/LeanDragCamera.cs using Guid(e278200a08f9b9f419a13f87e9559ab1) Importer(2089858483,0ecaa5967403d082aa24f35e1b516d23)  -> (artifact id: '209d976bca31528a2e7a6d51f414ae23') in 0.003472 seconds
Number of updated asset objects reloaded before import = 0
Number of asset objects unloaded after import = 1
========================================================================
Received Import Request.
  Time since last request: 0.000016 seconds.
  path: Assets/sq_shooter/ModAssets/Models/AncientProps/Pillar.fbx
  artifactKey: Guid(7c49e12debb73554780638b4c35f023d) Importer(815301076,1909f56bfc062723c751e8b465ee728b)
Start importing Assets/sq_shooter/ModAssets/Models/AncientProps/Pillar.fbx using Guid(7c49e12debb73554780638b4c35f023d) Importer(815301076,1909f56bfc062723c751e8b465ee728b)  -> (artifact id: '9a002883f6ba6e4f0d7cbe1ebf4f88e8') in 0.255540 seconds
Number of updated asset objects reloaded before import = 0
Number of asset objects unloaded after import = 9
========================================================================
Received Import Request.
  Time since last request: 0.000023 seconds.
  path: Assets/sq_shooter/NavMeshComponents/Scripts/NavMeshLink.cs
  artifactKey: Guid(2ff34cf17564ef24d9c2115e5b1f583e) Importer(2089858483,0ecaa5967403d082aa24f35e1b516d23)
Start importing Assets/sq_shooter/NavMeshComponents/Scripts/NavMeshLink.cs using Guid(2ff34cf17564ef24d9c2115e5b1f583e) Importer(2089858483,0ecaa5967403d082aa24f35e1b516d23)  -> (artifact id: 'a200ea040292d49e2f324b0960427f84') in 0.004424 seconds
Number of updated asset objects reloaded before import = 0
Number of asset objects unloaded after import = 2
========================================================================
Received Import Request.
  Time since last request: 0.000034 seconds.
  path: Assets/sq_shooter/FPS/Scripts/Gameplay/PositionBobbing.cs
  artifactKey: Guid(326d796544c58f14a8048643e4c8badd) Importer(2089858483,0ecaa5967403d082aa24f35e1b516d23)
Start importing Assets/sq_shooter/FPS/Scripts/Gameplay/PositionBobbing.cs using Guid(326d796544c58f14a8048643e4c8badd) Importer(2089858483,0ecaa5967403d082aa24f35e1b516d23)  -> (artifact id: 'a0d1205e8b94afe0d7a1a61891aa66a4') in 0.006098 seconds
Number of updated asset objects reloaded before import = 0
Number of asset objects unloaded after import = 1
========================================================================
Received Import Request.
  Time since last request: 0.000028 seconds.
  path: Assets/sq_shooter/FPS/Scripts/UI/DisplayMessage.cs
  artifactKey: Guid(ea4170175d245c6409bb0cb4cc7b2c5f) Importer(2089858483,0ecaa5967403d082aa24f35e1b516d23)
Start importing Assets/sq_shooter/FPS/Scripts/UI/DisplayMessage.cs using Guid(ea4170175d245c6409bb0cb4cc7b2c5f) Importer(2089858483,0ecaa5967403d082aa24f35e1b516d23)  -> (artifact id: 'f50000de02a69352e11c7e86d124e69a') in 0.003982 seconds
Number of updated asset objects reloaded before import = 0
Number of asset objects unloaded after import = 1
========================================================================
Received Import Request.
  Time since last request: 0.000022 seconds.
  path: Assets/sq_shooter/Plugins/CW/LeanTouch/Extras/Scripts/LeanTwistRotateAxis.cs
  artifactKey: Guid(dc7c91b26689a054d88448aba6dfe424) Importer(2089858483,0ecaa5967403d082aa24f35e1b516d23)
Start importing Assets/sq_shooter/Plugins/CW/LeanTouch/Extras/Scripts/LeanTwistRotateAxis.cs using Guid(dc7c91b26689a054d88448aba6dfe424) Importer(2089858483,0ecaa5967403d082aa24f35e1b516d23)  -> (artifact id: 'b349cbb4761ecc4ab35195eef5314be0') in 0.003963 seconds
Number of updated asset objects reloaded before import = 0
Number of asset objects unloaded after import = 1
========================================================================
Received Import Request.
  Time since last request: 0.000051 seconds.
  path: Assets/sq_shooter/Plugins/CW/LeanCommon/Extras/Scripts/LeanSelectableGraphicColor.cs
  artifactKey: Guid(0e3837cd44482a8459c76be5c56a41d3) Importer(2089858483,0ecaa5967403d082aa24f35e1b516d23)
Start importing Assets/sq_shooter/Plugins/CW/LeanCommon/Extras/Scripts/LeanSelectableGraphicColor.cs using Guid(0e3837cd44482a8459c76be5c56a41d3) Importer(2089858483,0ecaa5967403d082aa24f35e1b516d23)  -> (artifact id: '673e3ec34296283ebf582fd9f3bef391') in 0.003961 seconds
Number of updated asset objects reloaded before import = 0
Number of asset objects unloaded after import = 1
========================================================================
Received Import Request.
  Time since last request: 0.000021 seconds.
  path: Assets/sq_shooter/Plugins/CW/Shared/Common/Required/Scripts/CwCommon.cs
  artifactKey: Guid(d0de2c3cc880c084084779b3c82e4391) Importer(2089858483,0ecaa5967403d082aa24f35e1b516d23)
Start importing Assets/sq_shooter/Plugins/CW/Shared/Common/Required/Scripts/CwCommon.cs using Guid(d0de2c3cc880c084084779b3c82e4391) Importer(2089858483,0ecaa5967403d082aa24f35e1b516d23)  -> (artifact id: '0b1539c1d463db830312238d1ed056cd') in 0.003673 seconds
Number of updated asset objects reloaded before import = 0
Number of asset objects unloaded after import = 1
========================================================================
Received Import Request.
  Time since last request: 0.000021 seconds.
  path: Assets/sq_shooter/ModAssets/Models/AncientProps/Pyramid.fbx
  artifactKey: Guid(855be228fb4e849aea507dabde98fbff) Importer(815301076,1909f56bfc062723c751e8b465ee728b)
Start importing Assets/sq_shooter/ModAssets/Models/AncientProps/Pyramid.fbx using Guid(855be228fb4e849aea507dabde98fbff) Importer(815301076,1909f56bfc062723c751e8b465ee728b)  -> (artifact id: '8a7a4623f8041d60d7437cd5a72fa4bc') in 0.017531 seconds
Number of updated asset objects reloaded before import = 0
Number of asset objects unloaded after import = 9
========================================================================
Received Import Request.
  Time since last request: 0.000017 seconds.
  path: Assets/sq_shooter/FPS/Scripts/Editor/UITableEditor.cs
  artifactKey: Guid(d6ad043c45f6e794cae57e90893e61fa) Importer(2089858483,0ecaa5967403d082aa24f35e1b516d23)
Start importing Assets/sq_shooter/FPS/Scripts/Editor/UITableEditor.cs using Guid(d6ad043c45f6e794cae57e90893e61fa) Importer(2089858483,0ecaa5967403d082aa24f35e1b516d23)  -> (artifact id: '898eea06d5c6ec03866bb4bc059fd031') in 0.003837 seconds
Number of updated asset objects reloaded before import = 0
Number of asset objects unloaded after import = 1
========================================================================
Received Import Request.
  Time since last request: 0.000021 seconds.
  path: Assets/sq_shooter/FPS/Scripts/UI/WorldspaceHealthBar.cs
  artifactKey: Guid(88567379ffc126c4e96b34011148ffa0) Importer(2089858483,0ecaa5967403d082aa24f35e1b516d23)
Start importing Assets/sq_shooter/FPS/Scripts/UI/WorldspaceHealthBar.cs using Guid(88567379ffc126c4e96b34011148ffa0) Importer(2089858483,0ecaa5967403d082aa24f35e1b516d23)  -> (artifact id: '5e926c0d89e07947fe5678a54c2d8523') in 0.003897 seconds
Number of updated asset objects reloaded before import = 0
Number of asset objects unloaded after import = 1
========================================================================
Received Import Request.
  Time since last request: 0.000086 seconds.
  path: Assets/sq_shooter/FPS/Scripts/Game/IgnoreHitDetection.cs
  artifactKey: Guid(7579dbb2d10d4b34bbe05adb3f8014cb) Importer(2089858483,0ecaa5967403d082aa24f35e1b516d23)
Start importing Assets/sq_shooter/FPS/Scripts/Game/IgnoreHitDetection.cs using Guid(7579dbb2d10d4b34bbe05adb3f8014cb) Importer(2089858483,0ecaa5967403d082aa24f35e1b516d23)  -> (artifact id: 'c9e80f0a3f933cf26843417c54f78b41') in 0.004176 seconds
Number of updated asset objects reloaded before import = 0
Number of asset objects unloaded after import = 1
========================================================================
Received Import Request.
  Time since last request: 0.000023 seconds.
  path: Assets/sq_shooter/Plugins/CW/Shared/Common/Examples/Scripts/CwCameraPivot.cs
  artifactKey: Guid(4c5a919098a173e40a35fd1c493ae39e) Importer(2089858483,0ecaa5967403d082aa24f35e1b516d23)
Start importing Assets/sq_shooter/Plugins/CW/Shared/Common/Examples/Scripts/CwCameraPivot.cs using Guid(4c5a919098a173e40a35fd1c493ae39e) Importer(2089858483,0ecaa5967403d082aa24f35e1b516d23)  -> (artifact id: '4085257014bfda6258d3c824e6d566a5') in 0.003922 seconds
Number of updated asset objects reloaded before import = 0
Number of asset objects unloaded after import = 1
========================================================================
Received Import Request.
  Time since last request: 0.000020 seconds.
  path: Assets/sq_shooter/Plugins/CW/LeanTouch/Extras/Scripts/LeanScreenQuery.cs
  artifactKey: Guid(bebe214b343962245875722341016be2) Importer(2089858483,0ecaa5967403d082aa24f35e1b516d23)
Start importing Assets/sq_shooter/Plugins/CW/LeanTouch/Extras/Scripts/LeanScreenQuery.cs using Guid(bebe214b343962245875722341016be2) Importer(2089858483,0ecaa5967403d082aa24f35e1b516d23)  -> (artifact id: 'a5a89054ed0cf7cf145b7205ce195eec') in 0.004370 seconds
Number of updated asset objects reloaded before import = 0
Number of asset objects unloaded after import = 1
========================================================================
Received Import Request.
  Time since last request: 0.000022 seconds.
  path: Assets/sq_shooter/FPS/Tutorials/AddEnemyBot/015.asset
  artifactKey: Guid(db255913d0ab24aebab584a7e24d64be) Importer(2089858483,0ecaa5967403d082aa24f35e1b516d23)
Start importing Assets/sq_shooter/FPS/Tutorials/AddEnemyBot/015.asset using Guid(db255913d0ab24aebab584a7e24d64be) Importer(2089858483,0ecaa5967403d082aa24f35e1b516d23)  -> (artifact id: '2c3171f394a83da06866c36b0e81dbe4') in 0.040840 seconds
Number of updated asset objects reloaded before import = 0
Number of asset objects unloaded after import = 225
========================================================================
Received Import Request.
  Time since last request: 0.000023 seconds.
  path: Assets/sq_shooter/FPS/Scripts/Gameplay/Objectives/ObjectiveReachPoint.cs
  artifactKey: Guid(37fff5bb19450134f9e207f3823811fa) Importer(2089858483,0ecaa5967403d082aa24f35e1b516d23)
Start importing Assets/sq_shooter/FPS/Scripts/Gameplay/Objectives/ObjectiveReachPoint.cs using Guid(37fff5bb19450134f9e207f3823811fa) Importer(2089858483,0ecaa5967403d082aa24f35e1b516d23)  -> (artifact id: '0ee688c89d43605addb193a35dd57b7b') in 0.004520 seconds
Number of updated asset objects reloaded before import = 0
Number of asset objects unloaded after import = 1
========================================================================
Received Import Request.
  Time since last request: 0.000034 seconds.
  path: Assets/sq_shooter/FPS/Prefabs/Weapons/MgFPS_SniperRifle/RifleEffectsHandler.cs
  artifactKey: Guid(f26e9a75c87e38d4ca860f5a4594caa4) Importer(2089858483,0ecaa5967403d082aa24f35e1b516d23)
Start importing Assets/sq_shooter/FPS/Prefabs/Weapons/MgFPS_SniperRifle/RifleEffectsHandler.cs using Guid(f26e9a75c87e38d4ca860f5a4594caa4) Importer(2089858483,0ecaa5967403d082aa24f35e1b516d23)  -> (artifact id: 'ec8714ad8a7d575f5b6dd81fd19a70c4') in 0.004195 seconds
Number of updated asset objects reloaded before import = 0
Number of asset objects unloaded after import = 1
========================================================================
Received Import Request.
  Time since last request: 0.000023 seconds.
  path: Assets/sq_shooter/FPS/Scripts/UI/TakeScreenshot.cs
  artifactKey: Guid(91538b0281dc4aa4fbe5784a7e562751) Importer(2089858483,0ecaa5967403d082aa24f35e1b516d23)
Start importing Assets/sq_shooter/FPS/Scripts/UI/TakeScreenshot.cs using Guid(91538b0281dc4aa4fbe5784a7e562751) Importer(2089858483,0ecaa5967403d082aa24f35e1b516d23)  -> (artifact id: 'a775446f6fab5507aaa7034761170dc8') in 0.003795 seconds
Number of updated asset objects reloaded before import = 0
Number of asset objects unloaded after import = 1
========================================================================
Received Import Request.
  Time since last request: 0.000023 seconds.
  path: Assets/sq_shooter/FPS/Scripts/UI/StanceHUD.cs
  artifactKey: Guid(2758505f22acf1d4e8dbb9e9e9ac6e85) Importer(2089858483,0ecaa5967403d082aa24f35e1b516d23)
Start importing Assets/sq_shooter/FPS/Scripts/UI/StanceHUD.cs using Guid(2758505f22acf1d4e8dbb9e9e9ac6e85) Importer(2089858483,0ecaa5967403d082aa24f35e1b516d23)  -> (artifact id: '8284c270a660dd7a0cc1ced37d40a710') in 0.003803 seconds
Number of updated asset objects reloaded before import = 0
Number of asset objects unloaded after import = 1
========================================================================
Received Import Request.
  Time since last request: 0.000024 seconds.
  path: Assets/sq_shooter/Plugins/CW/LeanCommon/Extras/Scripts/LeanPath.cs
  artifactKey: Guid(f3b515ca1c988ce43853bd6120e9b94b) Importer(815301076,1909f56bfc062723c751e8b465ee728b)
Start importing Assets/sq_shooter/Plugins/CW/LeanCommon/Extras/Scripts/LeanPath.cs using Guid(f3b515ca1c988ce43853bd6120e9b94b) Importer(815301076,1909f56bfc062723c751e8b465ee728b)  -> (artifact id: '337179185b4746839a753c50fea04dc6') in 0.000477 seconds
Number of updated asset objects reloaded before import = 0
Number of asset objects unloaded after import = 0
========================================================================
Received Import Request.
  Time since last request: 0.000125 seconds.
  path: Assets/sq_shooter/Plugins/CW/Shared/Common/Examples/Scripts/CwDemoButtonBuilder.cs
  artifactKey: Guid(ee2055732bd5a4a4a8f4fe43e20eca6e) Importer(2089858483,0ecaa5967403d082aa24f35e1b516d23)
Start importing Assets/sq_shooter/Plugins/CW/Shared/Common/Examples/Scripts/CwDemoButtonBuilder.cs using Guid(ee2055732bd5a4a4a8f4fe43e20eca6e) Importer(2089858483,0ecaa5967403d082aa24f35e1b516d23)  -> (artifact id: '70410d0df07dcd139fe3ab54d7fe1085') in 0.003974 seconds
Number of updated asset objects reloaded before import = 0
Number of asset objects unloaded after import = 1
========================================================================
Received Import Request.
  Time since last request: 0.000025 seconds.
  path: Assets/sq_shooter/Plugins/CW/Shared/Common/Examples/Scripts/CwCameraLook.cs
  artifactKey: Guid(8f6d5316b170fe34e886c05572b3006e) Importer(2089858483,0ecaa5967403d082aa24f35e1b516d23)
Start importing Assets/sq_shooter/Plugins/CW/Shared/Common/Examples/Scripts/CwCameraLook.cs using Guid(8f6d5316b170fe34e886c05572b3006e) Importer(2089858483,0ecaa5967403d082aa24f35e1b516d23)  -> (artifact id: 'ba49b029b607c4ae0d97481d773f7cc3') in 0.004095 seconds
Number of updated asset objects reloaded before import = 0
Number of asset objects unloaded after import = 1
========================================================================
Received Import Request.
  Time since last request: 0.000066 seconds.
  path: Assets/sq_shooter/FPS/Scripts/Gameplay/Objectives/ObjectivePickupItem.cs
  artifactKey: Guid(33498356859fc2040b30fc2e60beac7f) Importer(2089858483,0ecaa5967403d082aa24f35e1b516d23)
Start importing Assets/sq_shooter/FPS/Scripts/Gameplay/Objectives/ObjectivePickupItem.cs using Guid(33498356859fc2040b30fc2e60beac7f) Importer(2089858483,0ecaa5967403d082aa24f35e1b516d23)  -> (artifact id: '6bc51a2733579011617a901e5e49a0ee') in 0.003953 seconds
Number of updated asset objects reloaded before import = 0
Number of asset objects unloaded after import = 1
========================================================================
Received Import Request.
  Time since last request: 0.000053 seconds.
  path: Assets/sq_shooter/FPS/Scripts/Gameplay/Objectives/ObjectiveKillEnemies.cs
  artifactKey: Guid(a3cff9918d8018a44989bf444e3232f3) Importer(2089858483,0ecaa5967403d082aa24f35e1b516d23)
Start importing Assets/sq_shooter/FPS/Scripts/Gameplay/Objectives/ObjectiveKillEnemies.cs using Guid(a3cff9918d8018a44989bf444e3232f3) Importer(2089858483,0ecaa5967403d082aa24f35e1b516d23)  -> (artifact id: 'bec271a0123ff3f7b1676ff8f0ce60da') in 0.004202 seconds
Number of updated asset objects reloaded before import = 0
Number of asset objects unloaded after import = 1
========================================================================
Received Import Request.
  Time since last request: 0.000064 seconds.
  path: Assets/sq_shooter/Plugins/CW/LeanTouch/Extras/Scripts/LeanSelectableByFingerBehaviour.cs
  artifactKey: Guid(812003e48aad50f469b236e61a6d25cc) Importer(2089858483,0ecaa5967403d082aa24f35e1b516d23)
Start importing Assets/sq_shooter/Plugins/CW/LeanTouch/Extras/Scripts/LeanSelectableByFingerBehaviour.cs using Guid(812003e48aad50f469b236e61a6d25cc) Importer(2089858483,0ecaa5967403d082aa24f35e1b516d23)  -> (artifact id: 'b67c7bf85ba51b8d2cbfffaeaec535af') in 0.004256 seconds
Number of updated asset objects reloaded before import = 0
Number of asset objects unloaded after import = 1
========================================================================
Received Import Request.
  Time since last request: 0.000099 seconds.
  path: Assets/sq_shooter/Plugins/CW/LeanCommon/Extras/Scripts/LeanRoll.cs
  artifactKey: Guid(44eecfd2f8136f94caff1a3e1238c023) Importer(2089858483,0ecaa5967403d082aa24f35e1b516d23)
Start importing Assets/sq_shooter/Plugins/CW/LeanCommon/Extras/Scripts/LeanRoll.cs using Guid(44eecfd2f8136f94caff1a3e1238c023) Importer(2089858483,0ecaa5967403d082aa24f35e1b516d23)  -> (artifact id: '05fc3fa0edbbfafe7a65c566f882bd8f') in 0.004090 seconds
Number of updated asset objects reloaded before import = 0
Number of asset objects unloaded after import = 1
========================================================================
Received Import Request.
  Time since last request: 0.000070 seconds.
  path: Assets/sq_shooter/FPS/Scripts/Gameplay/JetpackPickup.cs
  artifactKey: Guid(fd5fd1bc5d131a34791bbd68d41d568f) Importer(2089858483,0ecaa5967403d082aa24f35e1b516d23)
Start importing Assets/sq_shooter/FPS/Scripts/Gameplay/JetpackPickup.cs using Guid(fd5fd1bc5d131a34791bbd68d41d568f) Importer(2089858483,0ecaa5967403d082aa24f35e1b516d23)  -> (artifact id: 'da0b9975c00e0677c889fbb11277c129') in 0.006123 seconds
Number of updated asset objects reloaded before import = 0
Number of asset objects unloaded after import = 1
========================================================================
Received Import Request.
  Time since last request: 0.000082 seconds.
  path: Assets/sq_shooter/Plugins/CW/LeanCommon/Examples/Materials/Purple.mat
  artifactKey: Guid(2c57751e748651a4c9bd8f9f48e8cf5e) Importer(815301076,1909f56bfc062723c751e8b465ee728b)
Start importing Assets/sq_shooter/Plugins/CW/LeanCommon/Examples/Materials/Purple.mat using Guid(2c57751e748651a4c9bd8f9f48e8cf5e) Importer(815301076,1909f56bfc062723c751e8b465ee728b)  -> (artifact id: '556e124a12fc6a1524a7fafeefc08401') in 0.008108 seconds
Number of updated asset objects reloaded before import = 0
Number of asset objects unloaded after import = 2
========================================================================
Received Import Request.
  Time since last request: 0.000021 seconds.
  path: Assets/sq_shooter/FPS/Scripts/Editor/MiniProfiler.cs
  artifactKey: Guid(4b5425b2a870ac14f8c96f11c641db95) Importer(2089858483,0ecaa5967403d082aa24f35e1b516d23)
Start importing Assets/sq_shooter/FPS/Scripts/Editor/MiniProfiler.cs using Guid(4b5425b2a870ac14f8c96f11c641db95) Importer(2089858483,0ecaa5967403d082aa24f35e1b516d23)  -> (artifact id: '6d448de7afcf0a7d6221bd0bf44c3351') in 0.004129 seconds
Number of updated asset objects reloaded before import = 0
Number of asset objects unloaded after import = 1
========================================================================
Received Import Request.
  Time since last request: 0.000024 seconds.
  path: Assets/sq_shooter/Plugins/CW/Shared/Common/package.json
  artifactKey: Guid(3852ade87e749cc42b40760c9670fc6d) Importer(815301076,1909f56bfc062723c751e8b465ee728b)
Start importing Assets/sq_shooter/Plugins/CW/Shared/Common/package.json using Guid(3852ade87e749cc42b40760c9670fc6d) Importer(815301076,1909f56bfc062723c751e8b465ee728b)  -> (artifact id: 'c796d2680c8bdad9a5b16c9bb0170c86') in 0.000968 seconds
Number of updated asset objects reloaded before import = 0
Number of asset objects unloaded after import = 1
========================================================================
Received Import Request.
  Time since last request: 0.000068 seconds.
  path: Assets/sq_shooter/FPS/Scripts/UI/ToggleGameObjectButton.cs
  artifactKey: Guid(8e892a77fbd0909468372b0f88c7c5d6) Importer(2089858483,0ecaa5967403d082aa24f35e1b516d23)
Start importing Assets/sq_shooter/FPS/Scripts/UI/ToggleGameObjectButton.cs using Guid(8e892a77fbd0909468372b0f88c7c5d6) Importer(2089858483,0ecaa5967403d082aa24f35e1b516d23)  -> (artifact id: 'fa123d538a686b3feaa8d0dd264d361a') in 0.004565 seconds
Number of updated asset objects reloaded before import = 0
Number of asset objects unloaded after import = 1
========================================================================
Received Import Request.
  Time since last request: 0.000024 seconds.
  path: Assets/sq_shooter/FPS/Scripts/Gameplay/WeaponFuelCellHandler.cs
  artifactKey: Guid(cc94179cece5b4e41ae9298ddbf83fdf) Importer(2089858483,0ecaa5967403d082aa24f35e1b516d23)
Start importing Assets/sq_shooter/FPS/Scripts/Gameplay/WeaponFuelCellHandler.cs using Guid(cc94179cece5b4e41ae9298ddbf83fdf) Importer(2089858483,0ecaa5967403d082aa24f35e1b516d23)  -> (artifact id: 'dff0373c576fb512d8bfd8f1439e2d58') in 0.004319 seconds
Number of updated asset objects reloaded before import = 0
Number of asset objects unloaded after import = 1
========================================================================
Received Import Request.
  Time since last request: 0.000026 seconds.
  path: Assets/sq_shooter/NavMeshComponents/Editor/NavMeshSurfaceEditor.cs
  artifactKey: Guid(39b86831fbb56a644aeafc35c0167068) Importer(2089858483,0ecaa5967403d082aa24f35e1b516d23)
Start importing Assets/sq_shooter/NavMeshComponents/Editor/NavMeshSurfaceEditor.cs using Guid(39b86831fbb56a644aeafc35c0167068) Importer(2089858483,0ecaa5967403d082aa24f35e1b516d23)  -> (artifact id: 'fce26e326088ca55ee806c99a634eb37') in 0.004031 seconds
Number of updated asset objects reloaded before import = 0
Number of asset objects unloaded after import = 1
========================================================================
Received Import Request.
  Time since last request: 0.000037 seconds.
  path: Assets/sq_shooter/FPS/Scripts/UI/WeaponHUDManager.cs
  artifactKey: Guid(d92192f1b2e47e444a80f725b8cbca36) Importer(2089858483,0ecaa5967403d082aa24f35e1b516d23)
Start importing Assets/sq_shooter/FPS/Scripts/UI/WeaponHUDManager.cs using Guid(d92192f1b2e47e444a80f725b8cbca36) Importer(2089858483,0ecaa5967403d082aa24f35e1b516d23)  -> (artifact id: '59a5e82313130cffc035e90ec16b9690') in 0.004214 seconds
Number of updated asset objects reloaded before import = 0
Number of asset objects unloaded after import = 1
========================================================================
Received Import Request.
  Time since last request: 0.000028 seconds.
  path: Assets/sq_shooter/FPS/Scripts/Gameplay/AmmoPickup.cs
  artifactKey: Guid(4bb683ec2991b784fa1d1fea214ca53b) Importer(2089858483,0ecaa5967403d082aa24f35e1b516d23)
Start importing Assets/sq_shooter/FPS/Scripts/Gameplay/AmmoPickup.cs using Guid(4bb683ec2991b784fa1d1fea214ca53b) Importer(2089858483,0ecaa5967403d082aa24f35e1b516d23)  -> (artifact id: '79d7867a9b346083b48d70d6089ba3ca') in 0.004038 seconds
Number of updated asset objects reloaded before import = 0
Number of asset objects unloaded after import = 1
========================================================================
Received Import Request.
  Time since last request: 0.000023 seconds.
  path: Assets/sq_shooter/FPS/Scripts/Interactable.cs
  artifactKey: Guid(9139a707c77fad3499083b710e3a7654) Importer(2089858483,0ecaa5967403d082aa24f35e1b516d23)
Start importing Assets/sq_shooter/FPS/Scripts/Interactable.cs using Guid(9139a707c77fad3499083b710e3a7654) Importer(2089858483,0ecaa5967403d082aa24f35e1b516d23)  -> (artifact id: '67b56f29871d4551b058a2def3f73e4f') in 0.004038 seconds
Number of updated asset objects reloaded before import = 0
Number of asset objects unloaded after import = 1
========================================================================
Received Import Request.
  Time since last request: 3.468429 seconds.
  path: Assets/sq_shooter/Plugins/CW/Shared/Common/Extras/Scripts/CwRenderTextureManager.cs
  artifactKey: Guid(074581640de185e4f9953ebbc6d61a87) Importer(2089858483,0ecaa5967403d082aa24f35e1b516d23)
Start importing Assets/sq_shooter/Plugins/CW/Shared/Common/Extras/Scripts/CwRenderTextureManager.cs using Guid(074581640de185e4f9953ebbc6d61a87) Importer(2089858483,0ecaa5967403d082aa24f35e1b516d23)  -> (artifact id: '225ecddc4e9b820013eeb727cda79d2b') in 0.007681 seconds
Number of updated asset objects reloaded before import = 0
Number of asset objects unloaded after import = 1
========================================================================
Received Import Request.
  Time since last request: 0.000029 seconds.
  path: Assets/sq_shooter/Plugins/CW/LeanTouch/Extras/Scripts/LeanFingerSwipe.cs
  artifactKey: Guid(a2b29544581cbff48a74923442363fb0) Importer(2089858483,0ecaa5967403d082aa24f35e1b516d23)
Start importing Assets/sq_shooter/Plugins/CW/LeanTouch/Extras/Scripts/LeanFingerSwipe.cs using Guid(a2b29544581cbff48a74923442363fb0) Importer(2089858483,0ecaa5967403d082aa24f35e1b516d23)  -> (artifact id: 'f42649dd1177925ec3ebbaa68c9a9aab') in 0.008996 seconds
Number of updated asset objects reloaded before import = 0
Number of asset objects unloaded after import = 1
========================================================================
Received Import Request.
  Time since last request: 0.000038 seconds.
  path: Assets/sq_shooter/FPS/Art/Textures/Characters/Turret_Light_Emission.png
  artifactKey: Guid(935233d8608b4e844984c64d06fd2c01) Importer(2089858483,0ecaa5967403d082aa24f35e1b516d23)
Start importing Assets/sq_shooter/FPS/Art/Textures/Characters/Turret_Light_Emission.png using Guid(935233d8608b4e844984c64d06fd2c01) Importer(2089858483,0ecaa5967403d082aa24f35e1b516d23)  -> (artifact id: '91a8a0f6b7921fd016b5245fee11b30e') in 0.067967 seconds
Number of updated asset objects reloaded before import = 0
Number of asset objects unloaded after import = 1
========================================================================
Received Import Request.
  Time since last request: 0.000029 seconds.
  path: Assets/sq_shooter/FPS/Scripts/Game/PrefabReplacer.cs
  artifactKey: Guid(55cca505d6267e94fbd3796f4f059ec8) Importer(2089858483,0ecaa5967403d082aa24f35e1b516d23)
Start importing Assets/sq_shooter/FPS/Scripts/Game/PrefabReplacer.cs using Guid(55cca505d6267e94fbd3796f4f059ec8) Importer(2089858483,0ecaa5967403d082aa24f35e1b516d23)  -> (artifact id: 'b84e1fba1168c42d42b058e59759db8f') in 0.008198 seconds
Number of updated asset objects reloaded before import = 0
Number of asset objects unloaded after import = 1
========================================================================
Received Import Request.
  Time since last request: 0.000024 seconds.
  path: Assets/sq_shooter/FPS/Art/Textures/Weapons/Launcher_Albedo.png
  artifactKey: Guid(ffc23e721e983934483ae18edc74a67b) Importer(2089858483,0ecaa5967403d082aa24f35e1b516d23)
Start importing Assets/sq_shooter/FPS/Art/Textures/Weapons/Launcher_Albedo.png using Guid(ffc23e721e983934483ae18edc74a67b) Importer(2089858483,0ecaa5967403d082aa24f35e1b516d23)  -> (artifact id: '33a258271e59bfe9d0baedeebb98e9c3') in 0.018198 seconds
Number of updated asset objects reloaded before import = 0
Number of asset objects unloaded after import = 1
========================================================================
Received Import Request.
  Time since last request: 0.000039 seconds.
  path: Assets/sq_shooter/FPS/Art/Textures/UI/Crosshair_Drop.png
  artifactKey: Guid(14aa1febcf423c84997aa10d7ff64d17) Importer(2089858483,0ecaa5967403d082aa24f35e1b516d23)
Start importing Assets/sq_shooter/FPS/Art/Textures/UI/Crosshair_Drop.png using Guid(14aa1febcf423c84997aa10d7ff64d17) Importer(2089858483,0ecaa5967403d082aa24f35e1b516d23)  -> (artifact id: '219363184b622e9ed78c2122203ae2d8') in 0.029402 seconds
Number of updated asset objects reloaded before import = 0
Number of asset objects unloaded after import = 3
========================================================================
Received Import Request.
  Time since last request: 0.000036 seconds.
  path: Assets/sq_shooter/FPS/Tutorials/TutorialHeader.png
  artifactKey: Guid(5384282a0273144fa9333beb77183cb4) Importer(2089858483,0ecaa5967403d082aa24f35e1b516d23)
Start importing Assets/sq_shooter/FPS/Tutorials/TutorialHeader.png using Guid(5384282a0273144fa9333beb77183cb4) Importer(2089858483,0ecaa5967403d082aa24f35e1b516d23)  -> (artifact id: 'db8b23b6ff4458a9fd4dd0c32344316b') in 0.016181 seconds
Number of updated asset objects reloaded before import = 0
Number of asset objects unloaded after import = 1
========================================================================
Received Import Request.
  Time since last request: 0.000135 seconds.
  path: Assets/sq_shooter/Plugins/CW/LeanTouch/Extras/Scripts/LeanTouchSimulator.cs
  artifactKey: Guid(801d0d506e4503f4cb8729e3868bb030) Importer(2089858483,0ecaa5967403d082aa24f35e1b516d23)
Start importing Assets/sq_shooter/Plugins/CW/LeanTouch/Extras/Scripts/LeanTouchSimulator.cs using Guid(801d0d506e4503f4cb8729e3868bb030) Importer(2089858483,0ecaa5967403d082aa24f35e1b516d23)  -> (artifact id: '01f52e50ac9807414e14b213dfd4255b') in 0.004656 seconds
Number of updated asset objects reloaded before import = 0
Number of asset objects unloaded after import = 1
========================================================================
Received Import Request.
  Time since last request: 0.000026 seconds.
  path: Assets/sq_shooter/FPS/Art/Textures/Backgrounds/Unity_skyboxBG01.asset
  artifactKey: Guid(29b58d4eb765ec84a8aa9cf36d78dc96) Importer(2089858483,0ecaa5967403d082aa24f35e1b516d23)
Start importing Assets/sq_shooter/FPS/Art/Textures/Backgrounds/Unity_skyboxBG01.asset using Guid(29b58d4eb765ec84a8aa9cf36d78dc96) Importer(2089858483,0ecaa5967403d082aa24f35e1b516d23)  -> (artifact id: '12b396b02d8c01d0f4d442cf068c307f') in 0.008490 seconds
Number of updated asset objects reloaded before import = 0
Number of asset objects unloaded after import = 2
========================================================================
Received Import Request.
  Time since last request: 0.000057 seconds.
  path: Assets/sq_shooter/FPS/Scenes/WinScene 1.unity
  artifactKey: Guid(cffe066007a894546bc59796116ff73f) Importer(2089858483,0ecaa5967403d082aa24f35e1b516d23)
Start importing Assets/sq_shooter/FPS/Scenes/WinScene 1.unity using Guid(cffe066007a894546bc59796116ff73f) Importer(2089858483,0ecaa5967403d082aa24f35e1b516d23)  -> (artifact id: '0818bade2df0dc9f301dc510cb64f04c') in 0.004895 seconds
Number of updated asset objects reloaded before import = 0
Number of asset objects unloaded after import = 1
========================================================================
Received Import Request.
  Time since last request: 0.000031 seconds.
  path: Assets/sq_shooter/Plugins/CW/LeanTouch/Examples/Scripts/LeanPulseScale.cs
  artifactKey: Guid(d2cf6a4604a9b1c488ead15354d556b3) Importer(2089858483,0ecaa5967403d082aa24f35e1b516d23)
Start importing Assets/sq_shooter/Plugins/CW/LeanTouch/Examples/Scripts/LeanPulseScale.cs using Guid(d2cf6a4604a9b1c488ead15354d556b3) Importer(2089858483,0ecaa5967403d082aa24f35e1b516d23)  -> (artifact id: 'fc8f2b56db645fd5474235e7ae24e25d') in 0.006196 seconds
Number of updated asset objects reloaded before import = 0
Number of asset objects unloaded after import = 1
========================================================================
Received Import Request.
  Time since last request: 0.000025 seconds.
  path: Assets/sq_shooter/Plugins/CW/LeanCommon/Extras/Scripts/LeanPlane.cs
  artifactKey: Guid(e167f5141e8fbbb429990fdd6dca01c5) Importer(2089858483,0ecaa5967403d082aa24f35e1b516d23)
Start importing Assets/sq_shooter/Plugins/CW/LeanCommon/Extras/Scripts/LeanPlane.cs using Guid(e167f5141e8fbbb429990fdd6dca01c5) Importer(2089858483,0ecaa5967403d082aa24f35e1b516d23)  -> (artifact id: '802a9037dfdc9392f3c6b40261406413') in 0.004552 seconds
Number of updated asset objects reloaded before import = 0
Number of asset objects unloaded after import = 1
========================================================================
Received Import Request.
  Time since last request: 0.000022 seconds.
  path: Assets/sq_shooter/Plugins/CW/LeanCommon/Extras/Scripts/LeanSelectable.cs
  artifactKey: Guid(02e37bf9d23704849b6d4bb2fae198be) Importer(2089858483,0ecaa5967403d082aa24f35e1b516d23)
Start importing Assets/sq_shooter/Plugins/CW/LeanCommon/Extras/Scripts/LeanSelectable.cs using Guid(02e37bf9d23704849b6d4bb2fae198be) Importer(2089858483,0ecaa5967403d082aa24f35e1b516d23)  -> (artifact id: 'a1e1be3389d7c5a422252921a00fb212') in 0.005002 seconds
Number of updated asset objects reloaded before import = 0
Number of asset objects unloaded after import = 1
========================================================================
Received Import Request.
  Time since last request: 0.000025 seconds.
  path: Assets/sq_shooter/Plugins/CW/LeanTouch/Extras/Scripts/LeanSelectByFinger.cs
  artifactKey: Guid(479d695282ba6cf4ba3ab3c4848f05e8) Importer(2089858483,0ecaa5967403d082aa24f35e1b516d23)
Start importing Assets/sq_shooter/Plugins/CW/LeanTouch/Extras/Scripts/LeanSelectByFinger.cs using Guid(479d695282ba6cf4ba3ab3c4848f05e8) Importer(2089858483,0ecaa5967403d082aa24f35e1b516d23)  -> (artifact id: 'aa04275be35c587122d39868e5a7a370') in 0.004977 seconds
Number of updated asset objects reloaded before import = 0
Number of asset objects unloaded after import = 1
========================================================================
Received Import Request.
  Time since last request: 0.000026 seconds.
  path: Assets/sq_shooter/Plugins/CW/Shared/Common/Examples/Scripts/CwLightIntensity.cs
  artifactKey: Guid(1c97b30f38749284eab37996f9f5bd2a) Importer(2089858483,0ecaa5967403d082aa24f35e1b516d23)
Start importing Assets/sq_shooter/Plugins/CW/Shared/Common/Examples/Scripts/CwLightIntensity.cs using Guid(1c97b30f38749284eab37996f9f5bd2a) Importer(2089858483,0ecaa5967403d082aa24f35e1b516d23)  -> (artifact id: 'a8dcccef7878a56d75c88116f52e94a9') in 0.008511 seconds
Number of updated asset objects reloaded before import = 0
Number of asset objects unloaded after import = 1
========================================================================
Received Import Request.
  Time since last request: 0.000023 seconds.
  path: Assets/sq_shooter/FPS/Scenes/MainSceneSettings.lighting
  artifactKey: Guid(a37e164e6490648ec966f654d144932b) Importer(2089858483,0ecaa5967403d082aa24f35e1b516d23)
Start importing Assets/sq_shooter/FPS/Scenes/MainSceneSettings.lighting using Guid(a37e164e6490648ec966f654d144932b) Importer(2089858483,0ecaa5967403d082aa24f35e1b516d23)  -> (artifact id: 'ee4b2368be889ae84ab956fa62ddf82f') in 0.016762 seconds
Number of updated asset objects reloaded before import = 0
Number of asset objects unloaded after import = 1
========================================================================
Received Import Request.
  Time since last request: 0.000025 seconds.
  path: Assets/sq_shooter/FPS/Scripts/UI/Compass.cs
  artifactKey: Guid(fa1d13df263b6a0429b733192dcff01f) Importer(2089858483,0ecaa5967403d082aa24f35e1b516d23)
Start importing Assets/sq_shooter/FPS/Scripts/UI/Compass.cs using Guid(fa1d13df263b6a0429b733192dcff01f) Importer(2089858483,0ecaa5967403d082aa24f35e1b516d23)  -> (artifact id: 'fc82bdfbef07e0a58df6ecd619b798df') in 0.007637 seconds
Number of updated asset objects reloaded before import = 0
Number of asset objects unloaded after import = 1
========================================================================
Received Import Request.
  Time since last request: 0.000162 seconds.
  path: Assets/sq_shooter/FPS/Scripts/UI/EnemyCounter.cs
  artifactKey: Guid(08c7efe3ccf2ba046911cbd83f3c8b72) Importer(2089858483,0ecaa5967403d082aa24f35e1b516d23)
Start importing Assets/sq_shooter/FPS/Scripts/UI/EnemyCounter.cs using Guid(08c7efe3ccf2ba046911cbd83f3c8b72) Importer(2089858483,0ecaa5967403d082aa24f35e1b516d23)  -> (artifact id: '505bb8d0fb7df2518a9f10d5d3713016') in 0.006988 seconds
Number of updated asset objects reloaded before import = 0
Number of asset objects unloaded after import = 1
========================================================================
Received Import Request.
  Time since last request: 0.000033 seconds.
  path: Assets/sq_shooter/FPS/Tutorials/Playtest/WT-Inspector.png
  artifactKey: Guid(3f5f7c775342843a29465f300da3d68c) Importer(2089858483,0ecaa5967403d082aa24f35e1b516d23)
Start importing Assets/sq_shooter/FPS/Tutorials/Playtest/WT-Inspector.png using Guid(3f5f7c775342843a29465f300da3d68c) Importer(2089858483,0ecaa5967403d082aa24f35e1b516d23)  -> (artifact id: 'c08ccbcda25d90f53dde0f9199647dd8') in 0.019764 seconds
Number of updated asset objects reloaded before import = 0
Number of asset objects unloaded after import = 1
========================================================================
Received Import Request.
  Time since last request: 0.000026 seconds.
  path: Assets/sq_shooter/FPS/Art/Textures/UI/HUD_Weapon02.png
  artifactKey: Guid(8cbb10368086f014a8b7fc8932e7f436) Importer(2089858483,0ecaa5967403d082aa24f35e1b516d23)
Start importing Assets/sq_shooter/FPS/Art/Textures/UI/HUD_Weapon02.png using Guid(8cbb10368086f014a8b7fc8932e7f436) Importer(2089858483,0ecaa5967403d082aa24f35e1b516d23)  -> (artifact id: 'b2068969eb1acf141730c7d0728fb6e6') in 0.019639 seconds
Number of updated asset objects reloaded before import = 0
Number of asset objects unloaded after import = 3
========================================================================
Received Import Request.
  Time since last request: 0.000025 seconds.
  path: Assets/sq_shooter/FPS/Scripts/Game/Shared/WeaponController.cs
  artifactKey: Guid(3ad90ba0b1477764da373f5ec01a8cb5) Importer(2089858483,0ecaa5967403d082aa24f35e1b516d23)
Start importing Assets/sq_shooter/FPS/Scripts/Game/Shared/WeaponController.cs using Guid(3ad90ba0b1477764da373f5ec01a8cb5) Importer(2089858483,0ecaa5967403d082aa24f35e1b516d23)  -> (artifact id: '9d3aeb447d2cdc3f9c22e65a0f9b2536') in 0.007336 seconds
Number of updated asset objects reloaded before import = 0
Number of asset objects unloaded after import = 1
========================================================================
Received Import Request.
  Time since last request: 0.000023 seconds.
  path: Assets/sq_shooter/FPS/Prefabs/Weapons/Stylized Modular Weapons/Textures/SMW_BottomPart_AlbedoTransparency.png
  artifactKey: Guid(aaad6e1b1e94e4d968c5b9f1788be8f2) Importer(2089858483,0ecaa5967403d082aa24f35e1b516d23)
Start importing Assets/sq_shooter/FPS/Prefabs/Weapons/Stylized Modular Weapons/Textures/SMW_BottomPart_AlbedoTransparency.png using Guid(aaad6e1b1e94e4d968c5b9f1788be8f2) Importer(2089858483,0ecaa5967403d082aa24f35e1b516d23)  -> (artifact id: '2544e0bab55d5e8d62f0e0a6e7bc9752') in 0.016105 seconds
Number of updated asset objects reloaded before import = 0
Number of asset objects unloaded after import = 1
========================================================================
Received Import Request.
  Time since last request: 0.000027 seconds.
  path: Assets/sq_shooter/FPS/Prefabs/Weapons/Stylized Modular Weapons/Textures/SMW_Muzzle_AlbedoTransparency.png
  artifactKey: Guid(8bb8833755c964347991cbb59dc2e5df) Importer(2089858483,0ecaa5967403d082aa24f35e1b516d23)
Start importing Assets/sq_shooter/FPS/Prefabs/Weapons/Stylized Modular Weapons/Textures/SMW_Muzzle_AlbedoTransparency.png using Guid(8bb8833755c964347991cbb59dc2e5df) Importer(2089858483,0ecaa5967403d082aa24f35e1b516d23)  -> (artifact id: 'ee219fd0b68fdcc41c3686be0ef6d430') in 0.026108 seconds
Number of updated asset objects reloaded before import = 0
Number of asset objects unloaded after import = 1
========================================================================
Received Import Request.
  Time since last request: 0.000031 seconds.
  path: Assets/sq_shooter/FPS/Scripts/Game/ConstantRotation.cs
  artifactKey: Guid(c63e3394714c5af4180408522b392eb2) Importer(2089858483,0ecaa5967403d082aa24f35e1b516d23)
Start importing Assets/sq_shooter/FPS/Scripts/Game/ConstantRotation.cs using Guid(c63e3394714c5af4180408522b392eb2) Importer(2089858483,0ecaa5967403d082aa24f35e1b516d23)  -> (artifact id: '5537c999ca29a0c9b4462bc73918fcc6') in 0.006516 seconds
Number of updated asset objects reloaded before import = 0
Number of asset objects unloaded after import = 1
========================================================================
Received Import Request.
  Time since last request: 0.000045 seconds.
  path: Assets/sq_shooter/FPS/Art/Textures/VFX/Flare.png
  artifactKey: Guid(96d321edfc568ad449969ea822b74151) Importer(2089858483,0ecaa5967403d082aa24f35e1b516d23)
Start importing Assets/sq_shooter/FPS/Art/Textures/VFX/Flare.png using Guid(96d321edfc568ad449969ea822b74151) Importer(2089858483,0ecaa5967403d082aa24f35e1b516d23)  -> (artifact id: 'b0f6dc55d8d690d473d4c269ce01886f') in 0.022006 seconds
Number of updated asset objects reloaded before import = 0
Number of asset objects unloaded after import = 1
========================================================================
Received Import Request.
  Time since last request: 0.000038 seconds.
  path: Assets/sq_shooter/NavMeshComponents/Scripts/NavMeshSurface.cs
  artifactKey: Guid(6f79bbecce9014248add6d350bca7537) Importer(2089858483,0ecaa5967403d082aa24f35e1b516d23)
Start importing Assets/sq_shooter/NavMeshComponents/Scripts/NavMeshSurface.cs using Guid(6f79bbecce9014248add6d350bca7537) Importer(2089858483,0ecaa5967403d082aa24f35e1b516d23)  -> (artifact id: '6c38619b4e0f26d5062ceff883ba6621') in 0.007979 seconds
Number of updated asset objects reloaded before import = 0
Number of asset objects unloaded after import = 2
========================================================================
Received Import Request.
  Time since last request: 0.000051 seconds.
  path: Assets/sq_shooter/FPS/Scripts/Gameplay/ProjectileChargeParameters.cs
  artifactKey: Guid(3614fdf64d310f44ba678e99290fa20a) Importer(2089858483,0ecaa5967403d082aa24f35e1b516d23)
Start importing Assets/sq_shooter/FPS/Scripts/Gameplay/ProjectileChargeParameters.cs using Guid(3614fdf64d310f44ba678e99290fa20a) Importer(2089858483,0ecaa5967403d082aa24f35e1b516d23)  -> (artifact id: '6e5820648aba6f16b5a89526d51e1903') in 0.007903 seconds
Number of updated asset objects reloaded before import = 0
Number of asset objects unloaded after import = 1
========================================================================
Received Import Request.
  Time since last request: 0.000022 seconds.
  path: Assets/sq_shooter/FPS/Audio/SFX/Enemies/Hoverbot_Attack.wav
  artifactKey: Guid(a56e3c9f90e17894eb1625f603eceb54) Importer(2089858483,0ecaa5967403d082aa24f35e1b516d23)
Start importing Assets/sq_shooter/FPS/Audio/SFX/Enemies/Hoverbot_Attack.wav using Guid(a56e3c9f90e17894eb1625f603eceb54) Importer(2089858483,0ecaa5967403d082aa24f35e1b516d23)  -> (artifact id: '344ec65b73f92682c0394fcf8d123f94') in 0.050095 seconds
Number of updated asset objects reloaded before import = 0
Number of asset objects unloaded after import = 1
========================================================================
Received Import Request.
  Time since last request: 0.000031 seconds.
  path: Assets/sq_shooter/FPS/Scripts/Game/Managers/ObjectiveManager.cs
  artifactKey: Guid(5174b5e414847cf4a9dca6e207326c8d) Importer(2089858483,0ecaa5967403d082aa24f35e1b516d23)
Start importing Assets/sq_shooter/FPS/Scripts/Game/Managers/ObjectiveManager.cs using Guid(5174b5e414847cf4a9dca6e207326c8d) Importer(2089858483,0ecaa5967403d082aa24f35e1b516d23)  -> (artifact id: 'a7a51d3831f70f307ef9fdea13d29a26') in 0.005110 seconds
Number of updated asset objects reloaded before import = 0
Number of asset objects unloaded after import = 1
========================================================================
Received Import Request.
  Time since last request: 0.000042 seconds.
  path: Assets/sq_shooter/FPS/Tutorials/AddARoom/WT-Orbit-Hand-Tool.mov
  artifactKey: Guid(01ce4eaa9face4b46b9bdb9399032dcb) Importer(2089858483,0ecaa5967403d082aa24f35e1b516d23)
Start importing Assets/sq_shooter/FPS/Tutorials/AddARoom/WT-Orbit-Hand-Tool.mov using Guid(01ce4eaa9face4b46b9bdb9399032dcb) Importer(2089858483,0ecaa5967403d082aa24f35e1b516d23)  -> (artifact id: '9401d2739f2ea1e933a24e63d1a2491f') in 0.011502 seconds
Number of updated asset objects reloaded before import = 0
Number of asset objects unloaded after import = 1
========================================================================
Received Import Request.
  Time since last request: 0.000059 seconds.
  path: Assets/sq_shooter/FPS/Art/Textures/Pickups/HealthPickup_Normal.png
  artifactKey: Guid(32ab303fd8503904eaf5730b49dd3784) Importer(2089858483,0ecaa5967403d082aa24f35e1b516d23)
Start importing Assets/sq_shooter/FPS/Art/Textures/Pickups/HealthPickup_Normal.png using Guid(32ab303fd8503904eaf5730b49dd3784) Importer(2089858483,0ecaa5967403d082aa24f35e1b516d23)  -> (artifact id: 'a61faf081f4945ae7f012ca794b80cbd') in 0.015979 seconds
Number of updated asset objects reloaded before import = 0
Number of asset objects unloaded after import = 1
========================================================================
Received Import Request.
  Time since last request: 0.000021 seconds.
  path: Assets/sq_shooter/Plugins/CW/LeanTouch/Required/Scripts/LeanFinger.cs
  artifactKey: Guid(0991e6d1946d343449afb6600057d2f4) Importer(2089858483,0ecaa5967403d082aa24f35e1b516d23)
Start importing Assets/sq_shooter/Plugins/CW/LeanTouch/Required/Scripts/LeanFinger.cs using Guid(0991e6d1946d343449afb6600057d2f4) Importer(2089858483,0ecaa5967403d082aa24f35e1b516d23)  -> (artifact id: '72d2458ebb2a28422e53b5615a595ebf') in 0.007871 seconds
Number of updated asset objects reloaded before import = 0
Number of asset objects unloaded after import = 1
========================================================================
Received Import Request.
  Time since last request: 0.000020 seconds.
  path: Assets/sq_shooter/FPS/Scripts/Game/Shared/Destructable.cs
  artifactKey: Guid(6f0914267284bd7468f8ac89253e1557) Importer(2089858483,0ecaa5967403d082aa24f35e1b516d23)
Start importing Assets/sq_shooter/FPS/Scripts/Game/Shared/Destructable.cs using Guid(6f0914267284bd7468f8ac89253e1557) Importer(2089858483,0ecaa5967403d082aa24f35e1b516d23)  -> (artifact id: '5555a2b495cfe5f2482855d954754d95') in 0.005681 seconds
Number of updated asset objects reloaded before import = 0
Number of asset objects unloaded after import = 1
========================================================================
Received Import Request.
  Time since last request: 0.000031 seconds.
  path: Assets/sq_shooter/FPS/Tutorials/AddARoom/WT-Select-Move.mov
  artifactKey: Guid(7f27d4cc5c17343afa860cfaf9ffeb29) Importer(2089858483,0ecaa5967403d082aa24f35e1b516d23)
Start importing Assets/sq_shooter/FPS/Tutorials/AddARoom/WT-Select-Move.mov using Guid(7f27d4cc5c17343afa860cfaf9ffeb29) Importer(2089858483,0ecaa5967403d082aa24f35e1b516d23)  -> (artifact id: '6a315b5bfffe7b399ba6d822c9a63998') in 0.008317 seconds
Number of updated asset objects reloaded before import = 0
Number of asset objects unloaded after import = 1
========================================================================
Received Import Request.
  Time since last request: 0.000027 seconds.
  path: Assets/sq_shooter/FPS/Art/Textures/UI/Crosshair_Blaster_Center.png
  artifactKey: Guid(2b5b80f3ebc88174a8c662e280fdb09c) Importer(2089858483,0ecaa5967403d082aa24f35e1b516d23)
Start importing Assets/sq_shooter/FPS/Art/Textures/UI/Crosshair_Blaster_Center.png using Guid(2b5b80f3ebc88174a8c662e280fdb09c) Importer(2089858483,0ecaa5967403d082aa24f35e1b516d23)  -> (artifact id: '594ae773f86cc05b4da53e5d70ad22ee') in 0.024000 seconds
Number of updated asset objects reloaded before import = 0
Number of asset objects unloaded after import = 3
========================================================================
Received Import Request.
  Time since last request: 0.000032 seconds.
  path: Assets/sq_shooter/FPS/Scripts/AI/DetectionModule.cs
  artifactKey: Guid(927ff0b4cb9a5dd4fb83c45166cffc50) Importer(2089858483,0ecaa5967403d082aa24f35e1b516d23)
Start importing Assets/sq_shooter/FPS/Scripts/AI/DetectionModule.cs using Guid(927ff0b4cb9a5dd4fb83c45166cffc50) Importer(2089858483,0ecaa5967403d082aa24f35e1b516d23)  -> (artifact id: '0fec17cef26f146ec30529282a52fde6') in 0.010580 seconds
Number of updated asset objects reloaded before import = 0
Number of asset objects unloaded after import = 1
========================================================================
Received Import Request.
  Time since last request: 0.000027 seconds.
  path: Assets/sq_shooter/Plugins/CW/LeanTouch/Extras/Scripts/LeanFingerUp.cs
  artifactKey: Guid(571b065edc65a4f41b4ea02b27b6113a) Importer(2089858483,0ecaa5967403d082aa24f35e1b516d23)
Start importing Assets/sq_shooter/Plugins/CW/LeanTouch/Extras/Scripts/LeanFingerUp.cs using Guid(571b065edc65a4f41b4ea02b27b6113a) Importer(2089858483,0ecaa5967403d082aa24f35e1b516d23)  -> (artifact id: 'ec9726746154337957341df6d38efaef') in 0.010455 seconds
Number of updated asset objects reloaded before import = 0
Number of asset objects unloaded after import = 1
========================================================================
Received Import Request.
  Time since last request: 0.000084 seconds.
  path: Assets/sq_shooter/Plugins/CW/LeanTouch/Extras/Scripts/LeanFingerData.cs
  artifactKey: Guid(ccb7719577ee2df4f9d57e4689532994) Importer(2089858483,0ecaa5967403d082aa24f35e1b516d23)
Start importing Assets/sq_shooter/Plugins/CW/LeanTouch/Extras/Scripts/LeanFingerData.cs using Guid(ccb7719577ee2df4f9d57e4689532994) Importer(2089858483,0ecaa5967403d082aa24f35e1b516d23)  -> (artifact id: '72305f0c0d881a8a730a6f737c69908b') in 0.011463 seconds
Number of updated asset objects reloaded before import = 0
Number of asset objects unloaded after import = 1
========================================================================
Received Import Request.
  Time since last request: 0.000027 seconds.
  path: Assets/sq_shooter/FPS/Tutorials/Playtest/WT-Hiearchy.png
  artifactKey: Guid(6f72f138bef974fbc9d23c3d07132789) Importer(2089858483,0ecaa5967403d082aa24f35e1b516d23)
Start importing Assets/sq_shooter/FPS/Tutorials/Playtest/WT-Hiearchy.png using Guid(6f72f138bef974fbc9d23c3d07132789) Importer(2089858483,0ecaa5967403d082aa24f35e1b516d23)  -> (artifact id: 'fd516ca30b6afc988ded7342e936987d') in 0.017645 seconds
Number of updated asset objects reloaded before import = 0
Number of asset objects unloaded after import = 1
========================================================================
Received Import Request.
  Time since last request: 0.000087 seconds.
  path: Assets/sq_shooter/FPS/Prefabs/Weapons/MgFPS_SniperRifle/Pickup_SniperRifle.prefab
  artifactKey: Guid(875fff87562175c4c8fd5ad104f1672e) Importer(2089858483,0ecaa5967403d082aa24f35e1b516d23)
Start importing Assets/sq_shooter/FPS/Prefabs/Weapons/MgFPS_SniperRifle/Pickup_SniperRifle.prefab using Guid(875fff87562175c4c8fd5ad104f1672e) Importer(2089858483,0ecaa5967403d082aa24f35e1b516d23)  -> (artifact id: 'a4098b8125a009ea0b9faea15e69f17c') in 0.061417 seconds
Number of updated asset objects reloaded before import = 0
Number of asset objects unloaded after import = 89
========================================================================
Received Import Request.
  Time since last request: 0.000083 seconds.
  path: Assets/sq_shooter/FPS/Scripts/UI/LoadSceneButton.cs
  artifactKey: Guid(b9d73053268a2ae48bb9e7d4bf6419fb) Importer(2089858483,0ecaa5967403d082aa24f35e1b516d23)
Start importing Assets/sq_shooter/FPS/Scripts/UI/LoadSceneButton.cs using Guid(b9d73053268a2ae48bb9e7d4bf6419fb) Importer(2089858483,0ecaa5967403d082aa24f35e1b516d23)  -> (artifact id: 'e3c365aaa0c873ad7bc97c026716dbba') in 0.008531 seconds
Number of updated asset objects reloaded before import = 0
Number of asset objects unloaded after import = 1
========================================================================
Received Import Request.
  Time since last request: 0.000028 seconds.
  path: Assets/sq_shooter/FPS/Scripts/Game/GameConstants.cs
  artifactKey: Guid(45a026fab99db8b4fac1af90f1ece0b5) Importer(2089858483,0ecaa5967403d082aa24f35e1b516d23)
Start importing Assets/sq_shooter/FPS/Scripts/Game/GameConstants.cs using Guid(45a026fab99db8b4fac1af90f1ece0b5) Importer(2089858483,0ecaa5967403d082aa24f35e1b516d23)  -> (artifact id: '877b1566ca486b3220050efaed3df559') in 0.007128 seconds
Number of updated asset objects reloaded before import = 0
Number of asset objects unloaded after import = 1
========================================================================
Received Import Request.
  Time since last request: 0.000092 seconds.
  path: Assets/sq_shooter/FPS/Scripts/Game/Shared/DamageArea.cs
  artifactKey: Guid(b0244d6b9e98532469c7be0732490a61) Importer(2089858483,0ecaa5967403d082aa24f35e1b516d23)
Start importing Assets/sq_shooter/FPS/Scripts/Game/Shared/DamageArea.cs using Guid(b0244d6b9e98532469c7be0732490a61) Importer(2089858483,0ecaa5967403d082aa24f35e1b516d23)  -> (artifact id: '62ed005052d2a38400e33d00af6047d2') in 0.007489 seconds
Number of updated asset objects reloaded before import = 0
Number of asset objects unloaded after import = 1
========================================================================
Received Import Request.
  Time since last request: 0.000037 seconds.
  path: Assets/sq_shooter/FPS/Art/Textures/UI/Radar_Enemy_Icon.png
  artifactKey: Guid(f960e1e0f9c28f346bcff536efd27f78) Importer(2089858483,0ecaa5967403d082aa24f35e1b516d23)
Start importing Assets/sq_shooter/FPS/Art/Textures/UI/Radar_Enemy_Icon.png using Guid(f960e1e0f9c28f346bcff536efd27f78) Importer(2089858483,0ecaa5967403d082aa24f35e1b516d23)  -> (artifact id: 'edfab937d98abd6a5dc0d8207024fd0d') in 0.016913 seconds
Number of updated asset objects reloaded before import = 0
Number of asset objects unloaded after import = 3
========================================================================
Received Import Request.
  Time since last request: 0.000028 seconds.
  path: Assets/sq_shooter/Plugins/CW/LeanCommon/Extras/Scripts/LeanDestroy.cs
  artifactKey: Guid(683e90f239f8a2b42b3533e9316fd5f3) Importer(2089858483,0ecaa5967403d082aa24f35e1b516d23)
Start importing Assets/sq_shooter/Plugins/CW/LeanCommon/Extras/Scripts/LeanDestroy.cs using Guid(683e90f239f8a2b42b3533e9316fd5f3) Importer(2089858483,0ecaa5967403d082aa24f35e1b516d23)  -> (artifact id: '3e098d8312b051a0d532137bfa8e1710') in 0.007541 seconds
Number of updated asset objects reloaded before import = 0
Number of asset objects unloaded after import = 1
========================================================================
Received Import Request.
  Time since last request: 0.000113 seconds.
  path: Assets/sq_shooter/FPS/Audio/SFX/Weapons/Launcher_Release.wav
  artifactKey: Guid(0cacf9e8e361eb24e9101b28422f7c08) Importer(2089858483,0ecaa5967403d082aa24f35e1b516d23)
Start importing Assets/sq_shooter/FPS/Audio/SFX/Weapons/Launcher_Release.wav using Guid(0cacf9e8e361eb24e9101b28422f7c08) Importer(2089858483,0ecaa5967403d082aa24f35e1b516d23)  -> (artifact id: '4c6732066f298ae6c4081c043c4c9edc') in 0.043973 seconds
Number of updated asset objects reloaded before import = 0
Number of asset objects unloaded after import = 1
========================================================================
Received Import Request.
  Time since last request: 0.000037 seconds.
  path: Assets/sq_shooter/FPS/Prefabs/Weapons/Stylized Modular Weapons/Textures/SMW_MiddlePart_Normal.png
  artifactKey: Guid(b7f29b3d90344451a9e87d683ada35b2) Importer(2089858483,0ecaa5967403d082aa24f35e1b516d23)
Start importing Assets/sq_shooter/FPS/Prefabs/Weapons/Stylized Modular Weapons/Textures/SMW_MiddlePart_Normal.png using Guid(b7f29b3d90344451a9e87d683ada35b2) Importer(2089858483,0ecaa5967403d082aa24f35e1b516d23)  -> (artifact id: '534fbbd8875ac6f3b496718e1958e4e4') in 0.018801 seconds
Number of updated asset objects reloaded before import = 0
Number of asset objects unloaded after import = 1
========================================================================
Received Import Request.
  Time since last request: 0.000026 seconds.
  path: Assets/sq_shooter/FPS/Audio/SFX/Pickups/Pickup_Weapon_Small.wav
  artifactKey: Guid(7b83d61917ac1224f942a0609b1221f2) Importer(2089858483,0ecaa5967403d082aa24f35e1b516d23)
Start importing Assets/sq_shooter/FPS/Audio/SFX/Pickups/Pickup_Weapon_Small.wav using Guid(7b83d61917ac1224f942a0609b1221f2) Importer(2089858483,0ecaa5967403d082aa24f35e1b516d23)  -> (artifact id: '528e2f9006e8acc2b38ea17eae498bee') in 0.045507 seconds
Number of updated asset objects reloaded before import = 0
Number of asset objects unloaded after import = 1
========================================================================
Received Import Request.
  Time since last request: 0.000027 seconds.
  path: Assets/sq_shooter/FPS/Prefabs/Weapons/Stylized Modular Weapons/Textures/SMW_BackPart_Normal.png
  artifactKey: Guid(cf4a778b2e686443aaffe883c3e18dbb) Importer(2089858483,0ecaa5967403d082aa24f35e1b516d23)
Start importing Assets/sq_shooter/FPS/Prefabs/Weapons/Stylized Modular Weapons/Textures/SMW_BackPart_Normal.png using Guid(cf4a778b2e686443aaffe883c3e18dbb) Importer(2089858483,0ecaa5967403d082aa24f35e1b516d23)  -> (artifact id: '44cd6282cc9ca44749f48db968b29701') in 0.019609 seconds
Number of updated asset objects reloaded before import = 0
Number of asset objects unloaded after import = 1
========================================================================
Received Import Request.
  Time since last request: 0.000027 seconds.
  path: Assets/sq_shooter/FPS/Tutorials/BuildAndPublish/WT-Open-Share-Window.mov
  artifactKey: Guid(5b7680371f1b34fe49c339038de4258f) Importer(2089858483,0ecaa5967403d082aa24f35e1b516d23)
Start importing Assets/sq_shooter/FPS/Tutorials/BuildAndPublish/WT-Open-Share-Window.mov using Guid(5b7680371f1b34fe49c339038de4258f) Importer(2089858483,0ecaa5967403d082aa24f35e1b516d23)  -> (artifact id: '9903664d29fbb5ef0dd3a36e45e453f9') in 0.006420 seconds
Number of updated asset objects reloaded before import = 0
Number of asset objects unloaded after import = 1
========================================================================
Received Import Request.
  Time since last request: 0.000060 seconds.
  path: Assets/sq_shooter/FPS/Tutorials/Playtest/WT-Select-Gameobject.mov
  artifactKey: Guid(79dadb0d7a0c143db8700a2c64e462c8) Importer(2089858483,0ecaa5967403d082aa24f35e1b516d23)
Start importing Assets/sq_shooter/FPS/Tutorials/Playtest/WT-Select-Gameobject.mov using Guid(79dadb0d7a0c143db8700a2c64e462c8) Importer(2089858483,0ecaa5967403d082aa24f35e1b516d23)  -> (artifact id: '077509ce58c1be131c3d9b3cc9329b9c') in 0.007249 seconds
Number of updated asset objects reloaded before import = 0
Number of asset objects unloaded after import = 1
========================================================================
Received Import Request.
  Time since last request: 0.000031 seconds.
  path: Assets/sq_shooter/FPS/Art/Textures/VFX/ThickSmoke_N.png
  artifactKey: Guid(f1886104ab135304cbc19070c093982d) Importer(2089858483,0ecaa5967403d082aa24f35e1b516d23)
Start importing Assets/sq_shooter/FPS/Art/Textures/VFX/ThickSmoke_N.png using Guid(f1886104ab135304cbc19070c093982d) Importer(2089858483,0ecaa5967403d082aa24f35e1b516d23)  -> (artifact id: '1f7be9db9289a8ca6699ded33c7eeab1') in 0.013622 seconds
Number of updated asset objects reloaded before import = 0
Number of asset objects unloaded after import = 1
========================================================================
Received Import Request.
  Time since last request: 0.000027 seconds.
  path: Assets/sq_shooter/DelthorGames/AKM/Textures/AKMDis_Mat4K_NormalOpenGLFix.png
  artifactKey: Guid(80fda85ccf513bb448c4524e625a3b62) Importer(2089858483,0ecaa5967403d082aa24f35e1b516d23)
Start importing Assets/sq_shooter/DelthorGames/AKM/Textures/AKMDis_Mat4K_NormalOpenGLFix.png using Guid(80fda85ccf513bb448c4524e625a3b62) Importer(2089858483,0ecaa5967403d082aa24f35e1b516d23)  -> (artifact id: '81625fa49a1959c83d48fe84cd029ff3') in 0.017877 seconds
Number of updated asset objects reloaded before import = 0
Number of asset objects unloaded after import = 1
========================================================================
Received Import Request.
  Time since last request: 0.000026 seconds.
  path: Assets/sq_shooter/FPS/Art/Textures/Characters/Turret_Body_AO.png
  artifactKey: Guid(b4221e4f27f28c0409eb9d419a6b8037) Importer(2089858483,0ecaa5967403d082aa24f35e1b516d23)
Start importing Assets/sq_shooter/FPS/Art/Textures/Characters/Turret_Body_AO.png using Guid(b4221e4f27f28c0409eb9d419a6b8037) Importer(2089858483,0ecaa5967403d082aa24f35e1b516d23)  -> (artifact id: '767c3863c2843d265b035c5c5c7796b3') in 0.016580 seconds
Number of updated asset objects reloaded before import = 0
Number of asset objects unloaded after import = 1
========================================================================
Received Import Request.
  Time since last request: 0.000042 seconds.
  path: Assets/sq_shooter/FPS/Art/Textures/Weapons/Launcher_Normal.png
  artifactKey: Guid(86f145854ac56cc4e81378d20cc8dc5c) Importer(2089858483,0ecaa5967403d082aa24f35e1b516d23)
Start importing Assets/sq_shooter/FPS/Art/Textures/Weapons/Launcher_Normal.png using Guid(86f145854ac56cc4e81378d20cc8dc5c) Importer(2089858483,0ecaa5967403d082aa24f35e1b516d23)  -> (artifact id: 'd1360d192e54764f0e2f141c4b93c93d') in 0.017813 seconds
Number of updated asset objects reloaded before import = 0
Number of asset objects unloaded after import = 1
========================================================================
Received Import Request.
  Time since last request: 0.000036 seconds.
  path: Assets/sq_shooter/FPS/Prefabs/Weapons/Stylized Modular Weapons/Textures/SMW_Aim_MetallicSmoothness.png
  artifactKey: Guid(6a19bf9df85e6409992df556d79afcf2) Importer(2089858483,0ecaa5967403d082aa24f35e1b516d23)
Start importing Assets/sq_shooter/FPS/Prefabs/Weapons/Stylized Modular Weapons/Textures/SMW_Aim_MetallicSmoothness.png using Guid(6a19bf9df85e6409992df556d79afcf2) Importer(2089858483,0ecaa5967403d082aa24f35e1b516d23)  -> (artifact id: 'bffd5d6b7b6e9d2e57460df3ee49fca4') in 0.018420 seconds
Number of updated asset objects reloaded before import = 0
Number of asset objects unloaded after import = 1
========================================================================
Received Import Request.
  Time since last request: 0.000023 seconds.
  path: Assets/sq_shooter/FPS/Prefabs/Weapons/Stylized Modular Weapons/Textures/SMW_Muzzle_Normal.png
  artifactKey: Guid(8f9142d4da6bd4408b4a2926a03c7f01) Importer(2089858483,0ecaa5967403d082aa24f35e1b516d23)
Start importing Assets/sq_shooter/FPS/Prefabs/Weapons/Stylized Modular Weapons/Textures/SMW_Muzzle_Normal.png using Guid(8f9142d4da6bd4408b4a2926a03c7f01) Importer(2089858483,0ecaa5967403d082aa24f35e1b516d23)  -> (artifact id: '0ad5be247dd8668f6fb5b3316890d9f7') in 0.015469 seconds
Number of updated asset objects reloaded before import = 0
Number of asset objects unloaded after import = 1
========================================================================
Received Import Request.
  Time since last request: 0.000037 seconds.
  path: Assets/sq_shooter/FPS/Audio/SFX/Player/Jump.wav
  artifactKey: Guid(13b59a14d34add64d84a623867546ff1) Importer(2089858483,0ecaa5967403d082aa24f35e1b516d23)
Start importing Assets/sq_shooter/FPS/Audio/SFX/Player/Jump.wav using Guid(13b59a14d34add64d84a623867546ff1) Importer(2089858483,0ecaa5967403d082aa24f35e1b516d23)  -> (artifact id: '82a443d09152b559ccdd2bcc3b7fd787') in 0.032084 seconds
Number of updated asset objects reloaded before import = 0
Number of asset objects unloaded after import = 1
========================================================================
Received Import Request.
  Time since last request: 0.000036 seconds.
  path: Assets/sq_shooter/FPS/Art/Textures/UI/HUD_Weapon01.png
  artifactKey: Guid(cab1398a10b307b44b0ffeb0eef23254) Importer(2089858483,0ecaa5967403d082aa24f35e1b516d23)
Start importing Assets/sq_shooter/FPS/Art/Textures/UI/HUD_Weapon01.png using Guid(cab1398a10b307b44b0ffeb0eef23254) Importer(2089858483,0ecaa5967403d082aa24f35e1b516d23)  -> (artifact id: 'a1f42079ff480b8825453a27b76c4f28') in 0.016714 seconds
Number of updated asset objects reloaded before import = 0
Number of asset objects unloaded after import = 3
========================================================================
Received Import Request.
  Time since last request: 0.000048 seconds.
  path: Assets/sq_shooter/ModAssets/Textures/billboard_2D_tall.png
  artifactKey: Guid(50b2c32ff3de94988a61633cb19060de) Importer(2089858483,0ecaa5967403d082aa24f35e1b516d23)
Start importing Assets/sq_shooter/ModAssets/Textures/billboard_2D_tall.png using Guid(50b2c32ff3de94988a61633cb19060de) Importer(2089858483,0ecaa5967403d082aa24f35e1b516d23)  -> (artifact id: '80429d407901989cc1464ba008ab3179') in 0.015973 seconds
Number of updated asset objects reloaded before import = 0
Number of asset objects unloaded after import = 3
========================================================================
Received Import Request.
  Time since last request: 0.000023 seconds.
  path: Assets/sq_shooter/Plugins/CW/Shared/Common/Examples/Textures/Grid.png
  artifactKey: Guid(026cfa8e99aa0914faa770f5d4c58a23) Importer(2089858483,0ecaa5967403d082aa24f35e1b516d23)
Start importing Assets/sq_shooter/Plugins/CW/Shared/Common/Examples/Textures/Grid.png using Guid(026cfa8e99aa0914faa770f5d4c58a23) Importer(2089858483,0ecaa5967403d082aa24f35e1b516d23)  -> (artifact id: '1ba7f9a2a3477099f329bb249e0150b5') in 0.018693 seconds
Number of updated asset objects reloaded before import = 0
Number of asset objects unloaded after import = 1
========================================================================
Received Import Request.
  Time since last request: 0.000026 seconds.
  path: Assets/sq_shooter/TextMesh Pro/Fonts/LiberationSans.ttf
  artifactKey: Guid(e3265ab4bf004d28a9537516768c1c75) Importer(2089858483,0ecaa5967403d082aa24f35e1b516d23)
Start importing Assets/sq_shooter/TextMesh Pro/Fonts/LiberationSans.ttf using Guid(e3265ab4bf004d28a9537516768c1c75) Importer(2089858483,0ecaa5967403d082aa24f35e1b516d23)  -> (artifact id: '8e78da2b4640ebb06a4e96575b000e1a') in 0.023626 seconds
Number of updated asset objects reloaded before import = 0
Number of asset objects unloaded after import = 3
========================================================================
Received Import Request.
  Time since last request: 0.000029 seconds.
  path: Assets/sq_shooter/FPS/Art/Textures/Props/StatueBig_Normal.png
  artifactKey: Guid(1b8c2b2d5be41d84cb0f6f3acffaba19) Importer(2089858483,0ecaa5967403d082aa24f35e1b516d23)
Start importing Assets/sq_shooter/FPS/Art/Textures/Props/StatueBig_Normal.png using Guid(1b8c2b2d5be41d84cb0f6f3acffaba19) Importer(2089858483,0ecaa5967403d082aa24f35e1b516d23)  -> (artifact id: 'cc277d91548c97a7925ef4c88fdb4dc7') in 0.012583 seconds
Number of updated asset objects reloaded before import = 0
Number of asset objects unloaded after import = 1
========================================================================
Received Import Request.
  Time since last request: 0.000021 seconds.
  path: Assets/sq_shooter/ModAssets/Textures/billboard_2D_tall_mask.png
  artifactKey: Guid(bbe8d33a81a0549ce8ab1cee4aa7db2a) Importer(2089858483,0ecaa5967403d082aa24f35e1b516d23)
Start importing Assets/sq_shooter/ModAssets/Textures/billboard_2D_tall_mask.png using Guid(bbe8d33a81a0549ce8ab1cee4aa7db2a) Importer(2089858483,0ecaa5967403d082aa24f35e1b516d23)  -> (artifact id: '16b7041e203fa8245a43005fb7893600') in 0.027983 seconds
Number of updated asset objects reloaded before import = 0
Number of asset objects unloaded after import = 3
========================================================================
Received Import Request.
  Time since last request: 0.000106 seconds.
  path: Assets/sq_shooter/FPS/Prefabs/Weapons/Stylized Modular Weapons/Textures/SMW_BottomPart_MetallicSmoothness.png
  artifactKey: Guid(fcf93207a985c43419774071a1be0378) Importer(2089858483,0ecaa5967403d082aa24f35e1b516d23)
Start importing Assets/sq_shooter/FPS/Prefabs/Weapons/Stylized Modular Weapons/Textures/SMW_BottomPart_MetallicSmoothness.png using Guid(fcf93207a985c43419774071a1be0378) Importer(2089858483,0ecaa5967403d082aa24f35e1b516d23)  -> (artifact id: '422d446be932e89b8367485b59b693cb') in 0.015440 seconds
Number of updated asset objects reloaded before import = 0
Number of asset objects unloaded after import = 1
========================================================================
Received Import Request.
  Time since last request: 0.000023 seconds.
  path: Assets/sq_shooter/FPS/Tutorials/BuildAndPublish/WT-Get-Started-Click.mov
  artifactKey: Guid(e9f4ef2422b80da4ea767e6d99be57c4) Importer(2089858483,0ecaa5967403d082aa24f35e1b516d23)
Start importing Assets/sq_shooter/FPS/Tutorials/BuildAndPublish/WT-Get-Started-Click.mov using Guid(e9f4ef2422b80da4ea767e6d99be57c4) Importer(2089858483,0ecaa5967403d082aa24f35e1b516d23)  -> (artifact id: '9e65a2d7bb0e7d32ff77b0935547bff9') in 0.008920 seconds
Number of updated asset objects reloaded before import = 0
Number of asset objects unloaded after import = 1
========================================================================
Received Import Request.
  Time since last request: 0.000030 seconds.
  path: Assets/sq_shooter/FPS/Audio/SFX/Player/Damage_Tick2.mp3
  artifactKey: Guid(a7fae22399a6e1d448dc0dd2210f1dac) Importer(2089858483,0ecaa5967403d082aa24f35e1b516d23)
Start importing Assets/sq_shooter/FPS/Audio/SFX/Player/Damage_Tick2.mp3 using Guid(a7fae22399a6e1d448dc0dd2210f1dac) Importer(2089858483,0ecaa5967403d082aa24f35e1b516d23)  -> (artifact id: '902ddefc12ab51b609f507784601aba9') in 0.043359 seconds
Number of updated asset objects reloaded before import = 0
Number of asset objects unloaded after import = 1
========================================================================
Received Import Request.
  Time since last request: 0.000054 seconds.
  path: Assets/sq_shooter/FPS/Audio/SFX/Pickups/Pickup_Jetpack.wav
  artifactKey: Guid(9c793d7183ca03e4fbf328175291cee4) Importer(2089858483,0ecaa5967403d082aa24f35e1b516d23)
Start importing Assets/sq_shooter/FPS/Audio/SFX/Pickups/Pickup_Jetpack.wav using Guid(9c793d7183ca03e4fbf328175291cee4) Importer(2089858483,0ecaa5967403d082aa24f35e1b516d23)  -> (artifact id: 'd7d30e53853bafc63b2f8586ef3e0ebf') in 0.054864 seconds
Number of updated asset objects reloaded before import = 0
Number of asset objects unloaded after import = 1
========================================================================
Received Import Request.
  Time since last request: 0.000045 seconds.
  path: Assets/sq_shooter/FPS/Tutorials/AddARoom/WT-Project-Window.png
  artifactKey: Guid(ea9d8d0cfa14342e88e692cb7b8a2ed8) Importer(2089858483,0ecaa5967403d082aa24f35e1b516d23)
Start importing Assets/sq_shooter/FPS/Tutorials/AddARoom/WT-Project-Window.png using Guid(ea9d8d0cfa14342e88e692cb7b8a2ed8) Importer(2089858483,0ecaa5967403d082aa24f35e1b516d23)  -> (artifact id: '4679928423c3b1ea04811adf6feb48e5') in 0.012260 seconds
Number of updated asset objects reloaded before import = 0
Number of asset objects unloaded after import = 1
========================================================================
Received Import Request.
  Time since last request: 0.000041 seconds.
  path: Assets/sq_shooter/FPS/Art/Textures/Props/StatueBig_Albedo.png
  artifactKey: Guid(4541db27285eb5f448988d692cc9c217) Importer(2089858483,0ecaa5967403d082aa24f35e1b516d23)
Start importing Assets/sq_shooter/FPS/Art/Textures/Props/StatueBig_Albedo.png using Guid(4541db27285eb5f448988d692cc9c217) Importer(2089858483,0ecaa5967403d082aa24f35e1b516d23)  -> (artifact id: '7cae8427505521f55063ee168fe71896') in 0.014866 seconds
Number of updated asset objects reloaded before import = 0
Number of asset objects unloaded after import = 1
========================================================================
Received Import Request.
  Time since last request: 0.000095 seconds.
  path: Assets/sq_shooter/FPS/Prefabs/Weapons/Stylized Modular Weapons/Textures/SMW_MiddlePart_MetallicSmoothness.png
  artifactKey: Guid(f76f143310a6d4992a8c929c903b3958) Importer(2089858483,0ecaa5967403d082aa24f35e1b516d23)
Start importing Assets/sq_shooter/FPS/Prefabs/Weapons/Stylized Modular Weapons/Textures/SMW_MiddlePart_MetallicSmoothness.png using Guid(f76f143310a6d4992a8c929c903b3958) Importer(2089858483,0ecaa5967403d082aa24f35e1b516d23)  -> (artifact id: 'a30c9926e5b458881727e8c02d6728b2') in 0.018722 seconds
Number of updated asset objects reloaded before import = 0
Number of asset objects unloaded after import = 1
========================================================================
Received Import Request.
  Time since last request: 0.000019 seconds.
  path: Assets/sq_shooter/ModAssets/Textures/rainbowtexture.png
  artifactKey: Guid(1b6d33a625dab47a48c2b062e2ce39bc) Importer(2089858483,0ecaa5967403d082aa24f35e1b516d23)
Start importing Assets/sq_shooter/ModAssets/Textures/rainbowtexture.png using Guid(1b6d33a625dab47a48c2b062e2ce39bc) Importer(2089858483,0ecaa5967403d082aa24f35e1b516d23)  -> (artifact id: 'ad7576bb3b8a1d8f4a258ab4173f54c3') in 0.016419 seconds
Number of updated asset objects reloaded before import = 0
Number of asset objects unloaded after import = 1
========================================================================
Received Import Request.
  Time since last request: 0.000024 seconds.
  path: Assets/sq_shooter/FPS/Art/Textures/UI/Notification_Enemy_Icon.png
  artifactKey: Guid(f508c28b9e2b993418fa54db9c535ae9) Importer(2089858483,0ecaa5967403d082aa24f35e1b516d23)
Start importing Assets/sq_shooter/FPS/Art/Textures/UI/Notification_Enemy_Icon.png using Guid(f508c28b9e2b993418fa54db9c535ae9) Importer(2089858483,0ecaa5967403d082aa24f35e1b516d23)  -> (artifact id: '3b73968fe6b1f2857bd2c406a8582dc9') in 0.021297 seconds
Number of updated asset objects reloaded before import = 0
Number of asset objects unloaded after import = 3
========================================================================
Received Import Request.
  Time since last request: 0.000030 seconds.
  path: Assets/sq_shooter/FPS/Art/Textures/Characters/HoverBot_Glass_Albedo.png
  artifactKey: Guid(656663e666410fd4fa5e9da4470a11e5) Importer(2089858483,0ecaa5967403d082aa24f35e1b516d23)
Start importing Assets/sq_shooter/FPS/Art/Textures/Characters/HoverBot_Glass_Albedo.png using Guid(656663e666410fd4fa5e9da4470a11e5) Importer(2089858483,0ecaa5967403d082aa24f35e1b516d23)  -> (artifact id: '61d99f43afb7f283a7966cc158290f01') in 0.015650 seconds
Number of updated asset objects reloaded before import = 0
Number of asset objects unloaded after import = 1
========================================================================
Received Import Request.
  Time since last request: 0.000042 seconds.
  path: Assets/sq_shooter/Plugins/CW/LeanTouch/Examples/Textures/GlowingLine.png
  artifactKey: Guid(1e8362097aaf1d5418f5e5a083f842e9) Importer(2089858483,0ecaa5967403d082aa24f35e1b516d23)
Start importing Assets/sq_shooter/Plugins/CW/LeanTouch/Examples/Textures/GlowingLine.png using Guid(1e8362097aaf1d5418f5e5a083f842e9) Importer(2089858483,0ecaa5967403d082aa24f35e1b516d23)  -> (artifact id: '8eadda15f852857fb56c579f322e9a63') in 0.016221 seconds
Number of updated asset objects reloaded before import = 0
Number of asset objects unloaded after import = 1
========================================================================
Received Import Request.
  Time since last request: 0.000023 seconds.
  path: Assets/sq_shooter/FPS/Tutorials/AddARoom/WT-Bake.png
  artifactKey: Guid(04ad4882689a148358ac29d94d99a7ea) Importer(2089858483,0ecaa5967403d082aa24f35e1b516d23)
Start importing Assets/sq_shooter/FPS/Tutorials/AddARoom/WT-Bake.png using Guid(04ad4882689a148358ac29d94d99a7ea) Importer(2089858483,0ecaa5967403d082aa24f35e1b516d23)  -> (artifact id: '53ad0d055cae491c2a066eb29af694f0') in 0.018835 seconds
Number of updated asset objects reloaded before import = 0
Number of asset objects unloaded after import = 1
========================================================================
Received Import Request.
  Time since last request: 0.000024 seconds.
  path: Assets/sq_shooter/FPS/Art/Textures/Pickups/HealthPickup_AO.png
  artifactKey: Guid(eea8ae6f986e93c4ea8ee71ef8316494) Importer(2089858483,0ecaa5967403d082aa24f35e1b516d23)
Start importing Assets/sq_shooter/FPS/Art/Textures/Pickups/HealthPickup_AO.png using Guid(eea8ae6f986e93c4ea8ee71ef8316494) Importer(2089858483,0ecaa5967403d082aa24f35e1b516d23)  -> (artifact id: '74544f904f2d2efcbf2e20a83f911c59') in 0.017093 seconds
Number of updated asset objects reloaded before import = 0
Number of asset objects unloaded after import = 1
========================================================================
Received Import Request.
  Time since last request: 0.000034 seconds.
  path: Assets/sq_shooter/FPS/Tutorials/AddARoom/WT-Select-Hand-Tool.mov
  artifactKey: Guid(95df4ffa2c72c49f0b90fa2a68c3901b) Importer(2089858483,0ecaa5967403d082aa24f35e1b516d23)
Start importing Assets/sq_shooter/FPS/Tutorials/AddARoom/WT-Select-Hand-Tool.mov using Guid(95df4ffa2c72c49f0b90fa2a68c3901b) Importer(2089858483,0ecaa5967403d082aa24f35e1b516d23)  -> (artifact id: '9fc13f7dd2fa0d6b774a337131bffdbd') in 0.007242 seconds
Number of updated asset objects reloaded before import = 0
Number of asset objects unloaded after import = 1
========================================================================
Received Import Request.
  Time since last request: 0.000024 seconds.
  path: Assets/sq_shooter/FPS/Audio/SFX/Enemies/Hoverbot_Alert.wav
  artifactKey: Guid(25722734eeccba042a18e26e376ca542) Importer(2089858483,0ecaa5967403d082aa24f35e1b516d23)
Start importing Assets/sq_shooter/FPS/Audio/SFX/Enemies/Hoverbot_Alert.wav using Guid(25722734eeccba042a18e26e376ca542) Importer(2089858483,0ecaa5967403d082aa24f35e1b516d23)  -> (artifact id: 'e1ac7e9fa19e4c7198533c5f24ac779d') in 0.043712 seconds
Number of updated asset objects reloaded before import = 0
Number of asset objects unloaded after import = 1
========================================================================
Received Import Request.
  Time since last request: 0.000025 seconds.
  path: Assets/sq_shooter/FPS/Art/Textures/Weapons/Launcher_MetallicSmooth.png
  artifactKey: Guid(ee9913929019b1d4894602a3495db2a5) Importer(2089858483,0ecaa5967403d082aa24f35e1b516d23)
Start importing Assets/sq_shooter/FPS/Art/Textures/Weapons/Launcher_MetallicSmooth.png using Guid(ee9913929019b1d4894602a3495db2a5) Importer(2089858483,0ecaa5967403d082aa24f35e1b516d23)  -> (artifact id: 'fe34401fb15e81a2e516543b8deb0d6a') in 0.016960 seconds
Number of updated asset objects reloaded before import = 0
Number of asset objects unloaded after import = 1
========================================================================
Received Import Request.
  Time since last request: 0.000024 seconds.
  path: Assets/sq_shooter/Plugins/CW/LeanTouch/Examples/Textures/GlowingTrail.png
  artifactKey: Guid(8aa2527d78a48b5429dff156ab3641aa) Importer(2089858483,0ecaa5967403d082aa24f35e1b516d23)
Start importing Assets/sq_shooter/Plugins/CW/LeanTouch/Examples/Textures/GlowingTrail.png using Guid(8aa2527d78a48b5429dff156ab3641aa) Importer(2089858483,0ecaa5967403d082aa24f35e1b516d23)  -> (artifact id: '448ea4a277efaf494d4952fa98c1213f') in 0.019644 seconds
Number of updated asset objects reloaded before import = 0
Number of asset objects unloaded after import = 1
========================================================================
Received Import Request.
  Time since last request: 0.000023 seconds.
  path: Assets/sq_shooter/ModAssets/Models/AncientProps/Obelisk.fbx
  artifactKey: Guid(b5f62aa1f09e3403baa23022a5d9e4b1) Importer(2089858483,0ecaa5967403d082aa24f35e1b516d23)
Start importing Assets/sq_shooter/ModAssets/Models/AncientProps/Obelisk.fbx using Guid(b5f62aa1f09e3403baa23022a5d9e4b1) Importer(2089858483,0ecaa5967403d082aa24f35e1b516d23)  -> (artifact id: '4f37ec1b87bd5b88703f9f7fc0bb7fa4') in 0.060734 seconds
Number of updated asset objects reloaded before import = 0
Number of asset objects unloaded after import = 8
========================================================================
Received Import Request.
  Time since last request: 0.000026 seconds.
  path: Assets/sq_shooter/ModAssets/Models/NatureProps/FirTree.fbx
  artifactKey: Guid(5fc0e3d37ec294384aaa0b18e537ff86) Importer(2089858483,0ecaa5967403d082aa24f35e1b516d23)
Start importing Assets/sq_shooter/ModAssets/Models/NatureProps/FirTree.fbx using Guid(5fc0e3d37ec294384aaa0b18e537ff86) Importer(2089858483,0ecaa5967403d082aa24f35e1b516d23)  -> (artifact id: '3f8dfdcb4775f5eef3ce88b194d988bd') in 0.014660 seconds
Number of updated asset objects reloaded before import = 0
Number of asset objects unloaded after import = 9
========================================================================
Received Import Request.
  Time since last request: 0.000020 seconds.
  path: Assets/sq_shooter/FPS/Art/Textures/UI/Crosshair_Shotgun_Circle.png
  artifactKey: Guid(2962952d6e5ae7342a298d45a3945069) Importer(2089858483,0ecaa5967403d082aa24f35e1b516d23)
Start importing Assets/sq_shooter/FPS/Art/Textures/UI/Crosshair_Shotgun_Circle.png using Guid(2962952d6e5ae7342a298d45a3945069) Importer(2089858483,0ecaa5967403d082aa24f35e1b516d23)  -> (artifact id: '967b785dbfab2f50764886cb34f7f99b') in 0.013997 seconds
Number of updated asset objects reloaded before import = 0
Number of asset objects unloaded after import = 3
========================================================================
Received Import Request.
  Time since last request: 0.000019 seconds.
  path: Assets/sq_shooter/ModAssets/Models/AncientProps/Pillar.fbx
  artifactKey: Guid(7c49e12debb73554780638b4c35f023d) Importer(2089858483,0ecaa5967403d082aa24f35e1b516d23)
Start importing Assets/sq_shooter/ModAssets/Models/AncientProps/Pillar.fbx using Guid(7c49e12debb73554780638b4c35f023d) Importer(2089858483,0ecaa5967403d082aa24f35e1b516d23)  -> (artifact id: '1ebbefab3e89992e1e0129b695797249') in 0.011764 seconds
Number of updated asset objects reloaded before import = 0
Number of asset objects unloaded after import = 8
========================================================================
Received Import Request.
  Time since last request: 0.000021 seconds.
  path: Assets/sq_shooter/ModAssets/Models/NatureProps/Mushroom.fbx
  artifactKey: Guid(403205f95f9214aa7a1f003ae7bd2333) Importer(2089858483,0ecaa5967403d082aa24f35e1b516d23)
Start importing Assets/sq_shooter/ModAssets/Models/NatureProps/Mushroom.fbx using Guid(403205f95f9214aa7a1f003ae7bd2333) Importer(2089858483,0ecaa5967403d082aa24f35e1b516d23)  -> (artifact id: 'd7631fdce9377ba38763151598cccc81') in 0.027023 seconds
Number of updated asset objects reloaded before import = 0
Number of asset objects unloaded after import = 9
========================================================================
Received Import Request.
  Time since last request: 0.000018 seconds.
  path: Assets/sq_shooter/FPS/Audio/SFX/Weapons/Weapon_Cooling.wav
  artifactKey: Guid(93331a7c9fe98494a84f18effb358899) Importer(2089858483,0ecaa5967403d082aa24f35e1b516d23)
Start importing Assets/sq_shooter/FPS/Audio/SFX/Weapons/Weapon_Cooling.wav using Guid(93331a7c9fe98494a84f18effb358899) Importer(2089858483,0ecaa5967403d082aa24f35e1b516d23)  -> (artifact id: '77d74b8bd57e56a9f7bdf77d2a3b3d72') in 0.023203 seconds
Number of updated asset objects reloaded before import = 0
Number of asset objects unloaded after import = 1
========================================================================
Received Import Request.
  Time since last request: 0.000047 seconds.
  path: Assets/sq_shooter/FPS/Audio/SFX/Player/Land.wav
  artifactKey: Guid(d0f1afed8fa916244af6ca73579ded67) Importer(2089858483,0ecaa5967403d082aa24f35e1b516d23)
Start importing Assets/sq_shooter/FPS/Audio/SFX/Player/Land.wav using Guid(d0f1afed8fa916244af6ca73579ded67) Importer(2089858483,0ecaa5967403d082aa24f35e1b516d23)  -> (artifact id: '72d67ad54f733b2c328fd2e1df18f5ca') in 0.019689 seconds
Number of updated asset objects reloaded before import = 0
Number of asset objects unloaded after import = 1
========================================================================
Received Import Request.
  Time since last request: 0.000017 seconds.
  path: Assets/sq_shooter/FPS/Art/Textures/UI/CloseBtn_Icon.png
  artifactKey: Guid(2883dea87a05ddc4489db71bdbf6a412) Importer(2089858483,0ecaa5967403d082aa24f35e1b516d23)
Start importing Assets/sq_shooter/FPS/Art/Textures/UI/CloseBtn_Icon.png using Guid(2883dea87a05ddc4489db71bdbf6a412) Importer(2089858483,0ecaa5967403d082aa24f35e1b516d23)  -> (artifact id: '2d481988cba50f2b50a89cbbaa9fcea8') in 0.012099 seconds
Number of updated asset objects reloaded before import = 0
Number of asset objects unloaded after import = 3
========================================================================
Received Import Request.
  Time since last request: 0.000019 seconds.
  path: Assets/sq_shooter/FPS/Prefabs/RootObjects/OBJWall_Door.obj
  artifactKey: Guid(c84a4eb9153fdc04b8a0150af1de6902) Importer(2089858483,0ecaa5967403d082aa24f35e1b516d23)
Start importing Assets/sq_shooter/FPS/Prefabs/RootObjects/OBJWall_Door.obj using Guid(c84a4eb9153fdc04b8a0150af1de6902) Importer(2089858483,0ecaa5967403d082aa24f35e1b516d23)  -> (artifact id: '30347ca815b9322c635cc445f52f355f') in 0.013504 seconds
Number of updated asset objects reloaded before import = 0
Number of asset objects unloaded after import = 11
========================================================================
Received Import Request.
  Time since last request: 0.000021 seconds.
  path: Assets/sq_shooter/FPS/Art/Textures/UI/Crosshair_Blaster_Side.png
  artifactKey: Guid(e87f35a57d7a270469ddf9121f29d506) Importer(2089858483,0ecaa5967403d082aa24f35e1b516d23)
Start importing Assets/sq_shooter/FPS/Art/Textures/UI/Crosshair_Blaster_Side.png using Guid(e87f35a57d7a270469ddf9121f29d506) Importer(2089858483,0ecaa5967403d082aa24f35e1b516d23)  -> (artifact id: '2684f23536ed3e75ae5252e6bb1ef26c') in 0.011482 seconds
Number of updated asset objects reloaded before import = 0
Number of asset objects unloaded after import = 3
========================================================================
Received Import Request.
  Time since last request: 0.000029 seconds.
  path: Assets/sq_shooter/FPS/Art/Textures/VFX/Symbol_Speedlines_Atlas.tga
  artifactKey: Guid(caab48d99d348f14f9c9142539950ba8) Importer(2089858483,0ecaa5967403d082aa24f35e1b516d23)
Start importing Assets/sq_shooter/FPS/Art/Textures/VFX/Symbol_Speedlines_Atlas.tga using Guid(caab48d99d348f14f9c9142539950ba8) Importer(2089858483,0ecaa5967403d082aa24f35e1b516d23)  -> (artifact id: 'ad886d84350248c2eba46499b991b8ca') in 0.010702 seconds
Number of updated asset objects reloaded before import = 0
Number of asset objects unloaded after import = 1
========================================================================
Received Import Request.
  Time since last request: 0.000021 seconds.
  path: Assets/sq_shooter/FPS/Art/Textures/VFX/Symbol_Speedlines.tga
  artifactKey: Guid(015bdd9936c309c4b8ae14480d3a51b4) Importer(2089858483,0ecaa5967403d082aa24f35e1b516d23)
Start importing Assets/sq_shooter/FPS/Art/Textures/VFX/Symbol_Speedlines.tga using Guid(015bdd9936c309c4b8ae14480d3a51b4) Importer(2089858483,0ecaa5967403d082aa24f35e1b516d23)  -> (artifact id: 'c25c2e7fe7a5c9dd4c3c40b768ea548c') in 0.012407 seconds
Number of updated asset objects reloaded before import = 0
Number of asset objects unloaded after import = 1
========================================================================
Received Import Request.
  Time since last request: 0.000020 seconds.
  path: Assets/sq_shooter/FPS/Prefabs/Weapons/Stylized Modular Weapons/Textures/SMW_BottomPart_Normal.png
  artifactKey: Guid(d1fbe0dd09e2c43f98b2fc14e7a66cf8) Importer(2089858483,0ecaa5967403d082aa24f35e1b516d23)
Start importing Assets/sq_shooter/FPS/Prefabs/Weapons/Stylized Modular Weapons/Textures/SMW_BottomPart_Normal.png using Guid(d1fbe0dd09e2c43f98b2fc14e7a66cf8) Importer(2089858483,0ecaa5967403d082aa24f35e1b516d23)  -> (artifact id: '145cbacced2263775d67771410472fc9') in 0.010896 seconds
Number of updated asset objects reloaded before import = 0
Number of asset objects unloaded after import = 1
========================================================================
Received Import Request.
  Time since last request: 0.000018 seconds.
  path: Assets/sq_shooter/FPS/Art/Textures/Characters/Turret_Glass_Albedo.png
  artifactKey: Guid(999498a7bbaf0ac4c9a87187d9154a02) Importer(2089858483,0ecaa5967403d082aa24f35e1b516d23)
Start importing Assets/sq_shooter/FPS/Art/Textures/Characters/Turret_Glass_Albedo.png using Guid(999498a7bbaf0ac4c9a87187d9154a02) Importer(2089858483,0ecaa5967403d082aa24f35e1b516d23)  -> (artifact id: '3e12697543e37c59d7ba4c7287206926') in 0.012349 seconds
Number of updated asset objects reloaded before import = 0
Number of asset objects unloaded after import = 1
========================================================================
Received Import Request.
  Time since last request: 0.000018 seconds.
  path: Assets/sq_shooter/ModAssets/Models/FoodProps/GummyBear.fbx
  artifactKey: Guid(58ea00b8d25e246b4aabc659dc7b33c4) Importer(2089858483,0ecaa5967403d082aa24f35e1b516d23)
Start importing Assets/sq_shooter/ModAssets/Models/FoodProps/GummyBear.fbx using Guid(58ea00b8d25e246b4aabc659dc7b33c4) Importer(2089858483,0ecaa5967403d082aa24f35e1b516d23)  -> (artifact id: 'c5f5b51e7e0c455e826468289345216a') in 0.013391 seconds
Number of updated asset objects reloaded before import = 0
Number of asset objects unloaded after import = 13
========================================================================
Received Import Request.
  Time since last request: 0.000019 seconds.
  path: Assets/sq_shooter/Plugins/CW/Shared/Common/Examples/Textures/DemoRight.png
  artifactKey: Guid(873b489a73575b14fa7f49597735beaa) Importer(2089858483,0ecaa5967403d082aa24f35e1b516d23)
Start importing Assets/sq_shooter/Plugins/CW/Shared/Common/Examples/Textures/DemoRight.png using Guid(873b489a73575b14fa7f49597735beaa) Importer(2089858483,0ecaa5967403d082aa24f35e1b516d23)  -> (artifact id: '9ad4863bdffb23d595028c84524f2355') in 0.014033 seconds
Number of updated asset objects reloaded before import = 0
Number of asset objects unloaded after import = 3
========================================================================
Received Import Request.
  Time since last request: 0.000021 seconds.
  path: Assets/sq_shooter/FPS/Art/Textures/VFX/Shadow.psd
  artifactKey: Guid(93a91d6f0b91aaa49aaf4b9a6b217147) Importer(2089858483,0ecaa5967403d082aa24f35e1b516d23)
Start importing Assets/sq_shooter/FPS/Art/Textures/VFX/Shadow.psd using Guid(93a91d6f0b91aaa49aaf4b9a6b217147) Importer(2089858483,0ecaa5967403d082aa24f35e1b516d23)  -> (artifact id: '9e6dedd11017b9bee27cfeb3fd0eda04') in 0.010845 seconds
Number of updated asset objects reloaded before import = 0
Number of asset objects unloaded after import = 1
========================================================================
Received Import Request.
  Time since last request: 0.000018 seconds.
  path: Assets/sq_shooter/Plugins/CW/LeanTouch/Examples/Textures/Logo+.png
  artifactKey: Guid(9674de981b92a37429713c21f4b149ff) Importer(2089858483,0ecaa5967403d082aa24f35e1b516d23)
Start importing Assets/sq_shooter/Plugins/CW/LeanTouch/Examples/Textures/Logo+.png using Guid(9674de981b92a37429713c21f4b149ff) Importer(2089858483,0ecaa5967403d082aa24f35e1b516d23)  -> (artifact id: 'cc1578c0b6109f7dd965debc595e25d2') in 0.013216 seconds
Number of updated asset objects reloaded before import = 0
Number of asset objects unloaded after import = 3
========================================================================
Received Import Request.
  Time since last request: 0.000019 seconds.
  path: Assets/sq_shooter/ModAssets/Textures/billboard_2D_wide.png
  artifactKey: Guid(3142e986a20354e5c9b3394e5ff7ae12) Importer(2089858483,0ecaa5967403d082aa24f35e1b516d23)
Start importing Assets/sq_shooter/ModAssets/Textures/billboard_2D_wide.png using Guid(3142e986a20354e5c9b3394e5ff7ae12) Importer(2089858483,0ecaa5967403d082aa24f35e1b516d23)  -> (artifact id: '19190462b046cd8d328e7f67c4aecb8e') in 0.014112 seconds
Number of updated asset objects reloaded before import = 0
Number of asset objects unloaded after import = 3
========================================================================
Received Import Request.
  Time since last request: 0.000018 seconds.
  path: Assets/sq_shooter/ModAssets/Textures/billboard_2D_basic_mask.png
  artifactKey: Guid(ddff50e8139db4a99976adb5f40c79f0) Importer(2089858483,0ecaa5967403d082aa24f35e1b516d23)
Start importing Assets/sq_shooter/ModAssets/Textures/billboard_2D_basic_mask.png using Guid(ddff50e8139db4a99976adb5f40c79f0) Importer(2089858483,0ecaa5967403d082aa24f35e1b516d23)  -> (artifact id: '15b7bd5e8b52062253a941802e283086') in 0.011513 seconds
Number of updated asset objects reloaded before import = 0
Number of asset objects unloaded after import = 3
========================================================================
Received Import Request.
  Time since last request: 0.000020 seconds.
  path: Assets/sq_shooter/FPS/Art/Textures/VFX/WireframeCage.png
  artifactKey: Guid(c2edc512c4492644fa426de5fca31968) Importer(2089858483,0ecaa5967403d082aa24f35e1b516d23)
Start importing Assets/sq_shooter/FPS/Art/Textures/VFX/WireframeCage.png using Guid(c2edc512c4492644fa426de5fca31968) Importer(2089858483,0ecaa5967403d082aa24f35e1b516d23)  -> (artifact id: '9fc3997bd0e739a06bb7ca99eff65022') in 0.013047 seconds
Number of updated asset objects reloaded before import = 0
Number of asset objects unloaded after import = 1
========================================================================
Received Import Request.
  Time since last request: 0.000025 seconds.
  path: Assets/sq_shooter/Plugins/CW/LeanTouch/Examples/Textures/Square.png
  artifactKey: Guid(acc73d9fcd4c1f1418c2e41248a0bc6b) Importer(2089858483,0ecaa5967403d082aa24f35e1b516d23)
Start importing Assets/sq_shooter/Plugins/CW/LeanTouch/Examples/Textures/Square.png using Guid(acc73d9fcd4c1f1418c2e41248a0bc6b) Importer(2089858483,0ecaa5967403d082aa24f35e1b516d23)  -> (artifact id: '382ad3b895f7c8a86a0c03c639bf1c09') in 0.012362 seconds
Number of updated asset objects reloaded before import = 0
Number of asset objects unloaded after import = 3
========================================================================
Received Import Request.
  Time since last request: 0.000018 seconds.
  path: Assets/sq_shooter/FPS/Prefabs/Weapons/Stylized Modular Weapons/Textures/SMW_Handle_AlbedoTransparency.png
  artifactKey: Guid(2be9f68a9f3284de7a610b3db53d82fd) Importer(2089858483,0ecaa5967403d082aa24f35e1b516d23)
Start importing Assets/sq_shooter/FPS/Prefabs/Weapons/Stylized Modular Weapons/Textures/SMW_Handle_AlbedoTransparency.png using Guid(2be9f68a9f3284de7a610b3db53d82fd) Importer(2089858483,0ecaa5967403d082aa24f35e1b516d23)  -> (artifact id: '6d65b5e43b42141a542289f9a06c123e') in 0.010669 seconds
Number of updated asset objects reloaded before import = 0
Number of asset objects unloaded after import = 1
========================================================================
Received Import Request.
  Time since last request: 0.000020 seconds.
  path: Assets/sq_shooter/FPS/Art/Textures/VFX/ProjectileRamp.png
  artifactKey: Guid(766e0c8738dffc646b9ada80a0df14d5) Importer(2089858483,0ecaa5967403d082aa24f35e1b516d23)
Start importing Assets/sq_shooter/FPS/Art/Textures/VFX/ProjectileRamp.png using Guid(766e0c8738dffc646b9ada80a0df14d5) Importer(2089858483,0ecaa5967403d082aa24f35e1b516d23)  -> (artifact id: 'b9faeb04a4405c40cb5327a1ca95d6d3') in 0.012108 seconds
Number of updated asset objects reloaded before import = 0
Number of asset objects unloaded after import = 1
========================================================================
Received Import Request.
  Time since last request: 0.000018 seconds.
  path: Assets/sq_shooter/FPS/Tutorials/AddARoom/WT-Hierarchy-and-Scene.png
  artifactKey: Guid(f3a64c50e0c284cf99bce0ae27d5a8c0) Importer(2089858483,0ecaa5967403d082aa24f35e1b516d23)
Start importing Assets/sq_shooter/FPS/Tutorials/AddARoom/WT-Hierarchy-and-Scene.png using Guid(f3a64c50e0c284cf99bce0ae27d5a8c0) Importer(2089858483,0ecaa5967403d082aa24f35e1b516d23)  -> (artifact id: '4bdff6b18d60ab98e75aed0721603a4f') in 0.010288 seconds
Number of updated asset objects reloaded before import = 0
Number of asset objects unloaded after import = 1
========================================================================
Received Import Request.
  Time since last request: 0.000034 seconds.
  path: Assets/sq_shooter/FPS/Art/Textures/UI/TEX_White_16x16.png
  artifactKey: Guid(d194854d61472d744b8684ceab84264a) Importer(2089858483,0ecaa5967403d082aa24f35e1b516d23)
Start importing Assets/sq_shooter/FPS/Art/Textures/UI/TEX_White_16x16.png using Guid(d194854d61472d744b8684ceab84264a) Importer(2089858483,0ecaa5967403d082aa24f35e1b516d23)  -> (artifact id: 'b9bf135d05d0b7da7ddb93f17ada782f') in 0.012599 seconds
Number of updated asset objects reloaded before import = 0
Number of asset objects unloaded after import = 3
========================================================================
Received Import Request.
  Time since last request: 0.000017 seconds.
  path: Assets/sq_shooter/Plugins/CW/LeanTouch/Examples/Textures/ArrowCurve.png
  artifactKey: Guid(f57dfffc64d3e8040812ea901d65b96f) Importer(2089858483,0ecaa5967403d082aa24f35e1b516d23)
Start importing Assets/sq_shooter/Plugins/CW/LeanTouch/Examples/Textures/ArrowCurve.png using Guid(f57dfffc64d3e8040812ea901d65b96f) Importer(2089858483,0ecaa5967403d082aa24f35e1b516d23)  -> (artifact id: '447af6a3ccc8e0025e78d9096f38a069') in 0.012960 seconds
Number of updated asset objects reloaded before import = 0
Number of asset objects unloaded after import = 3
========================================================================
Received Import Request.
  Time since last request: 0.000018 seconds.
  path: Assets/sq_shooter/FPS/Tutorials/BotIcon.png
  artifactKey: Guid(f6b78880543bf4e91bd85801abd1ab8d) Importer(2089858483,0ecaa5967403d082aa24f35e1b516d23)
Start importing Assets/sq_shooter/FPS/Tutorials/BotIcon.png using Guid(f6b78880543bf4e91bd85801abd1ab8d) Importer(2089858483,0ecaa5967403d082aa24f35e1b516d23)  -> (artifact id: 'e5fdcc17aec977c9a51ab1ab40f979bb') in 0.010562 seconds
Number of updated asset objects reloaded before import = 0
Number of asset objects unloaded after import = 1
========================================================================
Received Import Request.
  Time since last request: 0.000019 seconds.
  path: Assets/sq_shooter/FPS/Tutorials/BuildAndPublish/WT-Publish-Click.mov
  artifactKey: Guid(1e217e28d0252294f8db002b95c87209) Importer(2089858483,0ecaa5967403d082aa24f35e1b516d23)
Start importing Assets/sq_shooter/FPS/Tutorials/BuildAndPublish/WT-Publish-Click.mov using Guid(1e217e28d0252294f8db002b95c87209) Importer(2089858483,0ecaa5967403d082aa24f35e1b516d23)  -> (artifact id: '2fa317b64184e7906d3926220c8783ed') in 0.004492 seconds
Number of updated asset objects reloaded before import = 0
Number of asset objects unloaded after import = 1
========================================================================
Received Import Request.
  Time since last request: 0.000084 seconds.
  path: Assets/sq_shooter/Plugins/CW/LeanTouch/Examples/Textures/ArrowTwist.png
  artifactKey: Guid(7b25799558afacf429800c96974fe5e3) Importer(2089858483,0ecaa5967403d082aa24f35e1b516d23)
Start importing Assets/sq_shooter/Plugins/CW/LeanTouch/Examples/Textures/ArrowTwist.png using Guid(7b25799558afacf429800c96974fe5e3) Importer(2089858483,0ecaa5967403d082aa24f35e1b516d23)  -> (artifact id: '9b60618a1164a874131eef3ea657f801') in 0.014816 seconds
Number of updated asset objects reloaded before import = 0
Number of asset objects unloaded after import = 3
========================================================================
Received Import Request.
  Time since last request: 0.000017 seconds.
  path: Assets/sq_shooter/ModAssets/Prefabs/Hat Prefabs/WizardHat.prefab
  artifactKey: Guid(942c2c1bb4e544cb09d3494e89bb8041) Importer(2089858483,0ecaa5967403d082aa24f35e1b516d23)
Start importing Assets/sq_shooter/ModAssets/Prefabs/Hat Prefabs/WizardHat.prefab using Guid(942c2c1bb4e544cb09d3494e89bb8041) Importer(2089858483,0ecaa5967403d082aa24f35e1b516d23)  -> (artifact id: 'f7bab56ad5dff1c9b969a37eb043fa52') in 0.005430 seconds
Number of updated asset objects reloaded before import = 0
Number of asset objects unloaded after import = 9
========================================================================
Received Import Request.
  Time since last request: 0.000019 seconds.
  path: Assets/sq_shooter/FPS/Art/Textures/Pickups/Jetpack__MetallicSmooth.png
  artifactKey: Guid(e22e0a904feca9f4e8314f9ba5dc57e6) Importer(2089858483,0ecaa5967403d082aa24f35e1b516d23)
Start importing Assets/sq_shooter/FPS/Art/Textures/Pickups/Jetpack__MetallicSmooth.png using Guid(e22e0a904feca9f4e8314f9ba5dc57e6) Importer(2089858483,0ecaa5967403d082aa24f35e1b516d23)  -> (artifact id: '7f38302e891a4302fec494d33112805c') in 0.010191 seconds
Number of updated asset objects reloaded before import = 0
Number of asset objects unloaded after import = 1
========================================================================
Received Import Request.
  Time since last request: 0.000028 seconds.
  path: Assets/sq_shooter/FPS/Audio/SFX/Weapons/Launcher_Charge_Loop.wav
  artifactKey: Guid(b78fcf1f89aacdb468ce983629886f2d) Importer(2089858483,0ecaa5967403d082aa24f35e1b516d23)
Start importing Assets/sq_shooter/FPS/Audio/SFX/Weapons/Launcher_Charge_Loop.wav using Guid(b78fcf1f89aacdb468ce983629886f2d) Importer(2089858483,0ecaa5967403d082aa24f35e1b516d23)  -> (artifact id: '6020829a886195983c55b16248a4997b') in 0.030298 seconds
Number of updated asset objects reloaded before import = 0
Number of asset objects unloaded after import = 1
========================================================================
Received Import Request.
  Time since last request: 0.000019 seconds.
  path: Assets/sq_shooter/FPS/Art/Textures/UI/Stance_Crouch_Icon.png
  artifactKey: Guid(d9b0340e45d66d64199b8219686bb5c5) Importer(2089858483,0ecaa5967403d082aa24f35e1b516d23)
Start importing Assets/sq_shooter/FPS/Art/Textures/UI/Stance_Crouch_Icon.png using Guid(d9b0340e45d66d64199b8219686bb5c5) Importer(2089858483,0ecaa5967403d082aa24f35e1b516d23)  -> (artifact id: '6a4376b915cfd764fd28c152c5d48119') in 0.011386 seconds
Number of updated asset objects reloaded before import = 0
Number of asset objects unloaded after import = 3
========================================================================
Received Import Request.
  Time since last request: 0.000018 seconds.
  path: Assets/sq_shooter/FPS/Tutorials/AddEnemyBot/WT-Select-Prefab.mov
  artifactKey: Guid(5ac8547c1357e44ef84b3fdfda948b7f) Importer(2089858483,0ecaa5967403d082aa24f35e1b516d23)
Start importing Assets/sq_shooter/FPS/Tutorials/AddEnemyBot/WT-Select-Prefab.mov using Guid(5ac8547c1357e44ef84b3fdfda948b7f) Importer(2089858483,0ecaa5967403d082aa24f35e1b516d23)  -> (artifact id: '535c6fc240e500a18ed8b0ba5c894a5e') in 0.004322 seconds
Number of updated asset objects reloaded before import = 0
Number of asset objects unloaded after import = 1
========================================================================
Received Import Request.
  Time since last request: 0.000022 seconds.
  path: Assets/sq_shooter/ModAssets/Textures/billboard_2D_wide_mask.png
  artifactKey: Guid(d88311d2ea92740ed9e0274f02825ccf) Importer(2089858483,0ecaa5967403d082aa24f35e1b516d23)
Start importing Assets/sq_shooter/ModAssets/Textures/billboard_2D_wide_mask.png using Guid(d88311d2ea92740ed9e0274f02825ccf) Importer(2089858483,0ecaa5967403d082aa24f35e1b516d23)  -> (artifact id: '458211c37c918380b99f739a234b23a7') in 0.013776 seconds
Number of updated asset objects reloaded before import = 0
Number of asset objects unloaded after import = 3
========================================================================
Received Import Request.
  Time since last request: 0.000017 seconds.
  path: Assets/sq_shooter/FPS/aimpoint.obj
  artifactKey: Guid(65cd8980c129e8e418f642de2a7467a5) Importer(2089858483,0ecaa5967403d082aa24f35e1b516d23)
Start importing Assets/sq_shooter/FPS/aimpoint.obj using Guid(65cd8980c129e8e418f642de2a7467a5) Importer(2089858483,0ecaa5967403d082aa24f35e1b516d23)  -> (artifact id: 'ec6bf4352bd853805274b7942f2dd773') in 0.016015 seconds
Number of updated asset objects reloaded before import = 0
Number of asset objects unloaded after import = 10
========================================================================
Received Import Request.
  Time since last request: 0.000020 seconds.
  path: Assets/sq_shooter/Plugins/CW/LeanTouch/Examples/Textures/Button.png
  artifactKey: Guid(8a0cc84177a110a4085a6fb7ae39a04f) Importer(2089858483,0ecaa5967403d082aa24f35e1b516d23)
Start importing Assets/sq_shooter/Plugins/CW/LeanTouch/Examples/Textures/Button.png using Guid(8a0cc84177a110a4085a6fb7ae39a04f) Importer(2089858483,0ecaa5967403d082aa24f35e1b516d23)  -> (artifact id: '5137df0562441d4da3b1d590cca269ad') in 0.013834 seconds
Number of updated asset objects reloaded before import = 0
Number of asset objects unloaded after import = 3
========================================================================
Received Import Request.
  Time since last request: 0.000019 seconds.
  path: Assets/sq_shooter/FPS/Art/Textures/VFX/Falloff.psd
  artifactKey: Guid(7dbb90ed25a3a3d4981e6b5ac6273b49) Importer(2089858483,0ecaa5967403d082aa24f35e1b516d23)
Start importing Assets/sq_shooter/FPS/Art/Textures/VFX/Falloff.psd using Guid(7dbb90ed25a3a3d4981e6b5ac6273b49) Importer(2089858483,0ecaa5967403d082aa24f35e1b516d23)  -> (artifact id: 'f37ff3bb8d0fe41cf14e93c29fe8fe96') in 0.011720 seconds
Number of updated asset objects reloaded before import = 0
Number of asset objects unloaded after import = 1
========================================================================
Received Import Request.
  Time since last request: 0.000022 seconds.
  path: Assets/sq_shooter/FPS/Art/Textures/Props/WallStatue_AO.png
  artifactKey: Guid(7ce4c0badc2ab0a438848d86fb127b22) Importer(2089858483,0ecaa5967403d082aa24f35e1b516d23)
Start importing Assets/sq_shooter/FPS/Art/Textures/Props/WallStatue_AO.png using Guid(7ce4c0badc2ab0a438848d86fb127b22) Importer(2089858483,0ecaa5967403d082aa24f35e1b516d23)  -> (artifact id: '59454fd1ec07f4fc80bb0f5aab6461d9') in 0.011575 seconds
Number of updated asset objects reloaded before import = 0
Number of asset objects unloaded after import = 1
========================================================================
Received Import Request.
  Time since last request: 0.000017 seconds.
  path: Assets/sq_shooter/FPS/Art/Textures/Characters/HoverBot_Body_AO.png
  artifactKey: Guid(935b24c9a7746c5479f1a8e91571a8ab) Importer(2089858483,0ecaa5967403d082aa24f35e1b516d23)
Start importing Assets/sq_shooter/FPS/Art/Textures/Characters/HoverBot_Body_AO.png using Guid(935b24c9a7746c5479f1a8e91571a8ab) Importer(2089858483,0ecaa5967403d082aa24f35e1b516d23)  -> (artifact id: 'c75beb432ff8587dab125ed72f9add61') in 0.013765 seconds
Number of updated asset objects reloaded before import = 0
Number of asset objects unloaded after import = 1
========================================================================
Received Import Request.
  Time since last request: 0.000020 seconds.
  path: Assets/sq_shooter/FPS/Art/Textures/Pickups/Jetpack_Albedo.png
  artifactKey: Guid(3bc42c7469f8a8545990a1ff3e431431) Importer(2089858483,0ecaa5967403d082aa24f35e1b516d23)
Start importing Assets/sq_shooter/FPS/Art/Textures/Pickups/Jetpack_Albedo.png using Guid(3bc42c7469f8a8545990a1ff3e431431) Importer(2089858483,0ecaa5967403d082aa24f35e1b516d23)  -> (artifact id: 'b4d1cbec19ee0f71d27bf5340bb88717') in 0.009983 seconds
Number of updated asset objects reloaded before import = 0
Number of asset objects unloaded after import = 1
========================================================================
Received Import Request.
  Time since last request: 0.000027 seconds.
  path: Assets/sq_shooter/FPS/Audio/SFX/Enemies/Turret_Death.wav
  artifactKey: Guid(65b7d1df144c6944cab9d6686649df0b) Importer(2089858483,0ecaa5967403d082aa24f35e1b516d23)
Start importing Assets/sq_shooter/FPS/Audio/SFX/Enemies/Turret_Death.wav using Guid(65b7d1df144c6944cab9d6686649df0b) Importer(2089858483,0ecaa5967403d082aa24f35e1b516d23)  -> (artifact id: 'effbb7cce6192bdf57a21e26ca7f7151') in 0.033597 seconds
Number of updated asset objects reloaded before import = 0
Number of asset objects unloaded after import = 1
========================================================================
Received Import Request.
  Time since last request: 0.000064 seconds.
  path: Assets/sq_shooter/FPS/Prefabs/Weapons/MgFPS_SniperRifle/SniperRifle_MeshesAndTextures/Crosshair_SniperRifle_02.png
  artifactKey: Guid(7ed7349a85eb4404fbbe8ec2e8a11c2d) Importer(2089858483,0ecaa5967403d082aa24f35e1b516d23)
Start importing Assets/sq_shooter/FPS/Prefabs/Weapons/MgFPS_SniperRifle/SniperRifle_MeshesAndTextures/Crosshair_SniperRifle_02.png using Guid(7ed7349a85eb4404fbbe8ec2e8a11c2d) Importer(2089858483,0ecaa5967403d082aa24f35e1b516d23)  -> (artifact id: 'ea7dc046b3beb02a38b445e827ee0a00') in 0.011241 seconds
Number of updated asset objects reloaded before import = 0
Number of asset objects unloaded after import = 3
========================================================================
Received Import Request.
  Time since last request: 0.000028 seconds.
  path: Assets/sq_shooter/DelthorGames/AKM/Textures/AKMDis_Mat_Roughness.png
  artifactKey: Guid(f93e7d11111564d47a022d4640605868) Importer(2089858483,0ecaa5967403d082aa24f35e1b516d23)
Start importing Assets/sq_shooter/DelthorGames/AKM/Textures/AKMDis_Mat_Roughness.png using Guid(f93e7d11111564d47a022d4640605868) Importer(2089858483,0ecaa5967403d082aa24f35e1b516d23)  -> (artifact id: '6bad417938ce1dcae6f9fb7580031d5e') in 0.010517 seconds
Number of updated asset objects reloaded before import = 0
Number of asset objects unloaded after import = 1
========================================================================
Received Import Request.
  Time since last request: 0.000019 seconds.
  path: Assets/sq_shooter/FPS/Art/Textures/Characters/HoverBot_Light__Emission.png
  artifactKey: Guid(3b45b0c0452495e44888d3307bdc92b7) Importer(2089858483,0ecaa5967403d082aa24f35e1b516d23)
Start importing Assets/sq_shooter/FPS/Art/Textures/Characters/HoverBot_Light__Emission.png using Guid(3b45b0c0452495e44888d3307bdc92b7) Importer(2089858483,0ecaa5967403d082aa24f35e1b516d23)  -> (artifact id: '4f6fb3e7a3d525034d247d1cb080c677') in 0.012728 seconds
Number of updated asset objects reloaded before import = 0
Number of asset objects unloaded after import = 1
========================================================================
Received Import Request.
  Time since last request: 0.000018 seconds.
  path: Assets/sq_shooter/ModAssets/Prefabs/Hat Prefabs/PartyHat.prefab
  artifactKey: Guid(332a6a14085b74fdd9c8f81357a61185) Importer(2089858483,0ecaa5967403d082aa24f35e1b516d23)
Start importing Assets/sq_shooter/ModAssets/Prefabs/Hat Prefabs/PartyHat.prefab using Guid(332a6a14085b74fdd9c8f81357a61185) Importer(2089858483,0ecaa5967403d082aa24f35e1b516d23)  -> (artifact id: '6d979b99969e41d427425595038c2a57') in 0.007179 seconds
Number of updated asset objects reloaded before import = 0
Number of asset objects unloaded after import = 14
========================================================================
Received Import Request.
  Time since last request: 0.000018 seconds.
  path: Assets/sq_shooter/FPS/Tutorials/BuildAndPublish/WT-Publish.png
  artifactKey: Guid(bbe7aeeb661974db4999246afffec8b3) Importer(2089858483,0ecaa5967403d082aa24f35e1b516d23)
Start importing Assets/sq_shooter/FPS/Tutorials/BuildAndPublish/WT-Publish.png using Guid(bbe7aeeb661974db4999246afffec8b3) Importer(2089858483,0ecaa5967403d082aa24f35e1b516d23)  -> (artifact id: '6eeb0509ff103cb439a2edea9568d221') in 0.009847 seconds
Number of updated asset objects reloaded before import = 0
Number of asset objects unloaded after import = 1
========================================================================
Received Import Request.
  Time since last request: 0.000018 seconds.
  path: Assets/sq_shooter/FPS/Art/Textures/UI/HUD_Key_Bg.png
  artifactKey: Guid(81c448d84d41b244a91a738f53252f9b) Importer(2089858483,0ecaa5967403d082aa24f35e1b516d23)
Start importing Assets/sq_shooter/FPS/Art/Textures/UI/HUD_Key_Bg.png using Guid(81c448d84d41b244a91a738f53252f9b) Importer(2089858483,0ecaa5967403d082aa24f35e1b516d23)  -> (artifact id: '58ed81475980a775f2a2a0ffd9941449') in 0.013247 seconds
Number of updated asset objects reloaded before import = 0
Number of asset objects unloaded after import = 3
========================================================================
Received Import Request.
  Time since last request: 0.000018 seconds.
  path: Assets/sq_shooter/FPS/Tutorials/import-asset@2x.png
  artifactKey: Guid(4db00f0358d194313a877344f4ba535c) Importer(2089858483,0ecaa5967403d082aa24f35e1b516d23)
Start importing Assets/sq_shooter/FPS/Tutorials/import-asset@2x.png using Guid(4db00f0358d194313a877344f4ba535c) Importer(2089858483,0ecaa5967403d082aa24f35e1b516d23)  -> (artifact id: '290a2b9a1562211555dcb842426cee59') in 0.009611 seconds
Number of updated asset objects reloaded before import = 0
Number of asset objects unloaded after import = 1
========================================================================
Received Import Request.
  Time since last request: 0.000019 seconds.
  path: Assets/sq_shooter/FPS/Tutorials/AddEnemyBot/WT-Scale-Object.mov
  artifactKey: Guid(7f3cef5e0a5454fda88c29f03c3615ab) Importer(2089858483,0ecaa5967403d082aa24f35e1b516d23)
Start importing Assets/sq_shooter/FPS/Tutorials/AddEnemyBot/WT-Scale-Object.mov using Guid(7f3cef5e0a5454fda88c29f03c3615ab) Importer(2089858483,0ecaa5967403d082aa24f35e1b516d23)  -> (artifact id: '7ee2b3bce38590e561c9ea553cc0c29d') in 0.005516 seconds
Number of updated asset objects reloaded before import = 0
Number of asset objects unloaded after import = 1
========================================================================
Received Import Request.
  Time since last request: 0.000018 seconds.
  path: Assets/sq_shooter/FPS/Art/Textures/VFX/Symbol_ExclamationMark.tga
  artifactKey: Guid(cfb4e85a61d4186468353b192daf565f) Importer(2089858483,0ecaa5967403d082aa24f35e1b516d23)
Start importing Assets/sq_shooter/FPS/Art/Textures/VFX/Symbol_ExclamationMark.tga using Guid(cfb4e85a61d4186468353b192daf565f) Importer(2089858483,0ecaa5967403d082aa24f35e1b516d23)  -> (artifact id: '89593d3b869164d62925136736ca7f2c') in 0.010749 seconds
Number of updated asset objects reloaded before import = 0
Number of asset objects unloaded after import = 1
========================================================================
Received Import Request.
  Time since last request: 0.000029 seconds.
  path: Assets/sq_shooter/FPS/Art/Textures/VFX/JetPackPulse.png
  artifactKey: Guid(f622e91314538074b87bd3e3cf8e1dbd) Importer(2089858483,0ecaa5967403d082aa24f35e1b516d23)
Start importing Assets/sq_shooter/FPS/Art/Textures/VFX/JetPackPulse.png using Guid(f622e91314538074b87bd3e3cf8e1dbd) Importer(2089858483,0ecaa5967403d082aa24f35e1b516d23)  -> (artifact id: 'b12cd6e247374ff2cd5edad0bc4c1abc') in 0.013542 seconds
Number of updated asset objects reloaded before import = 0
Number of asset objects unloaded after import = 1
========================================================================
Received Import Request.
  Time since last request: 0.000018 seconds.
  path: Assets/sq_shooter/FPS/Scripts/Game/Shared/ProjectileBase.cs
  artifactKey: Guid(1962d3d25050a4a44819b089007baf39) Importer(2089858483,0ecaa5967403d082aa24f35e1b516d23)
Start importing Assets/sq_shooter/FPS/Scripts/Game/Shared/ProjectileBase.cs using Guid(1962d3d25050a4a44819b089007baf39) Importer(2089858483,0ecaa5967403d082aa24f35e1b516d23)  -> (artifact id: '5bbf8642d92af5a5b32f602efd506b59') in 0.004192 seconds
Number of updated asset objects reloaded before import = 0
Number of asset objects unloaded after import = 1
========================================================================
Received Import Request.
  Time since last request: 0.000020 seconds.
  path: Assets/sq_shooter/FPS/Art/Textures/UI/Crosshair_Hexa.png
  artifactKey: Guid(e881aa18189b12f4e915fc5b14ddc421) Importer(2089858483,0ecaa5967403d082aa24f35e1b516d23)
Start importing Assets/sq_shooter/FPS/Art/Textures/UI/Crosshair_Hexa.png using Guid(e881aa18189b12f4e915fc5b14ddc421) Importer(2089858483,0ecaa5967403d082aa24f35e1b516d23)  -> (artifact id: 'b6c2b078e43333bbd2efc855e9e3a15c') in 0.012150 seconds
Number of updated asset objects reloaded before import = 0
Number of asset objects unloaded after import = 3
========================================================================
Received Import Request.
  Time since last request: 0.000019 seconds.
  path: Assets/sq_shooter/FPS/Tutorials/BuildAndPublish/WT-Sign-In.png
  artifactKey: Guid(d8622fca6b1897a4282325fd961b7f23) Importer(2089858483,0ecaa5967403d082aa24f35e1b516d23)
Start importing Assets/sq_shooter/FPS/Tutorials/BuildAndPublish/WT-Sign-In.png using Guid(d8622fca6b1897a4282325fd961b7f23) Importer(2089858483,0ecaa5967403d082aa24f35e1b516d23)  -> (artifact id: '01964d9948399f809f3b2ed05eb4b1dc') in 0.010215 seconds
Number of updated asset objects reloaded before import = 0
Number of asset objects unloaded after import = 1
========================================================================
Received Import Request.
  Time since last request: 0.000070 seconds.
  path: Assets/sq_shooter/FPS/Art/Textures/Pickups/HealthPickup_Albedo.png
  artifactKey: Guid(4d2d1f6aa382039488da6502c1b80269) Importer(2089858483,0ecaa5967403d082aa24f35e1b516d23)
Start importing Assets/sq_shooter/FPS/Art/Textures/Pickups/HealthPickup_Albedo.png using Guid(4d2d1f6aa382039488da6502c1b80269) Importer(2089858483,0ecaa5967403d082aa24f35e1b516d23)  -> (artifact id: '29ca44e84128990615cb9ca0e840e0df') in 0.015758 seconds
Number of updated asset objects reloaded before import = 0
Number of asset objects unloaded after import = 1
========================================================================
Received Import Request.
  Time since last request: 0.000020 seconds.
  path: Assets/sq_shooter/FPS/Art/Textures/Props/StatueBig_AO.png
  artifactKey: Guid(44eff0bb44e97f541bd6a98e1d3db275) Importer(2089858483,0ecaa5967403d082aa24f35e1b516d23)
Start importing Assets/sq_shooter/FPS/Art/Textures/Props/StatueBig_AO.png using Guid(44eff0bb44e97f541bd6a98e1d3db275) Importer(2089858483,0ecaa5967403d082aa24f35e1b516d23)  -> (artifact id: 'c6b54f157a11d72676081cac7b7285b9') in 0.019726 seconds
Number of updated asset objects reloaded before import = 0
Number of asset objects unloaded after import = 1
========================================================================
Received Import Request.
  Time since last request: 0.000017 seconds.
  path: Assets/sq_shooter/FPS/Prefabs/Weapons/Weapon_HeavyShotgun.prefab
  artifactKey: Guid(cb3fdb12821cf7446b52424da3a16d2f) Importer(2089858483,0ecaa5967403d082aa24f35e1b516d23)
Start importing Assets/sq_shooter/FPS/Prefabs/Weapons/Weapon_HeavyShotgun.prefab using Guid(cb3fdb12821cf7446b52424da3a16d2f) Importer(2089858483,0ecaa5967403d082aa24f35e1b516d23)  -> (artifact id: '5bceb8a6fea9486b36ebde23935d77f2') in 0.060664 seconds
Number of updated asset objects reloaded before import = 0
Number of asset objects unloaded after import = 150
========================================================================
Received Import Request.
  Time since last request: 0.000025 seconds.
  path: Assets/sq_shooter/FPS/Audio/SFX/UI/Notification_Snap.wav
  artifactKey: Guid(3f01be6994a0ab6448a945dbdd9b3cda) Importer(2089858483,0ecaa5967403d082aa24f35e1b516d23)
Start importing Assets/sq_shooter/FPS/Audio/SFX/UI/Notification_Snap.wav using Guid(3f01be6994a0ab6448a945dbdd9b3cda) Importer(2089858483,0ecaa5967403d082aa24f35e1b516d23)  -> (artifact id: '43121f3cc8ff09d2de3a37a2e0bf759a') in 0.033640 seconds
Number of updated asset objects reloaded before import = 0
Number of asset objects unloaded after import = 1
========================================================================
Received Import Request.
  Time since last request: 0.000030 seconds.
  path: Assets/sq_shooter/FPS/Scripts/AI/FollowPlayer.cs
  artifactKey: Guid(3cb6842226810914cb7e746a8f872d68) Importer(2089858483,0ecaa5967403d082aa24f35e1b516d23)
Start importing Assets/sq_shooter/FPS/Scripts/AI/FollowPlayer.cs using Guid(3cb6842226810914cb7e746a8f872d68) Importer(2089858483,0ecaa5967403d082aa24f35e1b516d23)  -> (artifact id: 'e2c7c7e347579b09a7d451824569ef2f') in 0.003968 seconds
Number of updated asset objects reloaded before import = 0
Number of asset objects unloaded after import = 1
========================================================================
Received Import Request.
  Time since last request: 0.000041 seconds.
  path: Assets/sq_shooter/FPS/Tutorials/EditColors/WT-Change-Color.mov
  artifactKey: Guid(fbc1259bdf8db429a911dc146b3bd2d5) Importer(2089858483,0ecaa5967403d082aa24f35e1b516d23)
Start importing Assets/sq_shooter/FPS/Tutorials/EditColors/WT-Change-Color.mov using Guid(fbc1259bdf8db429a911dc146b3bd2d5) Importer(2089858483,0ecaa5967403d082aa24f35e1b516d23)  -> (artifact id: '343f115426e59c3e9b8ca222c517d493') in 0.004226 seconds
Number of updated asset objects reloaded before import = 0
Number of asset objects unloaded after import = 1
========================================================================
Received Import Request.
  Time since last request: 0.000060 seconds.
  path: Assets/sq_shooter/FPS/Audio/Music/Wind Ambience.mp3
  artifactKey: Guid(d8003de4be5900347a2c96ef75315675) Importer(2089858483,0ecaa5967403d082aa24f35e1b516d23)
Start importing Assets/sq_shooter/FPS/Audio/Music/Wind Ambience.mp3 using Guid(d8003de4be5900347a2c96ef75315675) Importer(2089858483,0ecaa5967403d082aa24f35e1b516d23)  -> (artifact id: '2ac5afd16571fba7ac190c42f84c2db4') in 0.082402 seconds
Number of updated asset objects reloaded before import = 0
Number of asset objects unloaded after import = 1
========================================================================
Received Import Request.
  Time since last request: 0.000018 seconds.
  path: Assets/sq_shooter/FPS/Prefabs/RootObjects/OBJRamp_3m.obj
  artifactKey: Guid(becd2f1944aa3ad469bf5b7846ef665b) Importer(2089858483,0ecaa5967403d082aa24f35e1b516d23)
Start importing Assets/sq_shooter/FPS/Prefabs/RootObjects/OBJRamp_3m.obj using Guid(becd2f1944aa3ad469bf5b7846ef665b) Importer(2089858483,0ecaa5967403d082aa24f35e1b516d23)  -> (artifact id: '3f8022d1545d5cfa653c4de42f382408') in 0.011877 seconds
Number of updated asset objects reloaded before import = 0
Number of asset objects unloaded after import = 11
========================================================================
Received Import Request.
  Time since last request: 0.000019 seconds.
  path: Assets/sq_shooter/Plugins/CW/Shared/Common/Required/Scripts/CwHelper.cs
  artifactKey: Guid(45942563aa8bfe64bbeace4d9aa80a91) Importer(2089858483,0ecaa5967403d082aa24f35e1b516d23)
Start importing Assets/sq_shooter/Plugins/CW/Shared/Common/Required/Scripts/CwHelper.cs using Guid(45942563aa8bfe64bbeace4d9aa80a91) Importer(2089858483,0ecaa5967403d082aa24f35e1b516d23)  -> (artifact id: 'dd26f738f5c7d37af547f6d4c48b043d') in 0.004056 seconds
Number of updated asset objects reloaded before import = 0
Number of asset objects unloaded after import = 1
========================================================================
Received Import Request.
  Time since last request: 0.000027 seconds.
  path: Assets/sq_shooter/ModAssets/Models/FoodProps/Donut.fbx
  artifactKey: Guid(b121577100373491d839adcc51d30452) Importer(2089858483,0ecaa5967403d082aa24f35e1b516d23)
Start importing Assets/sq_shooter/ModAssets/Models/FoodProps/Donut.fbx using Guid(b121577100373491d839adcc51d30452) Importer(2089858483,0ecaa5967403d082aa24f35e1b516d23)  -> (artifact id: 'ae405af59a84136a19b1b86d803e6cc1') in 0.020212 seconds
Number of updated asset objects reloaded before import = 0
Number of asset objects unloaded after import = 15
========================================================================
Received Import Request.
  Time since last request: 0.000019 seconds.
  path: Assets/sq_shooter/FPS/Scripts/Game/PrefabReplacerOnInstance.cs
  artifactKey: Guid(66a57e166e75d154ab24c723fe6e96f2) Importer(2089858483,0ecaa5967403d082aa24f35e1b516d23)
Start importing Assets/sq_shooter/FPS/Scripts/Game/PrefabReplacerOnInstance.cs using Guid(66a57e166e75d154ab24c723fe6e96f2) Importer(2089858483,0ecaa5967403d082aa24f35e1b516d23)  -> (artifact id: '93380cd9bf915d8cef13a471ae2410f7') in 0.004348 seconds
Number of updated asset objects reloaded before import = 0
Number of asset objects unloaded after import = 1
========================================================================
Received Import Request.
  Time since last request: 0.000091 seconds.
  path: Assets/sq_shooter/FPS/Tutorials/DialogHeader_FPS.png
  artifactKey: Guid(6e279173c7e6446bfbf2744726e35598) Importer(2089858483,0ecaa5967403d082aa24f35e1b516d23)
Start importing Assets/sq_shooter/FPS/Tutorials/DialogHeader_FPS.png using Guid(6e279173c7e6446bfbf2744726e35598) Importer(2089858483,0ecaa5967403d082aa24f35e1b516d23)  -> (artifact id: '8aa3973d845341dfbb61d4d0dcb6d91b') in 0.012087 seconds
Number of updated asset objects reloaded before import = 0
Number of asset objects unloaded after import = 3
========================================================================
Received Import Request.
  Time since last request: 0.000018 seconds.
  path: Assets/sq_shooter/FPS/Prefabs/Weapons/Stylized Modular Weapons/Textures/SMW_BackPart_AlbedoTransparency.png
  artifactKey: Guid(43c7718880ae040c89096461aff451ee) Importer(2089858483,0ecaa5967403d082aa24f35e1b516d23)
Start importing Assets/sq_shooter/FPS/Prefabs/Weapons/Stylized Modular Weapons/Textures/SMW_BackPart_AlbedoTransparency.png using Guid(43c7718880ae040c89096461aff451ee) Importer(2089858483,0ecaa5967403d082aa24f35e1b516d23)  -> (artifact id: '78806ed6d7dc06d3ae202c317ad31d02') in 0.013215 seconds
Number of updated asset objects reloaded before import = 0
Number of asset objects unloaded after import = 1
========================================================================
Received Import Request.
  Time since last request: 0.000022 seconds.
  path: Assets/sq_shooter/FPS/Audio/SFX/Weapons/Blaster_Shot.wav
  artifactKey: Guid(53d2238f4c4b2aa4f8e559c7af9e0126) Importer(2089858483,0ecaa5967403d082aa24f35e1b516d23)
Start importing Assets/sq_shooter/FPS/Audio/SFX/Weapons/Blaster_Shot.wav using Guid(53d2238f4c4b2aa4f8e559c7af9e0126) Importer(2089858483,0ecaa5967403d082aa24f35e1b516d23)  -> (artifact id: 'c765d23482442b18aaa1ab11624f49ce') in 0.020289 seconds
Number of updated asset objects reloaded before import = 0
Number of asset objects unloaded after import = 1
========================================================================
Received Import Request.
  Time since last request: 0.000020 seconds.
  path: Assets/sq_shooter/FPS/Audio/SFX/Enemies/Hoverbot_Movement.wav
  artifactKey: Guid(44c5f76f80602024e82d3e5f3af4ee97) Importer(2089858483,0ecaa5967403d082aa24f35e1b516d23)
Start importing Assets/sq_shooter/FPS/Audio/SFX/Enemies/Hoverbot_Movement.wav using Guid(44c5f76f80602024e82d3e5f3af4ee97) Importer(2089858483,0ecaa5967403d082aa24f35e1b516d23)  -> (artifact id: '9b6abded1939052e763b21a1862574b7') in 0.089587 seconds
Number of updated asset objects reloaded before import = 0
Number of asset objects unloaded after import = 1
========================================================================
Received Import Request.
  Time since last request: 2.590631 seconds.
  path: Assets/sq_shooter/FPS/Prefabs/Weapons/Weapon_LightCarbine.prefab
  artifactKey: Guid(163fdb01ae11d6c4191ad127807ce5d3) Importer(2089858483,0ecaa5967403d082aa24f35e1b516d23)
Start importing Assets/sq_shooter/FPS/Prefabs/Weapons/Weapon_LightCarbine.prefab using Guid(163fdb01ae11d6c4191ad127807ce5d3) Importer(2089858483,0ecaa5967403d082aa24f35e1b516d23)  -> (artifact id: '529fdef9223a272c3521993dc13a4c39') in 0.065393 seconds
Number of updated asset objects reloaded before import = 0
Number of asset objects unloaded after import = 168
========================================================================
Received Import Request.
  Time since last request: 0.000072 seconds.
  path: Assets/sq_shooter/Plugins/CW/Shared/Common/Examples/Materials
  artifactKey: Guid(685ab5efc56b77343985bfc78c17ab5c) Importer(2089858483,0ecaa5967403d082aa24f35e1b516d23)
Start importing Assets/sq_shooter/Plugins/CW/Shared/Common/Examples/Materials using Guid(685ab5efc56b77343985bfc78c17ab5c) Importer(2089858483,0ecaa5967403d082aa24f35e1b516d23)  -> (artifact id: 'dc05e88a09fbd33693c97b40ff4d6ec3') in 0.005360 seconds
Number of updated asset objects reloaded before import = 0
Number of asset objects unloaded after import = 1
========================================================================
Received Import Request.
  Time since last request: 0.000037 seconds.
  path: Assets/sq_shooter/TextMesh Pro/Resources/Shaders/TMP_SDF-Mobile Overlay.shader
  artifactKey: Guid(a02a7d8c237544f1962732b55a9aebf1) Importer(2089858483,0ecaa5967403d082aa24f35e1b516d23)
Start importing Assets/sq_shooter/TextMesh Pro/Resources/Shaders/TMP_SDF-Mobile Overlay.shader using Guid(a02a7d8c237544f1962732b55a9aebf1) Importer(2089858483,0ecaa5967403d082aa24f35e1b516d23)  -> (artifact id: 'c9bf8b9220a2b2580138237d678eec9e') in 0.009603 seconds
Number of updated asset objects reloaded before import = 0
Number of asset objects unloaded after import = 1
========================================================================
Received Import Request.
  Time since last request: 0.000037 seconds.
  path: Assets/sq_shooter/FPS/Art/Shaders
  artifactKey: Guid(91d98910234bae94797ce408d6755564) Importer(2089858483,0ecaa5967403d082aa24f35e1b516d23)
Start importing Assets/sq_shooter/FPS/Art/Shaders using Guid(91d98910234bae94797ce408d6755564) Importer(2089858483,0ecaa5967403d082aa24f35e1b516d23)  -> (artifact id: '2a4cd94940c9923d261bc7c89f854316') in 0.004614 seconds
Number of updated asset objects reloaded before import = 0
Number of asset objects unloaded after import = 1
========================================================================
Received Import Request.
  Time since last request: 0.000032 seconds.
  path: Assets/sq_shooter/FPS/Scripts/Gameplay
  artifactKey: Guid(d442422ab15c9024e9edea7b5d39e133) Importer(2089858483,0ecaa5967403d082aa24f35e1b516d23)
Start importing Assets/sq_shooter/FPS/Scripts/Gameplay using Guid(d442422ab15c9024e9edea7b5d39e133) Importer(2089858483,0ecaa5967403d082aa24f35e1b516d23)  -> (artifact id: '87440d6a6b12b72f27427ad226153b22') in 0.005457 seconds
Number of updated asset objects reloaded before import = 0
Number of asset objects unloaded after import = 1
========================================================================
Received Import Request.
  Time since last request: 0.000024 seconds.
  path: Assets/sq_shooter/FPS/Scenes/WinScene.unity
  artifactKey: Guid(037d06fbede2b4041a843d9ee6fe750c) Importer(2089858483,0ecaa5967403d082aa24f35e1b516d23)
Start importing Assets/sq_shooter/FPS/Scenes/WinScene.unity using Guid(037d06fbede2b4041a843d9ee6fe750c) Importer(2089858483,0ecaa5967403d082aa24f35e1b516d23)  -> (artifact id: '3b22d3b39a203e08444eba2c168b88ba') in 0.005080 seconds
Number of updated asset objects reloaded before import = 0
Number of asset objects unloaded after import = 1
========================================================================
Received Import Request.
  Time since last request: 0.000024 seconds.
  path: Assets/sq_shooter/FPS/Art/Materials/Props
  artifactKey: Guid(88e353ea8ba7cbb47ba16d1509a59556) Importer(2089858483,0ecaa5967403d082aa24f35e1b516d23)
Start importing Assets/sq_shooter/FPS/Art/Materials/Props using Guid(88e353ea8ba7cbb47ba16d1509a59556) Importer(2089858483,0ecaa5967403d082aa24f35e1b516d23)  -> (artifact id: '039fea39b50669e8cfbf78cb8cc4f637') in 0.006445 seconds
Number of updated asset objects reloaded before import = 0
Number of asset objects unloaded after import = 1
========================================================================
Received Import Request.
  Time since last request: 0.000044 seconds.
  path: Assets/sq_shooter/FPS/Prefabs/Weapons/Stylized Modular Weapons
  artifactKey: Guid(00737c5ebfd71b544b00c02424f352d4) Importer(2089858483,0ecaa5967403d082aa24f35e1b516d23)
Start importing Assets/sq_shooter/FPS/Prefabs/Weapons/Stylized Modular Weapons using Guid(00737c5ebfd71b544b00c02424f352d4) Importer(2089858483,0ecaa5967403d082aa24f35e1b516d23)  -> (artifact id: 'b299a92e1f9783ef9ff3874d6a5cf049') in 0.004372 seconds
Number of updated asset objects reloaded before import = 0
Number of asset objects unloaded after import = 1
========================================================================
Received Import Request.
  Time since last request: 0.000031 seconds.
  path: Assets/sq_shooter/FPS/Art/Textures/VFX
  artifactKey: Guid(eb72fdf5f724e0a4182ba3c92c0fe358) Importer(2089858483,0ecaa5967403d082aa24f35e1b516d23)
Start importing Assets/sq_shooter/FPS/Art/Textures/VFX using Guid(eb72fdf5f724e0a4182ba3c92c0fe358) Importer(2089858483,0ecaa5967403d082aa24f35e1b516d23)  -> (artifact id: '476f8b5000745bdd41d948c9c1561ee7') in 0.005198 seconds
Number of updated asset objects reloaded before import = 0
Number of asset objects unloaded after import = 1
========================================================================
Received Import Request.
  Time since last request: 0.000047 seconds.
  path: Assets/sq_shooter/FPS/Scripts/AI
  artifactKey: Guid(dfbed033b9b1c0d4984f232a7c86567e) Importer(2089858483,0ecaa5967403d082aa24f35e1b516d23)
Start importing Assets/sq_shooter/FPS/Scripts/AI using Guid(dfbed033b9b1c0d4984f232a7c86567e) Importer(2089858483,0ecaa5967403d082aa24f35e1b516d23)  -> (artifact id: 'b5b37e66d09b5612672c170830703e63') in 0.005400 seconds
Number of updated asset objects reloaded before import = 0
Number of asset objects unloaded after import = 1
========================================================================
Received Import Request.
  Time since last request: 0.000106 seconds.
  path: Assets/sq_shooter/FPS/Prefabs/Projectiles
  artifactKey: Guid(515c825cf8783a4478e533bc8620ab12) Importer(2089858483,0ecaa5967403d082aa24f35e1b516d23)
Start importing Assets/sq_shooter/FPS/Prefabs/Projectiles using Guid(515c825cf8783a4478e533bc8620ab12) Importer(2089858483,0ecaa5967403d082aa24f35e1b516d23)  -> (artifact id: '069ebd2c1c5d0da91af3167e67a8283b') in 0.006186 seconds
Number of updated asset objects reloaded before import = 0
Number of asset objects unloaded after import = 1
========================================================================
Received Import Request.
  Time since last request: 0.000027 seconds.
  path: Assets/sq_shooter/FPS/Prefabs/Level
  artifactKey: Guid(8e96c28432351a64485a29913decece4) Importer(2089858483,0ecaa5967403d082aa24f35e1b516d23)
Start importing Assets/sq_shooter/FPS/Prefabs/Level using Guid(8e96c28432351a64485a29913decece4) Importer(2089858483,0ecaa5967403d082aa24f35e1b516d23)  -> (artifact id: '863450d1601f2a3d53f2164a0087337c') in 0.005563 seconds
Number of updated asset objects reloaded before import = 0
Number of asset objects unloaded after import = 1
========================================================================
Received Import Request.
  Time since last request: 0.000027 seconds.
  path: Assets/sq_shooter/TextMesh Pro/Fonts
  artifactKey: Guid(6ab70aee4d56447429c680537fbf93ed) Importer(2089858483,0ecaa5967403d082aa24f35e1b516d23)
Start importing Assets/sq_shooter/TextMesh Pro/Fonts using Guid(6ab70aee4d56447429c680537fbf93ed) Importer(2089858483,0ecaa5967403d082aa24f35e1b516d23)  -> (artifact id: '1564e43dff4b66f4be32ac6f59f2f164') in 0.006009 seconds
Number of updated asset objects reloaded before import = 0
Number of asset objects unloaded after import = 1
========================================================================
Received Import Request.
  Time since last request: 0.000032 seconds.
  path: Assets/sq_shooter/FPS/Art
  artifactKey: Guid(1e6659ad4e9fef64bbfd302c5e31496c) Importer(2089858483,0ecaa5967403d082aa24f35e1b516d23)
Start importing Assets/sq_shooter/FPS/Art using Guid(1e6659ad4e9fef64bbfd302c5e31496c) Importer(2089858483,0ecaa5967403d082aa24f35e1b516d23)  -> (artifact id: '8ee64d0defaf866ad71dbe2ed53da183') in 0.004937 seconds
Number of updated asset objects reloaded before import = 0
Number of asset objects unloaded after import = 1
========================================================================
Received Import Request.
  Time since last request: 0.000022 seconds.
  path: Assets/sq_shooter/Plugins/CW/LeanCommon/Examples/Materials
  artifactKey: Guid(0b79f92f2c42ecd40bf9cd81c2e99056) Importer(2089858483,0ecaa5967403d082aa24f35e1b516d23)
Start importing Assets/sq_shooter/Plugins/CW/LeanCommon/Examples/Materials using Guid(0b79f92f2c42ecd40bf9cd81c2e99056) Importer(2089858483,0ecaa5967403d082aa24f35e1b516d23)  -> (artifact id: 'b8f5368076393d161079d0b831dc4aa1') in 0.005738 seconds
Number of updated asset objects reloaded before import = 0
Number of asset objects unloaded after import = 1
========================================================================
Received Import Request.
  Time since last request: 0.000040 seconds.
  path: Assets/sq_shooter/FPS/Scenes/MainScene
  artifactKey: Guid(1d9ed06e145631d47906ce2c79b84f8e) Importer(2089858483,0ecaa5967403d082aa24f35e1b516d23)
Start importing Assets/sq_shooter/FPS/Scenes/MainScene using Guid(1d9ed06e145631d47906ce2c79b84f8e) Importer(2089858483,0ecaa5967403d082aa24f35e1b516d23)  -> (artifact id: '3b4871453854589d03273813bb9dc9ad') in 0.005181 seconds
Number of updated asset objects reloaded before import = 0
Number of asset objects unloaded after import = 1
========================================================================
Received Import Request.
  Time since last request: 0.000039 seconds.
  path: Assets/sq_shooter/FPS/Tutorials/Playtest
  artifactKey: Guid(53ce0f524dfb54e34a20f4576916c415) Importer(2089858483,0ecaa5967403d082aa24f35e1b516d23)
Start importing Assets/sq_shooter/FPS/Tutorials/Playtest using Guid(53ce0f524dfb54e34a20f4576916c415) Importer(2089858483,0ecaa5967403d082aa24f35e1b516d23)  -> (artifact id: 'f5e5c2843519b2b8a9f0af724aeea9fe') in 0.004724 seconds
Number of updated asset objects reloaded before import = 0
Number of asset objects unloaded after import = 1
========================================================================
Received Import Request.
  Time since last request: 0.000020 seconds.
  path: Assets/sq_shooter
  artifactKey: Guid(efd27a38ab797554ba4dd5a67a242277) Importer(2089858483,0ecaa5967403d082aa24f35e1b516d23)
Start importing Assets/sq_shooter using Guid(efd27a38ab797554ba4dd5a67a242277) Importer(2089858483,0ecaa5967403d082aa24f35e1b516d23)  -> (artifact id: 'd4f5a2a58a9df5a0342767c44a555992') in 0.005077 seconds
Number of updated asset objects reloaded before import = 0
Number of asset objects unloaded after import = 1
========================================================================
Received Import Request.
  Time since last request: 0.000025 seconds.
  path: Assets/sq_shooter/FPS/Tutorials/AddAnAsset
  artifactKey: Guid(b86eefd0836ee4abd87954aec66dff18) Importer(2089858483,0ecaa5967403d082aa24f35e1b516d23)
Start importing Assets/sq_shooter/FPS/Tutorials/AddAnAsset using Guid(b86eefd0836ee4abd87954aec66dff18) Importer(2089858483,0ecaa5967403d082aa24f35e1b516d23)  -> (artifact id: '54c25617eaa4a553b26c471524b8098e') in 0.005156 seconds
Number of updated asset objects reloaded before import = 0
Number of asset objects unloaded after import = 1
========================================================================
Received Import Request.
  Time since last request: 0.000030 seconds.
  path: Assets/sq_shooter/Plugins/CW/LeanTouch/Extras
  artifactKey: Guid(d18b6d3ae24a9ee4da77b182b1609bbc) Importer(2089858483,0ecaa5967403d082aa24f35e1b516d23)
Start importing Assets/sq_shooter/Plugins/CW/LeanTouch/Extras using Guid(d18b6d3ae24a9ee4da77b182b1609bbc) Importer(2089858483,0ecaa5967403d082aa24f35e1b516d23)  -> (artifact id: '252a79ab0d0982a00e2e05155ce8be3c') in 0.004722 seconds
Number of updated asset objects reloaded before import = 0
Number of asset objects unloaded after import = 1
========================================================================
Received Import Request.
  Time since last request: 0.000025 seconds.
  path: Assets/sq_shooter/FPS/Animation/Rigs
  artifactKey: Guid(d506a5e5bdb5a1944b9e1bdc7e54e46b) Importer(2089858483,0ecaa5967403d082aa24f35e1b516d23)
Start importing Assets/sq_shooter/FPS/Animation/Rigs using Guid(d506a5e5bdb5a1944b9e1bdc7e54e46b) Importer(2089858483,0ecaa5967403d082aa24f35e1b516d23)  -> (artifact id: 'b392485b467f73630d9a6c8546b25a08') in 0.005170 seconds
Number of updated asset objects reloaded before import = 0
Number of asset objects unloaded after import = 1
========================================================================
Received Import Request.
  Time since last request: 0.000025 seconds.
  path: Assets/sq_shooter/FPS/Tutorials/BuildAndPublish
  artifactKey: Guid(297bd1e5dcd284d4e8071b56375de5fa) Importer(2089858483,0ecaa5967403d082aa24f35e1b516d23)
Start importing Assets/sq_shooter/FPS/Tutorials/BuildAndPublish using Guid(297bd1e5dcd284d4e8071b56375de5fa) Importer(2089858483,0ecaa5967403d082aa24f35e1b516d23)  -> (artifact id: '50c8e569fcc1a368d194553a82f87e6c') in 0.006837 seconds
Number of updated asset objects reloaded before import = 0
Number of asset objects unloaded after import = 1
========================================================================
Received Import Request.
  Time since last request: 0.000045 seconds.
  path: Assets/sq_shooter/TextMesh Pro/Resources/Shaders/TMP_SDF Overlay.shader
  artifactKey: Guid(dd89cf5b9246416f84610a006f916af7) Importer(2089858483,0ecaa5967403d082aa24f35e1b516d23)
Start importing Assets/sq_shooter/TextMesh Pro/Resources/Shaders/TMP_SDF Overlay.shader using Guid(dd89cf5b9246416f84610a006f916af7) Importer(2089858483,0ecaa5967403d082aa24f35e1b516d23)  -> (artifact id: '967695260e1d698f15f95bb91296c77b') in 0.006620 seconds
Number of updated asset objects reloaded before import = 0
Number of asset objects unloaded after import = 1
========================================================================
Received Import Request.
  Time since last request: 0.000025 seconds.
  path: Assets/sq_shooter/FPS/Scripts/Game
  artifactKey: Guid(ca85cc8b78b3c1d469a63fe657be17e5) Importer(2089858483,0ecaa5967403d082aa24f35e1b516d23)
Start importing Assets/sq_shooter/FPS/Scripts/Game using Guid(ca85cc8b78b3c1d469a63fe657be17e5) Importer(2089858483,0ecaa5967403d082aa24f35e1b516d23)  -> (artifact id: '2e71eabcb675686b674df443cd259b01') in 0.005879 seconds
Number of updated asset objects reloaded before import = 0
Number of asset objects unloaded after import = 1
========================================================================
Received Import Request.
  Time since last request: 0.000048 seconds.
  path: Assets/sq_shooter/DelthorGames/AKM/Materials
  artifactKey: Guid(2fc0c700bcd28ef408769554bd2ee0fd) Importer(2089858483,0ecaa5967403d082aa24f35e1b516d23)
Start importing Assets/sq_shooter/DelthorGames/AKM/Materials using Guid(2fc0c700bcd28ef408769554bd2ee0fd) Importer(2089858483,0ecaa5967403d082aa24f35e1b516d23)  -> (artifact id: 'd8fe7e77daf9fdf37c9b6ac135962c4c') in 0.004542 seconds
Number of updated asset objects reloaded before import = 0
Number of asset objects unloaded after import = 1
========================================================================
Received Import Request.
  Time since last request: 0.000062 seconds.
  path: Assets/sq_shooter/FPS/Prefabs/PBObjects/Ramps
  artifactKey: Guid(6894d5dde5fac4344844b20280946ca5) Importer(2089858483,0ecaa5967403d082aa24f35e1b516d23)
Start importing Assets/sq_shooter/FPS/Prefabs/PBObjects/Ramps using Guid(6894d5dde5fac4344844b20280946ca5) Importer(2089858483,0ecaa5967403d082aa24f35e1b516d23)  -> (artifact id: '58fcf09956b7301d45e44b4e4730703d') in 0.005372 seconds
Number of updated asset objects reloaded before import = 0
Number of asset objects unloaded after import = 1
========================================================================
Received Import Request.
  Time since last request: 0.000025 seconds.
  path: Assets/sq_shooter/AddOns
  artifactKey: Guid(7af4397cdfb2ab442a7b4b87bd03e595) Importer(2089858483,0ecaa5967403d082aa24f35e1b516d23)
Start importing Assets/sq_shooter/AddOns using Guid(7af4397cdfb2ab442a7b4b87bd03e595) Importer(2089858483,0ecaa5967403d082aa24f35e1b516d23)  -> (artifact id: '59db2259f310743aa052ac3ae012c378') in 0.005459 seconds
Number of updated asset objects reloaded before import = 0
Number of asset objects unloaded after import = 1
========================================================================
Received Import Request.
  Time since last request: 0.000043 seconds.
  path: Assets/sq_shooter/FPS/Prefabs/Weapons/Stylized Modular Weapons/Materials
  artifactKey: Guid(25f5f3ad565674e9894a68b77dd24725) Importer(2089858483,0ecaa5967403d082aa24f35e1b516d23)
Start importing Assets/sq_shooter/FPS/Prefabs/Weapons/Stylized Modular Weapons/Materials using Guid(25f5f3ad565674e9894a68b77dd24725) Importer(2089858483,0ecaa5967403d082aa24f35e1b516d23)  -> (artifact id: 'bfb511b90a7bbb4e2e1e5c438086cacd') in 0.007059 seconds
Number of updated asset objects reloaded before import = 0
Number of asset objects unloaded after import = 1
========================================================================
Received Import Request.
  Time since last request: 0.000025 seconds.
  path: Assets/sq_shooter/Adaptive Performance/Settings/Simulator Provider Settings.asset
  artifactKey: Guid(240b1117714ae4843a5320e8fc0c59cb) Importer(2089858483,0ecaa5967403d082aa24f35e1b516d23)
Start importing Assets/sq_shooter/Adaptive Performance/Settings/Simulator Provider Settings.asset using Guid(240b1117714ae4843a5320e8fc0c59cb) Importer(2089858483,0ecaa5967403d082aa24f35e1b516d23)  -> (artifact id: '979047874869e03f0a0cfb62426453ed') in 0.017915 seconds
Number of updated asset objects reloaded before import = 0
Number of asset objects unloaded after import = 1
========================================================================
Received Import Request.
  Time since last request: 0.000035 seconds.
  path: Assets/sq_shooter/Low Poly Fire/Models
  artifactKey: Guid(d916562c6fa342f4ea38d4522293b70f) Importer(2089858483,0ecaa5967403d082aa24f35e1b516d23)
Start importing Assets/sq_shooter/Low Poly Fire/Models using Guid(d916562c6fa342f4ea38d4522293b70f) Importer(2089858483,0ecaa5967403d082aa24f35e1b516d23)  -> (artifact id: '4bad3f160c58582372bf969679f57f5d') in 0.004848 seconds
Number of updated asset objects reloaded before import = 0
Number of asset objects unloaded after import = 1
========================================================================
Received Import Request.
  Time since last request: 0.000018 seconds.
  path: Assets/sq_shooter/FPS/Art/Materials/Weapons
  artifactKey: Guid(4e0e99012f0de7b4197e6e3fa5c276d4) Importer(2089858483,0ecaa5967403d082aa24f35e1b516d23)
Start importing Assets/sq_shooter/FPS/Art/Materials/Weapons using Guid(4e0e99012f0de7b4197e6e3fa5c276d4) Importer(2089858483,0ecaa5967403d082aa24f35e1b516d23)  -> (artifact id: '434f42d9e37b6064a9a280dec9a6c1e8') in 0.006574 seconds
Number of updated asset objects reloaded before import = 0
Number of asset objects unloaded after import = 1
========================================================================
Received Import Request.
  Time since last request: 0.000018 seconds.
  path: Assets/sq_shooter/Rendering/Default_PipelineAsset.asset
  artifactKey: Guid(6cbb334173594044d902c240207198f2) Importer(2089858483,0ecaa5967403d082aa24f35e1b516d23)
Start importing Assets/sq_shooter/Rendering/Default_PipelineAsset.asset using Guid(6cbb334173594044d902c240207198f2) Importer(2089858483,0ecaa5967403d082aa24f35e1b516d23)  -> (artifact id: '29abf01b0fea18be611d34cfb1035041') in 0.053086 seconds
Number of updated asset objects reloaded before import = 0
Number of asset objects unloaded after import = 1
========================================================================
Received Import Request.
  Time since last request: 0.000030 seconds.
  path: Assets/sq_shooter/ModAssets/Models/FoodProps/Cookie.fbx
  artifactKey: Guid(a8f127f4a0a19407db2b784d5ae1b637) Importer(2089858483,0ecaa5967403d082aa24f35e1b516d23)
Start importing Assets/sq_shooter/ModAssets/Models/FoodProps/Cookie.fbx using Guid(a8f127f4a0a19407db2b784d5ae1b637) Importer(2089858483,0ecaa5967403d082aa24f35e1b516d23)  -> (artifact id: '02d888181531b4d070987256dede2d24') in 0.023648 seconds
Number of updated asset objects reloaded before import = 0
Number of asset objects unloaded after import = 9
========================================================================
Received Import Request.
  Time since last request: 0.000029 seconds.
  path: Assets/sq_shooter/Plugins/CW/LeanTouch/Examples/Prefabs
  artifactKey: Guid(8dd92082f9368fe4482f83b22b7ba2e6) Importer(2089858483,0ecaa5967403d082aa24f35e1b516d23)
Start importing Assets/sq_shooter/Plugins/CW/LeanTouch/Examples/Prefabs using Guid(8dd92082f9368fe4482f83b22b7ba2e6) Importer(2089858483,0ecaa5967403d082aa24f35e1b516d23)  -> (artifact id: '8ee7e6fd624937c64d95cdaa8f202538') in 0.005131 seconds
Number of updated asset objects reloaded before import = 0
Number of asset objects unloaded after import = 1
========================================================================
Received Import Request.
  Time since last request: 0.000024 seconds.
  path: Assets/sq_shooter/FPS/Art/Textures/Backgrounds
  artifactKey: Guid(114ab9a91d8230e44ae3654f3a74c50f) Importer(2089858483,0ecaa5967403d082aa24f35e1b516d23)
Start importing Assets/sq_shooter/FPS/Art/Textures/Backgrounds using Guid(114ab9a91d8230e44ae3654f3a74c50f) Importer(2089858483,0ecaa5967403d082aa24f35e1b516d23)  -> (artifact id: '2da73070b2d501c60adfdee19ccc19fd') in 0.006417 seconds
Number of updated asset objects reloaded before import = 0
Number of asset objects unloaded after import = 1
========================================================================
Received Import Request.
  Time since last request: 0.000020 seconds.
  path: Assets/sq_shooter/TextMesh Pro/Resources/Shaders/TMP_SDF.shader
  artifactKey: Guid(68e6db2ebdc24f95958faec2be5558d6) Importer(2089858483,0ecaa5967403d082aa24f35e1b516d23)
Start importing Assets/sq_shooter/TextMesh Pro/Resources/Shaders/TMP_SDF.shader using Guid(68e6db2ebdc24f95958faec2be5558d6) Importer(2089858483,0ecaa5967403d082aa24f35e1b516d23)  -> (artifact id: 'a30122ec84ac033c409ffe2aa0712bb6') in 0.006806 seconds
Number of updated asset objects reloaded before import = 0
Number of asset objects unloaded after import = 1
========================================================================
Received Import Request.
  Time since last request: 0.000030 seconds.
  path: Assets/sq_shooter/Low Poly Fire/Prefabs
  artifactKey: Guid(6cf31ac52873afc48bbdc1c3711f8539) Importer(2089858483,0ecaa5967403d082aa24f35e1b516d23)
Start importing Assets/sq_shooter/Low Poly Fire/Prefabs using Guid(6cf31ac52873afc48bbdc1c3711f8539) Importer(2089858483,0ecaa5967403d082aa24f35e1b516d23)  -> (artifact id: 'fae5cbab2abe0c0e4663160c05cf3e2d') in 0.005088 seconds
Number of updated asset objects reloaded before import = 0
Number of asset objects unloaded after import = 1
========================================================================
Received Import Request.
  Time since last request: 0.000043 seconds.
  path: Assets/sq_shooter/DelthorGames/AKM/Models
  artifactKey: Guid(0a2aca1c328f42747b3e0fc8ef1e2840) Importer(2089858483,0ecaa5967403d082aa24f35e1b516d23)
Start importing Assets/sq_shooter/DelthorGames/AKM/Models using Guid(0a2aca1c328f42747b3e0fc8ef1e2840) Importer(2089858483,0ecaa5967403d082aa24f35e1b516d23)  -> (artifact id: 'de3bd898442d013884243383c2898557') in 0.003321 seconds
Number of updated asset objects reloaded before import = 0
Number of asset objects unloaded after import = 1
========================================================================
Received Import Request.
  Time since last request: 0.000050 seconds.
  path: Assets/sq_shooter/FPS/Audio
  artifactKey: Guid(737a7d6206c0e4c438775dc48374bde5) Importer(2089858483,0ecaa5967403d082aa24f35e1b516d23)
Start importing Assets/sq_shooter/FPS/Audio using Guid(737a7d6206c0e4c438775dc48374bde5) Importer(2089858483,0ecaa5967403d082aa24f35e1b516d23)  -> (artifact id: 'e1958a2843084cc35318b0e46599a909') in 0.005001 seconds
Number of updated asset objects reloaded before import = 0
Number of asset objects unloaded after import = 1
========================================================================
Received Import Request.
  Time since last request: 0.000024 seconds.
  path: Assets/sq_shooter/FPS/Prefabs/Level/Crawl
  artifactKey: Guid(56bb9d25ad1750543b69920a9b5950fd) Importer(2089858483,0ecaa5967403d082aa24f35e1b516d23)
Start importing Assets/sq_shooter/FPS/Prefabs/Level/Crawl using Guid(56bb9d25ad1750543b69920a9b5950fd) Importer(2089858483,0ecaa5967403d082aa24f35e1b516d23)  -> (artifact id: 'caa8453fa5ee69784a9a6ad341c2a61f') in 0.005613 seconds
Number of updated asset objects reloaded before import = 0
Number of asset objects unloaded after import = 1
========================================================================
Received Import Request.
  Time since last request: 0.000120 seconds.
  path: Assets/sq_shooter/FPS/Audio/Music
  artifactKey: Guid(c3757fa6bee8fee4fb6ee4623da674f9) Importer(2089858483,0ecaa5967403d082aa24f35e1b516d23)
Start importing Assets/sq_shooter/FPS/Audio/Music using Guid(c3757fa6bee8fee4fb6ee4623da674f9) Importer(2089858483,0ecaa5967403d082aa24f35e1b516d23)  -> (artifact id: 'f7bc4a4f301869f19974b61785f33f1e') in 0.004930 seconds
Number of updated asset objects reloaded before import = 0
Number of asset objects unloaded after import = 1
========================================================================
Received Import Request.
  Time since last request: 0.000041 seconds.
  path: Assets/sq_shooter/ModAssets/Materials/BillboardMaterials
  artifactKey: Guid(24442ad403c10324cb67c3a4477dbdbf) Importer(2089858483,0ecaa5967403d082aa24f35e1b516d23)
Start importing Assets/sq_shooter/ModAssets/Materials/BillboardMaterials using Guid(24442ad403c10324cb67c3a4477dbdbf) Importer(2089858483,0ecaa5967403d082aa24f35e1b516d23)  -> (artifact id: '87b4d3fec9252545c2018b638b5734bb') in 0.006430 seconds
Number of updated asset objects reloaded before import = 0
Number of asset objects unloaded after import = 1
========================================================================
Received Import Request.
  Time since last request: 0.000046 seconds.
  path: Assets/sq_shooter/Plugins/CW/LeanTouch/Required/Scripts
  artifactKey: Guid(c81e63ffd398d1c40b674a6ac07bbbd8) Importer(2089858483,0ecaa5967403d082aa24f35e1b516d23)
Start importing Assets/sq_shooter/Plugins/CW/LeanTouch/Required/Scripts using Guid(c81e63ffd398d1c40b674a6ac07bbbd8) Importer(2089858483,0ecaa5967403d082aa24f35e1b516d23)  -> (artifact id: '39a89f9b294f76b9c3478da87843834b') in 0.005097 seconds
Number of updated asset objects reloaded before import = 0
Number of asset objects unloaded after import = 1
========================================================================
Received Import Request.
  Time since last request: 0.000088 seconds.
  path: Assets/sq_shooter/FPS/Art/Textures/Characters
  artifactKey: Guid(0d0d45a55342b6b4f94cc03b7a19c315) Importer(2089858483,0ecaa5967403d082aa24f35e1b516d23)
Start importing Assets/sq_shooter/FPS/Art/Textures/Characters using Guid(0d0d45a55342b6b4f94cc03b7a19c315) Importer(2089858483,0ecaa5967403d082aa24f35e1b516d23)  -> (artifact id: 'd66294207f806fb51db2191c8e36d03d') in 0.005488 seconds
Number of updated asset objects reloaded before import = 0
Number of asset objects unloaded after import = 1
========================================================================
Received Import Request.
  Time since last request: 0.000027 seconds.
  path: Assets/sq_shooter/Plugins/CW/LeanTouch/Examples/Materials
  artifactKey: Guid(7b0d3a95ea6a51645906704fb7a700af) Importer(2089858483,0ecaa5967403d082aa24f35e1b516d23)
Start importing Assets/sq_shooter/Plugins/CW/LeanTouch/Examples/Materials using Guid(7b0d3a95ea6a51645906704fb7a700af) Importer(2089858483,0ecaa5967403d082aa24f35e1b516d23)  -> (artifact id: 'bd6616bf16f9066f60d4f4ccd2186e96') in 0.004281 seconds
Number of updated asset objects reloaded before import = 0
Number of asset objects unloaded after import = 1
========================================================================
Received Import Request.
  Time since last request: 0.000052 seconds.
  path: Assets/sq_shooter/Plugins/CW/LeanCommon/Extras
  artifactKey: Guid(66710c84ec8f26843ab0236b80499b22) Importer(2089858483,0ecaa5967403d082aa24f35e1b516d23)
Start importing Assets/sq_shooter/Plugins/CW/LeanCommon/Extras using Guid(66710c84ec8f26843ab0236b80499b22) Importer(2089858483,0ecaa5967403d082aa24f35e1b516d23)  -> (artifact id: '1ac6a9eb2070e6a8c0f40956f2eaa2bd') in 0.003592 seconds
Number of updated asset objects reloaded before import = 0
Number of asset objects unloaded after import = 1
========================================================================
Received Import Request.
  Time since last request: 0.000020 seconds.
  path: Assets/sq_shooter/Low Poly Fire/Scenes/Demo_Profiles
  artifactKey: Guid(6a6eb147c8e1c4d4ab59579c71dd3093) Importer(2089858483,0ecaa5967403d082aa24f35e1b516d23)
Start importing Assets/sq_shooter/Low Poly Fire/Scenes/Demo_Profiles using Guid(6a6eb147c8e1c4d4ab59579c71dd3093) Importer(2089858483,0ecaa5967403d082aa24f35e1b516d23)  -> (artifact id: '7019037fae90eca5854e84ba515a5185') in 0.005379 seconds
Number of updated asset objects reloaded before import = 0
Number of asset objects unloaded after import = 1
========================================================================
Received Import Request.
  Time since last request: 0.000026 seconds.
  path: Assets/StarterAssets/Mobile
  artifactKey: Guid(14344c134ca94dc42887027aebcf24a5) Importer(2089858483,0ecaa5967403d082aa24f35e1b516d23)
Start importing Assets/StarterAssets/Mobile using Guid(14344c134ca94dc42887027aebcf24a5) Importer(2089858483,0ecaa5967403d082aa24f35e1b516d23)  -> (artifact id: 'b6414471ef6beeec323203458ee882f4') in 0.006406 seconds
Number of updated asset objects reloaded before import = 0
Number of asset objects unloaded after import = 1
========================================================================
Received Import Request.
  Time since last request: 0.000042 seconds.
  path: Assets/StarterAssets/ThirdPersonController/Character/Animations/Stand--Idle.anim.fbx
  artifactKey: Guid(12e52e465ed793a4d801955e9f964a82) Importer(2089858483,0ecaa5967403d082aa24f35e1b516d23)
Start importing Assets/StarterAssets/ThirdPersonController/Character/Animations/Stand--Idle.anim.fbx using Guid(12e52e465ed793a4d801955e9f964a82) Importer(2089858483,0ecaa5967403d082aa24f35e1b516d23)  -> (artifact id: '52b735acec1af1461b361a891f3933ee') in 0.033383 seconds
Number of updated asset objects reloaded before import = 0
Number of asset objects unloaded after import = 144
========================================================================
Received Import Request.
  Time since last request: 0.000033 seconds.
  path: Assets/StarterAssets/Environment/Art/Models/Ramp_Mesh.fbx
  artifactKey: Guid(426a2785f8a940049aac2c246661cf09) Importer(2089858483,0ecaa5967403d082aa24f35e1b516d23)
Start importing Assets/StarterAssets/Environment/Art/Models/Ramp_Mesh.fbx using Guid(426a2785f8a940049aac2c246661cf09) Importer(2089858483,0ecaa5967403d082aa24f35e1b516d23)  -> (artifact id: '4c333e6810169e3564fc6c811e45bac3') in 0.019537 seconds
Number of updated asset objects reloaded before import = 0
Number of asset objects unloaded after import = 8
========================================================================
Received Import Request.
  Time since last request: 0.000031 seconds.
  path: Assets/sq_shooter/Plugins/CW/Shared/Common/Examples/Fonts
  artifactKey: Guid(206ff270d3884e74193a896d61f583c6) Importer(2089858483,0ecaa5967403d082aa24f35e1b516d23)
Start importing Assets/sq_shooter/Plugins/CW/Shared/Common/Examples/Fonts using Guid(206ff270d3884e74193a896d61f583c6) Importer(2089858483,0ecaa5967403d082aa24f35e1b516d23)  -> (artifact id: 'ebba0c69d69f2c5fd6df0371541bf5c4') in 0.007041 seconds
Number of updated asset objects reloaded before import = 0
Number of asset objects unloaded after import = 1
========================================================================
Received Import Request.
  Time since last request: 0.000031 seconds.
  path: Assets/StarterAssets/ThirdPersonController/Scenes
  artifactKey: Guid(89e5f9b6a0fcdae4e8ccb4b461925e8c) Importer(2089858483,0ecaa5967403d082aa24f35e1b516d23)
Start importing Assets/StarterAssets/ThirdPersonController/Scenes using Guid(89e5f9b6a0fcdae4e8ccb4b461925e8c) Importer(2089858483,0ecaa5967403d082aa24f35e1b516d23)  -> (artifact id: 'b2218a434faa73affaa08c60a47ea9a6') in 0.005377 seconds
Number of updated asset objects reloaded before import = 0
Number of asset objects unloaded after import = 1
========================================================================
Received Import Request.
  Time since last request: 0.000028 seconds.
  path: Assets/StarterAssets/Mobile/Prefabs/VirtualInputs/UI_Virtual_Joystick.prefab
  artifactKey: Guid(6eb08bfc0fd869c47b796c42ada099da) Importer(2089858483,0ecaa5967403d082aa24f35e1b516d23)
Start importing Assets/StarterAssets/Mobile/Prefabs/VirtualInputs/UI_Virtual_Joystick.prefab using Guid(6eb08bfc0fd869c47b796c42ada099da) Importer(2089858483,0ecaa5967403d082aa24f35e1b516d23)  -> (artifact id: 'c3c9321fd53bd29a0ec262747c59aae6') in 0.026118 seconds
Number of updated asset objects reloaded before import = 0
Number of asset objects unloaded after import = 18
========================================================================
Received Import Request.
  Time since last request: 0.000022 seconds.
  path: Assets/sq_shooter/ModAssets/Materials/Custom Materials
  artifactKey: Guid(0169809cc89622646b6d409e4ef61784) Importer(2089858483,0ecaa5967403d082aa24f35e1b516d23)
Start importing Assets/sq_shooter/ModAssets/Materials/Custom Materials using Guid(0169809cc89622646b6d409e4ef61784) Importer(2089858483,0ecaa5967403d082aa24f35e1b516d23)  -> (artifact id: 'd79e0cdf346062b9bb6af3cc806d010d') in 0.007016 seconds
Number of updated asset objects reloaded before import = 0
Number of asset objects unloaded after import = 1
========================================================================
Received Import Request.
  Time since last request: 0.000022 seconds.
  path: Assets/StarterAssets/Environment/Art/Textures/Grid_02_BaseMap.png
  artifactKey: Guid(d9c0dd5cdac07b145be73329e489869a) Importer(2089858483,0ecaa5967403d082aa24f35e1b516d23)
Start importing Assets/StarterAssets/Environment/Art/Textures/Grid_02_BaseMap.png using Guid(d9c0dd5cdac07b145be73329e489869a) Importer(2089858483,0ecaa5967403d082aa24f35e1b516d23)  -> (artifact id: 'f89d037db5d69377c4e46f6dd2793dae') in 0.014442 seconds
Number of updated asset objects reloaded before import = 0
Number of asset objects unloaded after import = 1
========================================================================
Received Import Request.
  Time since last request: 0.000067 seconds.
  path: Assets/sq_shooter/FPS/Animation/Masks
  artifactKey: Guid(5985ee1b0f66b8f40a306eb90d8ad6a4) Importer(2089858483,0ecaa5967403d082aa24f35e1b516d23)
Start importing Assets/sq_shooter/FPS/Animation/Masks using Guid(5985ee1b0f66b8f40a306eb90d8ad6a4) Importer(2089858483,0ecaa5967403d082aa24f35e1b516d23)  -> (artifact id: '11ea07d5b5d61618afeaf39908556eba') in 0.005511 seconds
Number of updated asset objects reloaded before import = 0
Number of asset objects unloaded after import = 1
========================================================================
Received Import Request.
  Time since last request: 0.000023 seconds.
  path: Assets/cuartoterminado.blend
  artifactKey: Guid(f126dfd66b66be94d925ab0a7a9e380e) Importer(2089858483,0ecaa5967403d082aa24f35e1b516d23)
Start importing Assets/cuartoterminado.blend using Guid(f126dfd66b66be94d925ab0a7a9e380e) Importer(2089858483,0ecaa5967403d082aa24f35e1b516d23)  -> (artifact id: '4ac1716b605ccf68a2224231b0bce306') in 0.042695 seconds
Number of updated asset objects reloaded before import = 0
Number of asset objects unloaded after import = 73
========================================================================
Received Import Request.
  Time since last request: 0.000113 seconds.
  path: Assets/StarterAssets/Environment/RenderPipelineProfiles
  artifactKey: Guid(4d9eba5f689533f4196b93e67348ada3) Importer(2089858483,0ecaa5967403d082aa24f35e1b516d23)
Start importing Assets/StarterAssets/Environment/RenderPipelineProfiles using Guid(4d9eba5f689533f4196b93e67348ada3) Importer(2089858483,0ecaa5967403d082aa24f35e1b516d23)  -> (artifact id: 'c44ca37546c87f51a2754555706c63dc') in 0.005605 seconds
Number of updated asset objects reloaded before import = 0
Number of asset objects unloaded after import = 1
========================================================================
Received Import Request.
  Time since last request: 0.000050 seconds.
  path: Assets/StarterAssets/Environment/Art/Models/Stairs_650_400_300_Mesh.fbx
  artifactKey: Guid(7e0223e1d3e1733499accfa5ebffb67e) Importer(2089858483,0ecaa5967403d082aa24f35e1b516d23)
Start importing Assets/StarterAssets/Environment/Art/Models/Stairs_650_400_300_Mesh.fbx using Guid(7e0223e1d3e1733499accfa5ebffb67e) Importer(2089858483,0ecaa5967403d082aa24f35e1b516d23)  -> (artifact id: '7ec75d48ef476b75e8f5f422259e998a') in 0.028788 seconds
Number of updated asset objects reloaded before import = 0
Number of asset objects unloaded after import = 16
========================================================================
Received Import Request.
  Time since last request: 0.000027 seconds.
  path: Assets/StarterAssets/Environment/Art/Textures/Grid_01_Emissive.png
  artifactKey: Guid(d4d6919451fe3e24388816386a6d15a4) Importer(2089858483,0ecaa5967403d082aa24f35e1b516d23)
Start importing Assets/StarterAssets/Environment/Art/Textures/Grid_01_Emissive.png using Guid(d4d6919451fe3e24388816386a6d15a4) Importer(2089858483,0ecaa5967403d082aa24f35e1b516d23)  -> (artifact id: '895b27ef0eaa6123c8c2035d3525c69a') in 0.017307 seconds
Number of updated asset objects reloaded before import = 0
Number of asset objects unloaded after import = 1
========================================================================
Received Import Request.
  Time since last request: 0.000040 seconds.
  path: Assets/StarterAssets/InputSystem/StarterAssetsInputs.cs
  artifactKey: Guid(e087ecce43ebbff45a1b360637807d93) Importer(2089858483,0ecaa5967403d082aa24f35e1b516d23)
Start importing Assets/StarterAssets/InputSystem/StarterAssetsInputs.cs using Guid(e087ecce43ebbff45a1b360637807d93) Importer(2089858483,0ecaa5967403d082aa24f35e1b516d23)  -> (artifact id: '4f8ac84b6a26e095faa75aa968296bb9') in 0.006503 seconds
Number of updated asset objects reloaded before import = 0
Number of asset objects unloaded after import = 1
========================================================================
Received Import Request.
  Time since last request: 0.000037 seconds.
  path: Assets/StarterAssets/Environment/RenderPipelineProfiles/StarterAssetsURPGlobalSettings.asset
  artifactKey: Guid(d075d680cccac4178aca7c82f2c05556) Importer(2089858483,0ecaa5967403d082aa24f35e1b516d23)
Start importing Assets/StarterAssets/Environment/RenderPipelineProfiles/StarterAssetsURPGlobalSettings.asset using Guid(d075d680cccac4178aca7c82f2c05556) Importer(2089858483,0ecaa5967403d082aa24f35e1b516d23)  -> (artifact id: '5f06b3c28cb3d65aff35200588900f1d') in 0.011616 seconds
Number of updated asset objects reloaded before import = 0
Number of asset objects unloaded after import = 1
========================================================================
Received Import Request.
  Time since last request: 0.000045 seconds.
  path: Assets/sq_shooter/ModAssets/Fonts
  artifactKey: Guid(d87d26553eeeb1b4c97775303daf200d) Importer(2089858483,0ecaa5967403d082aa24f35e1b516d23)
Start importing Assets/sq_shooter/ModAssets/Fonts using Guid(d87d26553eeeb1b4c97775303daf200d) Importer(2089858483,0ecaa5967403d082aa24f35e1b516d23)  -> (artifact id: '7b963d85c3055393423f760412dd9ce8') in 0.006393 seconds
Number of updated asset objects reloaded before import = 0
Number of asset objects unloaded after import = 1
========================================================================
Received Import Request.
  Time since last request: 0.000032 seconds.
  path: Assets/StarterAssets/Environment/Art/Models/Stairs_200x100x200_Mesh.fbx
  artifactKey: Guid(fce3bf5a5b603db45ab0048fb6ab44df) Importer(2089858483,0ecaa5967403d082aa24f35e1b516d23)
Start importing Assets/StarterAssets/Environment/Art/Models/Stairs_200x100x200_Mesh.fbx using Guid(fce3bf5a5b603db45ab0048fb6ab44df) Importer(2089858483,0ecaa5967403d082aa24f35e1b516d23)  -> (artifact id: 'f245bf0f3eefcec7c7d4863ec7551e09') in 0.018706 seconds
Number of updated asset objects reloaded before import = 0
Number of asset objects unloaded after import = 15
========================================================================
Received Import Request.
  Time since last request: 0.000046 seconds.
  path: Assets/StarterAssets/ThirdPersonController/Character/Animations/Jump--Jump.anim.fbx
  artifactKey: Guid(98f277b0c8055e143b2fcf058d3c27dc) Importer(2089858483,0ecaa5967403d082aa24f35e1b516d23)
Start importing Assets/StarterAssets/ThirdPersonController/Character/Animations/Jump--Jump.anim.fbx using Guid(98f277b0c8055e143b2fcf058d3c27dc) Importer(2089858483,0ecaa5967403d082aa24f35e1b516d23)  -> (artifact id: 'f8a39f5b105b4a3e5f2390443ac358f7') in 0.025965 seconds
Number of updated asset objects reloaded before import = 0
Number of asset objects unloaded after import = 145
========================================================================
Received Import Request.
  Time since last request: 0.000030 seconds.
  path: Assets/StarterAssets/license.txt
  artifactKey: Guid(b846ecad8a98bd34dba8a5daf996d86e) Importer(2089858483,0ecaa5967403d082aa24f35e1b516d23)
Start importing Assets/StarterAssets/license.txt using Guid(b846ecad8a98bd34dba8a5daf996d86e) Importer(2089858483,0ecaa5967403d082aa24f35e1b516d23)  -> (artifact id: 'ab5b56e6af94e52eb78aa1a8e6eb7644') in 0.008336 seconds
Number of updated asset objects reloaded before import = 0
Number of asset objects unloaded after import = 1
========================================================================
Received Import Request.
  Time since last request: 0.000097 seconds.
  path: Assets/sq_shooter/Plugins/CW/LeanCommon/Examples/Meshes
  artifactKey: Guid(de51ed4ba7496be43ab6e9e3fb58a4b7) Importer(2089858483,0ecaa5967403d082aa24f35e1b516d23)
Start importing Assets/sq_shooter/Plugins/CW/LeanCommon/Examples/Meshes using Guid(de51ed4ba7496be43ab6e9e3fb58a4b7) Importer(2089858483,0ecaa5967403d082aa24f35e1b516d23)  -> (artifact id: '6b4a6e778b76e628bfedeadee86374c0') in 0.005533 seconds
Number of updated asset objects reloaded before import = 0
Number of asset objects unloaded after import = 1
========================================================================
Received Import Request.
  Time since last request: 0.000031 seconds.
  path: Assets/sq_shooter/Plugins/CW/LeanCommon/Required
  artifactKey: Guid(eca036dcb74c24e4687c45ba0c2d2983) Importer(2089858483,0ecaa5967403d082aa24f35e1b516d23)
Start importing Assets/sq_shooter/Plugins/CW/LeanCommon/Required using Guid(eca036dcb74c24e4687c45ba0c2d2983) Importer(2089858483,0ecaa5967403d082aa24f35e1b516d23)  -> (artifact id: '07ff8bec1638d22c786fe93ea2f4d8ef') in 0.005776 seconds
Number of updated asset objects reloaded before import = 0
Number of asset objects unloaded after import = 1
========================================================================
Received Import Request.
  Time since last request: 0.000028 seconds.
  path: Assets/StarterAssets/Environment/Art/Models/Box_350x250x200_Mesh.fbx
  artifactKey: Guid(c6a55ba99e9e99d41b7eef123e311a43) Importer(2089858483,0ecaa5967403d082aa24f35e1b516d23)
Start importing Assets/StarterAssets/Environment/Art/Models/Box_350x250x200_Mesh.fbx using Guid(c6a55ba99e9e99d41b7eef123e311a43) Importer(2089858483,0ecaa5967403d082aa24f35e1b516d23)  -> (artifact id: '892e8d4e097eb0472594458d38f4647e') in 0.016984 seconds
Number of updated asset objects reloaded before import = 0
Number of asset objects unloaded after import = 8
========================================================================
Received Import Request.
  Time since last request: 0.000023 seconds.
  path: Assets/sq_shooter/ModAssets/Prefabs
  artifactKey: Guid(96ec3c975edc83f48b93a58c7b946dfb) Importer(2089858483,0ecaa5967403d082aa24f35e1b516d23)
Start importing Assets/sq_shooter/ModAssets/Prefabs using Guid(96ec3c975edc83f48b93a58c7b946dfb) Importer(2089858483,0ecaa5967403d082aa24f35e1b516d23)  -> (artifact id: '5e42b6ed69f3929699cca3bfa8f93010') in 0.002782 seconds
Number of updated asset objects reloaded before import = 0
Number of asset objects unloaded after import = 1
========================================================================
Received Import Request.
  Time since last request: 0.000019 seconds.
  path: Assets/StarterAssets/ThirdPersonController/Scenes/Playground/ReflectionProbe-1.exr
  artifactKey: Guid(1b8a4de7469ad774c80dd6678d94e6b9) Importer(2089858483,0ecaa5967403d082aa24f35e1b516d23)
Start importing Assets/StarterAssets/ThirdPersonController/Scenes/Playground/ReflectionProbe-1.exr using Guid(1b8a4de7469ad774c80dd6678d94e6b9) Importer(2089858483,0ecaa5967403d082aa24f35e1b516d23)  -> (artifact id: '6bd377087728a05832d30d5a6349bb17') in 0.011547 seconds
Number of updated asset objects reloaded before import = 0
Number of asset objects unloaded after import = 1
========================================================================
Received Import Request.
  Time since last request: 0.000017 seconds.
  path: Assets/StarterAssets/ThirdPersonController/Character/Animations/Locomotion--Run_S.anim.fbx
  artifactKey: Guid(a073c604c44135e438eeeaef77058ac5) Importer(2089858483,0ecaa5967403d082aa24f35e1b516d23)
Start importing Assets/StarterAssets/ThirdPersonController/Character/Animations/Locomotion--Run_S.anim.fbx using Guid(a073c604c44135e438eeeaef77058ac5) Importer(2089858483,0ecaa5967403d082aa24f35e1b516d23)  -> (artifact id: '2ffd64a7366c163eb0dc5ecc2a5d34e9') in 0.016486 seconds
Number of updated asset objects reloaded before import = 0
Number of asset objects unloaded after import = 144
========================================================================
Received Import Request.
  Time since last request: 0.000020 seconds.
  path: Assets/StarterAssets/Environment/Art/Materials
  artifactKey: Guid(62e09e1e4aed9424ba218499f11ea644) Importer(2089858483,0ecaa5967403d082aa24f35e1b516d23)
Start importing Assets/StarterAssets/Environment/Art/Materials using Guid(62e09e1e4aed9424ba218499f11ea644) Importer(2089858483,0ecaa5967403d082aa24f35e1b516d23)  -> (artifact id: '03340deffb06a12cb67a10bf98378dbe') in 0.003027 seconds
Number of updated asset objects reloaded before import = 0
Number of asset objects unloaded after import = 1
========================================================================
Received Import Request.
  Time since last request: 0.000017 seconds.
  path: Assets/sq_shooter/TextMesh Pro/Sprites
  artifactKey: Guid(d0603b6d5186471b96c778c3949c7ce2) Importer(2089858483,0ecaa5967403d082aa24f35e1b516d23)
Start importing Assets/sq_shooter/TextMesh Pro/Sprites using Guid(d0603b6d5186471b96c778c3949c7ce2) Importer(2089858483,0ecaa5967403d082aa24f35e1b516d23)  -> (artifact id: 'fcaca1d1e896dd51e5aa6c62a7ac909f') in 0.002792 seconds
Number of updated asset objects reloaded before import = 0
Number of asset objects unloaded after import = 1
========================================================================
Received Import Request.
  Time since last request: 0.000020 seconds.
  path: Assets/StarterAssets/Mobile/Scripts/VirtualInputs/UIVirtualButton.cs
  artifactKey: Guid(448cd6d8e2f2cb04096e777d99974bc4) Importer(2089858483,0ecaa5967403d082aa24f35e1b516d23)
Start importing Assets/StarterAssets/Mobile/Scripts/VirtualInputs/UIVirtualButton.cs using Guid(448cd6d8e2f2cb04096e777d99974bc4) Importer(2089858483,0ecaa5967403d082aa24f35e1b516d23)  -> (artifact id: 'bd4057b61d5992230f60ffbacbf18e1c') in 0.004514 seconds
Number of updated asset objects reloaded before import = 0
Number of asset objects unloaded after import = 1
========================================================================
Received Import Request.
  Time since last request: 0.000078 seconds.
  path: Assets/StarterAssets/ThirdPersonController/Character/Materials/M_Armature_Body.mat
  artifactKey: Guid(43714b68324cc2c409d534d9874f2a2b) Importer(2089858483,0ecaa5967403d082aa24f35e1b516d23)
Start importing Assets/StarterAssets/ThirdPersonController/Character/Materials/M_Armature_Body.mat using Guid(43714b68324cc2c409d534d9874f2a2b) Importer(2089858483,0ecaa5967403d082aa24f35e1b516d23)  -> (artifact id: '8e4f2bd4c3be073a0ff9045bdb1b7740') in 0.005863 seconds
Number of updated asset objects reloaded before import = 0
Number of asset objects unloaded after import = 4
========================================================================
Received Import Request.
  Time since last request: 0.000020 seconds.
  path: Assets/sq_shooter/FPS/Scenes
  artifactKey: Guid(9c53962885c2c4f449125a979d6ad240) Importer(2089858483,0ecaa5967403d082aa24f35e1b516d23)
Start importing Assets/sq_shooter/FPS/Scenes using Guid(9c53962885c2c4f449125a979d6ad240) Importer(2089858483,0ecaa5967403d082aa24f35e1b516d23)  -> (artifact id: '92d19480101e88b34832cf6902ab3803') in 0.003076 seconds
Number of updated asset objects reloaded before import = 0
Number of asset objects unloaded after import = 1
========================================================================
Received Import Request.
  Time since last request: 0.000019 seconds.
  path: Assets/sq_shooter/Plugins/CW/LeanCommon/Examples/Prefabs
  artifactKey: Guid(5abc7d04fb72cf144ba346589c56bff3) Importer(2089858483,0ecaa5967403d082aa24f35e1b516d23)
Start importing Assets/sq_shooter/Plugins/CW/LeanCommon/Examples/Prefabs using Guid(5abc7d04fb72cf144ba346589c56bff3) Importer(2089858483,0ecaa5967403d082aa24f35e1b516d23)  -> (artifact id: '02206c9cd4baf955284d62110e6fed32') in 0.003660 seconds
Number of updated asset objects reloaded before import = 0
Number of asset objects unloaded after import = 1
========================================================================
Received Import Request.
  Time since last request: 0.000022 seconds.
  path: Assets/StarterAssets/ThirdPersonController/Prefabs/NestedParentCapsule_Unpack.prefab
  artifactKey: Guid(212907312655a4443a025a304442c17c) Importer(2089858483,0ecaa5967403d082aa24f35e1b516d23)
Start importing Assets/StarterAssets/ThirdPersonController/Prefabs/NestedParentCapsule_Unpack.prefab using Guid(212907312655a4443a025a304442c17c) Importer(2089858483,0ecaa5967403d082aa24f35e1b516d23)  -> (artifact id: '9f035e28ba853c3ad7d280ef1a7d7b69') in 0.018746 seconds
Number of updated asset objects reloaded before import = 0
Number of asset objects unloaded after import = 107
========================================================================
Received Import Request.
  Time since last request: 0.000025 seconds.
  path: Assets/StarterAssets/InputSystem/StarterAssets.inputactions
  artifactKey: Guid(4419d82f33d36e848b3ed5af4c8da37e) Importer(2089858483,0ecaa5967403d082aa24f35e1b516d23)
Start importing Assets/StarterAssets/InputSystem/StarterAssets.inputactions using Guid(4419d82f33d36e848b3ed5af4c8da37e) Importer(2089858483,0ecaa5967403d082aa24f35e1b516d23)  -> (artifact id: 'bc742fa4466253bce0b51292e91dacc1') in 0.009620 seconds
Number of updated asset objects reloaded before import = 0
Number of asset objects unloaded after import = 6
========================================================================
Received Import Request.
  Time since last request: 0.000034 seconds.
  path: Assets/StarterAssets/Environment/Prefabs/Box_100x100x100_Prefab.prefab
  artifactKey: Guid(e5f4daf24146ee040b5a2d7a73b30aa0) Importer(2089858483,0ecaa5967403d082aa24f35e1b516d23)
Start importing Assets/StarterAssets/Environment/Prefabs/Box_100x100x100_Prefab.prefab using Guid(e5f4daf24146ee040b5a2d7a73b30aa0) Importer(2089858483,0ecaa5967403d082aa24f35e1b516d23)  -> (artifact id: 'a08a213403d5486a95372f046c1b9633') in 0.009429 seconds
Number of updated asset objects reloaded before import = 0
Number of asset objects unloaded after import = 7
========================================================================
Received Import Request.
  Time since last request: 0.000023 seconds.
  path: Assets/StarterAssets/Mobile/UI/UI_Circle_Faded.png
  artifactKey: Guid(90ded0611e490aa4ba6961afbfc2280d) Importer(2089858483,0ecaa5967403d082aa24f35e1b516d23)
Start importing Assets/StarterAssets/Mobile/UI/UI_Circle_Faded.png using Guid(90ded0611e490aa4ba6961afbfc2280d) Importer(2089858483,0ecaa5967403d082aa24f35e1b516d23)  -> (artifact id: 'ee5b0965cda8b1845b2897419b93538e') in 0.024621 seconds
Number of updated asset objects reloaded before import = 0
Number of asset objects unloaded after import = 3
========================================================================
Received Import Request.
  Time since last request: 0.000025 seconds.
  path: Assets/StarterAssets/Mobile/Prefabs/CanvasInputs/UI_Canvas_StarterAssetsInputs_TouchZones.prefab
  artifactKey: Guid(7484ce6f8ca3d81408c606b5ae8b9ff3) Importer(2089858483,0ecaa5967403d082aa24f35e1b516d23)
Start importing Assets/StarterAssets/Mobile/Prefabs/CanvasInputs/UI_Canvas_StarterAssetsInputs_TouchZones.prefab using Guid(7484ce6f8ca3d81408c606b5ae8b9ff3) Importer(2089858483,0ecaa5967403d082aa24f35e1b516d23)  -> (artifact id: '37439306ac5ae9483c1e9b18407d33cf') in 0.019421 seconds
Number of updated asset objects reloaded before import = 0
Number of asset objects unloaded after import = 60
========================================================================
Received Import Request.
  Time since last request: 0.000017 seconds.
  path: Assets/StarterAssets/Environment/Prefabs/Structure_Prefab.prefab
  artifactKey: Guid(79e624e6a8770a946afb866fd94b394b) Importer(2089858483,0ecaa5967403d082aa24f35e1b516d23)
Start importing Assets/StarterAssets/Environment/Prefabs/Structure_Prefab.prefab using Guid(79e624e6a8770a946afb866fd94b394b) Importer(2089858483,0ecaa5967403d082aa24f35e1b516d23)  -> (artifact id: '8be908f789071870a70cd4f820cbbb7d') in 0.009945 seconds
Number of updated asset objects reloaded before import = 0
Number of asset objects unloaded after import = 115
========================================================================
Received Import Request.
  Time since last request: 0.000018 seconds.
  path: Assets/StarterAssets/ThirdPersonController/Character/Textures/Armature_Legs_RGB.tif
  artifactKey: Guid(64d6bedfd9838e14fb51c78c8e947042) Importer(2089858483,0ecaa5967403d082aa24f35e1b516d23)
Start importing Assets/StarterAssets/ThirdPersonController/Character/Textures/Armature_Legs_RGB.tif using Guid(64d6bedfd9838e14fb51c78c8e947042) Importer(2089858483,0ecaa5967403d082aa24f35e1b516d23)  -> (artifact id: '34ca6d2dc9ff2d900b0ac78f9715fe2f') in 0.011052 seconds
Number of updated asset objects reloaded before import = 0
Number of asset objects unloaded after import = 1
========================================================================
Received Import Request.
  Time since last request: 0.000018 seconds.
  path: Assets/sq_shooter/FPS/Prefabs/Weapons
  artifactKey: Guid(c4bd18a3d8fb4f144bc92b30b8f5bca5) Importer(2089858483,0ecaa5967403d082aa24f35e1b516d23)
Start importing Assets/sq_shooter/FPS/Prefabs/Weapons using Guid(c4bd18a3d8fb4f144bc92b30b8f5bca5) Importer(2089858483,0ecaa5967403d082aa24f35e1b516d23)  -> (artifact id: 'd868f6bc37151283091c60ec9554aa33') in 0.002870 seconds
Number of updated asset objects reloaded before import = 0
Number of asset objects unloaded after import = 1
========================================================================
Received Import Request.
  Time since last request: 0.000017 seconds.
  path: Assets/StarterAssets/Environment/Art/Models/Ground_Mesh.fbx
  artifactKey: Guid(aa38d7b0e367ecc4aac915dcfe957879) Importer(2089858483,0ecaa5967403d082aa24f35e1b516d23)
Start importing Assets/StarterAssets/Environment/Art/Models/Ground_Mesh.fbx using Guid(aa38d7b0e367ecc4aac915dcfe957879) Importer(2089858483,0ecaa5967403d082aa24f35e1b516d23)  -> (artifact id: '90e7176385826fcd1cce25e624ae1236') in 0.013711 seconds
Number of updated asset objects reloaded before import = 0
Number of asset objects unloaded after import = 8
========================================================================
Received Import Request.
  Time since last request: 0.000018 seconds.
  path: Assets/StarterAssets/Mobile/Scripts/Utilities/MobileDisableAutoSwitchControls.cs
  artifactKey: Guid(901182334643ba1438a25accc6bd0c79) Importer(2089858483,0ecaa5967403d082aa24f35e1b516d23)
Start importing Assets/StarterAssets/Mobile/Scripts/Utilities/MobileDisableAutoSwitchControls.cs using Guid(901182334643ba1438a25accc6bd0c79) Importer(2089858483,0ecaa5967403d082aa24f35e1b516d23)  -> (artifact id: '0be9a4ff59af124465390d3aed176f64') in 0.003843 seconds
Number of updated asset objects reloaded before import = 0
Number of asset objects unloaded after import = 1
========================================================================
Received Import Request.
  Time since last request: 0.000038 seconds.
  path: Assets/StarterAssets/Environment/Art/Models
  artifactKey: Guid(a725de072e7eb4d449d782a7c86fd0bf) Importer(2089858483,0ecaa5967403d082aa24f35e1b516d23)
Start importing Assets/StarterAssets/Environment/Art/Models using Guid(a725de072e7eb4d449d782a7c86fd0bf) Importer(2089858483,0ecaa5967403d082aa24f35e1b516d23)  -> (artifact id: '678f728b4335f205961327822c76fb1d') in 0.002760 seconds
Number of updated asset objects reloaded before import = 0
Number of asset objects unloaded after import = 1
========================================================================
Received Import Request.
  Time since last request: 0.000018 seconds.
  path: Assets/StarterAssets/ThirdPersonController/Character/Animations
  artifactKey: Guid(478ef75e2d9612043ad9e092df040fea) Importer(2089858483,0ecaa5967403d082aa24f35e1b516d23)
Start importing Assets/StarterAssets/ThirdPersonController/Character/Animations using Guid(478ef75e2d9612043ad9e092df040fea) Importer(2089858483,0ecaa5967403d082aa24f35e1b516d23)  -> (artifact id: 'fe5cddaf2fb1b51043952c85f2b61487') in 0.003431 seconds
Number of updated asset objects reloaded before import = 0
Number of asset objects unloaded after import = 1
========================================================================
Received Import Request.
  Time since last request: 0.000031 seconds.
  path: Assets/StarterAssets/Environment/Art/Materials/Blue_Mat.mat
  artifactKey: Guid(979aef027a1c86c42a15ce35fce366fa) Importer(2089858483,0ecaa5967403d082aa24f35e1b516d23)
Start importing Assets/StarterAssets/Environment/Art/Materials/Blue_Mat.mat using Guid(979aef027a1c86c42a15ce35fce366fa) Importer(2089858483,0ecaa5967403d082aa24f35e1b516d23)  -> (artifact id: '36f44b31f8c09b4af8c9175161909cc5') in 0.004488 seconds
Number of updated asset objects reloaded before import = 0
Number of asset objects unloaded after import = 1
========================================================================
Received Import Request.
  Time since last request: 0.000019 seconds.
  path: Assets/sq_shooter/Plugins/CW/LeanTouch/Examples/Scripts
  artifactKey: Guid(ea05c88d78fb41a48bbecbb68faec836) Importer(2089858483,0ecaa5967403d082aa24f35e1b516d23)
Start importing Assets/sq_shooter/Plugins/CW/LeanTouch/Examples/Scripts using Guid(ea05c88d78fb41a48bbecbb68faec836) Importer(2089858483,0ecaa5967403d082aa24f35e1b516d23)  -> (artifact id: '100bfcbd1e6ea2ef28ec9f5208b8073e') in 0.003788 seconds
Number of updated asset objects reloaded before import = 0
Number of asset objects unloaded after import = 1
========================================================================
Received Import Request.
  Time since last request: 0.000019 seconds.
  path: Assets/sq_shooter/FPS/Scripts/Game/Managers
  artifactKey: Guid(ed1f07e0262531d47b1d996b95d657b8) Importer(2089858483,0ecaa5967403d082aa24f35e1b516d23)
Start importing Assets/sq_shooter/FPS/Scripts/Game/Managers using Guid(ed1f07e0262531d47b1d996b95d657b8) Importer(2089858483,0ecaa5967403d082aa24f35e1b516d23)  -> (artifact id: '16e15a0e7325ffe44272e9c3a11d1d4c') in 0.002786 seconds
Number of updated asset objects reloaded before import = 0
Number of asset objects unloaded after import = 1
========================================================================
Received Import Request.
  Time since last request: 0.000080 seconds.
  path: Assets/StarterAssets/ThirdPersonController/Prefabs/PlayerCapsule.prefab
  artifactKey: Guid(2553cec8fdb3eb643bbe9f2ec880c472) Importer(2089858483,0ecaa5967403d082aa24f35e1b516d23)
Start importing Assets/StarterAssets/ThirdPersonController/Prefabs/PlayerCapsule.prefab using Guid(2553cec8fdb3eb643bbe9f2ec880c472) Importer(2089858483,0ecaa5967403d082aa24f35e1b516d23)  -> (artifact id: 'db116d233694edec69bafe8d7787ae3d') in 0.021819 seconds
Number of updated asset objects reloaded before import = 0
Number of asset objects unloaded after import = 17
========================================================================
Received Import Request.
  Time since last request: 0.000016 seconds.
  path: Assets/StarterAssets/TutorialInfo/Icons
  artifactKey: Guid(bf2b09552ecf8f04294975e07f8da67e) Importer(2089858483,0ecaa5967403d082aa24f35e1b516d23)
Start importing Assets/StarterAssets/TutorialInfo/Icons using Guid(bf2b09552ecf8f04294975e07f8da67e) Importer(2089858483,0ecaa5967403d082aa24f35e1b516d23)  -> (artifact id: '58235e4689dc3dae22c4bdd21d064337') in 0.003307 seconds
Number of updated asset objects reloaded before import = 0
Number of asset objects unloaded after import = 1
========================================================================
Received Import Request.
  Time since last request: 0.000019 seconds.
  path: Assets/StarterAssets/Environment/Art/Skybox
  artifactKey: Guid(a5810db7e2f75fd4281a8ace4949bec8) Importer(2089858483,0ecaa5967403d082aa24f35e1b516d23)
Start importing Assets/StarterAssets/Environment/Art/Skybox using Guid(a5810db7e2f75fd4281a8ace4949bec8) Importer(2089858483,0ecaa5967403d082aa24f35e1b516d23)  -> (artifact id: 'a32a2674749ef4863424b1e7abf5cb40') in 0.002819 seconds
Number of updated asset objects reloaded before import = 0
Number of asset objects unloaded after import = 1
========================================================================
Received Import Request.
  Time since last request: 0.000072 seconds.
  path: Assets/StarterAssets/ThirdPersonController/Character/Sfx/Player_Footstep_10.wav
  artifactKey: Guid(a3194b8bbc96ef84fab1f98f4b7dae3e) Importer(2089858483,0ecaa5967403d082aa24f35e1b516d23)
Start importing Assets/StarterAssets/ThirdPersonController/Character/Sfx/Player_Footstep_10.wav using Guid(a3194b8bbc96ef84fab1f98f4b7dae3e) Importer(2089858483,0ecaa5967403d082aa24f35e1b516d23)  -> (artifact id: '67878ca5a3078b73356a71dd2f61520a') in 0.019309 seconds
Number of updated asset objects reloaded before import = 0
Number of asset objects unloaded after import = 1
========================================================================
Received Import Request.
  Time since last request: 0.000018 seconds.
  path: Assets/sq_shooter/TextMesh Pro/Documentation
  artifactKey: Guid(8e7e8f5a82a3a134e91c54efd2274ea9) Importer(2089858483,0ecaa5967403d082aa24f35e1b516d23)
Start importing Assets/sq_shooter/TextMesh Pro/Documentation using Guid(8e7e8f5a82a3a134e91c54efd2274ea9) Importer(2089858483,0ecaa5967403d082aa24f35e1b516d23)  -> (artifact id: '9715db563d590545cc11daec40f4c6f4') in 0.002884 seconds
Number of updated asset objects reloaded before import = 0
Number of asset objects unloaded after import = 1
========================================================================
Received Import Request.
  Time since last request: 0.000070 seconds.
  path: Assets/sq_shooter/FPS/Tutorials/AddEnemyBot
  artifactKey: Guid(91eab1e0012b8409b90d394ed90f08fe) Importer(2089858483,0ecaa5967403d082aa24f35e1b516d23)
Start importing Assets/sq_shooter/FPS/Tutorials/AddEnemyBot using Guid(91eab1e0012b8409b90d394ed90f08fe) Importer(2089858483,0ecaa5967403d082aa24f35e1b516d23)  -> (artifact id: '2b4a26916eb1ba319ab76b81cd0a96d0') in 0.003234 seconds
Number of updated asset objects reloaded before import = 0
Number of asset objects unloaded after import = 1
========================================================================
Received Import Request.
  Time since last request: 0.000016 seconds.
  path: Assets/sq_shooter/TextMesh Pro/Resources/Fonts & Materials
  artifactKey: Guid(731f1baa9d144a9897cb1d341c2092b8) Importer(2089858483,0ecaa5967403d082aa24f35e1b516d23)
Start importing Assets/sq_shooter/TextMesh Pro/Resources/Fonts & Materials using Guid(731f1baa9d144a9897cb1d341c2092b8) Importer(2089858483,0ecaa5967403d082aa24f35e1b516d23)  -> (artifact id: '9b48e499a54ad3a6a6151534570f7a9c') in 0.003382 seconds
Number of updated asset objects reloaded before import = 0
Number of asset objects unloaded after import = 1
========================================================================
Received Import Request.
  Time since last request: 0.000017 seconds.
  path: Assets/sq_shooter/FPS
  artifactKey: Guid(50cf0c09de57fb64db657a17fd2dfc67) Importer(2089858483,0ecaa5967403d082aa24f35e1b516d23)
Start importing Assets/sq_shooter/FPS using Guid(50cf0c09de57fb64db657a17fd2dfc67) Importer(2089858483,0ecaa5967403d082aa24f35e1b516d23)  -> (artifact id: 'a46425fed77ef323ea2d3d177abb7ef6') in 0.003449 seconds
Number of updated asset objects reloaded before import = 0
Number of asset objects unloaded after import = 1
========================================================================
Received Import Request.
  Time since last request: 0.000018 seconds.
  path: Assets/sq_shooter/Plugins/CW/LeanCommon/Extras/Scripts
  artifactKey: Guid(c95535bafe00e6246b55d926ae78e64b) Importer(2089858483,0ecaa5967403d082aa24f35e1b516d23)
Start importing Assets/sq_shooter/Plugins/CW/LeanCommon/Extras/Scripts using Guid(c95535bafe00e6246b55d926ae78e64b) Importer(2089858483,0ecaa5967403d082aa24f35e1b516d23)  -> (artifact id: '934464d8cb69ccc347fceab0bdf1b63c') in 0.003081 seconds
Number of updated asset objects reloaded before import = 0
Number of asset objects unloaded after import = 1
========================================================================
Received Import Request.
  Time since last request: 0.000093 seconds.
  path: Assets/StarterAssets/Environment/Art/Skybox/SkyboxLite.mat
  artifactKey: Guid(f6c51332ac7d92541a38fb263b09d2a8) Importer(2089858483,0ecaa5967403d082aa24f35e1b516d23)
Start importing Assets/StarterAssets/Environment/Art/Skybox/SkyboxLite.mat using Guid(f6c51332ac7d92541a38fb263b09d2a8) Importer(2089858483,0ecaa5967403d082aa24f35e1b516d23)  -> (artifact id: 'bca59e7fa3c80debc0180bbde718aa7e') in 0.006085 seconds
Number of updated asset objects reloaded before import = 0
Number of asset objects unloaded after import = 1
========================================================================
Received Import Request.
  Time since last request: 0.000017 seconds.
  path: Assets/StarterAssets/ThirdPersonController/Character/Animations/Locomotion--Walk_N_Land.anim.fbx
  artifactKey: Guid(325a26d62b61fa94cb3c97c435efebc5) Importer(2089858483,0ecaa5967403d082aa24f35e1b516d23)
Start importing Assets/StarterAssets/ThirdPersonController/Character/Animations/Locomotion--Walk_N_Land.anim.fbx using Guid(325a26d62b61fa94cb3c97c435efebc5) Importer(2089858483,0ecaa5967403d082aa24f35e1b516d23)  -> (artifact id: 'eb893bed4384e5da72f0f9ff646f5737') in 0.014575 seconds
Number of updated asset objects reloaded before import = 0
Number of asset objects unloaded after import = 144
========================================================================
Received Import Request.
  Time since last request: 0.000020 seconds.
  path: Assets/sq_shooter/ModAssets/Models/Totems
  artifactKey: Guid(fd7d40cbd2d817e40b6788db6b3512e6) Importer(2089858483,0ecaa5967403d082aa24f35e1b516d23)
Start importing Assets/sq_shooter/ModAssets/Models/Totems using Guid(fd7d40cbd2d817e40b6788db6b3512e6) Importer(2089858483,0ecaa5967403d082aa24f35e1b516d23)  -> (artifact id: '01f7687166c4de055fd206ee586da2eb') in 0.003233 seconds
Number of updated asset objects reloaded before import = 0
Number of asset objects unloaded after import = 1
========================================================================
Received Import Request.
  Time since last request: 0.000160 seconds.
  path: Assets/StarterAssets/ThirdPersonController/Character/Textures
  artifactKey: Guid(940251fa621540241ab6a33c87cc8b7e) Importer(2089858483,0ecaa5967403d082aa24f35e1b516d23)
Start importing Assets/StarterAssets/ThirdPersonController/Character/Textures using Guid(940251fa621540241ab6a33c87cc8b7e) Importer(2089858483,0ecaa5967403d082aa24f35e1b516d23)  -> (artifact id: '3d39912d20567383517dafabb2d4c261') in 0.003013 seconds
Number of updated asset objects reloaded before import = 0
Number of asset objects unloaded after import = 1
========================================================================
Received Import Request.
  Time since last request: 0.000066 seconds.
  path: Assets/sq_shooter/FPS/Animation/Turret
  artifactKey: Guid(2dcfab8f6d2cf154aa43f061a69f52f8) Importer(2089858483,0ecaa5967403d082aa24f35e1b516d23)
Start importing Assets/sq_shooter/FPS/Animation/Turret using Guid(2dcfab8f6d2cf154aa43f061a69f52f8) Importer(2089858483,0ecaa5967403d082aa24f35e1b516d23)  -> (artifact id: 'cd74bb5098d457df50798de830f8007a') in 0.002965 seconds
Number of updated asset objects reloaded before import = 0
Number of asset objects unloaded after import = 1
========================================================================
Received Import Request.
  Time since last request: 0.000039 seconds.
  path: Assets/sq_shooter/ModAssets/Models/HatMeshes/PartyHatMesh.fbx
  artifactKey: Guid(34a2d77e69c9248c09fea2bd77090468) Importer(2089858483,0ecaa5967403d082aa24f35e1b516d23)
Start importing Assets/sq_shooter/ModAssets/Models/HatMeshes/PartyHatMesh.fbx using Guid(34a2d77e69c9248c09fea2bd77090468) Importer(2089858483,0ecaa5967403d082aa24f35e1b516d23)  -> (artifact id: 'd18875e552a9288752bcbe44dcaf52c2') in 0.011593 seconds
Number of updated asset objects reloaded before import = 0
Number of asset objects unloaded after import = 8
========================================================================
Received Import Request.
  Time since last request: 0.000027 seconds.
  path: Assets/sq_shooter/FPS/Audio/SFX/Weapons
  artifactKey: Guid(faad7d565b2a8bc488170fc7918b115a) Importer(2089858483,0ecaa5967403d082aa24f35e1b516d23)
Start importing Assets/sq_shooter/FPS/Audio/SFX/Weapons using Guid(faad7d565b2a8bc488170fc7918b115a) Importer(2089858483,0ecaa5967403d082aa24f35e1b516d23)  -> (artifact id: 'b9bd55f70696e9604de85f5d11f4da96') in 0.003112 seconds
Number of updated asset objects reloaded before import = 0
Number of asset objects unloaded after import = 1
========================================================================
Received Import Request.
  Time since last request: 0.000017 seconds.
  path: Assets/sq_shooter/ModAssets/Models/NatureProps
  artifactKey: Guid(c007a1097e167724aa0292167ff2d3b1) Importer(2089858483,0ecaa5967403d082aa24f35e1b516d23)
Start importing Assets/sq_shooter/ModAssets/Models/NatureProps using Guid(c007a1097e167724aa0292167ff2d3b1) Importer(2089858483,0ecaa5967403d082aa24f35e1b516d23)  -> (artifact id: 'a14197ffdf08745b5e8c6dd890886d50') in 0.003210 seconds
Number of updated asset objects reloaded before import = 0
Number of asset objects unloaded after import = 1
========================================================================
Received Import Request.
  Time since last request: 0.000039 seconds.
  path: Assets/StarterAssets/ThirdPersonController/Prefabs/PlayerArmature.prefab
  artifactKey: Guid(64dce48905ffd9b4293e595fa6941544) Importer(2089858483,0ecaa5967403d082aa24f35e1b516d23)
Start importing Assets/StarterAssets/ThirdPersonController/Prefabs/PlayerArmature.prefab using Guid(64dce48905ffd9b4293e595fa6941544) Importer(2089858483,0ecaa5967403d082aa24f35e1b516d23)  -> (artifact id: 'c8dcbe65ca32b6924e6b2009d6e8e53b') in 0.029831 seconds
Number of updated asset objects reloaded before import = 0
Number of asset objects unloaded after import = 190
========================================================================
Received Import Request.
  Time since last request: 0.000018 seconds.
  path: Assets/sq_shooter/FPS/Art/Materials/Level
  artifactKey: Guid(da61106086d240c4ca25614af6d57e69) Importer(2089858483,0ecaa5967403d082aa24f35e1b516d23)
Start importing Assets/sq_shooter/FPS/Art/Materials/Level using Guid(da61106086d240c4ca25614af6d57e69) Importer(2089858483,0ecaa5967403d082aa24f35e1b516d23)  -> (artifact id: '4155b242d8275796dddb787125fff01d') in 0.002966 seconds
Number of updated asset objects reloaded before import = 0
Number of asset objects unloaded after import = 1
========================================================================
Received Import Request.
  Time since last request: 0.000085 seconds.
  path: Assets/sq_shooter/FPS/Art/Materials
  artifactKey: Guid(e55922e2388a0e84091d26e15709843f) Importer(2089858483,0ecaa5967403d082aa24f35e1b516d23)
Start importing Assets/sq_shooter/FPS/Art/Materials using Guid(e55922e2388a0e84091d26e15709843f) Importer(2089858483,0ecaa5967403d082aa24f35e1b516d23)  -> (artifact id: '0ef6b1d1798f474b1efa7c2c06a7a4a7') in 0.002906 seconds
Number of updated asset objects reloaded before import = 0
Number of asset objects unloaded after import = 1
========================================================================
Received Import Request.
  Time since last request: 0.000099 seconds.
  path: Assets/sq_shooter/Low Poly Fire
  artifactKey: Guid(b70010249898b4140a7342fa8c3418f7) Importer(2089858483,0ecaa5967403d082aa24f35e1b516d23)
Start importing Assets/sq_shooter/Low Poly Fire using Guid(b70010249898b4140a7342fa8c3418f7) Importer(2089858483,0ecaa5967403d082aa24f35e1b516d23)  -> (artifact id: 'e1e8ac6ee31e2d0033ca67c242474276') in 0.003084 seconds
Number of updated asset objects reloaded before import = 0
Number of asset objects unloaded after import = 1
========================================================================
Received Import Request.
  Time since last request: 0.000070 seconds.
  path: Assets/StarterAssets/ThirdPersonController/Scenes/Playground.unity
  artifactKey: Guid(e9017d5f96b9f09489b4b37e1d6eb914) Importer(2089858483,0ecaa5967403d082aa24f35e1b516d23)
Start importing Assets/StarterAssets/ThirdPersonController/Scenes/Playground.unity using Guid(e9017d5f96b9f09489b4b37e1d6eb914) Importer(2089858483,0ecaa5967403d082aa24f35e1b516d23)  -> (artifact id: '56b062f21c37df869da55043d999ff25') in 0.002838 seconds
Number of updated asset objects reloaded before import = 0
Number of asset objects unloaded after import = 1
========================================================================
Received Import Request.
  Time since last request: 0.000045 seconds.
  path: Assets/StarterAssets/ThirdPersonController/Character/Animations/StarterAssetsThirdPerson.controller
  artifactKey: Guid(40db3173a05ae3242b1c182a09b0a183) Importer(2089858483,0ecaa5967403d082aa24f35e1b516d23)
Start importing Assets/StarterAssets/ThirdPersonController/Character/Animations/StarterAssetsThirdPerson.controller using Guid(40db3173a05ae3242b1c182a09b0a183) Importer(2089858483,0ecaa5967403d082aa24f35e1b516d23)  -> (artifact id: 'c3bcfd382d01f1c5edbfef8300fb4dbd') in 0.008523 seconds
Number of updated asset objects reloaded before import = 0
Number of asset objects unloaded after import = 21
========================================================================
Received Import Request.
  Time since last request: 0.000021 seconds.
  path: Assets/sq_shooter/FPS/Prefabs/Level/MainLvl/Section3
  artifactKey: Guid(086f012fef1169140b4c2fbb52b6cdd4) Importer(2089858483,0ecaa5967403d082aa24f35e1b516d23)
Start importing Assets/sq_shooter/FPS/Prefabs/Level/MainLvl/Section3 using Guid(086f012fef1169140b4c2fbb52b6cdd4) Importer(2089858483,0ecaa5967403d082aa24f35e1b516d23)  -> (artifact id: '5682bf314b292fb2c6a4cc79a53c0f27') in 0.002967 seconds
Number of updated asset objects reloaded before import = 0
Number of asset objects unloaded after import = 1
========================================================================
Received Import Request.
  Time since last request: 0.000071 seconds.
  path: Assets/sq_shooter/FPS/Prefabs/PBObjects/Signs
  artifactKey: Guid(f70ceb419bc6ea04ca3e7ff528145c26) Importer(2089858483,0ecaa5967403d082aa24f35e1b516d23)
Start importing Assets/sq_shooter/FPS/Prefabs/PBObjects/Signs using Guid(f70ceb419bc6ea04ca3e7ff528145c26) Importer(2089858483,0ecaa5967403d082aa24f35e1b516d23)  -> (artifact id: 'd41e7c00d58b8ccf096bcece3004c2ed') in 0.003077 seconds
Number of updated asset objects reloaded before import = 0
Number of asset objects unloaded after import = 1
========================================================================
Received Import Request.
  Time since last request: 0.000018 seconds.
  path: Assets/sq_shooter/ModAssets/Models/AncientProps/Pyramid.fbx
  artifactKey: Guid(855be228fb4e849aea507dabde98fbff) Importer(2089858483,0ecaa5967403d082aa24f35e1b516d23)
Start importing Assets/sq_shooter/ModAssets/Models/AncientProps/Pyramid.fbx using Guid(855be228fb4e849aea507dabde98fbff) Importer(2089858483,0ecaa5967403d082aa24f35e1b516d23)  -> (artifact id: '39ffb6933aced957a0c55df8fa9f91d0') in 0.013413 seconds
Number of updated asset objects reloaded before import = 0
Number of asset objects unloaded after import = 8
========================================================================
Received Import Request.
  Time since last request: 0.000022 seconds.
  path: Assets/sq_shooter/Plugins/CW/Shared/Common/Examples
  artifactKey: Guid(3fd74f0005021374780840b66d0eefc1) Importer(2089858483,0ecaa5967403d082aa24f35e1b516d23)
Start importing Assets/sq_shooter/Plugins/CW/Shared/Common/Examples using Guid(3fd74f0005021374780840b66d0eefc1) Importer(2089858483,0ecaa5967403d082aa24f35e1b516d23)  -> (artifact id: '36968df8dcda4a4e257f8aa4f4207ba6') in 0.002874 seconds
Number of updated asset objects reloaded before import = 0
Number of asset objects unloaded after import = 1
========================================================================
Received Import Request.
  Time since last request: 0.000025 seconds.
  path: Assets/StarterAssets/ThirdPersonController/Character/Sfx/Player_Footstep_01.wav
  artifactKey: Guid(72f526a6a9890f643a88e85a61c86c8a) Importer(2089858483,0ecaa5967403d082aa24f35e1b516d23)
Start importing Assets/StarterAssets/ThirdPersonController/Character/Sfx/Player_Footstep_01.wav using Guid(72f526a6a9890f643a88e85a61c86c8a) Importer(2089858483,0ecaa5967403d082aa24f35e1b516d23)  -> (artifact id: '8fc4fbae3127e513c4d8f38cfad4c1f1') in 0.016457 seconds
Number of updated asset objects reloaded before import = 0
Number of asset objects unloaded after import = 1
========================================================================
Received Import Request.
  Time since last request: 0.000095 seconds.
  path: Assets/sq_shooter/FPS/Prefabs/Level/Rooms
  artifactKey: Guid(c7fc726f6784d1c4ab8b848f2a21be0c) Importer(2089858483,0ecaa5967403d082aa24f35e1b516d23)
Start importing Assets/sq_shooter/FPS/Prefabs/Level/Rooms using Guid(c7fc726f6784d1c4ab8b848f2a21be0c) Importer(2089858483,0ecaa5967403d082aa24f35e1b516d23)  -> (artifact id: '15fa4ec6106f487935211ba98890bdf4') in 0.003074 seconds
Number of updated asset objects reloaded before import = 0
Number of asset objects unloaded after import = 1
========================================================================
Received Import Request.
  Time since last request: 0.000017 seconds.
  path: Assets/StarterAssets/Environment/RenderPipelineProfiles/StarterAssetsURPRenderer.asset
  artifactKey: Guid(14d1d515dbdfb4206ae3afd891bf975b) Importer(2089858483,0ecaa5967403d082aa24f35e1b516d23)
Start importing Assets/StarterAssets/Environment/RenderPipelineProfiles/StarterAssetsURPRenderer.asset using Guid(14d1d515dbdfb4206ae3afd891bf975b) Importer(2089858483,0ecaa5967403d082aa24f35e1b516d23)  -> (artifact id: 'd1b9ef9823046f30c715c4e503eaaef8') in 0.017041 seconds
Number of updated asset objects reloaded before import = 0
Number of asset objects unloaded after import = 1
========================================================================
Received Import Request.
  Time since last request: 0.000017 seconds.
  path: Assets/sq_shooter/TextMesh Pro/Resources/Fonts & Materials/LiberationSans SDF - Fallback.asset
  artifactKey: Guid(2e498d1c8094910479dc3e1b768306a4) Importer(2089858483,0ecaa5967403d082aa24f35e1b516d23)
Start importing Assets/sq_shooter/TextMesh Pro/Resources/Fonts & Materials/LiberationSans SDF - Fallback.asset using Guid(2e498d1c8094910479dc3e1b768306a4) Importer(2089858483,0ecaa5967403d082aa24f35e1b516d23)  -> (artifact id: '3276eff6f65ee37f04a5a8f5e1e9ddc5') in 0.035056 seconds
Number of updated asset objects reloaded before import = 0
Number of asset objects unloaded after import = 5
========================================================================
Received Import Request.
  Time since last request: 0.000019 seconds.
  path: Assets/sq_shooter/Plugins/CW/Shared/Common/Extras
  artifactKey: Guid(f9d0d3468e28b7846a32128b6898ca6f) Importer(2089858483,0ecaa5967403d082aa24f35e1b516d23)
Start importing Assets/sq_shooter/Plugins/CW/Shared/Common/Extras using Guid(f9d0d3468e28b7846a32128b6898ca6f) Importer(2089858483,0ecaa5967403d082aa24f35e1b516d23)  -> (artifact id: '78c379cbf154d230d2b2aa4eb9ceff53') in 0.005141 seconds
Number of updated asset objects reloaded before import = 0
Number of asset objects unloaded after import = 1
========================================================================
Received Import Request.
  Time since last request: 0.000075 seconds.
  path: Assets/sq_shooter/FPS/Prefabs/RootObjects/OBJWall_Window.obj
  artifactKey: Guid(af4da4e5fdff6964e8044e498845e419) Importer(2089858483,0ecaa5967403d082aa24f35e1b516d23)
Start importing Assets/sq_shooter/FPS/Prefabs/RootObjects/OBJWall_Window.obj using Guid(af4da4e5fdff6964e8044e498845e419) Importer(2089858483,0ecaa5967403d082aa24f35e1b516d23)  -> (artifact id: '11b7b6e2d645fe6ef25775ba9f21bced') in 0.011888 seconds
Number of updated asset objects reloaded before import = 0
Number of asset objects unloaded after import = 11
========================================================================
Received Import Request.
  Time since last request: 0.000020 seconds.
  path: Assets/sq_shooter/FPS/Art/Fonts
  artifactKey: Guid(07ca76eb110dc8e4ba2816e99057370f) Importer(2089858483,0ecaa5967403d082aa24f35e1b516d23)
Start importing Assets/sq_shooter/FPS/Art/Fonts using Guid(07ca76eb110dc8e4ba2816e99057370f) Importer(2089858483,0ecaa5967403d082aa24f35e1b516d23)  -> (artifact id: '1dc068cce7a9ca54a98f9e01a98f354f') in 0.003054 seconds
Number of updated asset objects reloaded before import = 0
Number of asset objects unloaded after import = 1
========================================================================
Received Import Request.
  Time since last request: 0.000090 seconds.
  path: Assets/sq_shooter/FPS/Art/Textures/UI
  artifactKey: Guid(99b8b350fff35784899773804e883eaa) Importer(2089858483,0ecaa5967403d082aa24f35e1b516d23)
Start importing Assets/sq_shooter/FPS/Art/Textures/UI using Guid(99b8b350fff35784899773804e883eaa) Importer(2089858483,0ecaa5967403d082aa24f35e1b516d23)  -> (artifact id: 'dcd0c4e20f44fb8adbf75c866b9f0dad') in 0.002848 seconds
Number of updated asset objects reloaded before import = 0
Number of asset objects unloaded after import = 1
========================================================================
Received Import Request.
  Time since last request: 0.000088 seconds.
  path: Assets/sq_shooter/Rendering
  artifactKey: Guid(0c75c46f536096b49b61c03e4818a59a) Importer(2089858483,0ecaa5967403d082aa24f35e1b516d23)
Start importing Assets/sq_shooter/Rendering using Guid(0c75c46f536096b49b61c03e4818a59a) Importer(2089858483,0ecaa5967403d082aa24f35e1b516d23)  -> (artifact id: 'c9e5ed56538d5b8e602e6632683d8993') in 0.003021 seconds
Number of updated asset objects reloaded before import = 0
Number of asset objects unloaded after import = 1
========================================================================
Received Import Request.
  Time since last request: 0.000053 seconds.
  path: Assets/StarterAssets/InputSystem/StarterAssets.inputsettings.asset
  artifactKey: Guid(9e7be553448fa2546aea5752021cbcf7) Importer(2089858483,0ecaa5967403d082aa24f35e1b516d23)
Start importing Assets/StarterAssets/InputSystem/StarterAssets.inputsettings.asset using Guid(9e7be553448fa2546aea5752021cbcf7) Importer(2089858483,0ecaa5967403d082aa24f35e1b516d23)  -> (artifact id: 'f2197b4eab6661fb9c9fc3b7b284027f') in 0.006744 seconds
Number of updated asset objects reloaded before import = 0
Number of asset objects unloaded after import = 1
========================================================================
Received Import Request.
  Time since last request: 0.000016 seconds.
  path: Assets/sq_shooter/TextMesh Pro/Resources
  artifactKey: Guid(243e06394e614e5d99fab26083b707fa) Importer(2089858483,0ecaa5967403d082aa24f35e1b516d23)
Start importing Assets/sq_shooter/TextMesh Pro/Resources using Guid(243e06394e614e5d99fab26083b707fa) Importer(2089858483,0ecaa5967403d082aa24f35e1b516d23)  -> (artifact id: 'a552803fb2290304af560a3e159f3f60') in 0.002992 seconds
Number of updated asset objects reloaded before import = 0
Number of asset objects unloaded after import = 1
========================================================================
Received Import Request.
  Time since last request: 0.000020 seconds.
  path: Assets/sq_shooter/ModAssets/Models/FoodProps/Licorice.fbx
  artifactKey: Guid(a6ff71d7327404fa29bb26a648cfe3ff) Importer(2089858483,0ecaa5967403d082aa24f35e1b516d23)
Start importing Assets/sq_shooter/ModAssets/Models/FoodProps/Licorice.fbx using Guid(a6ff71d7327404fa29bb26a648cfe3ff) Importer(2089858483,0ecaa5967403d082aa24f35e1b516d23)  -> (artifact id: '809d954067389691126eac828b460b53') in 0.016281 seconds
Number of updated asset objects reloaded before import = 0
Number of asset objects unloaded after import = 9
========================================================================
Received Import Request.
  Time since last request: 0.000029 seconds.
  path: Assets/sq_shooter/ModAssets/Models/BillboardMeshes
  artifactKey: Guid(f3a8704d8a6066a41bd6161731c3ef47) Importer(2089858483,0ecaa5967403d082aa24f35e1b516d23)
Start importing Assets/sq_shooter/ModAssets/Models/BillboardMeshes using Guid(f3a8704d8a6066a41bd6161731c3ef47) Importer(2089858483,0ecaa5967403d082aa24f35e1b516d23)  -> (artifact id: '40f3fad4c2d859f8d877dc3b4d41aa28') in 0.003015 seconds
Number of updated asset objects reloaded before import = 0
Number of asset objects unloaded after import = 1
========================================================================
Received Import Request.
  Time since last request: 0.000079 seconds.
  path: Assets/StarterAssets/ThirdPersonController/Character/Textures/Armature_Arms_AlbedoTransparency.tif
  artifactKey: Guid(c6dc62700fa06274b9608a9fce8ed21b) Importer(2089858483,0ecaa5967403d082aa24f35e1b516d23)
Start importing Assets/StarterAssets/ThirdPersonController/Character/Textures/Armature_Arms_AlbedoTransparency.tif using Guid(c6dc62700fa06274b9608a9fce8ed21b) Importer(2089858483,0ecaa5967403d082aa24f35e1b516d23)  -> (artifact id: '2c7c9612239432e65c7e347065adc3cf') in 0.009557 seconds
Number of updated asset objects reloaded before import = 0
Number of asset objects unloaded after import = 1
========================================================================
Received Import Request.
  Time since last request: 0.000049 seconds.
  path: Assets/sq_shooter/FPS/Prefabs/Level/MainLvl/Section1
  artifactKey: Guid(fb2302e8c1e0690458332824f2ba5b1f) Importer(2089858483,0ecaa5967403d082aa24f35e1b516d23)
Start importing Assets/sq_shooter/FPS/Prefabs/Level/MainLvl/Section1 using Guid(fb2302e8c1e0690458332824f2ba5b1f) Importer(2089858483,0ecaa5967403d082aa24f35e1b516d23)  -> (artifact id: '4a8c7f02aa9aa2c8fd697107237b1bba') in 0.002791 seconds
Number of updated asset objects reloaded before import = 0
Number of asset objects unloaded after import = 1
========================================================================
Received Import Request.
  Time since last request: 0.000054 seconds.
  path: Assets/sq_shooter/FPS/Prefabs/PBObjects/Floors
  artifactKey: Guid(4296bd8f3cd81bc429b84e531fccac5e) Importer(2089858483,0ecaa5967403d082aa24f35e1b516d23)
Start importing Assets/sq_shooter/FPS/Prefabs/PBObjects/Floors using Guid(4296bd8f3cd81bc429b84e531fccac5e) Importer(2089858483,0ecaa5967403d082aa24f35e1b516d23)  -> (artifact id: '4e83da7bb7f243cd09e285aa9ed33a6b') in 0.003472 seconds
Number of updated asset objects reloaded before import = 0
Number of asset objects unloaded after import = 1
========================================================================
Received Import Request.
  Time since last request: 0.000054 seconds.
  path: Assets/sq_shooter/FPS/Prefabs/Level/Catwalk
  artifactKey: Guid(3e8c42ac686d59b44b4f330d81dfe67e) Importer(2089858483,0ecaa5967403d082aa24f35e1b516d23)
Start importing Assets/sq_shooter/FPS/Prefabs/Level/Catwalk using Guid(3e8c42ac686d59b44b4f330d81dfe67e) Importer(2089858483,0ecaa5967403d082aa24f35e1b516d23)  -> (artifact id: '753b1b7f6e867d66d2f9bdd9a3f9ed01') in 0.002867 seconds
Number of updated asset objects reloaded before import = 0
Number of asset objects unloaded after import = 1
========================================================================
Received Import Request.
  Time since last request: 0.000050 seconds.
  path: Assets/sq_shooter/FPS/Scripts/Game/Shared
  artifactKey: Guid(8202695dcc7a5e1418d444571d7800cb) Importer(2089858483,0ecaa5967403d082aa24f35e1b516d23)
Start importing Assets/sq_shooter/FPS/Scripts/Game/Shared using Guid(8202695dcc7a5e1418d444571d7800cb) Importer(2089858483,0ecaa5967403d082aa24f35e1b516d23)  -> (artifact id: 'a5460863808cbd752cbb89c40663a5fa') in 0.002987 seconds
Number of updated asset objects reloaded before import = 0
Number of asset objects unloaded after import = 1
========================================================================
Received Import Request.
  Time since last request: 0.000099 seconds.
  path: Assets/StarterAssets/TutorialInfo/Scripts/Editor/ReadmeEditor.cs
  artifactKey: Guid(476cc7d7cd9874016adc216baab94a0a) Importer(2089858483,0ecaa5967403d082aa24f35e1b516d23)
Start importing Assets/StarterAssets/TutorialInfo/Scripts/Editor/ReadmeEditor.cs using Guid(476cc7d7cd9874016adc216baab94a0a) Importer(2089858483,0ecaa5967403d082aa24f35e1b516d23)  -> (artifact id: '4c9a35c29aa909596b95a4767a5d1ca6') in 0.003895 seconds
Number of updated asset objects reloaded before import = 0
Number of asset objects unloaded after import = 1
========================================================================
Received Import Request.
  Time since last request: 0.000058 seconds.
  path: Assets/StarterAssets/Mobile/Scripts/CanvasInputs/UICanvasControllerInput.cs
  artifactKey: Guid(4a300d010f57451488aa99000126fbd5) Importer(2089858483,0ecaa5967403d082aa24f35e1b516d23)
Start importing Assets/StarterAssets/Mobile/Scripts/CanvasInputs/UICanvasControllerInput.cs using Guid(4a300d010f57451488aa99000126fbd5) Importer(2089858483,0ecaa5967403d082aa24f35e1b516d23)  -> (artifact id: 'cd3e88cc8e78779e32d10228b411e0a5') in 0.004439 seconds
Number of updated asset objects reloaded before import = 0
Number of asset objects unloaded after import = 1
========================================================================
Received Import Request.
  Time since last request: 0.000024 seconds.
  path: Assets/sq_shooter/FPS/Prefabs/Level/BaseObjects
  artifactKey: Guid(78df43fc5e9dae64c8e1bd2143c0e0a3) Importer(2089858483,0ecaa5967403d082aa24f35e1b516d23)
Start importing Assets/sq_shooter/FPS/Prefabs/Level/BaseObjects using Guid(78df43fc5e9dae64c8e1bd2143c0e0a3) Importer(2089858483,0ecaa5967403d082aa24f35e1b516d23)  -> (artifact id: '7199c312308e4fcb542a42fdf67e0d8f') in 0.002898 seconds
Number of updated asset objects reloaded before import = 0
Number of asset objects unloaded after import = 1
========================================================================
Received Import Request.
  Time since last request: 0.000063 seconds.
  path: Assets/sq_shooter/FPS/Prefabs/PBObjects/Signs/Pyramid_Sign.obj
  artifactKey: Guid(8b30135d3ebbf57468d16c0fecd1cff0) Importer(2089858483,0ecaa5967403d082aa24f35e1b516d23)
Start importing Assets/sq_shooter/FPS/Prefabs/PBObjects/Signs/Pyramid_Sign.obj using Guid(8b30135d3ebbf57468d16c0fecd1cff0) Importer(2089858483,0ecaa5967403d082aa24f35e1b516d23)  -> (artifact id: '3448b2fb7246ca4b0aca5eafc9ec662b') in 0.013326 seconds
Number of updated asset objects reloaded before import = 0
Number of asset objects unloaded after import = 10
========================================================================
Received Import Request.
  Time since last request: 0.000019 seconds.
  path: Assets/sq_shooter/FPS/Prefabs/Weapons/Stylized Modular Weapons/Geometry
  artifactKey: Guid(d98d2c0878a3f4af8bb726f5ad0525b5) Importer(2089858483,0ecaa5967403d082aa24f35e1b516d23)
Start importing Assets/sq_shooter/FPS/Prefabs/Weapons/Stylized Modular Weapons/Geometry using Guid(d98d2c0878a3f4af8bb726f5ad0525b5) Importer(2089858483,0ecaa5967403d082aa24f35e1b516d23)  -> (artifact id: '8bdff6e32dd2aa3123f9eb927ad1714c') in 0.002947 seconds
Number of updated asset objects reloaded before import = 0
Number of asset objects unloaded after import = 1
========================================================================
Received Import Request.
  Time since last request: 0.000022 seconds.
  path: Assets/sq_shooter/ModAssets/Prefabs/Totems
  artifactKey: Guid(173ffdc7aec640241b52e1c76fa9774d) Importer(2089858483,0ecaa5967403d082aa24f35e1b516d23)
Start importing Assets/sq_shooter/ModAssets/Prefabs/Totems using Guid(173ffdc7aec640241b52e1c76fa9774d) Importer(2089858483,0ecaa5967403d082aa24f35e1b516d23)  -> (artifact id: 'd41321f1f5882b4b901ea5ac477c9200') in 0.002942 seconds
Number of updated asset objects reloaded before import = 0
Number of asset objects unloaded after import = 1
========================================================================
Received Import Request.
  Time since last request: 0.000056 seconds.
  path: Assets/sq_shooter/Low Poly Fire/Scenes
  artifactKey: Guid(aa73538cc6da94241a7e7a199ec81c31) Importer(2089858483,0ecaa5967403d082aa24f35e1b516d23)
Start importing Assets/sq_shooter/Low Poly Fire/Scenes using Guid(aa73538cc6da94241a7e7a199ec81c31) Importer(2089858483,0ecaa5967403d082aa24f35e1b516d23)  -> (artifact id: '23c00d0a5cca2268f41d685f840a1c54') in 0.002797 seconds
Number of updated asset objects reloaded before import = 0
Number of asset objects unloaded after import = 1
========================================================================
Received Import Request.
  Time since last request: 0.000024 seconds.
  path: Assets/sq_shooter/NavMeshComponents
  artifactKey: Guid(daa7c313dfe9f9e4687d939ae00429b6) Importer(2089858483,0ecaa5967403d082aa24f35e1b516d23)
Start importing Assets/sq_shooter/NavMeshComponents using Guid(daa7c313dfe9f9e4687d939ae00429b6) Importer(2089858483,0ecaa5967403d082aa24f35e1b516d23)  -> (artifact id: 'ae96b27a97842c309467b8bbc5a1af8d') in 0.003291 seconds
Number of updated asset objects reloaded before import = 0
Number of asset objects unloaded after import = 1
========================================================================
Received Import Request.
  Time since last request: 0.000017 seconds.
  path: Assets/sq_shooter/ModAssets/Prefabs/Particle Prefabs
  artifactKey: Guid(1d071bf9a3d1143aaa8f131551854798) Importer(2089858483,0ecaa5967403d082aa24f35e1b516d23)
Start importing Assets/sq_shooter/ModAssets/Prefabs/Particle Prefabs using Guid(1d071bf9a3d1143aaa8f131551854798) Importer(2089858483,0ecaa5967403d082aa24f35e1b516d23)  -> (artifact id: '3fcb3764085e79d9c2874b0d689e55e5') in 0.003030 seconds
Number of updated asset objects reloaded before import = 0
Number of asset objects unloaded after import = 1
========================================================================
Received Import Request.
  Time since last request: 0.000018 seconds.
  path: Assets/sq_shooter/Plugins/CW/LeanCommon
  artifactKey: Guid(8ce410272d5666e44812e63d103bfaa6) Importer(2089858483,0ecaa5967403d082aa24f35e1b516d23)
Start importing Assets/sq_shooter/Plugins/CW/LeanCommon using Guid(8ce410272d5666e44812e63d103bfaa6) Importer(2089858483,0ecaa5967403d082aa24f35e1b516d23)  -> (artifact id: 'a2bad5d2bee0ec2e8bdc381daa906361') in 0.003349 seconds
Number of updated asset objects reloaded before import = 0
Number of asset objects unloaded after import = 1
========================================================================
Received Import Request.
  Time since last request: 0.000020 seconds.
  path: Assets/sq_shooter/FPS/Art/Models
  artifactKey: Guid(cd9d5ed615a64a640904792982fd265a) Importer(2089858483,0ecaa5967403d082aa24f35e1b516d23)
Start importing Assets/sq_shooter/FPS/Art/Models using Guid(cd9d5ed615a64a640904792982fd265a) Importer(2089858483,0ecaa5967403d082aa24f35e1b516d23)  -> (artifact id: 'a414b9a9b2250aeda50ecc5eb67e6796') in 0.003313 seconds
Number of updated asset objects reloaded before import = 0
Number of asset objects unloaded after import = 1
========================================================================
Received Import Request.
  Time since last request: 0.000030 seconds.
  path: Assets/StarterAssets/ThirdPersonController/Character/Animations/Locomotion--Walk_N.anim.fbx
  artifactKey: Guid(8269a9f8cf495034c817722ac21f309f) Importer(2089858483,0ecaa5967403d082aa24f35e1b516d23)
Start importing Assets/StarterAssets/ThirdPersonController/Character/Animations/Locomotion--Walk_N.anim.fbx using Guid(8269a9f8cf495034c817722ac21f309f) Importer(2089858483,0ecaa5967403d082aa24f35e1b516d23)  -> (artifact id: '2b22521df80fe1b00ba9bdc486ef0043') in 0.012907 seconds
Number of updated asset objects reloaded before import = 0
Number of asset objects unloaded after import = 144
========================================================================
Received Import Request.
  Time since last request: 0.000063 seconds.
  path: Assets/StarterAssets/ThirdPersonController/Character/Textures/Armature_Arms_RGB.tif
  artifactKey: Guid(9b46b2c2f21deb843b7ac9242d5f13e6) Importer(2089858483,0ecaa5967403d082aa24f35e1b516d23)
Start importing Assets/StarterAssets/ThirdPersonController/Character/Textures/Armature_Arms_RGB.tif using Guid(9b46b2c2f21deb843b7ac9242d5f13e6) Importer(2089858483,0ecaa5967403d082aa24f35e1b516d23)  -> (artifact id: 'f3ad723b236890d9c3c93d5bd6266378') in 0.012153 seconds
Number of updated asset objects reloaded before import = 0
Number of asset objects unloaded after import = 1
========================================================================
Received Import Request.
  Time since last request: 0.000051 seconds.
  path: Assets/sq_shooter/DelthorGames/AKM/Textures
  artifactKey: Guid(6fd57c5383d4a3346a5aa3f0fca3ba33) Importer(2089858483,0ecaa5967403d082aa24f35e1b516d23)
Start importing Assets/sq_shooter/DelthorGames/AKM/Textures using Guid(6fd57c5383d4a3346a5aa3f0fca3ba33) Importer(2089858483,0ecaa5967403d082aa24f35e1b516d23)  -> (artifact id: '4ae69e6680eb3c3669116cd7777a648d') in 0.002877 seconds
Number of updated asset objects reloaded before import = 0
Number of asset objects unloaded after import = 1
========================================================================
Received Import Request.
  Time since last request: 0.000024 seconds.
  path: Assets/StarterAssets/ThirdPersonController/Character/Textures/Armature_Body_AlbedoTransparency.tif
  artifactKey: Guid(28d78c5517421f047b88352f3b18e8e7) Importer(2089858483,0ecaa5967403d082aa24f35e1b516d23)
Start importing Assets/StarterAssets/ThirdPersonController/Character/Textures/Armature_Body_AlbedoTransparency.tif using Guid(28d78c5517421f047b88352f3b18e8e7) Importer(2089858483,0ecaa5967403d082aa24f35e1b516d23)  -> (artifact id: '02c5b699827d916d40e68e2ea20a5820') in 0.009736 seconds
Number of updated asset objects reloaded before import = 0
Number of asset objects unloaded after import = 1
========================================================================
Received Import Request.
  Time since last request: 0.677354 seconds.
  path: Assets/StarterAssets/Environment/Prefabs/Ramp_Prefab.prefab
  artifactKey: Guid(8a7437817844dce4894b049de73b75f2) Importer(2089858483,0ecaa5967403d082aa24f35e1b516d23)
Start importing Assets/StarterAssets/Environment/Prefabs/Ramp_Prefab.prefab using Guid(8a7437817844dce4894b049de73b75f2) Importer(2089858483,0ecaa5967403d082aa24f35e1b516d23)  -> (artifact id: '4fdce87249bdb205a487a5c0f522a277') in 0.011180 seconds
Number of updated asset objects reloaded before import = 0
Number of asset objects unloaded after import = 8
========================================================================
Received Import Request.
  Time since last request: 0.000030 seconds.
  path: Assets/StarterAssets/Environment/RenderPipelineProfiles/StarterAssetsHDRPVolumeProfile.asset
  artifactKey: Guid(fe05288aca2f31443877a786e771100f) Importer(2089858483,0ecaa5967403d082aa24f35e1b516d23)
Start importing Assets/StarterAssets/Environment/RenderPipelineProfiles/StarterAssetsHDRPVolumeProfile.asset using Guid(fe05288aca2f31443877a786e771100f) Importer(2089858483,0ecaa5967403d082aa24f35e1b516d23)  -> (artifact id: '642c07c4f33d8247510172fb01fcc348') in 0.009401 seconds
Number of updated asset objects reloaded before import = 0
Number of asset objects unloaded after import = 10
========================================================================
Received Import Request.
  Time since last request: 0.000025 seconds.
  path: Assets/sq_shooter/TextMesh Pro/Resources/LineBreaking Leading Characters.txt
  artifactKey: Guid(d82c1b31c7e74239bff1220585707d2b) Importer(2089858483,0ecaa5967403d082aa24f35e1b516d23)
Start importing Assets/sq_shooter/TextMesh Pro/Resources/LineBreaking Leading Characters.txt using Guid(d82c1b31c7e74239bff1220585707d2b) Importer(2089858483,0ecaa5967403d082aa24f35e1b516d23)  -> (artifact id: '19b6279a172771c98fbc1fd899cb3249') in 0.005319 seconds
Number of updated asset objects reloaded before import = 0
Number of asset objects unloaded after import = 1
========================================================================
Received Import Request.
  Time since last request: 0.000026 seconds.
  path: Assets/sq_shooter/FPS/Tutorials/Playtest/02-First-Play.asset
  artifactKey: Guid(d96ebb80cdd184cc4a4e937acc4691bb) Importer(2089858483,0ecaa5967403d082aa24f35e1b516d23)
Start importing Assets/sq_shooter/FPS/Tutorials/Playtest/02-First-Play.asset using Guid(d96ebb80cdd184cc4a4e937acc4691bb) Importer(2089858483,0ecaa5967403d082aa24f35e1b516d23)  -> (artifact id: '536b8f6f377eb38d63a82fe6440ccca9') in 0.015130 seconds
Number of updated asset objects reloaded before import = 0
Number of asset objects unloaded after import = 4
========================================================================
Received Import Request.
  Time since last request: 0.000061 seconds.
  path: Assets/sq_shooter/FPS/Art/Materials/Enemies/HoverBot_Body.mat
  artifactKey: Guid(c3dc5a90c49c99142999f85d6b419d80) Importer(2089858483,0ecaa5967403d082aa24f35e1b516d23)
Start importing Assets/sq_shooter/FPS/Art/Materials/Enemies/HoverBot_Body.mat using Guid(c3dc5a90c49c99142999f85d6b419d80) Importer(2089858483,0ecaa5967403d082aa24f35e1b516d23)  -> (artifact id: '9afa83159641175787ddc3001074327f') in 0.007371 seconds
Number of updated asset objects reloaded before import = 0
Number of asset objects unloaded after import = 4
========================================================================
Received Import Request.
  Time since last request: 0.000040 seconds.
  path: Assets/sq_shooter/FPS/Animation/HoverBot/HoverBot@RunFowardClosed.fbx
  artifactKey: Guid(78b093b3bf9e0b7488fb706d8ad2e0f8) Importer(2089858483,0ecaa5967403d082aa24f35e1b516d23)
Start importing Assets/sq_shooter/FPS/Animation/HoverBot/HoverBot@RunFowardClosed.fbx using Guid(78b093b3bf9e0b7488fb706d8ad2e0f8) Importer(2089858483,0ecaa5967403d082aa24f35e1b516d23)  -> (artifact id: 'e13ef30c828a0480a86f5cbe5d1157eb') in 0.021800 seconds
Number of updated asset objects reloaded before import = 0
Number of asset objects unloaded after import = 42
========================================================================
Received Import Request.
  Time since last request: 0.000028 seconds.
  path: Assets/sq_shooter/FPS/Art/Models/Mesh_Weapon_Primary.fbx
  artifactKey: Guid(5d5281104f1c4314eba43965eb026bdb) Importer(2089858483,0ecaa5967403d082aa24f35e1b516d23)
Start importing Assets/sq_shooter/FPS/Art/Models/Mesh_Weapon_Primary.fbx using Guid(5d5281104f1c4314eba43965eb026bdb) Importer(2089858483,0ecaa5967403d082aa24f35e1b516d23)  -> (artifact id: 'b12db657e6dd406b5a1160b6544ee895') in 0.029634 seconds
Number of updated asset objects reloaded before import = 0
Number of asset objects unloaded after import = 39
========================================================================
Received Import Request.
  Time since last request: 0.000116 seconds.
  path: Assets/sq_shooter/FPS/Prefabs/Level/Catwalk/Cat_Hall_Mix.prefab
  artifactKey: Guid(31cd6c201ec4ebd40bb41c07f40be4af) Importer(2089858483,0ecaa5967403d082aa24f35e1b516d23)
Start importing Assets/sq_shooter/FPS/Prefabs/Level/Catwalk/Cat_Hall_Mix.prefab using Guid(31cd6c201ec4ebd40bb41c07f40be4af) Importer(2089858483,0ecaa5967403d082aa24f35e1b516d23)  -> (artifact id: 'b4ba5598e1ee3c29e095cb5c8ef535f8') in 0.010979 seconds
Number of updated asset objects reloaded before import = 0
Number of asset objects unloaded after import = 35
========================================================================
Received Import Request.
  Time since last request: 0.000055 seconds.
  path: Assets/sq_shooter/FPS/Prefabs/VFX/VFX_AngrySteam.prefab
  artifactKey: Guid(f77e2130c96652640accf8b9f6990d6b) Importer(2089858483,0ecaa5967403d082aa24f35e1b516d23)
Start importing Assets/sq_shooter/FPS/Prefabs/VFX/VFX_AngrySteam.prefab using Guid(f77e2130c96652640accf8b9f6990d6b) Importer(2089858483,0ecaa5967403d082aa24f35e1b516d23)  -> (artifact id: '7e2c9f663aa6171857cc8c1c24ef2c6d') in 0.124268 seconds
Number of updated asset objects reloaded before import = 0
Number of asset objects unloaded after import = 6
========================================================================
Received Import Request.
  Time since last request: 0.000027 seconds.
  path: Assets/sq_shooter/Plugins/CW/LeanTouch/Examples/01 Finger Down.unity
  artifactKey: Guid(a6e339405953bb94eb24436b8bcf3a6e) Importer(2089858483,0ecaa5967403d082aa24f35e1b516d23)
Start importing Assets/sq_shooter/Plugins/CW/LeanTouch/Examples/01 Finger Down.unity using Guid(a6e339405953bb94eb24436b8bcf3a6e) Importer(2089858483,0ecaa5967403d082aa24f35e1b516d23)  -> (artifact id: '58909b84741bf9d4f2fcaa8dad22a35d') in 0.007777 seconds
Number of updated asset objects reloaded before import = 0
Number of asset objects unloaded after import = 1
========================================================================
Received Import Request.
  Time since last request: 0.000039 seconds.
  path: Assets/sq_shooter/FPS/Art/Materials/Level/Ramp_Blue.mat
  artifactKey: Guid(22237c12152745e4d9a8755b953703f5) Importer(2089858483,0ecaa5967403d082aa24f35e1b516d23)
Start importing Assets/sq_shooter/FPS/Art/Materials/Level/Ramp_Blue.mat using Guid(22237c12152745e4d9a8755b953703f5) Importer(2089858483,0ecaa5967403d082aa24f35e1b516d23)  -> (artifact id: 'dd0baaf2464c9222b038b0055b243deb') in 0.010070 seconds
Number of updated asset objects reloaded before import = 0
Number of asset objects unloaded after import = 1
========================================================================
Received Import Request.
  Time since last request: 0.000069 seconds.
  path: Assets/sq_shooter/FPS/Prefabs/Level/Floors/Floor_Indented.prefab
  artifactKey: Guid(abcb588193ebfd042bff8971a9702e8b) Importer(2089858483,0ecaa5967403d082aa24f35e1b516d23)
Start importing Assets/sq_shooter/FPS/Prefabs/Level/Floors/Floor_Indented.prefab using Guid(abcb588193ebfd042bff8971a9702e8b) Importer(2089858483,0ecaa5967403d082aa24f35e1b516d23)  -> (artifact id: '63664c1a8f3e79b38497d1d86b72e64b') in 0.008677 seconds
Number of updated asset objects reloaded before import = 0
Number of asset objects unloaded after import = 10
========================================================================
Received Import Request.
  Time since last request: 0.000049 seconds.
  path: Assets/sq_shooter/ModAssets/Models/BillboardMeshes/billboard_3D_tall.fbx
  artifactKey: Guid(ae9da133c804d4fd8b985969f814bfdc) Importer(2089858483,0ecaa5967403d082aa24f35e1b516d23)
Start importing Assets/sq_shooter/ModAssets/Models/BillboardMeshes/billboard_3D_tall.fbx using Guid(ae9da133c804d4fd8b985969f814bfdc) Importer(2089858483,0ecaa5967403d082aa24f35e1b516d23)  -> (artifact id: '61679c3c54e4b170e9fb30ce0919b166') in 0.017400 seconds
Number of updated asset objects reloaded before import = 0
Number of asset objects unloaded after import = 14
========================================================================
Received Import Request.
  Time since last request: 0.000025 seconds.
  path: Assets/sq_shooter/FPS/Tutorials/Playtest/01-Introduction.asset
  artifactKey: Guid(c16c5a02da356422d90eeb5b0e9d48d3) Importer(2089858483,0ecaa5967403d082aa24f35e1b516d23)
Start importing Assets/sq_shooter/FPS/Tutorials/Playtest/01-Introduction.asset using Guid(c16c5a02da356422d90eeb5b0e9d48d3) Importer(2089858483,0ecaa5967403d082aa24f35e1b516d23)  -> (artifact id: '8645d53adb6ad65852008d26c231f7c4') in 0.010270 seconds
Number of updated asset objects reloaded before import = 0
Number of asset objects unloaded after import = 3
========================================================================
Received Import Request.
  Time since last request: 0.000042 seconds.
  path: Assets/sq_shooter/FPS/Prefabs/Level/MainLvl/Section3/Base_Wall.prefab
  artifactKey: Guid(544fe380545febf4997d6a45e7a51642) Importer(2089858483,0ecaa5967403d082aa24f35e1b516d23)
Start importing Assets/sq_shooter/FPS/Prefabs/Level/MainLvl/Section3/Base_Wall.prefab using Guid(544fe380545febf4997d6a45e7a51642) Importer(2089858483,0ecaa5967403d082aa24f35e1b516d23)  -> (artifact id: 'e2011b974ef37b08daa949503b6e7145') in 0.023289 seconds
Number of updated asset objects reloaded before import = 0
Number of asset objects unloaded after import = 1304
========================================================================
Received Import Request.
  Time since last request: 0.000042 seconds.
  path: Assets/sq_shooter/Low Poly Fire/Scenes/Demo.unity
  artifactKey: Guid(38e3c8e30d273554c8eab04afd0bce1f) Importer(2089858483,0ecaa5967403d082aa24f35e1b516d23)
Start importing Assets/sq_shooter/Low Poly Fire/Scenes/Demo.unity using Guid(38e3c8e30d273554c8eab04afd0bce1f) Importer(2089858483,0ecaa5967403d082aa24f35e1b516d23)  -> (artifact id: 'de81afa8b19f099ab51b40c70061c78f') in 0.005294 seconds
Number of updated asset objects reloaded before import = 0
Number of asset objects unloaded after import = 1
========================================================================
Received Import Request.
  Time since last request: 0.000025 seconds.
  path: Assets/sq_shooter/NavMeshComponents/LICENSE
  artifactKey: Guid(3a22fd34ec9ff1c42ac4394fad8eb365) Importer(2089858483,0ecaa5967403d082aa24f35e1b516d23)
Start importing Assets/sq_shooter/NavMeshComponents/LICENSE using Guid(3a22fd34ec9ff1c42ac4394fad8eb365) Importer(2089858483,0ecaa5967403d082aa24f35e1b516d23)  -> (artifact id: '9540b0a2cd6b3506bbcc5d6b8e758788') in 0.004508 seconds
Number of updated asset objects reloaded before import = 0
Number of asset objects unloaded after import = 1
========================================================================
Received Import Request.
  Time since last request: 0.000099 seconds.
  path: Assets/sq_shooter/FPS/Tutorials/AddAnAsset/AddAnAsset-10.asset
  artifactKey: Guid(7cb92544831784d40a29f2971a6b3a85) Importer(2089858483,0ecaa5967403d082aa24f35e1b516d23)
Start importing Assets/sq_shooter/FPS/Tutorials/AddAnAsset/AddAnAsset-10.asset using Guid(7cb92544831784d40a29f2971a6b3a85) Importer(2089858483,0ecaa5967403d082aa24f35e1b516d23)  -> (artifact id: '11998dd0f788342d5eda6db4204e1ab4') in 0.014676 seconds
Number of updated asset objects reloaded before import = 0
Number of asset objects unloaded after import = 3
========================================================================
Received Import Request.
  Time since last request: 0.000033 seconds.
  path: Assets/sq_shooter/FPS/Prefabs/Weapons/MgFPS_SniperRifle/SniperRifle_MeshesAndTextures/Weapon_SniperRifle_Secondary.mat
  artifactKey: Guid(19bc3452f13edb94591a2534f729a872) Importer(2089858483,0ecaa5967403d082aa24f35e1b516d23)
Start importing Assets/sq_shooter/FPS/Prefabs/Weapons/MgFPS_SniperRifle/SniperRifle_MeshesAndTextures/Weapon_SniperRifle_Secondary.mat using Guid(19bc3452f13edb94591a2534f729a872) Importer(2089858483,0ecaa5967403d082aa24f35e1b516d23)  -> (artifact id: '46c06770ef5bf11c2cd8d36ea5c35d2f') in 0.007718 seconds
Number of updated asset objects reloaded before import = 0
Number of asset objects unloaded after import = 1
========================================================================
Received Import Request.
  Time since last request: 0.000049 seconds.
  path: Assets/sq_shooter/ModAssets/Prefabs/Totems/Statue_Wall.prefab
  artifactKey: Guid(edeaf041d2df0314eb55e3bf76b1b3a5) Importer(2089858483,0ecaa5967403d082aa24f35e1b516d23)
Start importing Assets/sq_shooter/ModAssets/Prefabs/Totems/Statue_Wall.prefab using Guid(edeaf041d2df0314eb55e3bf76b1b3a5) Importer(2089858483,0ecaa5967403d082aa24f35e1b516d23)  -> (artifact id: '79f006ec5767f12ea2e1ec088273eaab') in 0.012902 seconds
Number of updated asset objects reloaded before import = 0
Number of asset objects unloaded after import = 8
========================================================================
Received Import Request.
  Time since last request: 0.000021 seconds.
  path: Assets/sq_shooter/FPS/Prefabs/Level/Rooms/Room_Medium.prefab
  artifactKey: Guid(35af8bf2573f2d9458eb42510e2d6006) Importer(2089858483,0ecaa5967403d082aa24f35e1b516d23)
Start importing Assets/sq_shooter/FPS/Prefabs/Level/Rooms/Room_Medium.prefab using Guid(35af8bf2573f2d9458eb42510e2d6006) Importer(2089858483,0ecaa5967403d082aa24f35e1b516d23)  -> (artifact id: 'd8605e7128ec391fa169f7583e107d04') in 0.013616 seconds
Number of updated asset objects reloaded before import = 0
Number of asset objects unloaded after import = 498
========================================================================
Received Import Request.
  Time since last request: 0.000050 seconds.
  path: Assets/sq_shooter/FPS/Scenes/MainScene/NavMesh-NavMeshSurface.asset
  artifactKey: Guid(9b48a92232152497aa9d16b7496ae527) Importer(2089858483,0ecaa5967403d082aa24f35e1b516d23)
Start importing Assets/sq_shooter/FPS/Scenes/MainScene/NavMesh-NavMeshSurface.asset using Guid(9b48a92232152497aa9d16b7496ae527) Importer(2089858483,0ecaa5967403d082aa24f35e1b516d23)  -> (artifact id: '946702803b0f8ba8a9418d2b45c2f6e8') in 0.009314 seconds
Number of updated asset objects reloaded before import = 0
Number of asset objects unloaded after import = 1
========================================================================
Received Import Request.
  Time since last request: 0.000029 seconds.
  path: Assets/sq_shooter/FPS/Prefabs/RootObjects/Ramp_8m.mtl
  artifactKey: Guid(26523c41e860d2a4cb887bdc5d1d336f) Importer(2089858483,0ecaa5967403d082aa24f35e1b516d23)
Start importing Assets/sq_shooter/FPS/Prefabs/RootObjects/Ramp_8m.mtl using Guid(26523c41e860d2a4cb887bdc5d1d336f) Importer(2089858483,0ecaa5967403d082aa24f35e1b516d23)  -> (artifact id: 'b555f98ab9a6e1ab2d2030fff7de18a1') in 0.004645 seconds
Number of updated asset objects reloaded before import = 0
Number of asset objects unloaded after import = 1
========================================================================
Received Import Request.
  Time since last request: 0.000025 seconds.
  path: Assets/sq_shooter/FPS/Animation/HoverBot/HoverBot@RunFoward.fbx
  artifactKey: Guid(77af6154680218844a53b30c3371260a) Importer(2089858483,0ecaa5967403d082aa24f35e1b516d23)
Start importing Assets/sq_shooter/FPS/Animation/HoverBot/HoverBot@RunFoward.fbx using Guid(77af6154680218844a53b30c3371260a) Importer(2089858483,0ecaa5967403d082aa24f35e1b516d23)  -> (artifact id: 'df7e4338340f4ec38d33849c41cea733') in 0.017410 seconds
Number of updated asset objects reloaded before import = 0
Number of asset objects unloaded after import = 42
========================================================================
Received Import Request.
  Time since last request: 0.000038 seconds.
  path: Assets/sq_shooter/FPS/Prefabs/Level/MainLvl/Section2/Steps.prefab
  artifactKey: Guid(07eb2806dae146240b327bbd547410b9) Importer(2089858483,0ecaa5967403d082aa24f35e1b516d23)
Start importing Assets/sq_shooter/FPS/Prefabs/Level/MainLvl/Section2/Steps.prefab using Guid(07eb2806dae146240b327bbd547410b9) Importer(2089858483,0ecaa5967403d082aa24f35e1b516d23)  -> (artifact id: '9d551203dc9cbda659ce11c0aa0e812f') in 0.014402 seconds
Number of updated asset objects reloaded before import = 0
Number of asset objects unloaded after import = 557
========================================================================
Received Import Request.
  Time since last request: 0.000042 seconds.
  path: Assets/sq_shooter/NavMeshComponents/Editor/NavMeshComponentsEditor.asmdef
  artifactKey: Guid(88844fc7e89d1d24eaec2a543fc50fc0) Importer(2089858483,0ecaa5967403d082aa24f35e1b516d23)
Start importing Assets/sq_shooter/NavMeshComponents/Editor/NavMeshComponentsEditor.asmdef using Guid(88844fc7e89d1d24eaec2a543fc50fc0) Importer(2089858483,0ecaa5967403d082aa24f35e1b516d23)  -> (artifact id: '00ac7738475f79d3555b838637400540') in 0.006761 seconds
Number of updated asset objects reloaded before import = 0
Number of asset objects unloaded after import = 1
========================================================================
Received Import Request.
  Time since last request: 0.000021 seconds.
  path: Assets/sq_shooter/FPS/Prefabs/Weapons/Stylized Modular Weapons/Geometry/Muzzle_03.fbx
  artifactKey: Guid(d7b122e495a9c497eafc9a6c8765bf76) Importer(2089858483,0ecaa5967403d082aa24f35e1b516d23)
Start importing Assets/sq_shooter/FPS/Prefabs/Weapons/Stylized Modular Weapons/Geometry/Muzzle_03.fbx using Guid(d7b122e495a9c497eafc9a6c8765bf76) Importer(2089858483,0ecaa5967403d082aa24f35e1b516d23)  -> (artifact id: '5516d0cdaeb0d284c78ad4521884e593') in 0.024382 seconds
Number of updated asset objects reloaded before import = 0
Number of asset objects unloaded after import = 7
========================================================================
Received Import Request.
  Time since last request: 0.000051 seconds.
  path: Assets/sq_shooter/ModAssets/Fonts/Raleway-Regular SDF.asset
  artifactKey: Guid(2abf75d6e0d8a4aa6910fae6ee5d638b) Importer(2089858483,0ecaa5967403d082aa24f35e1b516d23)
Start importing Assets/sq_shooter/ModAssets/Fonts/Raleway-Regular SDF.asset using Guid(2abf75d6e0d8a4aa6910fae6ee5d638b) Importer(2089858483,0ecaa5967403d082aa24f35e1b516d23)  -> (artifact id: 'adfc4ac1bf98e8f0123131940a8d63e9') in 0.043338 seconds
Number of updated asset objects reloaded before import = 0
Number of asset objects unloaded after import = 3
========================================================================
Received Import Request.
  Time since last request: 0.000039 seconds.
  path: Assets/sq_shooter/FPS/Prefabs/PBObjects/Walls/PBWall_4m.prefab
  artifactKey: Guid(4e6a92c78485cca4397c4a26d4367682) Importer(2089858483,0ecaa5967403d082aa24f35e1b516d23)
Start importing Assets/sq_shooter/FPS/Prefabs/PBObjects/Walls/PBWall_4m.prefab using Guid(4e6a92c78485cca4397c4a26d4367682) Importer(2089858483,0ecaa5967403d082aa24f35e1b516d23)  -> (artifact id: 'cedda4e313dffc669e2f05889823d141') in 0.014774 seconds
Number of updated asset objects reloaded before import = 0
Number of asset objects unloaded after import = 28
========================================================================
Received Import Request.
  Time since last request: 0.000039 seconds.
  path: Assets/sq_shooter/FPS/Prefabs/Weapons/Stylized Modular Weapons/Materials/SMW_Back_Part.mat
  artifactKey: Guid(5a9dcad4da0d44a3b9a46d967bd9d01d) Importer(2089858483,0ecaa5967403d082aa24f35e1b516d23)
Start importing Assets/sq_shooter/FPS/Prefabs/Weapons/Stylized Modular Weapons/Materials/SMW_Back_Part.mat using Guid(5a9dcad4da0d44a3b9a46d967bd9d01d) Importer(2089858483,0ecaa5967403d082aa24f35e1b516d23)  -> (artifact id: '1c64b39bd22f6b141d8b0b446357f199') in 0.015068 seconds
Number of updated asset objects reloaded before import = 0
Number of asset objects unloaded after import = 4
========================================================================
Received Import Request.
  Time since last request: 0.000024 seconds.
  path: Assets/sq_shooter/FPS/Prefabs/RootObjects/_ReadMe_RootObjects.txt
  artifactKey: Guid(b5cb6808773591f45b911985a4ec016f) Importer(2089858483,0ecaa5967403d082aa24f35e1b516d23)
Start importing Assets/sq_shooter/FPS/Prefabs/RootObjects/_ReadMe_RootObjects.txt using Guid(b5cb6808773591f45b911985a4ec016f) Importer(2089858483,0ecaa5967403d082aa24f35e1b516d23)  -> (artifact id: '38f590b89d9a5bd5601dd5137fec9742') in 0.007753 seconds
Number of updated asset objects reloaded before import = 0
Number of asset objects unloaded after import = 1
========================================================================
Received Import Request.
  Time since last request: 0.000029 seconds.
  path: Assets/sq_shooter/FPS/Prefabs/Weapons/Stylized Modular Weapons/Prefabs/Bottom_Part_01.prefab
  artifactKey: Guid(1652bbb45886c43e8a97ceded634e425) Importer(2089858483,0ecaa5967403d082aa24f35e1b516d23)
Start importing Assets/sq_shooter/FPS/Prefabs/Weapons/Stylized Modular Weapons/Prefabs/Bottom_Part_01.prefab using Guid(1652bbb45886c43e8a97ceded634e425) Importer(2089858483,0ecaa5967403d082aa24f35e1b516d23)  -> (artifact id: '883fc6e917f4a9d7f1326631b2bb0dcf') in 0.026158 seconds
Number of updated asset objects reloaded before import = 0
Number of asset objects unloaded after import = 7
========================================================================
Received Import Request.
  Time since last request: 0.000025 seconds.
  path: Assets/StarterAssets/Mobile/Scripts/VirtualInputs/UIVirtualTouchZone.cs
  artifactKey: Guid(65870f34fef70aa44b0f562cfc810220) Importer(2089858483,0ecaa5967403d082aa24f35e1b516d23)
Start importing Assets/StarterAssets/Mobile/Scripts/VirtualInputs/UIVirtualTouchZone.cs using Guid(65870f34fef70aa44b0f562cfc810220) Importer(2089858483,0ecaa5967403d082aa24f35e1b516d23)  -> (artifact id: '0719f3e4c6f5cd893b8ace9405ecb094') in 0.009965 seconds
Number of updated asset objects reloaded before import = 0
Number of asset objects unloaded after import = 1
========================================================================
Received Import Request.
  Time since last request: 0.000032 seconds.
  path: Assets/sq_shooter/FPS/Prefabs/ObjectivePickupItem.prefab
  artifactKey: Guid(a5e57422b1d4cd7418d7bd6037f5a604) Importer(2089858483,0ecaa5967403d082aa24f35e1b516d23)
Start importing Assets/sq_shooter/FPS/Prefabs/ObjectivePickupItem.prefab using Guid(a5e57422b1d4cd7418d7bd6037f5a604) Importer(2089858483,0ecaa5967403d082aa24f35e1b516d23)  -> (artifact id: 'b7ae1431201412a45d31537c1f4cfb42') in 0.014453 seconds
Number of updated asset objects reloaded before import = 0
Number of asset objects unloaded after import = 8
========================================================================
Received Import Request.
  Time since last request: 0.000026 seconds.
  path: Assets/sq_shooter/FPS/Prefabs/VFX/VFX_MuzzleFlashOrange.prefab
  artifactKey: Guid(7ecbeb40539fe7b4c9e4757e0e82c5c4) Importer(2089858483,0ecaa5967403d082aa24f35e1b516d23)
Start importing Assets/sq_shooter/FPS/Prefabs/VFX/VFX_MuzzleFlashOrange.prefab using Guid(7ecbeb40539fe7b4c9e4757e0e82c5c4) Importer(2089858483,0ecaa5967403d082aa24f35e1b516d23)  -> (artifact id: '259d8b0a86e069df4299ee179067625c') in 0.033258 seconds
Number of updated asset objects reloaded before import = 0
Number of asset objects unloaded after import = 6
========================================================================
Received Import Request.
  Time since last request: 0.000026 seconds.
  path: Assets/StarterAssets/ThirdPersonController/Character/Textures/Armature_Legs_Normal.tif
  artifactKey: Guid(b2c5d9c39850da946ae135dcb57faaea) Importer(2089858483,0ecaa5967403d082aa24f35e1b516d23)
Start importing Assets/StarterAssets/ThirdPersonController/Character/Textures/Armature_Legs_Normal.tif using Guid(b2c5d9c39850da946ae135dcb57faaea) Importer(2089858483,0ecaa5967403d082aa24f35e1b516d23)  -> (artifact id: '8dabed605023519617172c888483a48f') in 0.023808 seconds
Number of updated asset objects reloaded before import = 0
Number of asset objects unloaded after import = 1
========================================================================
Received Import Request.
  Time since last request: 0.000049 seconds.
  path: Assets/sq_shooter/FPS/Tutorials/Tutorials.asset
  artifactKey: Guid(977fb762f450240fd9006b8153a0f534) Importer(2089858483,0ecaa5967403d082aa24f35e1b516d23)
Start importing Assets/sq_shooter/FPS/Tutorials/Tutorials.asset using Guid(977fb762f450240fd9006b8153a0f534) Importer(2089858483,0ecaa5967403d082aa24f35e1b516d23)  -> (artifact id: 'f5efa0742795bfa54457ae9f6a322f86') in 0.307488 seconds
Number of updated asset objects reloaded before import = 0
Number of asset objects unloaded after import = 884
========================================================================
Received Import Request.
  Time since last request: 0.000074 seconds.
  path: Assets/sq_shooter/FPS/Prefabs/Level/Dungeon/Dun_Fork.prefab
  artifactKey: Guid(0a5a49e8197f8d34e90e825e26c9ecb2) Importer(2089858483,0ecaa5967403d082aa24f35e1b516d23)
Start importing Assets/sq_shooter/FPS/Prefabs/Level/Dungeon/Dun_Fork.prefab using Guid(0a5a49e8197f8d34e90e825e26c9ecb2) Importer(2089858483,0ecaa5967403d082aa24f35e1b516d23)  -> (artifact id: '209071805b8b6e96f3116ae2f6ed4a38') in 0.016581 seconds
Number of updated asset objects reloaded before import = 0
Number of asset objects unloaded after import = 499
========================================================================
Received Import Request.
  Time since last request: 0.000030 seconds.
  path: Assets/sq_shooter/FPS/Prefabs/Level/Catwalk/Cat_Corner.prefab
  artifactKey: Guid(6ee78a789f6c76e4283d0503654c2859) Importer(2089858483,0ecaa5967403d082aa24f35e1b516d23)
Start importing Assets/sq_shooter/FPS/Prefabs/Level/Catwalk/Cat_Corner.prefab using Guid(6ee78a789f6c76e4283d0503654c2859) Importer(2089858483,0ecaa5967403d082aa24f35e1b516d23)  -> (artifact id: '4d3ccf800f695f573a668884d3cac09a') in 0.005151 seconds
Number of updated asset objects reloaded before import = 0
Number of asset objects unloaded after import = 34
========================================================================
Received Import Request.
  Time since last request: 0.000018 seconds.
  path: Assets/sq_shooter/FPS/Prefabs/Projectiles/Projectile_LightAmmo.prefab
  artifactKey: Guid(ca97c81236ac3484d84745425748c81b) Importer(2089858483,0ecaa5967403d082aa24f35e1b516d23)
Start importing Assets/sq_shooter/FPS/Prefabs/Projectiles/Projectile_LightAmmo.prefab using Guid(ca97c81236ac3484d84745425748c81b) Importer(2089858483,0ecaa5967403d082aa24f35e1b516d23)  -> (artifact id: '60cb041af2e446d30c16ee6a3e958c8e') in 0.012573 seconds
Number of updated asset objects reloaded before import = 0
Number of asset objects unloaded after import = 17
========================================================================
Received Import Request.
  Time since last request: 0.000019 seconds.
  path: Assets/sq_shooter/FPS/Prefabs/Level/BaseObjects/Wall_DoorLarge_Mesh.prefab
  artifactKey: Guid(7673a77408601704487f600510222da0) Importer(2089858483,0ecaa5967403d082aa24f35e1b516d23)
Start importing Assets/sq_shooter/FPS/Prefabs/Level/BaseObjects/Wall_DoorLarge_Mesh.prefab using Guid(7673a77408601704487f600510222da0) Importer(2089858483,0ecaa5967403d082aa24f35e1b516d23)  -> (artifact id: 'b5a7d6d8c83ae16f58e94cad5cd517aa') in 0.007516 seconds
Number of updated asset objects reloaded before import = 0
Number of asset objects unloaded after import = 8
========================================================================
Received Import Request.
  Time since last request: 0.000020 seconds.
  path: Assets/sq_shooter/ModAssets/Models/BillboardMeshes/billboard_3D_basic.fbx
  artifactKey: Guid(ad9c1e36fab414677bc655cab88a1b71) Importer(2089858483,0ecaa5967403d082aa24f35e1b516d23)
Start importing Assets/sq_shooter/ModAssets/Models/BillboardMeshes/billboard_3D_basic.fbx using Guid(ad9c1e36fab414677bc655cab88a1b71) Importer(2089858483,0ecaa5967403d082aa24f35e1b516d23)  -> (artifact id: '02de9608304afbf47686277bba7cc87a') in 0.011846 seconds
Number of updated asset objects reloaded before import = 0
Number of asset objects unloaded after import = 12
========================================================================
Received Import Request.
  Time since last request: 0.000017 seconds.
  path: Assets/sq_shooter/FPS/Art/Materials/VFX/Sun.mat
  artifactKey: Guid(8da422a2fd1750842899fc4b5d7f9161) Importer(2089858483,0ecaa5967403d082aa24f35e1b516d23)
Start importing Assets/sq_shooter/FPS/Art/Materials/VFX/Sun.mat using Guid(8da422a2fd1750842899fc4b5d7f9161) Importer(2089858483,0ecaa5967403d082aa24f35e1b516d23)  -> (artifact id: '67f525d381f33031fb0db45f21dd9508') in 0.004898 seconds
Number of updated asset objects reloaded before import = 0
Number of asset objects unloaded after import = 1
========================================================================
Received Import Request.
  Time since last request: 0.000018 seconds.
  path: Assets/sq_shooter/FPS/Art/Materials/Weapons/WeaponDisc.mat
  artifactKey: Guid(bbfadc30c17002448a215c8857fefa7a) Importer(2089858483,0ecaa5967403d082aa24f35e1b516d23)
Start importing Assets/sq_shooter/FPS/Art/Materials/Weapons/WeaponDisc.mat using Guid(bbfadc30c17002448a215c8857fefa7a) Importer(2089858483,0ecaa5967403d082aa24f35e1b516d23)  -> (artifact id: 'a233655de7b4b82622d4d5fc93ba3573') in 0.009705 seconds
Number of updated asset objects reloaded before import = 0
Number of asset objects unloaded after import = 6
========================================================================
Received Import Request.
  Time since last request: 0.000019 seconds.
  path: Assets/StarterAssets/ThirdPersonController/Scenes/Playground/ReflectionProbe-0.exr
  artifactKey: Guid(b65762d7243eb714e903b585ed68a576) Importer(2089858483,0ecaa5967403d082aa24f35e1b516d23)
Start importing Assets/StarterAssets/ThirdPersonController/Scenes/Playground/ReflectionProbe-0.exr using Guid(b65762d7243eb714e903b585ed68a576) Importer(2089858483,0ecaa5967403d082aa24f35e1b516d23)  -> (artifact id: '7c251816e4711a82bf02446cc8f03584') in 0.008917 seconds
Number of updated asset objects reloaded before import = 0
Number of asset objects unloaded after import = 1
========================================================================
Received Import Request.
  Time since last request: 0.000019 seconds.
  path: Assets/sq_shooter/ModAssets/Materials/Custom Materials/Metal Silver.mat
  artifactKey: Guid(346183a72a1454a878a57ebb8b961c51) Importer(2089858483,0ecaa5967403d082aa24f35e1b516d23)
Start importing Assets/sq_shooter/ModAssets/Materials/Custom Materials/Metal Silver.mat using Guid(346183a72a1454a878a57ebb8b961c51) Importer(2089858483,0ecaa5967403d082aa24f35e1b516d23)  -> (artifact id: '79a43afbfb721a5a19cb614f4ad11956') in 0.005329 seconds
Number of updated asset objects reloaded before import = 0
Number of asset objects unloaded after import = 1
========================================================================
Received Import Request.
  Time since last request: 0.000016 seconds.
  path: Assets/sq_shooter/FPS/Prefabs/VFX/VFX_LazerSparksRed.prefab
  artifactKey: Guid(4d48b487f11e62940a978c7c0c0cbcb4) Importer(2089858483,0ecaa5967403d082aa24f35e1b516d23)
Start importing Assets/sq_shooter/FPS/Prefabs/VFX/VFX_LazerSparksRed.prefab using Guid(4d48b487f11e62940a978c7c0c0cbcb4) Importer(2089858483,0ecaa5967403d082aa24f35e1b516d23)  -> (artifact id: '670969e9444310c3cb82378434645440') in 0.020937 seconds
Number of updated asset objects reloaded before import = 0
Number of asset objects unloaded after import = 6
========================================================================
Received Import Request.
  Time since last request: 0.000019 seconds.
  path: Assets/sq_shooter/FPS/Tutorials/Playtest/03-Exit-Play.asset
  artifactKey: Guid(9d8534870475e4fa9b66e42843a86a19) Importer(2089858483,0ecaa5967403d082aa24f35e1b516d23)
Start importing Assets/sq_shooter/FPS/Tutorials/Playtest/03-Exit-Play.asset using Guid(9d8534870475e4fa9b66e42843a86a19) Importer(2089858483,0ecaa5967403d082aa24f35e1b516d23)  -> (artifact id: '5c06e4579f4e2dd5ce4166b23ccdf802') in 0.007352 seconds
Number of updated asset objects reloaded before import = 0
Number of asset objects unloaded after import = 4
========================================================================
Received Import Request.
  Time since last request: 0.000019 seconds.
  path: Assets/sq_shooter/Plugins/CW/LeanCommon/Examples/Prefabs/Demo.prefab
  artifactKey: Guid(298daca7decb9f846b5ff996ee97a495) Importer(2089858483,0ecaa5967403d082aa24f35e1b516d23)
Start importing Assets/sq_shooter/Plugins/CW/LeanCommon/Examples/Prefabs/Demo.prefab using Guid(298daca7decb9f846b5ff996ee97a495) Importer(2089858483,0ecaa5967403d082aa24f35e1b516d23)  -> (artifact id: '73e1c0899e10e825cacbefb2f0c5f934') in 0.012234 seconds
Number of updated asset objects reloaded before import = 0
Number of asset objects unloaded after import = 48
========================================================================
Received Import Request.
  Time since last request: 0.000022 seconds.
  path: Assets/sq_shooter/FPS/Prefabs/RootObjects/Wall_1m.mtl
  artifactKey: Guid(9ccd10e864b2df9419d09da7ed77f0c4) Importer(2089858483,0ecaa5967403d082aa24f35e1b516d23)
Start importing Assets/sq_shooter/FPS/Prefabs/RootObjects/Wall_1m.mtl using Guid(9ccd10e864b2df9419d09da7ed77f0c4) Importer(2089858483,0ecaa5967403d082aa24f35e1b516d23)  -> (artifact id: 'b20ad2d9a7ec944d22de807955fbd90d') in 0.003314 seconds
Number of updated asset objects reloaded before import = 0
Number of asset objects unloaded after import = 1
========================================================================
Received Import Request.
  Time since last request: 0.000027 seconds.
  path: Assets/sq_shooter/FPS/Prefabs/Level/MainLvl/Section1/Observatory_Hall.prefab
  artifactKey: Guid(a3c82ee5effb7634f949be4798cda766) Importer(2089858483,0ecaa5967403d082aa24f35e1b516d23)
Start importing Assets/sq_shooter/FPS/Prefabs/Level/MainLvl/Section1/Observatory_Hall.prefab using Guid(a3c82ee5effb7634f949be4798cda766) Importer(2089858483,0ecaa5967403d082aa24f35e1b516d23)  -> (artifact id: 'e09bccaa678f468ab1e4b3410b64a426') in 0.008298 seconds
Number of updated asset objects reloaded before import = 0
Number of asset objects unloaded after import = 316
========================================================================
Received Import Request.
  Time since last request: 0.000019 seconds.
  path: Assets/sq_shooter/FPS/Prefabs/Pickups/Pickup_Health.prefab
  artifactKey: Guid(d40ae884302b6684a8b3b6f3d55a71ba) Importer(2089858483,0ecaa5967403d082aa24f35e1b516d23)
Start importing Assets/sq_shooter/FPS/Prefabs/Pickups/Pickup_Health.prefab using Guid(d40ae884302b6684a8b3b6f3d55a71ba) Importer(2089858483,0ecaa5967403d082aa24f35e1b516d23)  -> (artifact id: '204b152c1710d2e3c248f39f402bbcba') in 0.013353 seconds
Number of updated asset objects reloaded before import = 0
Number of asset objects unloaded after import = 28
========================================================================
Received Import Request.
  Time since last request: 0.000021 seconds.
  path: Assets/sq_shooter/FPS/Prefabs/Level/Steps/ShortSteps.prefab
  artifactKey: Guid(5a9e1fa835b74524d8b11a37a9900a64) Importer(2089858483,0ecaa5967403d082aa24f35e1b516d23)
Start importing Assets/sq_shooter/FPS/Prefabs/Level/Steps/ShortSteps.prefab using Guid(5a9e1fa835b74524d8b11a37a9900a64) Importer(2089858483,0ecaa5967403d082aa24f35e1b516d23)  -> (artifact id: '528f481dd1803dfadff27227d1be77d8') in 0.005381 seconds
Number of updated asset objects reloaded before import = 0
Number of asset objects unloaded after import = 48
========================================================================
Received Import Request.
  Time since last request: 0.000019 seconds.
  path: Assets/sq_shooter/FPS/Prefabs/RootObjects/OBJBasic_Floor.obj
  artifactKey: Guid(b509642794356c148aba47d93d0e517f) Importer(2089858483,0ecaa5967403d082aa24f35e1b516d23)
Start importing Assets/sq_shooter/FPS/Prefabs/RootObjects/OBJBasic_Floor.obj using Guid(b509642794356c148aba47d93d0e517f) Importer(2089858483,0ecaa5967403d082aa24f35e1b516d23)  -> (artifact id: '3975b0fcade0513a0da33c1ce4473aff') in 0.012155 seconds
Number of updated asset objects reloaded before import = 0
Number of asset objects unloaded after import = 10
========================================================================
Received Import Request.
  Time since last request: 0.000021 seconds.
  path: Assets/sq_shooter/ModAssets/Prefabs/Hat Prefabs/TopHat.prefab
  artifactKey: Guid(774a4248793f3461bb91a4fe8170cdd7) Importer(2089858483,0ecaa5967403d082aa24f35e1b516d23)
Start importing Assets/sq_shooter/ModAssets/Prefabs/Hat Prefabs/TopHat.prefab using Guid(774a4248793f3461bb91a4fe8170cdd7) Importer(2089858483,0ecaa5967403d082aa24f35e1b516d23)  -> (artifact id: '10b94890e3525512231fca57deb3e566') in 0.004042 seconds
Number of updated asset objects reloaded before import = 0
Number of asset objects unloaded after import = 12
========================================================================
Received Import Request.
  Time since last request: 0.000019 seconds.
  path: Assets/sq_shooter/FPS/Prefabs/VFX/VFX_Dust.prefab
  artifactKey: Guid(ecdbb7f81f59b934cb72306019ee7a41) Importer(2089858483,0ecaa5967403d082aa24f35e1b516d23)
Start importing Assets/sq_shooter/FPS/Prefabs/VFX/VFX_Dust.prefab using Guid(ecdbb7f81f59b934cb72306019ee7a41) Importer(2089858483,0ecaa5967403d082aa24f35e1b516d23)  -> (artifact id: '66b75a5c0e50b594612246950c8f7ec6') in 0.023884 seconds
Number of updated asset objects reloaded before import = 0
Number of asset objects unloaded after import = 6
========================================================================
Received Import Request.
  Time since last request: 0.000021 seconds.
  path: Assets/StarterAssets/ThirdPersonController/Prefabs
  artifactKey: Guid(84b4ab346fc32d445b7207cb1884cf42) Importer(2089858483,0ecaa5967403d082aa24f35e1b516d23)
Start importing Assets/StarterAssets/ThirdPersonController/Prefabs using Guid(84b4ab346fc32d445b7207cb1884cf42) Importer(2089858483,0ecaa5967403d082aa24f35e1b516d23)  -> (artifact id: '888e64ac07628a6ce6e4f273be0e1c81') in 0.003029 seconds
Number of updated asset objects reloaded before import = 0
Number of asset objects unloaded after import = 1
========================================================================
Received Import Request.
  Time since last request: 0.000090 seconds.
  path: Assets/StarterAssets/Mobile/Scripts/VirtualInputs/UIVirtualJoystick.cs
  artifactKey: Guid(f2cb8c4d669392748bb924209de33b85) Importer(2089858483,0ecaa5967403d082aa24f35e1b516d23)
Start importing Assets/StarterAssets/Mobile/Scripts/VirtualInputs/UIVirtualJoystick.cs using Guid(f2cb8c4d669392748bb924209de33b85) Importer(2089858483,0ecaa5967403d082aa24f35e1b516d23)  -> (artifact id: 'd2ddda18aa1d5d3e517df09bbf3ff831') in 0.003952 seconds
Number of updated asset objects reloaded before import = 0
Number of asset objects unloaded after import = 1
========================================================================
Received Import Request.
  Time since last request: 0.000024 seconds.
  path: Assets/sq_shooter/Low Poly Fire/Prefabs/Pink-FireWood.prefab
  artifactKey: Guid(cfd52433c2081db47b83623fd9394d6f) Importer(2089858483,0ecaa5967403d082aa24f35e1b516d23)
Start importing Assets/sq_shooter/Low Poly Fire/Prefabs/Pink-FireWood.prefab using Guid(cfd52433c2081db47b83623fd9394d6f) Importer(2089858483,0ecaa5967403d082aa24f35e1b516d23)  -> (artifact id: '43f538e67761bbb21b31b69b221f5fbe') in 0.006871 seconds
Number of updated asset objects reloaded before import = 0
Number of asset objects unloaded after import = 16
========================================================================
Received Import Request.
  Time since last request: 0.000018 seconds.
  path: Assets/sq_shooter/FPS/Tutorials/AddAnAsset/AddAnAsset-05.asset
  artifactKey: Guid(862f95f45e82040848d3f1902bab01ef) Importer(2089858483,0ecaa5967403d082aa24f35e1b516d23)
Start importing Assets/sq_shooter/FPS/Tutorials/AddAnAsset/AddAnAsset-05.asset using Guid(862f95f45e82040848d3f1902bab01ef) Importer(2089858483,0ecaa5967403d082aa24f35e1b516d23)  -> (artifact id: 'b57c9cf52876fecb458d2f98f15469fd') in 0.008313 seconds
Number of updated asset objects reloaded before import = 0
Number of asset objects unloaded after import = 3
========================================================================
Received Import Request.
  Time since last request: 0.000018 seconds.
  path: Assets/sq_shooter/FPS/Prefabs/Level/MainLvl/Section3/Balcony_Ghost.prefab
  artifactKey: Guid(cf4f58d399eadd24aaa1ea13fcf967b8) Importer(2089858483,0ecaa5967403d082aa24f35e1b516d23)
Start importing Assets/sq_shooter/FPS/Prefabs/Level/MainLvl/Section3/Balcony_Ghost.prefab using Guid(cf4f58d399eadd24aaa1ea13fcf967b8) Importer(2089858483,0ecaa5967403d082aa24f35e1b516d23)  -> (artifact id: '830f43df6ee78077b24325b83bdbee85') in 0.006954 seconds
Number of updated asset objects reloaded before import = 0
Number of asset objects unloaded after import = 238
========================================================================
Received Import Request.
  Time since last request: 0.000022 seconds.
  path: Assets/sq_shooter/FPS/Tutorials/TutorialCallbacks.asset
  artifactKey: Guid(98457f12a6e8529488d624978bbbf3eb) Importer(2089858483,0ecaa5967403d082aa24f35e1b516d23)
Start importing Assets/sq_shooter/FPS/Tutorials/TutorialCallbacks.asset using Guid(98457f12a6e8529488d624978bbbf3eb) Importer(2089858483,0ecaa5967403d082aa24f35e1b516d23)  -> (artifact id: '09d83c6b4ce2d29347963b3307e16dad') in 0.003128 seconds
Number of updated asset objects reloaded before import = 0
Number of asset objects unloaded after import = 1
========================================================================
Received Import Request.
  Time since last request: 0.000027 seconds.
  path: Assets/sq_shooter/FPS/Animation/Turret/Turret@PassiveHurt.fbx
  artifactKey: Guid(87e95e20f7471044e8fadf76fb32c842) Importer(2089858483,0ecaa5967403d082aa24f35e1b516d23)
Start importing Assets/sq_shooter/FPS/Animation/Turret/Turret@PassiveHurt.fbx using Guid(87e95e20f7471044e8fadf76fb32c842) Importer(2089858483,0ecaa5967403d082aa24f35e1b516d23)  -> (artifact id: '8b2a86b9e0c2275cdbe0b959966af6ca') in 0.014162 seconds
Number of updated asset objects reloaded before import = 0
Number of asset objects unloaded after import = 20
========================================================================
Received Import Request.
  Time since last request: 0.000022 seconds.
  path: Assets/sq_shooter/ModAssets/Materials/HatMaterials/GlassesMaterial.mat
  artifactKey: Guid(1acefd150eaed40838351a00d9ea7163) Importer(2089858483,0ecaa5967403d082aa24f35e1b516d23)
Start importing Assets/sq_shooter/ModAssets/Materials/HatMaterials/GlassesMaterial.mat using Guid(1acefd150eaed40838351a00d9ea7163) Importer(2089858483,0ecaa5967403d082aa24f35e1b516d23)  -> (artifact id: 'a2766dcc39ccdc2f47c9b17f50911b8a') in 0.005041 seconds
Number of updated asset objects reloaded before import = 0
Number of asset objects unloaded after import = 1
========================================================================
Received Import Request.
  Time since last request: 0.000019 seconds.
  path: Assets/sq_shooter/Plugins/CW/LeanTouch/Examples/14 Selectable.unity
  artifactKey: Guid(32b6c4e824ab1a646a0178fbf08c24c4) Importer(2089858483,0ecaa5967403d082aa24f35e1b516d23)
Start importing Assets/sq_shooter/Plugins/CW/LeanTouch/Examples/14 Selectable.unity using Guid(32b6c4e824ab1a646a0178fbf08c24c4) Importer(2089858483,0ecaa5967403d082aa24f35e1b516d23)  -> (artifact id: '1f237174e7c6c96968071bc72ed4314d') in 0.003010 seconds
Number of updated asset objects reloaded before import = 0
Number of asset objects unloaded after import = 1
========================================================================
Received Import Request.
  Time since last request: 0.000057 seconds.
  path: Assets/sq_shooter/FPS/Tutorials/AddARoom/60-Done.asset
  artifactKey: Guid(e3dc744887c6e4362a59a5f0c10b2035) Importer(2089858483,0ecaa5967403d082aa24f35e1b516d23)
Start importing Assets/sq_shooter/FPS/Tutorials/AddARoom/60-Done.asset using Guid(e3dc744887c6e4362a59a5f0c10b2035) Importer(2089858483,0ecaa5967403d082aa24f35e1b516d23) SendMessage cannot be called during Awake, CheckConsistency, or OnValidate (Altar: OnMeshFilterChanged)
UnityEngine.StackTraceUtility:ExtractStackTrace ()
UnityEditor.AssetDatabase:LoadAssetAtPath<Unity.Tutorials.Core.Editor.Tutorial> (string)
System.Linq.Utilities/<>c__DisplayClass2_0`3<string, string, Unity.Tutorials.Core.Editor.Tutorial>:<CombineSelectors>b__0 (string)
System.Linq.Enumerable/SelectArrayIterator`2<string, Unity.Tutorials.Core.Editor.Tutorial>:MoveNext ()
System.Linq.Enumerable/<ExceptIterator>d__57`1<Unity.Tutorials.Core.Editor.Tutorial>:MoveNext ()
System.Linq.Enumerable:Any<Unity.Tutorials.Core.Editor.Tutorial> (System.Collections.Generic.IEnumerable`1<Unity.Tutorials.Core.Editor.Tutorial>,System.Func`2<Unity.Tutorials.Core.Editor.Tutorial, bool>)
Unity.Tutorials.Core.Editor.Tutorial:OnValidate () (at ./Library/PackageCache/com.unity.learn.iet-framework@3.1.3/Editor/Core/Tutorial.cs:338)
UnityEditor.Search.AssetIndexer:IndexProperties (int&,string&,bool&)
UnityEditor.Search.AssetIndexer:IndexDocument (string,bool)
UnityEditor.Search.SearchIndexEntryImporter:OnImportAsset (UnityEditor.AssetImporters.AssetImportContext)
UnityEditor.AssetImporters.ScriptedImporter:GenerateAssetData (UnityEditor.AssetImporters.AssetImportContext)

[./Library/PackageCache/com.unity.learn.iet-framework@3.1.3/Editor/Core/Tutorial.cs line 338]

SendMessage cannot be called during Awake, CheckConsistency, or OnValidate (Statue_Wall: OnMeshFilterChanged)
UnityEngine.StackTraceUtility:ExtractStackTrace ()
UnityEditor.AssetDatabase:LoadAssetAtPath<Unity.Tutorials.Core.Editor.Tutorial> (string)
System.Linq.Utilities/<>c__DisplayClass2_0`3<string, string, Unity.Tutorials.Core.Editor.Tutorial>:<CombineSelectors>b__0 (string)
System.Linq.Enumerable/SelectArrayIterator`2<string, Unity.Tutorials.Core.Editor.Tutorial>:MoveNext ()
System.Linq.Enumerable/<ExceptIterator>d__57`1<Unity.Tutorials.Core.Editor.Tutorial>:MoveNext ()
System.Linq.Enumerable:Any<Unity.Tutorials.Core.Editor.Tutorial> (System.Collections.Generic.IEnumerable`1<Unity.Tutorials.Core.Editor.Tutorial>,System.Func`2<Unity.Tutorials.Core.Editor.Tutorial, bool>)
Unity.Tutorials.Core.Editor.Tutorial:OnValidate () (at ./Library/PackageCache/com.unity.learn.iet-framework@3.1.3/Editor/Core/Tutorial.cs:338)
UnityEditor.Search.AssetIndexer:IndexProperties (int&,string&,bool&)
UnityEditor.Search.AssetIndexer:IndexDocument (string,bool)
UnityEditor.Search.SearchIndexEntryImporter:OnImportAsset (UnityEditor.AssetImporters.AssetImportContext)
UnityEditor.AssetImporters.ScriptedImporter:GenerateAssetData (UnityEditor.AssetImporters.AssetImportContext)

[./Library/PackageCache/com.unity.learn.iet-framework@3.1.3/Editor/Core/Tutorial.cs line 338]

SendMessage cannot be called during Awake, CheckConsistency, or OnValidate (Statue_Wall: OnMeshFilterChanged)
UnityEngine.StackTraceUtility:ExtractStackTrace ()
UnityEditor.AssetDatabase:LoadAssetAtPath<Unity.Tutorials.Core.Editor.Tutorial> (string)
System.Linq.Utilities/<>c__DisplayClass2_0`3<string, string, Unity.Tutorials.Core.Editor.Tutorial>:<CombineSelectors>b__0 (string)
System.Linq.Enumerable/SelectArrayIterator`2<string, Unity.Tutorials.Core.Editor.Tutorial>:MoveNext ()
System.Linq.Enumerable/<ExceptIterator>d__57`1<Unity.Tutorials.Core.Editor.Tutorial>:MoveNext ()
System.Linq.Enumerable:Any<Unity.Tutorials.Core.Editor.Tutorial> (System.Collections.Generic.IEnumerable`1<Unity.Tutorials.Core.Editor.Tutorial>,System.Func`2<Unity.Tutorials.Core.Editor.Tutorial, bool>)
Unity.Tutorials.Core.Editor.Tutorial:OnValidate () (at ./Library/PackageCache/com.unity.learn.iet-framework@3.1.3/Editor/Core/Tutorial.cs:338)
UnityEditor.Search.AssetIndexer:IndexProperties (int&,string&,bool&)
UnityEditor.Search.AssetIndexer:IndexDocument (string,bool)
UnityEditor.Search.SearchIndexEntryImporter:OnImportAsset (UnityEditor.AssetImporters.AssetImportContext)
UnityEditor.AssetImporters.ScriptedImporter:GenerateAssetData (UnityEditor.AssetImporters.AssetImportContext)

[./Library/PackageCache/com.unity.learn.iet-framework@3.1.3/Editor/Core/Tutorial.cs line 338]

SendMessage cannot be called during Awake, CheckConsistency, or OnValidate (Statue_Wall: OnMeshFilterChanged)
UnityEngine.StackTraceUtility:ExtractStackTrace ()
UnityEditor.AssetDatabase:LoadAssetAtPath<Unity.Tutorials.Core.Editor.Tutorial> (string)
System.Linq.Utilities/<>c__DisplayClass2_0`3<string, string, Unity.Tutorials.Core.Editor.Tutorial>:<CombineSelectors>b__0 (string)
System.Linq.Enumerable/SelectArrayIterator`2<string, Unity.Tutorials.Core.Editor.Tutorial>:MoveNext ()
System.Linq.Enumerable/<ExceptIterator>d__57`1<Unity.Tutorials.Core.Editor.Tutorial>:MoveNext ()
System.Linq.Enumerable:Any<Unity.Tutorials.Core.Editor.Tutorial> (System.Collections.Generic.IEnumerable`1<Unity.Tutorials.Core.Editor.Tutorial>,System.Func`2<Unity.Tutorials.Core.Editor.Tutorial, bool>)
Unity.Tutorials.Core.Editor.Tutorial:OnValidate () (at ./Library/PackageCache/com.unity.learn.iet-framework@3.1.3/Editor/Core/Tutorial.cs:338)
UnityEditor.Search.AssetIndexer:IndexProperties (int&,string&,bool&)
UnityEditor.Search.AssetIndexer:IndexDocument (string,bool)
UnityEditor.Search.SearchIndexEntryImporter:OnImportAsset (UnityEditor.AssetImporters.AssetImportContext)
UnityEditor.AssetImporters.ScriptedImporter:GenerateAssetData (UnityEditor.AssetImporters.AssetImportContext)

[./Library/PackageCache/com.unity.learn.iet-framework@3.1.3/Editor/Core/Tutorial.cs line 338]

SendMessage cannot be called during Awake, CheckConsistency, or OnValidate (Mesh: OnMeshFilterChanged)
UnityEngine.StackTraceUtility:ExtractStackTrace ()
UnityEditor.AssetDatabase:LoadAssetAtPath<Unity.Tutorials.Core.Editor.Tutorial> (string)
System.Linq.Utilities/<>c__DisplayClass2_0`3<string, string, Unity.Tutorials.Core.Editor.Tutorial>:<CombineSelectors>b__0 (string)
System.Linq.Enumerable/SelectArrayIterator`2<string, Unity.Tutorials.Core.Editor.Tutorial>:MoveNext ()
System.Linq.Enumerable/<ExceptIterator>d__57`1<Unity.Tutorials.Core.Editor.Tutorial>:MoveNext ()
System.Linq.Enumerable:Any<Unity.Tutorials.Core.Editor.Tutorial> (System.Collections.Generic.IEnumerable`1<Unity.Tutorials.Core.Editor.Tutorial>,System.Func`2<Unity.Tutorials.Core.Editor.Tutorial, bool>)
Unity.Tutorials.Core.Editor.Tutorial:OnValidate () (at ./Library/PackageCache/com.unity.learn.iet-framework@3.1.3/Editor/Core/Tutorial.cs:338)
UnityEditor.Search.AssetIndexer:IndexProperties (int&,string&,bool&)
UnityEditor.Search.AssetIndexer:IndexDocument (string,bool)
UnityEditor.Search.SearchIndexEntryImporter:OnImportAsset (UnityEditor.AssetImporters.AssetImportContext)
UnityEditor.AssetImporters.ScriptedImporter:GenerateAssetData (UnityEditor.AssetImporters.AssetImportContext)

[./Library/PackageCache/com.unity.learn.iet-framework@3.1.3/Editor/Core/Tutorial.cs line 338]

SendMessage cannot be called during Awake, CheckConsistency, or OnValidate (Mesh: OnMeshFilterChanged)
UnityEngine.StackTraceUtility:ExtractStackTrace ()
UnityEditor.AssetDatabase:LoadAssetAtPath<Unity.Tutorials.Core.Editor.Tutorial> (string)
System.Linq.Utilities/<>c__DisplayClass2_0`3<string, string, Unity.Tutorials.Core.Editor.Tutorial>:<CombineSelectors>b__0 (string)
System.Linq.Enumerable/SelectArrayIterator`2<string, Unity.Tutorials.Core.Editor.Tutorial>:MoveNext ()
System.Linq.Enumerable/<ExceptIterator>d__57`1<Unity.Tutorials.Core.Editor.Tutorial>:MoveNext ()
System.Linq.Enumerable:Any<Unity.Tutorials.Core.Editor.Tutorial> (System.Collections.Generic.IEnumerable`1<Unity.Tutorials.Core.Editor.Tutorial>,System.Func`2<Unity.Tutorials.Core.Editor.Tutorial, bool>)
Unity.Tutorials.Core.Editor.Tutorial:OnValidate () (at ./Library/PackageCache/com.unity.learn.iet-framework@3.1.3/Editor/Core/Tutorial.cs:338)
UnityEditor.Search.AssetIndexer:IndexProperties (int&,string&,bool&)
UnityEditor.Search.AssetIndexer:IndexDocument (string,bool)
UnityEditor.Search.SearchIndexEntryImporter:OnImportAsset (UnityEditor.AssetImporters.AssetImportContext)
UnityEditor.AssetImporters.ScriptedImporter:GenerateAssetData (UnityEditor.AssetImporters.AssetImportContext)

[./Library/PackageCache/com.unity.learn.iet-framework@3.1.3/Editor/Core/Tutorial.cs line 338]

SendMessage cannot be called during Awake, CheckConsistency, or OnValidate (Mesh: OnMeshFilterChanged)
UnityEngine.StackTraceUtility:ExtractStackTrace ()
UnityEditor.AssetDatabase:LoadAssetAtPath<Unity.Tutorials.Core.Editor.Tutorial> (string)
System.Linq.Utilities/<>c__DisplayClass2_0`3<string, string, Unity.Tutorials.Core.Editor.Tutorial>:<CombineSelectors>b__0 (string)
System.Linq.Enumerable/SelectArrayIterator`2<string, Unity.Tutorials.Core.Editor.Tutorial>:MoveNext ()
System.Linq.Enumerable/<ExceptIterator>d__57`1<Unity.Tutorials.Core.Editor.Tutorial>:MoveNext ()
System.Linq.Enumerable:Any<Unity.Tutorials.Core.Editor.Tutorial> (System.Collections.Generic.IEnumerable`1<Unity.Tutorials.Core.Editor.Tutorial>,System.Func`2<Unity.Tutorials.Core.Editor.Tutorial, bool>)
Unity.Tutorials.Core.Editor.Tutorial:OnValidate () (at ./Library/PackageCache/com.unity.learn.iet-framework@3.1.3/Editor/Core/Tutorial.cs:338)
UnityEditor.Search.AssetIndexer:IndexProperties (int&,string&,bool&)
UnityEditor.Search.AssetIndexer:IndexDocument (string,bool)
UnityEditor.Search.SearchIndexEntryImporter:OnImportAsset (UnityEditor.AssetImporters.AssetImportContext)
UnityEditor.AssetImporters.ScriptedImporter:GenerateAssetData (UnityEditor.AssetImporters.AssetImportContext)

[./Library/PackageCache/com.unity.learn.iet-framework@3.1.3/Editor/Core/Tutorial.cs line 338]

SendMessage cannot be called during Awake, CheckConsistency, or OnValidate (Mesh: OnMeshFilterChanged)
UnityEngine.StackTraceUtility:ExtractStackTrace ()
UnityEditor.AssetDatabase:LoadAssetAtPath<Unity.Tutorials.Core.Editor.Tutorial> (string)
System.Linq.Utilities/<>c__DisplayClass2_0`3<string, string, Unity.Tutorials.Core.Editor.Tutorial>:<CombineSelectors>b__0 (string)
System.Linq.Enumerable/SelectArrayIterator`2<string, Unity.Tutorials.Core.Editor.Tutorial>:MoveNext ()
System.Linq.Enumerable/<ExceptIterator>d__57`1<Unity.Tutorials.Core.Editor.Tutorial>:MoveNext ()
System.Linq.Enumerable:Any<Unity.Tutorials.Core.Editor.Tutorial> (System.Collections.Generic.IEnumerable`1<Unity.Tutorials.Core.Editor.Tutorial>,System.Func`2<Unity.Tutorials.Core.Editor.Tutorial, bool>)
Unity.Tutorials.Core.Editor.Tutorial:OnValidate () (at ./Library/PackageCache/com.unity.learn.iet-framework@3.1.3/Editor/Core/Tutorial.cs:338)
UnityEditor.Search.AssetIndexer:IndexProperties (int&,string&,bool&)
UnityEditor.Search.AssetIndexer:IndexDocument (string,bool)
UnityEditor.Search.SearchIndexEntryImporter:OnImportAsset (UnityEditor.AssetImporters.AssetImportContext)
UnityEditor.AssetImporters.ScriptedImporter:GenerateAssetData (UnityEditor.AssetImporters.AssetImportContext)

[./Library/PackageCache/com.unity.learn.iet-framework@3.1.3/Editor/Core/Tutorial.cs line 338]

SendMessage cannot be called during Awake, CheckConsistency, or OnValidate (Mesh: OnMeshFilterChanged)
UnityEngine.StackTraceUtility:ExtractStackTrace ()
UnityEditor.AssetDatabase:LoadAssetAtPath<Unity.Tutorials.Core.Editor.Tutorial> (string)
System.Linq.Utilities/<>c__DisplayClass2_0`3<string, string, Unity.Tutorials.Core.Editor.Tutorial>:<CombineSelectors>b__0 (string)
System.Linq.Enumerable/SelectArrayIterator`2<string, Unity.Tutorials.Core.Editor.Tutorial>:MoveNext ()
System.Linq.Enumerable/<ExceptIterator>d__57`1<Unity.Tutorials.Core.Editor.Tutorial>:MoveNext ()
System.Linq.Enumerable:Any<Unity.Tutorials.Core.Editor.Tutorial> (System.Collections.Generic.IEnumerable`1<Unity.Tutorials.Core.Editor.Tutorial>,System.Func`2<Unity.Tutorials.Core.Editor.Tutorial, bool>)
Unity.Tutorials.Core.Editor.Tutorial:OnValidate () (at ./Library/PackageCache/com.unity.learn.iet-framework@3.1.3/Editor/Core/Tutorial.cs:338)
UnityEditor.Search.AssetIndexer:IndexProperties (int&,string&,bool&)
UnityEditor.Search.AssetIndexer:IndexDocument (string,bool)
UnityEditor.Search.SearchIndexEntryImporter:OnImportAsset (UnityEditor.AssetImporters.AssetImportContext)
UnityEditor.AssetImporters.ScriptedImporter:GenerateAssetData (UnityEditor.AssetImporters.AssetImportContext)

[./Library/PackageCache/com.unity.learn.iet-framework@3.1.3/Editor/Core/Tutorial.cs line 338]

SendMessage cannot be called during Awake, CheckConsistency, or OnValidate (Mesh: OnMeshFilterChanged)
UnityEngine.StackTraceUtility:ExtractStackTrace ()
UnityEditor.AssetDatabase:LoadAssetAtPath<Unity.Tutorials.Core.Editor.Tutorial> (string)
System.Linq.Utilities/<>c__DisplayClass2_0`3<string, string, Unity.Tutorials.Core.Editor.Tutorial>:<CombineSelectors>b__0 (string)
System.Linq.Enumerable/SelectArrayIterator`2<string, Unity.Tutorials.Core.Editor.Tutorial>:MoveNext ()
System.Linq.Enumerable/<ExceptIterator>d__57`1<Unity.Tutorials.Core.Editor.Tutorial>:MoveNext ()
System.Linq.Enumerable:Any<Unity.Tutorials.Core.Editor.Tutorial> (System.Collections.Generic.IEnumerable`1<Unity.Tutorials.Core.Editor.Tutorial>,System.Func`2<Unity.Tutorials.Core.Editor.Tutorial, bool>)
Unity.Tutorials.Core.Editor.Tutorial:OnValidate () (at ./Library/PackageCache/com.unity.learn.iet-framework@3.1.3/Editor/Core/Tutorial.cs:338)
UnityEditor.Search.AssetIndexer:IndexProperties (int&,string&,bool&)
UnityEditor.Search.AssetIndexer:IndexDocument (string,bool)
UnityEditor.Search.SearchIndexEntryImporter:OnImportAsset (UnityEditor.AssetImporters.AssetImportContext)
UnityEditor.AssetImporters.ScriptedImporter:GenerateAssetData (UnityEditor.AssetImporters.AssetImportContext)

[./Library/PackageCache/com.unity.learn.iet-framework@3.1.3/Editor/Core/Tutorial.cs line 338]

SendMessage cannot be called during Awake, CheckConsistency, or OnValidate (Mesh: OnMeshFilterChanged)
UnityEngine.StackTraceUtility:ExtractStackTrace ()
UnityEditor.AssetDatabase:LoadAssetAtPath<Unity.Tutorials.Core.Editor.Tutorial> (string)
System.Linq.Utilities/<>c__DisplayClass2_0`3<string, string, Unity.Tutorials.Core.Editor.Tutorial>:<CombineSelectors>b__0 (string)
System.Linq.Enumerable/SelectArrayIterator`2<string, Unity.Tutorials.Core.Editor.Tutorial>:MoveNext ()
System.Linq.Enumerable/<ExceptIterator>d__57`1<Unity.Tutorials.Core.Editor.Tutorial>:MoveNext ()
System.Linq.Enumerable:Any<Unity.Tutorials.Core.Editor.Tutorial> (System.Collections.Generic.IEnumerable`1<Unity.Tutorials.Core.Editor.Tutorial>,System.Func`2<Unity.Tutorials.Core.Editor.Tutorial, bool>)
Unity.Tutorials.Core.Editor.Tutorial:OnValidate () (at ./Library/PackageCache/com.unity.learn.iet-framework@3.1.3/Editor/Core/Tutorial.cs:338)
UnityEditor.Search.AssetIndexer:IndexProperties (int&,string&,bool&)
UnityEditor.Search.AssetIndexer:IndexDocument (string,bool)
UnityEditor.Search.SearchIndexEntryImporter:OnImportAsset (UnityEditor.AssetImporters.AssetImportContext)
UnityEditor.AssetImporters.ScriptedImporter:GenerateAssetData (UnityEditor.AssetImporters.AssetImportContext)

[./Library/PackageCache/com.unity.learn.iet-framework@3.1.3/Editor/Core/Tutorial.cs line 338]

SendMessage cannot be called during Awake, CheckConsistency, or OnValidate (Mesh: OnMeshFilterChanged)
UnityEngine.StackTraceUtility:ExtractStackTrace ()
UnityEditor.AssetDatabase:LoadAssetAtPath<Unity.Tutorials.Core.Editor.Tutorial> (string)
System.Linq.Utilities/<>c__DisplayClass2_0`3<string, string, Unity.Tutorials.Core.Editor.Tutorial>:<CombineSelectors>b__0 (string)
System.Linq.Enumerable/SelectArrayIterator`2<string, Unity.Tutorials.Core.Editor.Tutorial>:MoveNext ()
System.Linq.Enumerable/<ExceptIterator>d__57`1<Unity.Tutorials.Core.Editor.Tutorial>:MoveNext ()
System.Linq.Enumerable:Any<Unity.Tutorials.Core.Editor.Tutorial> (System.Collections.Generic.IEnumerable`1<Unity.Tutorials.Core.Editor.Tutorial>,System.Func`2<Unity.Tutorials.Core.Editor.Tutorial, bool>)
Unity.Tutorials.Core.Editor.Tutorial:OnValidate () (at ./Library/PackageCache/com.unity.learn.iet-framework@3.1.3/Editor/Core/Tutorial.cs:338)
UnityEditor.Search.AssetIndexer:IndexProperties (int&,string&,bool&)
UnityEditor.Search.AssetIndexer:IndexDocument (string,bool)
UnityEditor.Search.SearchIndexEntryImporter:OnImportAsset (UnityEditor.AssetImporters.AssetImportContext)
UnityEditor.AssetImporters.ScriptedImporter:GenerateAssetData (UnityEditor.AssetImporters.AssetImportContext)

[./Library/PackageCache/com.unity.learn.iet-framework@3.1.3/Editor/Core/Tutorial.cs line 338]

SendMessage cannot be called during Awake, CheckConsistency, or OnValidate (Mesh: OnMeshFilterChanged)
UnityEngine.StackTraceUtility:ExtractStackTrace ()
UnityEditor.AssetDatabase:LoadAssetAtPath<Unity.Tutorials.Core.Editor.Tutorial> (string)
System.Linq.Utilities/<>c__DisplayClass2_0`3<string, string, Unity.Tutorials.Core.Editor.Tutorial>:<CombineSelectors>b__0 (string)
System.Linq.Enumerable/SelectArrayIterator`2<string, Unity.Tutorials.Core.Editor.Tutorial>:MoveNext ()
System.Linq.Enumerable/<ExceptIterator>d__57`1<Unity.Tutorials.Core.Editor.Tutorial>:MoveNext ()
System.Linq.Enumerable:Any<Unity.Tutorials.Core.Editor.Tutorial> (System.Collections.Generic.IEnumerable`1<Unity.Tutorials.Core.Editor.Tutorial>,System.Func`2<Unity.Tutorials.Core.Editor.Tutorial, bool>)
Unity.Tutorials.Core.Editor.Tutorial:OnValidate () (at ./Library/PackageCache/com.unity.learn.iet-framework@3.1.3/Editor/Core/Tutorial.cs:338)
UnityEditor.Search.AssetIndexer:IndexProperties (int&,string&,bool&)
UnityEditor.Search.AssetIndexer:IndexDocument (string,bool)
UnityEditor.Search.SearchIndexEntryImporter:OnImportAsset (UnityEditor.AssetImporters.AssetImportContext)
UnityEditor.AssetImporters.ScriptedImporter:GenerateAssetData (UnityEditor.AssetImporters.AssetImportContext)

[./Library/PackageCache/com.unity.learn.iet-framework@3.1.3/Editor/Core/Tutorial.cs line 338]

SendMessage cannot be called during Awake, CheckConsistency, or OnValidate (Mesh: OnMeshFilterChanged)
UnityEngine.StackTraceUtility:ExtractStackTrace ()
UnityEditor.AssetDatabase:LoadAssetAtPath<Unity.Tutorials.Core.Editor.Tutorial> (string)
System.Linq.Utilities/<>c__DisplayClass2_0`3<string, string, Unity.Tutorials.Core.Editor.Tutorial>:<CombineSelectors>b__0 (string)
System.Linq.Enumerable/SelectArrayIterator`2<string, Unity.Tutorials.Core.Editor.Tutorial>:MoveNext ()
System.Linq.Enumerable/<ExceptIterator>d__57`1<Unity.Tutorials.Core.Editor.Tutorial>:MoveNext ()
System.Linq.Enumerable:Any<Unity.Tutorials.Core.Editor.Tutorial> (System.Collections.Generic.IEnumerable`1<Unity.Tutorials.Core.Editor.Tutorial>,System.Func`2<Unity.Tutorials.Core.Editor.Tutorial, bool>)
Unity.Tutorials.Core.Editor.Tutorial:OnValidate () (at ./Library/PackageCache/com.unity.learn.iet-framework@3.1.3/Editor/Core/Tutorial.cs:338)
UnityEditor.Search.AssetIndexer:IndexProperties (int&,string&,bool&)
UnityEditor.Search.AssetIndexer:IndexDocument (string,bool)
UnityEditor.Search.SearchIndexEntryImporter:OnImportAsset (UnityEditor.AssetImporters.AssetImportContext)
UnityEditor.AssetImporters.ScriptedImporter:GenerateAssetData (UnityEditor.AssetImporters.AssetImportContext)

[./Library/PackageCache/com.unity.learn.iet-framework@3.1.3/Editor/Core/Tutorial.cs line 338]

SendMessage cannot be called during Awake, CheckConsistency, or OnValidate (Mesh: OnMeshFilterChanged)
UnityEngine.StackTraceUtility:ExtractStackTrace ()
UnityEditor.AssetDatabase:LoadAssetAtPath<Unity.Tutorials.Core.Editor.Tutorial> (string)
System.Linq.Utilities/<>c__DisplayClass2_0`3<string, string, Unity.Tutorials.Core.Editor.Tutorial>:<CombineSelectors>b__0 (string)
System.Linq.Enumerable/SelectArrayIterator`2<string, Unity.Tutorials.Core.Editor.Tutorial>:MoveNext ()
System.Linq.Enumerable/<ExceptIterator>d__57`1<Unity.Tutorials.Core.Editor.Tutorial>:MoveNext ()
System.Linq.Enumerable:Any<Unity.Tutorials.Core.Editor.Tutorial> (System.Collections.Generic.IEnumerable`1<Unity.Tutorials.Core.Editor.Tutorial>,System.Func`2<Unity.Tutorials.Core.Editor.Tutorial, bool>)
Unity.Tutorials.Core.Editor.Tutorial:OnValidate () (at ./Library/PackageCache/com.unity.learn.iet-framework@3.1.3/Editor/Core/Tutorial.cs:338)
UnityEditor.Search.AssetIndexer:IndexProperties (int&,string&,bool&)
UnityEditor.Search.AssetIndexer:IndexDocument (string,bool)
UnityEditor.Search.SearchIndexEntryImporter:OnImportAsset (UnityEditor.AssetImporters.AssetImportContext)
UnityEditor.AssetImporters.ScriptedImporter:GenerateAssetData (UnityEditor.AssetImporters.AssetImportContext)

[./Library/PackageCache/com.unity.learn.iet-framework@3.1.3/Editor/Core/Tutorial.cs line 338]

SendMessage cannot be called during Awake, CheckConsistency, or OnValidate (Mesh: OnMeshFilterChanged)
UnityEngine.StackTraceUtility:ExtractStackTrace ()
UnityEditor.AssetDatabase:LoadAssetAtPath<Unity.Tutorials.Core.Editor.Tutorial> (string)
System.Linq.Utilities/<>c__DisplayClass2_0`3<string, string, Unity.Tutorials.Core.Editor.Tutorial>:<CombineSelectors>b__0 (string)
System.Linq.Enumerable/SelectArrayIterator`2<string, Unity.Tutorials.Core.Editor.Tutorial>:MoveNext ()
System.Linq.Enumerable/<ExceptIterator>d__57`1<Unity.Tutorials.Core.Editor.Tutorial>:MoveNext ()
System.Linq.Enumerable:Any<Unity.Tutorials.Core.Editor.Tutorial> (System.Collections.Generic.IEnumerable`1<Unity.Tutorials.Core.Editor.Tutorial>,System.Func`2<Unity.Tutorials.Core.Editor.Tutorial, bool>)
Unity.Tutorials.Core.Editor.Tutorial:OnValidate () (at ./Library/PackageCache/com.unity.learn.iet-framework@3.1.3/Editor/Core/Tutorial.cs:338)
UnityEditor.Search.AssetIndexer:IndexProperties (int&,string&,bool&)
UnityEditor.Search.AssetIndexer:IndexDocument (string,bool)
UnityEditor.Search.SearchIndexEntryImporter:OnImportAsset (UnityEditor.AssetImporters.AssetImportContext)
UnityEditor.AssetImporters.ScriptedImporter:GenerateAssetData (UnityEditor.AssetImporters.AssetImportContext)

[./Library/PackageCache/com.unity.learn.iet-framework@3.1.3/Editor/Core/Tutorial.cs line 338]

SendMessage cannot be called during Awake, CheckConsistency, or OnValidate (Mesh: OnMeshFilterChanged)
UnityEngine.StackTraceUtility:ExtractStackTrace ()
UnityEditor.AssetDatabase:LoadAssetAtPath<Unity.Tutorials.Core.Editor.Tutorial> (string)
System.Linq.Utilities/<>c__DisplayClass2_0`3<string, string, Unity.Tutorials.Core.Editor.Tutorial>:<CombineSelectors>b__0 (string)
System.Linq.Enumerable/SelectArrayIterator`2<string, Unity.Tutorials.Core.Editor.Tutorial>:MoveNext ()
System.Linq.Enumerable/<ExceptIterator>d__57`1<Unity.Tutorials.Core.Editor.Tutorial>:MoveNext ()
System.Linq.Enumerable:Any<Unity.Tutorials.Core.Editor.Tutorial> (System.Collections.Generic.IEnumerable`1<Unity.Tutorials.Core.Editor.Tutorial>,System.Func`2<Unity.Tutorials.Core.Editor.Tutorial, bool>)
Unity.Tutorials.Core.Editor.Tutorial:OnValidate () (at ./Library/PackageCache/com.unity.learn.iet-framework@3.1.3/Editor/Core/Tutorial.cs:338)
UnityEditor.Search.AssetIndexer:IndexProperties (int&,string&,bool&)
UnityEditor.Search.AssetIndexer:IndexDocument (string,bool)
UnityEditor.Search.SearchIndexEntryImporter:OnImportAsset (UnityEditor.AssetImporters.AssetImportContext)
UnityEditor.AssetImporters.ScriptedImporter:GenerateAssetData (UnityEditor.AssetImporters.AssetImportContext)

[./Library/PackageCache/com.unity.learn.iet-framework@3.1.3/Editor/Core/Tutorial.cs line 338]

SendMessage cannot be called during Awake, CheckConsistency, or OnValidate (Mesh: OnMeshFilterChanged)
UnityEngine.StackTraceUtility:ExtractStackTrace ()
UnityEditor.AssetDatabase:LoadAssetAtPath<Unity.Tutorials.Core.Editor.Tutorial> (string)
System.Linq.Utilities/<>c__DisplayClass2_0`3<string, string, Unity.Tutorials.Core.Editor.Tutorial>:<CombineSelectors>b__0 (string)
System.Linq.Enumerable/SelectArrayIterator`2<string, Unity.Tutorials.Core.Editor.Tutorial>:MoveNext ()
System.Linq.Enumerable/<ExceptIterator>d__57`1<Unity.Tutorials.Core.Editor.Tutorial>:MoveNext ()
System.Linq.Enumerable:Any<Unity.Tutorials.Core.Editor.Tutorial> (System.Collections.Generic.IEnumerable`1<Unity.Tutorials.Core.Editor.Tutorial>,System.Func`2<Unity.Tutorials.Core.Editor.Tutorial, bool>)
Unity.Tutorials.Core.Editor.Tutorial:OnValidate () (at ./Library/PackageCache/com.unity.learn.iet-framework@3.1.3/Editor/Core/Tutorial.cs:338)
UnityEditor.Search.AssetIndexer:IndexProperties (int&,string&,bool&)
UnityEditor.Search.AssetIndexer:IndexDocument (string,bool)
UnityEditor.Search.SearchIndexEntryImporter:OnImportAsset (UnityEditor.AssetImporters.AssetImportContext)
UnityEditor.AssetImporters.ScriptedImporter:GenerateAssetData (UnityEditor.AssetImporters.AssetImportContext)

[./Library/PackageCache/com.unity.learn.iet-framework@3.1.3/Editor/Core/Tutorial.cs line 338]

SendMessage cannot be called during Awake, CheckConsistency, or OnValidate (Mesh: OnMeshFilterChanged)
UnityEngine.StackTraceUtility:ExtractStackTrace ()
UnityEditor.AssetDatabase:LoadAssetAtPath<Unity.Tutorials.Core.Editor.Tutorial> (string)
System.Linq.Utilities/<>c__DisplayClass2_0`3<string, string, Unity.Tutorials.Core.Editor.Tutorial>:<CombineSelectors>b__0 (string)
System.Linq.Enumerable/SelectArrayIterator`2<string, Unity.Tutorials.Core.Editor.Tutorial>:MoveNext ()
System.Linq.Enumerable/<ExceptIterator>d__57`1<Unity.Tutorials.Core.Editor.Tutorial>:MoveNext ()
System.Linq.Enumerable:Any<Unity.Tutorials.Core.Editor.Tutorial> (System.Collections.Generic.IEnumerable`1<Unity.Tutorials.Core.Editor.Tutorial>,System.Func`2<Unity.Tutorials.Core.Editor.Tutorial, bool>)
Unity.Tutorials.Core.Editor.Tutorial:OnValidate () (at ./Library/PackageCache/com.unity.learn.iet-framework@3.1.3/Editor/Core/Tutorial.cs:338)
UnityEditor.Search.AssetIndexer:IndexProperties (int&,string&,bool&)
UnityEditor.Search.AssetIndexer:IndexDocument (string,bool)
UnityEditor.Search.SearchIndexEntryImporter:OnImportAsset (UnityEditor.AssetImporters.AssetImportContext)
UnityEditor.AssetImporters.ScriptedImporter:GenerateAssetData (UnityEditor.AssetImporters.AssetImportContext)

[./Library/PackageCache/com.unity.learn.iet-framework@3.1.3/Editor/Core/Tutorial.cs line 338]

SendMessage cannot be called during Awake, CheckConsistency, or OnValidate (Mesh: OnMeshFilterChanged)
UnityEngine.StackTraceUtility:ExtractStackTrace ()
UnityEditor.AssetDatabase:LoadAssetAtPath<Unity.Tutorials.Core.Editor.Tutorial> (string)
System.Linq.Utilities/<>c__DisplayClass2_0`3<string, string, Unity.Tutorials.Core.Editor.Tutorial>:<CombineSelectors>b__0 (string)
System.Linq.Enumerable/SelectArrayIterator`2<string, Unity.Tutorials.Core.Editor.Tutorial>:MoveNext ()
System.Linq.Enumerable/<ExceptIterator>d__57`1<Unity.Tutorials.Core.Editor.Tutorial>:MoveNext ()
System.Linq.Enumerable:Any<Unity.Tutorials.Core.Editor.Tutorial> (System.Collections.Generic.IEnumerable`1<Unity.Tutorials.Core.Editor.Tutorial>,System.Func`2<Unity.Tutorials.Core.Editor.Tutorial, bool>)
Unity.Tutorials.Core.Editor.Tutorial:OnValidate () (at ./Library/PackageCache/com.unity.learn.iet-framework@3.1.3/Editor/Core/Tutorial.cs:338)
UnityEditor.Search.AssetIndexer:IndexProperties (int&,string&,bool&)
UnityEditor.Search.AssetIndexer:IndexDocument (string,bool)
UnityEditor.Search.SearchIndexEntryImporter:OnImportAsset (UnityEditor.AssetImporters.AssetImportContext)
UnityEditor.AssetImporters.ScriptedImporter:GenerateAssetData (UnityEditor.AssetImporters.AssetImportContext)

[./Library/PackageCache/com.unity.learn.iet-framework@3.1.3/Editor/Core/Tutorial.cs line 338]

SendMessage cannot be called during Awake, CheckConsistency, or OnValidate (Mesh: OnMeshFilterChanged)
UnityEngine.StackTraceUtility:ExtractStackTrace ()
UnityEditor.AssetDatabase:LoadAssetAtPath<Unity.Tutorials.Core.Editor.Tutorial> (string)
System.Linq.Utilities/<>c__DisplayClass2_0`3<string, string, Unity.Tutorials.Core.Editor.Tutorial>:<CombineSelectors>b__0 (string)
System.Linq.Enumerable/SelectArrayIterator`2<string, Unity.Tutorials.Core.Editor.Tutorial>:MoveNext ()
System.Linq.Enumerable/<ExceptIterator>d__57`1<Unity.Tutorials.Core.Editor.Tutorial>:MoveNext ()
System.Linq.Enumerable:Any<Unity.Tutorials.Core.Editor.Tutorial> (System.Collections.Generic.IEnumerable`1<Unity.Tutorials.Core.Editor.Tutorial>,System.Func`2<Unity.Tutorials.Core.Editor.Tutorial, bool>)
Unity.Tutorials.Core.Editor.Tutorial:OnValidate () (at ./Library/PackageCache/com.unity.learn.iet-framework@3.1.3/Editor/Core/Tutorial.cs:338)
UnityEditor.Search.AssetIndexer:IndexProperties (int&,string&,bool&)
UnityEditor.Search.AssetIndexer:IndexDocument (string,bool)
UnityEditor.Search.SearchIndexEntryImporter:OnImportAsset (UnityEditor.AssetImporters.AssetImportContext)
UnityEditor.AssetImporters.ScriptedImporter:GenerateAssetData (UnityEditor.AssetImporters.AssetImportContext)

[./Library/PackageCache/com.unity.learn.iet-framework@3.1.3/Editor/Core/Tutorial.cs line 338]

SendMessage cannot be called during Awake, CheckConsistency, or OnValidate (Mesh: OnMeshFilterChanged)
UnityEngine.StackTraceUtility:ExtractStackTrace ()
UnityEditor.AssetDatabase:LoadAssetAtPath<Unity.Tutorials.Core.Editor.Tutorial> (string)
System.Linq.Utilities/<>c__DisplayClass2_0`3<string, string, Unity.Tutorials.Core.Editor.Tutorial>:<CombineSelectors>b__0 (string)
System.Linq.Enumerable/SelectArrayIterator`2<string, Unity.Tutorials.Core.Editor.Tutorial>:MoveNext ()
System.Linq.Enumerable/<ExceptIterator>d__57`1<Unity.Tutorials.Core.Editor.Tutorial>:MoveNext ()
System.Linq.Enumerable:Any<Unity.Tutorials.Core.Editor.Tutorial> (System.Collections.Generic.IEnumerable`1<Unity.Tutorials.Core.Editor.Tutorial>,System.Func`2<Unity.Tutorials.Core.Editor.Tutorial, bool>)
Unity.Tutorials.Core.Editor.Tutorial:OnValidate () (at ./Library/PackageCache/com.unity.learn.iet-framework@3.1.3/Editor/Core/Tutorial.cs:338)
UnityEditor.Search.AssetIndexer:IndexProperties (int&,string&,bool&)
UnityEditor.Search.AssetIndexer:IndexDocument (string,bool)
UnityEditor.Search.SearchIndexEntryImporter:OnImportAsset (UnityEditor.AssetImporters.AssetImportContext)
UnityEditor.AssetImporters.ScriptedImporter:GenerateAssetData (UnityEditor.AssetImporters.AssetImportContext)

[./Library/PackageCache/com.unity.learn.iet-framework@3.1.3/Editor/Core/Tutorial.cs line 338]

SendMessage cannot be called during Awake, CheckConsistency, or OnValidate (Mesh: OnMeshFilterChanged)
UnityEngine.StackTraceUtility:ExtractStackTrace ()
UnityEditor.AssetDatabase:LoadAssetAtPath<Unity.Tutorials.Core.Editor.Tutorial> (string)
System.Linq.Utilities/<>c__DisplayClass2_0`3<string, string, Unity.Tutorials.Core.Editor.Tutorial>:<CombineSelectors>b__0 (string)
System.Linq.Enumerable/SelectArrayIterator`2<string, Unity.Tutorials.Core.Editor.Tutorial>:MoveNext ()
System.Linq.Enumerable/<ExceptIterator>d__57`1<Unity.Tutorials.Core.Editor.Tutorial>:MoveNext ()
System.Linq.Enumerable:Any<Unity.Tutorials.Core.Editor.Tutorial> (System.Collections.Generic.IEnumerable`1<Unity.Tutorials.Core.Editor.Tutorial>,System.Func`2<Unity.Tutorials.Core.Editor.Tutorial, bool>)
Unity.Tutorials.Core.Editor.Tutorial:OnValidate () (at ./Library/PackageCache/com.unity.learn.iet-framework@3.1.3/Editor/Core/Tutorial.cs:338)
UnityEditor.Search.AssetIndexer:IndexProperties (int&,string&,bool&)
UnityEditor.Search.AssetIndexer:IndexDocument (string,bool)
UnityEditor.Search.SearchIndexEntryImporter:OnImportAsset (UnityEditor.AssetImporters.AssetImportContext)
UnityEditor.AssetImporters.ScriptedImporter:GenerateAssetData (UnityEditor.AssetImporters.AssetImportContext)

[./Library/PackageCache/com.unity.learn.iet-framework@3.1.3/Editor/Core/Tutorial.cs line 338]

SendMessage cannot be called during Awake, CheckConsistency, or OnValidate (Mesh: OnMeshFilterChanged)
UnityEngine.StackTraceUtility:ExtractStackTrace ()
UnityEditor.AssetDatabase:LoadAssetAtPath<Unity.Tutorials.Core.Editor.Tutorial> (string)
System.Linq.Utilities/<>c__DisplayClass2_0`3<string, string, Unity.Tutorials.Core.Editor.Tutorial>:<CombineSelectors>b__0 (string)
System.Linq.Enumerable/SelectArrayIterator`2<string, Unity.Tutorials.Core.Editor.Tutorial>:MoveNext ()
System.Linq.Enumerable/<ExceptIterator>d__57`1<Unity.Tutorials.Core.Editor.Tutorial>:MoveNext ()
System.Linq.Enumerable:Any<Unity.Tutorials.Core.Editor.Tutorial> (System.Collections.Generic.IEnumerable`1<Unity.Tutorials.Core.Editor.Tutorial>,System.Func`2<Unity.Tutorials.Core.Editor.Tutorial, bool>)
Unity.Tutorials.Core.Editor.Tutorial:OnValidate () (at ./Library/PackageCache/com.unity.learn.iet-framework@3.1.3/Editor/Core/Tutorial.cs:338)
UnityEditor.Search.AssetIndexer:IndexProperties (int&,string&,bool&)
UnityEditor.Search.AssetIndexer:IndexDocument (string,bool)
UnityEditor.Search.SearchIndexEntryImporter:OnImportAsset (UnityEditor.AssetImporters.AssetImportContext)
UnityEditor.AssetImporters.ScriptedImporter:GenerateAssetData (UnityEditor.AssetImporters.AssetImportContext)

[./Library/PackageCache/com.unity.learn.iet-framework@3.1.3/Editor/Core/Tutorial.cs line 338]

SendMessage cannot be called during Awake, CheckConsistency, or OnValidate (Mesh: OnMeshFilterChanged)
UnityEngine.StackTraceUtility:ExtractStackTrace ()
UnityEditor.AssetDatabase:LoadAssetAtPath<Unity.Tutorials.Core.Editor.Tutorial> (string)
System.Linq.Utilities/<>c__DisplayClass2_0`3<string, string, Unity.Tutorials.Core.Editor.Tutorial>:<CombineSelectors>b__0 (string)
System.Linq.Enumerable/SelectArrayIterator`2<string, Unity.Tutorials.Core.Editor.Tutorial>:MoveNext ()
System.Linq.Enumerable/<ExceptIterator>d__57`1<Unity.Tutorials.Core.Editor.Tutorial>:MoveNext ()
System.Linq.Enumerable:Any<Unity.Tutorials.Core.Editor.Tutorial> (System.Collections.Generic.IEnumerable`1<Unity.Tutorials.Core.Editor.Tutorial>,System.Func`2<Unity.Tutorials.Core.Editor.Tutorial, bool>)
Unity.Tutorials.Core.Editor.Tutorial:OnValidate () (at ./Library/PackageCache/com.unity.learn.iet-framework@3.1.3/Editor/Core/Tutorial.cs:338)
UnityEditor.Search.AssetIndexer:IndexProperties (int&,string&,bool&)
UnityEditor.Search.AssetIndexer:IndexDocument (string,bool)
UnityEditor.Search.SearchIndexEntryImporter:OnImportAsset (UnityEditor.AssetImporters.AssetImportContext)
UnityEditor.AssetImporters.ScriptedImporter:GenerateAssetData (UnityEditor.AssetImporters.AssetImportContext)

[./Library/PackageCache/com.unity.learn.iet-framework@3.1.3/Editor/Core/Tutorial.cs line 338]

SendMessage cannot be called during Awake, CheckConsistency, or OnValidate (Mesh: OnMeshFilterChanged)
UnityEngine.StackTraceUtility:ExtractStackTrace ()
UnityEditor.AssetDatabase:LoadAssetAtPath<Unity.Tutorials.Core.Editor.Tutorial> (string)
System.Linq.Utilities/<>c__DisplayClass2_0`3<string, string, Unity.Tutorials.Core.Editor.Tutorial>:<CombineSelectors>b__0 (string)
System.Linq.Enumerable/SelectArrayIterator`2<string, Unity.Tutorials.Core.Editor.Tutorial>:MoveNext ()
System.Linq.Enumerable/<ExceptIterator>d__57`1<Unity.Tutorials.Core.Editor.Tutorial>:MoveNext ()
System.Linq.Enumerable:Any<Unity.Tutorials.Core.Editor.Tutorial> (System.Collections.Generic.IEnumerable`1<Unity.Tutorials.Core.Editor.Tutorial>,System.Func`2<Unity.Tutorials.Core.Editor.Tutorial, bool>)
Unity.Tutorials.Core.Editor.Tutorial:OnValidate () (at ./Library/PackageCache/com.unity.learn.iet-framework@3.1.3/Editor/Core/Tutorial.cs:338)
UnityEditor.Search.AssetIndexer:IndexProperties (int&,string&,bool&)
UnityEditor.Search.AssetIndexer:IndexDocument (string,bool)
UnityEditor.Search.SearchIndexEntryImporter:OnImportAsset (UnityEditor.AssetImporters.AssetImportContext)
UnityEditor.AssetImporters.ScriptedImporter:GenerateAssetData (UnityEditor.AssetImporters.AssetImportContext)

[./Library/PackageCache/com.unity.learn.iet-framework@3.1.3/Editor/Core/Tutorial.cs line 338]

SendMessage cannot be called during Awake, CheckConsistency, or OnValidate (Mesh: OnMeshFilterChanged)
UnityEngine.StackTraceUtility:ExtractStackTrace ()
UnityEditor.AssetDatabase:LoadAssetAtPath<Unity.Tutorials.Core.Editor.Tutorial> (string)
System.Linq.Utilities/<>c__DisplayClass2_0`3<string, string, Unity.Tutorials.Core.Editor.Tutorial>:<CombineSelectors>b__0 (string)
System.Linq.Enumerable/SelectArrayIterator`2<string, Unity.Tutorials.Core.Editor.Tutorial>:MoveNext ()
System.Linq.Enumerable/<ExceptIterator>d__57`1<Unity.Tutorials.Core.Editor.Tutorial>:MoveNext ()
System.Linq.Enumerable:Any<Unity.Tutorials.Core.Editor.Tutorial> (System.Collections.Generic.IEnumerable`1<Unity.Tutorials.Core.Editor.Tutorial>,System.Func`2<Unity.Tutorials.Core.Editor.Tutorial, bool>)
Unity.Tutorials.Core.Editor.Tutorial:OnValidate () (at ./Library/PackageCache/com.unity.learn.iet-framework@3.1.3/Editor/Core/Tutorial.cs:338)
UnityEditor.Search.AssetIndexer:IndexProperties (int&,string&,bool&)
UnityEditor.Search.AssetIndexer:IndexDocument (string,bool)
UnityEditor.Search.SearchIndexEntryImporter:OnImportAsset (UnityEditor.AssetImporters.AssetImportContext)
UnityEditor.AssetImporters.ScriptedImporter:GenerateAssetData (UnityEditor.AssetImporters.AssetImportContext)

[./Library/PackageCache/com.unity.learn.iet-framework@3.1.3/Editor/Core/Tutorial.cs line 338]

SendMessage cannot be called during Awake, CheckConsistency, or OnValidate (Mesh: OnMeshFilterChanged)
UnityEngine.StackTraceUtility:ExtractStackTrace ()
UnityEditor.AssetDatabase:LoadAssetAtPath<Unity.Tutorials.Core.Editor.Tutorial> (string)
System.Linq.Utilities/<>c__DisplayClass2_0`3<string, string, Unity.Tutorials.Core.Editor.Tutorial>:<CombineSelectors>b__0 (string)
System.Linq.Enumerable/SelectArrayIterator`2<string, Unity.Tutorials.Core.Editor.Tutorial>:MoveNext ()
System.Linq.Enumerable/<ExceptIterator>d__57`1<Unity.Tutorials.Core.Editor.Tutorial>:MoveNext ()
System.Linq.Enumerable:Any<Unity.Tutorials.Core.Editor.Tutorial> (System.Collections.Generic.IEnumerable`1<Unity.Tutorials.Core.Editor.Tutorial>,System.Func`2<Unity.Tutorials.Core.Editor.Tutorial, bool>)
Unity.Tutorials.Core.Editor.Tutorial:OnValidate () (at ./Library/PackageCache/com.unity.learn.iet-framework@3.1.3/Editor/Core/Tutorial.cs:338)
UnityEditor.Search.AssetIndexer:IndexProperties (int&,string&,bool&)
UnityEditor.Search.AssetIndexer:IndexDocument (string,bool)
UnityEditor.Search.SearchIndexEntryImporter:OnImportAsset (UnityEditor.AssetImporters.AssetImportContext)
UnityEditor.AssetImporters.ScriptedImporter:GenerateAssetData (UnityEditor.AssetImporters.AssetImportContext)

[./Library/PackageCache/com.unity.learn.iet-framework@3.1.3/Editor/Core/Tutorial.cs line 338]

SendMessage cannot be called during Awake, CheckConsistency, or OnValidate (Mesh: OnMeshFilterChanged)
UnityEngine.StackTraceUtility:ExtractStackTrace ()
UnityEditor.AssetDatabase:LoadAssetAtPath<Unity.Tutorials.Core.Editor.Tutorial> (string)
System.Linq.Utilities/<>c__DisplayClass2_0`3<string, string, Unity.Tutorials.Core.Editor.Tutorial>:<CombineSelectors>b__0 (string)
System.Linq.Enumerable/SelectArrayIterator`2<string, Unity.Tutorials.Core.Editor.Tutorial>:MoveNext ()
System.Linq.Enumerable/<ExceptIterator>d__57`1<Unity.Tutorials.Core.Editor.Tutorial>:MoveNext ()
System.Linq.Enumerable:Any<Unity.Tutorials.Core.Editor.Tutorial> (System.Collections.Generic.IEnumerable`1<Unity.Tutorials.Core.Editor.Tutorial>,System.Func`2<Unity.Tutorials.Core.Editor.Tutorial, bool>)
Unity.Tutorials.Core.Editor.Tutorial:OnValidate () (at ./Library/PackageCache/com.unity.learn.iet-framework@3.1.3/Editor/Core/Tutorial.cs:338)
UnityEditor.Search.AssetIndexer:IndexProperties (int&,string&,bool&)
UnityEditor.Search.AssetIndexer:IndexDocument (string,bool)
UnityEditor.Search.SearchIndexEntryImporter:OnImportAsset (UnityEditor.AssetImporters.AssetImportContext)
UnityEditor.AssetImporters.ScriptedImporter:GenerateAssetData (UnityEditor.AssetImporters.AssetImportContext)

[./Library/PackageCache/com.unity.learn.iet-framework@3.1.3/Editor/Core/Tutorial.cs line 338]

SendMessage cannot be called during Awake, CheckConsistency, or OnValidate (Mesh: OnMeshFilterChanged)
UnityEngine.StackTraceUtility:ExtractStackTrace ()
UnityEditor.AssetDatabase:LoadAssetAtPath<Unity.Tutorials.Core.Editor.Tutorial> (string)
System.Linq.Utilities/<>c__DisplayClass2_0`3<string, string, Unity.Tutorials.Core.Editor.Tutorial>:<CombineSelectors>b__0 (string)
System.Linq.Enumerable/SelectArrayIterator`2<string, Unity.Tutorials.Core.Editor.Tutorial>:MoveNext ()
System.Linq.Enumerable/<ExceptIterator>d__57`1<Unity.Tutorials.Core.Editor.Tutorial>:MoveNext ()
System.Linq.Enumerable:Any<Unity.Tutorials.Core.Editor.Tutorial> (System.Collections.Generic.IEnumerable`1<Unity.Tutorials.Core.Editor.Tutorial>,System.Func`2<Unity.Tutorials.Core.Editor.Tutorial, bool>)
Unity.Tutorials.Core.Editor.Tutorial:OnValidate () (at ./Library/PackageCache/com.unity.learn.iet-framework@3.1.3/Editor/Core/Tutorial.cs:338)
UnityEditor.Search.AssetIndexer:IndexProperties (int&,string&,bool&)
UnityEditor.Search.AssetIndexer:IndexDocument (string,bool)
UnityEditor.Search.SearchIndexEntryImporter:OnImportAsset (UnityEditor.AssetImporters.AssetImportContext)
UnityEditor.AssetImporters.ScriptedImporter:GenerateAssetData (UnityEditor.AssetImporters.AssetImportContext)

[./Library/PackageCache/com.unity.learn.iet-framework@3.1.3/Editor/Core/Tutorial.cs line 338]

SendMessage cannot be called during Awake, CheckConsistency, or OnValidate (Mesh: OnMeshFilterChanged)
UnityEngine.StackTraceUtility:ExtractStackTrace ()
UnityEditor.AssetDatabase:LoadAssetAtPath<Unity.Tutorials.Core.Editor.Tutorial> (string)
System.Linq.Utilities/<>c__DisplayClass2_0`3<string, string, Unity.Tutorials.Core.Editor.Tutorial>:<CombineSelectors>b__0 (string)
System.Linq.Enumerable/SelectArrayIterator`2<string, Unity.Tutorials.Core.Editor.Tutorial>:MoveNext ()
System.Linq.Enumerable/<ExceptIterator>d__57`1<Unity.Tutorials.Core.Editor.Tutorial>:MoveNext ()
System.Linq.Enumerable:Any<Unity.Tutorials.Core.Editor.Tutorial> (System.Collections.Generic.IEnumerable`1<Unity.Tutorials.Core.Editor.Tutorial>,System.Func`2<Unity.Tutorials.Core.Editor.Tutorial, bool>)
Unity.Tutorials.Core.Editor.Tutorial:OnValidate () (at ./Library/PackageCache/com.unity.learn.iet-framework@3.1.3/Editor/Core/Tutorial.cs:338)
UnityEditor.Search.AssetIndexer:IndexProperties (int&,string&,bool&)
UnityEditor.Search.AssetIndexer:IndexDocument (string,bool)
UnityEditor.Search.SearchIndexEntryImporter:OnImportAsset (UnityEditor.AssetImporters.AssetImportContext)
UnityEditor.AssetImporters.ScriptedImporter:GenerateAssetData (UnityEditor.AssetImporters.AssetImportContext)

[./Library/PackageCache/com.unity.learn.iet-framework@3.1.3/Editor/Core/Tutorial.cs line 338]

SendMessage cannot be called during Awake, CheckConsistency, or OnValidate (Mesh: OnMeshFilterChanged)
UnityEngine.StackTraceUtility:ExtractStackTrace ()
UnityEditor.AssetDatabase:LoadAssetAtPath<Unity.Tutorials.Core.Editor.Tutorial> (string)
System.Linq.Utilities/<>c__DisplayClass2_0`3<string, string, Unity.Tutorials.Core.Editor.Tutorial>:<CombineSelectors>b__0 (string)
System.Linq.Enumerable/SelectArrayIterator`2<string, Unity.Tutorials.Core.Editor.Tutorial>:MoveNext ()
System.Linq.Enumerable/<ExceptIterator>d__57`1<Unity.Tutorials.Core.Editor.Tutorial>:MoveNext ()
System.Linq.Enumerable:Any<Unity.Tutorials.Core.Editor.Tutorial> (System.Collections.Generic.IEnumerable`1<Unity.Tutorials.Core.Editor.Tutorial>,System.Func`2<Unity.Tutorials.Core.Editor.Tutorial, bool>)
Unity.Tutorials.Core.Editor.Tutorial:OnValidate () (at ./Library/PackageCache/com.unity.learn.iet-framework@3.1.3/Editor/Core/Tutorial.cs:338)
UnityEditor.Search.AssetIndexer:IndexProperties (int&,string&,bool&)
UnityEditor.Search.AssetIndexer:IndexDocument (string,bool)
UnityEditor.Search.SearchIndexEntryImporter:OnImportAsset (UnityEditor.AssetImporters.AssetImportContext)
UnityEditor.AssetImporters.ScriptedImporter:GenerateAssetData (UnityEditor.AssetImporters.AssetImportContext)

[./Library/PackageCache/com.unity.learn.iet-framework@3.1.3/Editor/Core/Tutorial.cs line 338]

SendMessage cannot be called during Awake, CheckConsistency, or OnValidate (Mesh: OnMeshFilterChanged)
UnityEngine.StackTraceUtility:ExtractStackTrace ()
UnityEditor.AssetDatabase:LoadAssetAtPath<Unity.Tutorials.Core.Editor.Tutorial> (string)
System.Linq.Utilities/<>c__DisplayClass2_0`3<string, string, Unity.Tutorials.Core.Editor.Tutorial>:<CombineSelectors>b__0 (string)
System.Linq.Enumerable/SelectArrayIterator`2<string, Unity.Tutorials.Core.Editor.Tutorial>:MoveNext ()
System.Linq.Enumerable/<ExceptIterator>d__57`1<Unity.Tutorials.Core.Editor.Tutorial>:MoveNext ()
System.Linq.Enumerable:Any<Unity.Tutorials.Core.Editor.Tutorial> (System.Collections.Generic.IEnumerable`1<Unity.Tutorials.Core.Editor.Tutorial>,System.Func`2<Unity.Tutorials.Core.Editor.Tutorial, bool>)
Unity.Tutorials.Core.Editor.Tutorial:OnValidate () (at ./Library/PackageCache/com.unity.learn.iet-framework@3.1.3/Editor/Core/Tutorial.cs:338)
UnityEditor.Search.AssetIndexer:IndexProperties (int&,string&,bool&)
UnityEditor.Search.AssetIndexer:IndexDocument (string,bool)
UnityEditor.Search.SearchIndexEntryImporter:OnImportAsset (UnityEditor.AssetImporters.AssetImportContext)
UnityEditor.AssetImporters.ScriptedImporter:GenerateAssetData (UnityEditor.AssetImporters.AssetImportContext)

[./Library/PackageCache/com.unity.learn.iet-framework@3.1.3/Editor/Core/Tutorial.cs line 338]

SendMessage cannot be called during Awake, CheckConsistency, or OnValidate (Mesh: OnMeshFilterChanged)
UnityEngine.StackTraceUtility:ExtractStackTrace ()
UnityEditor.AssetDatabase:LoadAssetAtPath<Unity.Tutorials.Core.Editor.Tutorial> (string)
System.Linq.Utilities/<>c__DisplayClass2_0`3<string, string, Unity.Tutorials.Core.Editor.Tutorial>:<CombineSelectors>b__0 (string)
System.Linq.Enumerable/SelectArrayIterator`2<string, Unity.Tutorials.Core.Editor.Tutorial>:MoveNext ()
System.Linq.Enumerable/<ExceptIterator>d__57`1<Unity.Tutorials.Core.Editor.Tutorial>:MoveNext ()
System.Linq.Enumerable:Any<Unity.Tutorials.Core.Editor.Tutorial> (System.Collections.Generic.IEnumerable`1<Unity.Tutorials.Core.Editor.Tutorial>,System.Func`2<Unity.Tutorials.Core.Editor.Tutorial, bool>)
Unity.Tutorials.Core.Editor.Tutorial:OnValidate () (at ./Library/PackageCache/com.unity.learn.iet-framework@3.1.3/Editor/Core/Tutorial.cs:338)
UnityEditor.Search.AssetIndexer:IndexProperties (int&,string&,bool&)
UnityEditor.Search.AssetIndexer:IndexDocument (string,bool)
UnityEditor.Search.SearchIndexEntryImporter:OnImportAsset (UnityEditor.AssetImporters.AssetImportContext)
UnityEditor.AssetImporters.ScriptedImporter:GenerateAssetData (UnityEditor.AssetImporters.AssetImportContext)

[./Library/PackageCache/com.unity.learn.iet-framework@3.1.3/Editor/Core/Tutorial.cs line 338]

SendMessage cannot be called during Awake, CheckConsistency, or OnValidate (Mesh: OnMeshFilterChanged)
UnityEngine.StackTraceUtility:ExtractStackTrace ()
UnityEditor.AssetDatabase:LoadAssetAtPath<Unity.Tutorials.Core.Editor.Tutorial> (string)
System.Linq.Utilities/<>c__DisplayClass2_0`3<string, string, Unity.Tutorials.Core.Editor.Tutorial>:<CombineSelectors>b__0 (string)
System.Linq.Enumerable/SelectArrayIterator`2<string, Unity.Tutorials.Core.Editor.Tutorial>:MoveNext ()
System.Linq.Enumerable/<ExceptIterator>d__57`1<Unity.Tutorials.Core.Editor.Tutorial>:MoveNext ()
System.Linq.Enumerable:Any<Unity.Tutorials.Core.Editor.Tutorial> (System.Collections.Generic.IEnumerable`1<Unity.Tutorials.Core.Editor.Tutorial>,System.Func`2<Unity.Tutorials.Core.Editor.Tutorial, bool>)
Unity.Tutorials.Core.Editor.Tutorial:OnValidate () (at ./Library/PackageCache/com.unity.learn.iet-framework@3.1.3/Editor/Core/Tutorial.cs:338)
UnityEditor.Search.AssetIndexer:IndexProperties (int&,string&,bool&)
UnityEditor.Search.AssetIndexer:IndexDocument (string,bool)
UnityEditor.Search.SearchIndexEntryImporter:OnImportAsset (UnityEditor.AssetImporters.AssetImportContext)
UnityEditor.AssetImporters.ScriptedImporter:GenerateAssetData (UnityEditor.AssetImporters.AssetImportContext)

[./Library/PackageCache/com.unity.learn.iet-framework@3.1.3/Editor/Core/Tutorial.cs line 338]

SendMessage cannot be called during Awake, CheckConsistency, or OnValidate (Mesh: OnMeshFilterChanged)
UnityEngine.StackTraceUtility:ExtractStackTrace ()
UnityEditor.AssetDatabase:LoadAssetAtPath<Unity.Tutorials.Core.Editor.Tutorial> (string)
System.Linq.Utilities/<>c__DisplayClass2_0`3<string, string, Unity.Tutorials.Core.Editor.Tutorial>:<CombineSelectors>b__0 (string)
System.Linq.Enumerable/SelectArrayIterator`2<string, Unity.Tutorials.Core.Editor.Tutorial>:MoveNext ()
System.Linq.Enumerable/<ExceptIterator>d__57`1<Unity.Tutorials.Core.Editor.Tutorial>:MoveNext ()
System.Linq.Enumerable:Any<Unity.Tutorials.Core.Editor.Tutorial> (System.Collections.Generic.IEnumerable`1<Unity.Tutorials.Core.Editor.Tutorial>,System.Func`2<Unity.Tutorials.Core.Editor.Tutorial, bool>)
Unity.Tutorials.Core.Editor.Tutorial:OnValidate () (at ./Library/PackageCache/com.unity.learn.iet-framework@3.1.3/Editor/Core/Tutorial.cs:338)
UnityEditor.Search.AssetIndexer:IndexProperties (int&,string&,bool&)
UnityEditor.Search.AssetIndexer:IndexDocument (string,bool)
UnityEditor.Search.SearchIndexEntryImporter:OnImportAsset (UnityEditor.AssetImporters.AssetImportContext)
UnityEditor.AssetImporters.ScriptedImporter:GenerateAssetData (UnityEditor.AssetImporters.AssetImportContext)

[./Library/PackageCache/com.unity.learn.iet-framework@3.1.3/Editor/Core/Tutorial.cs line 338]

SendMessage cannot be called during Awake, CheckConsistency, or OnValidate (Mesh: OnMeshFilterChanged)
UnityEngine.StackTraceUtility:ExtractStackTrace ()
UnityEditor.AssetDatabase:LoadAssetAtPath<Unity.Tutorials.Core.Editor.Tutorial> (string)
System.Linq.Utilities/<>c__DisplayClass2_0`3<string, string, Unity.Tutorials.Core.Editor.Tutorial>:<CombineSelectors>b__0 (string)
System.Linq.Enumerable/SelectArrayIterator`2<string, Unity.Tutorials.Core.Editor.Tutorial>:MoveNext ()
System.Linq.Enumerable/<ExceptIterator>d__57`1<Unity.Tutorials.Core.Editor.Tutorial>:MoveNext ()
System.Linq.Enumerable:Any<Unity.Tutorials.Core.Editor.Tutorial> (System.Collections.Generic.IEnumerable`1<Unity.Tutorials.Core.Editor.Tutorial>,System.Func`2<Unity.Tutorials.Core.Editor.Tutorial, bool>)
Unity.Tutorials.Core.Editor.Tutorial:OnValidate () (at ./Library/PackageCache/com.unity.learn.iet-framework@3.1.3/Editor/Core/Tutorial.cs:338)
UnityEditor.Search.AssetIndexer:IndexProperties (int&,string&,bool&)
UnityEditor.Search.AssetIndexer:IndexDocument (string,bool)
UnityEditor.Search.SearchIndexEntryImporter:OnImportAsset (UnityEditor.AssetImporters.AssetImportContext)
UnityEditor.AssetImporters.ScriptedImporter:GenerateAssetData (UnityEditor.AssetImporters.AssetImportContext)

[./Library/PackageCache/com.unity.learn.iet-framework@3.1.3/Editor/Core/Tutorial.cs line 338]

SendMessage cannot be called during Awake, CheckConsistency, or OnValidate (Mesh: OnMeshFilterChanged)
UnityEngine.StackTraceUtility:ExtractStackTrace ()
UnityEditor.AssetDatabase:LoadAssetAtPath<Unity.Tutorials.Core.Editor.Tutorial> (string)
System.Linq.Utilities/<>c__DisplayClass2_0`3<string, string, Unity.Tutorials.Core.Editor.Tutorial>:<CombineSelectors>b__0 (string)
System.Linq.Enumerable/SelectArrayIterator`2<string, Unity.Tutorials.Core.Editor.Tutorial>:MoveNext ()
System.Linq.Enumerable/<ExceptIterator>d__57`1<Unity.Tutorials.Core.Editor.Tutorial>:MoveNext ()
System.Linq.Enumerable:Any<Unity.Tutorials.Core.Editor.Tutorial> (System.Collections.Generic.IEnumerable`1<Unity.Tutorials.Core.Editor.Tutorial>,System.Func`2<Unity.Tutorials.Core.Editor.Tutorial, bool>)
Unity.Tutorials.Core.Editor.Tutorial:OnValidate () (at ./Library/PackageCache/com.unity.learn.iet-framework@3.1.3/Editor/Core/Tutorial.cs:338)
UnityEditor.Search.AssetIndexer:IndexProperties (int&,string&,bool&)
UnityEditor.Search.AssetIndexer:IndexDocument (string,bool)
UnityEditor.Search.SearchIndexEntryImporter:OnImportAsset (UnityEditor.AssetImporters.AssetImportContext)
UnityEditor.AssetImporters.ScriptedImporter:GenerateAssetData (UnityEditor.AssetImporters.AssetImportContext)

[./Library/PackageCache/com.unity.learn.iet-framework@3.1.3/Editor/Core/Tutorial.cs line 338]

SendMessage cannot be called during Awake, CheckConsistency, or OnValidate (Mesh: OnMeshFilterChanged)
UnityEngine.StackTraceUtility:ExtractStackTrace ()
UnityEditor.AssetDatabase:LoadAssetAtPath<Unity.Tutorials.Core.Editor.Tutorial> (string)
System.Linq.Utilities/<>c__DisplayClass2_0`3<string, string, Unity.Tutorials.Core.Editor.Tutorial>:<CombineSelectors>b__0 (string)
System.Linq.Enumerable/SelectArrayIterator`2<string, Unity.Tutorials.Core.Editor.Tutorial>:MoveNext ()
System.Linq.Enumerable/<ExceptIterator>d__57`1<Unity.Tutorials.Core.Editor.Tutorial>:MoveNext ()
System.Linq.Enumerable:Any<Unity.Tutorials.Core.Editor.Tutorial> (System.Collections.Generic.IEnumerable`1<Unity.Tutorials.Core.Editor.Tutorial>,System.Func`2<Unity.Tutorials.Core.Editor.Tutorial, bool>)
Unity.Tutorials.Core.Editor.Tutorial:OnValidate () (at ./Library/PackageCache/com.unity.learn.iet-framework@3.1.3/Editor/Core/Tutorial.cs:338)
UnityEditor.Search.AssetIndexer:IndexProperties (int&,string&,bool&)
UnityEditor.Search.AssetIndexer:IndexDocument (string,bool)
UnityEditor.Search.SearchIndexEntryImporter:OnImportAsset (UnityEditor.AssetImporters.AssetImportContext)
UnityEditor.AssetImporters.ScriptedImporter:GenerateAssetData (UnityEditor.AssetImporters.AssetImportContext)

[./Library/PackageCache/com.unity.learn.iet-framework@3.1.3/Editor/Core/Tutorial.cs line 338]

SendMessage cannot be called during Awake, CheckConsistency, or OnValidate (Mesh: OnMeshFilterChanged)
UnityEngine.StackTraceUtility:ExtractStackTrace ()
UnityEditor.AssetDatabase:LoadAssetAtPath<Unity.Tutorials.Core.Editor.Tutorial> (string)
System.Linq.Utilities/<>c__DisplayClass2_0`3<string, string, Unity.Tutorials.Core.Editor.Tutorial>:<CombineSelectors>b__0 (string)
System.Linq.Enumerable/SelectArrayIterator`2<string, Unity.Tutorials.Core.Editor.Tutorial>:MoveNext ()
System.Linq.Enumerable/<ExceptIterator>d__57`1<Unity.Tutorials.Core.Editor.Tutorial>:MoveNext ()
System.Linq.Enumerable:Any<Unity.Tutorials.Core.Editor.Tutorial> (System.Collections.Generic.IEnumerable`1<Unity.Tutorials.Core.Editor.Tutorial>,System.Func`2<Unity.Tutorials.Core.Editor.Tutorial, bool>)
Unity.Tutorials.Core.Editor.Tutorial:OnValidate () (at ./Library/PackageCache/com.unity.learn.iet-framework@3.1.3/Editor/Core/Tutorial.cs:338)
UnityEditor.Search.AssetIndexer:IndexProperties (int&,string&,bool&)
UnityEditor.Search.AssetIndexer:IndexDocument (string,bool)
UnityEditor.Search.SearchIndexEntryImporter:OnImportAsset (UnityEditor.AssetImporters.AssetImportContext)
UnityEditor.AssetImporters.ScriptedImporter:GenerateAssetData (UnityEditor.AssetImporters.AssetImportContext)

[./Library/PackageCache/com.unity.learn.iet-framework@3.1.3/Editor/Core/Tutorial.cs line 338]

SendMessage cannot be called during Awake, CheckConsistency, or OnValidate (Mesh: OnMeshFilterChanged)
UnityEngine.StackTraceUtility:ExtractStackTrace ()
UnityEditor.AssetDatabase:LoadAssetAtPath<Unity.Tutorials.Core.Editor.Tutorial> (string)
System.Linq.Utilities/<>c__DisplayClass2_0`3<string, string, Unity.Tutorials.Core.Editor.Tutorial>:<CombineSelectors>b__0 (string)
System.Linq.Enumerable/SelectArrayIterator`2<string, Unity.Tutorials.Core.Editor.Tutorial>:MoveNext ()
System.Linq.Enumerable/<ExceptIterator>d__57`1<Unity.Tutorials.Core.Editor.Tutorial>:MoveNext ()
System.Linq.Enumerable:Any<Unity.Tutorials.Core.Editor.Tutorial> (System.Collections.Generic.IEnumerable`1<Unity.Tutorials.Core.Editor.Tutorial>,System.Func`2<Unity.Tutorials.Core.Editor.Tutorial, bool>)
Unity.Tutorials.Core.Editor.Tutorial:OnValidate () (at ./Library/PackageCache/com.unity.learn.iet-framework@3.1.3/Editor/Core/Tutorial.cs:338)
UnityEditor.Search.AssetIndexer:IndexProperties (int&,string&,bool&)
UnityEditor.Search.AssetIndexer:IndexDocument (string,bool)
UnityEditor.Search.SearchIndexEntryImporter:OnImportAsset (UnityEditor.AssetImporters.AssetImportContext)
UnityEditor.AssetImporters.ScriptedImporter:GenerateAssetData (UnityEditor.AssetImporters.AssetImportContext)

[./Library/PackageCache/com.unity.learn.iet-framework@3.1.3/Editor/Core/Tutorial.cs line 338]

SendMessage cannot be called during Awake, CheckConsistency, or OnValidate (Mesh: OnMeshFilterChanged)
UnityEngine.StackTraceUtility:ExtractStackTrace ()
UnityEditor.AssetDatabase:LoadAssetAtPath<Unity.Tutorials.Core.Editor.Tutorial> (string)
System.Linq.Utilities/<>c__DisplayClass2_0`3<string, string, Unity.Tutorials.Core.Editor.Tutorial>:<CombineSelectors>b__0 (string)
System.Linq.Enumerable/SelectArrayIterator`2<string, Unity.Tutorials.Core.Editor.Tutorial>:MoveNext ()
System.Linq.Enumerable/<ExceptIterator>d__57`1<Unity.Tutorials.Core.Editor.Tutorial>:MoveNext ()
System.Linq.Enumerable:Any<Unity.Tutorials.Core.Editor.Tutorial> (System.Collections.Generic.IEnumerable`1<Unity.Tutorials.Core.Editor.Tutorial>,System.Func`2<Unity.Tutorials.Core.Editor.Tutorial, bool>)
Unity.Tutorials.Core.Editor.Tutorial:OnValidate () (at ./Library/PackageCache/com.unity.learn.iet-framework@3.1.3/Editor/Core/Tutorial.cs:338)
UnityEditor.Search.AssetIndexer:IndexProperties (int&,string&,bool&)
UnityEditor.Search.AssetIndexer:IndexDocument (string,bool)
UnityEditor.Search.SearchIndexEntryImporter:OnImportAsset (UnityEditor.AssetImporters.AssetImportContext)
UnityEditor.AssetImporters.ScriptedImporter:GenerateAssetData (UnityEditor.AssetImporters.AssetImportContext)

[./Library/PackageCache/com.unity.learn.iet-framework@3.1.3/Editor/Core/Tutorial.cs line 338]

SendMessage cannot be called during Awake, CheckConsistency, or OnValidate (Mesh: OnMeshFilterChanged)
UnityEngine.StackTraceUtility:ExtractStackTrace ()
UnityEditor.AssetDatabase:LoadAssetAtPath<Unity.Tutorials.Core.Editor.Tutorial> (string)
System.Linq.Utilities/<>c__DisplayClass2_0`3<string, string, Unity.Tutorials.Core.Editor.Tutorial>:<CombineSelectors>b__0 (string)
System.Linq.Enumerable/SelectArrayIterator`2<string, Unity.Tutorials.Core.Editor.Tutorial>:MoveNext ()
System.Linq.Enumerable/<ExceptIterator>d__57`1<Unity.Tutorials.Core.Editor.Tutorial>:MoveNext ()
System.Linq.Enumerable:Any<Unity.Tutorials.Core.Editor.Tutorial> (System.Collections.Generic.IEnumerable`1<Unity.Tutorials.Core.Editor.Tutorial>,System.Func`2<Unity.Tutorials.Core.Editor.Tutorial, bool>)
Unity.Tutorials.Core.Editor.Tutorial:OnValidate () (at ./Library/PackageCache/com.unity.learn.iet-framework@3.1.3/Editor/Core/Tutorial.cs:338)
UnityEditor.Search.AssetIndexer:IndexProperties (int&,string&,bool&)
UnityEditor.Search.AssetIndexer:IndexDocument (string,bool)
UnityEditor.Search.SearchIndexEntryImporter:OnImportAsset (UnityEditor.AssetImporters.AssetImportContext)
UnityEditor.AssetImporters.ScriptedImporter:GenerateAssetData (UnityEditor.AssetImporters.AssetImportContext)

[./Library/PackageCache/com.unity.learn.iet-framework@3.1.3/Editor/Core/Tutorial.cs line 338]

SendMessage cannot be called during Awake, CheckConsistency, or OnValidate (Mesh: OnMeshFilterChanged)
UnityEngine.StackTraceUtility:ExtractStackTrace ()
UnityEditor.AssetDatabase:LoadAssetAtPath<Unity.Tutorials.Core.Editor.Tutorial> (string)
System.Linq.Utilities/<>c__DisplayClass2_0`3<string, string, Unity.Tutorials.Core.Editor.Tutorial>:<CombineSelectors>b__0 (string)
System.Linq.Enumerable/SelectArrayIterator`2<string, Unity.Tutorials.Core.Editor.Tutorial>:MoveNext ()
System.Linq.Enumerable/<ExceptIterator>d__57`1<Unity.Tutorials.Core.Editor.Tutorial>:MoveNext ()
System.Linq.Enumerable:Any<Unity.Tutorials.Core.Editor.Tutorial> (System.Collections.Generic.IEnumerable`1<Unity.Tutorials.Core.Editor.Tutorial>,System.Func`2<Unity.Tutorials.Core.Editor.Tutorial, bool>)
Unity.Tutorials.Core.Editor.Tutorial:OnValidate () (at ./Library/PackageCache/com.unity.learn.iet-framework@3.1.3/Editor/Core/Tutorial.cs:338)
UnityEditor.Search.AssetIndexer:IndexProperties (int&,string&,bool&)
UnityEditor.Search.AssetIndexer:IndexDocument (string,bool)
UnityEditor.Search.SearchIndexEntryImporter:OnImportAsset (UnityEditor.AssetImporters.AssetImportContext)
UnityEditor.AssetImporters.ScriptedImporter:GenerateAssetData (UnityEditor.AssetImporters.AssetImportContext)

[./Library/PackageCache/com.unity.learn.iet-framework@3.1.3/Editor/Core/Tutorial.cs line 338]

SendMessage cannot be called during Awake, CheckConsistency, or OnValidate (Mesh: OnMeshFilterChanged)
UnityEngine.StackTraceUtility:ExtractStackTrace ()
UnityEditor.AssetDatabase:LoadAssetAtPath<Unity.Tutorials.Core.Editor.Tutorial> (string)
System.Linq.Utilities/<>c__DisplayClass2_0`3<string, string, Unity.Tutorials.Core.Editor.Tutorial>:<CombineSelectors>b__0 (string)
System.Linq.Enumerable/SelectArrayIterator`2<string, Unity.Tutorials.Core.Editor.Tutorial>:MoveNext ()
System.Linq.Enumerable/<ExceptIterator>d__57`1<Unity.Tutorials.Core.Editor.Tutorial>:MoveNext ()
System.Linq.Enumerable:Any<Unity.Tutorials.Core.Editor.Tutorial> (System.Collections.Generic.IEnumerable`1<Unity.Tutorials.Core.Editor.Tutorial>,System.Func`2<Unity.Tutorials.Core.Editor.Tutorial, bool>)
Unity.Tutorials.Core.Editor.Tutorial:OnValidate () (at ./Library/PackageCache/com.unity.learn.iet-framework@3.1.3/Editor/Core/Tutorial.cs:338)
UnityEditor.Search.AssetIndexer:IndexProperties (int&,string&,bool&)
UnityEditor.Search.AssetIndexer:IndexDocument (string,bool)
UnityEditor.Search.SearchIndexEntryImporter:OnImportAsset (UnityEditor.AssetImporters.AssetImportContext)
UnityEditor.AssetImporters.ScriptedImporter:GenerateAssetData (UnityEditor.AssetImporters.AssetImportContext)

[./Library/PackageCache/com.unity.learn.iet-framework@3.1.3/Editor/Core/Tutorial.cs line 338]

SendMessage cannot be called during Awake, CheckConsistency, or OnValidate (Mesh: OnMeshFilterChanged)
UnityEngine.StackTraceUtility:ExtractStackTrace ()
UnityEditor.AssetDatabase:LoadAssetAtPath<Unity.Tutorials.Core.Editor.Tutorial> (string)
System.Linq.Utilities/<>c__DisplayClass2_0`3<string, string, Unity.Tutorials.Core.Editor.Tutorial>:<CombineSelectors>b__0 (string)
System.Linq.Enumerable/SelectArrayIterator`2<string, Unity.Tutorials.Core.Editor.Tutorial>:MoveNext ()
System.Linq.Enumerable/<ExceptIterator>d__57`1<Unity.Tutorials.Core.Editor.Tutorial>:MoveNext ()
System.Linq.Enumerable:Any<Unity.Tutorials.Core.Editor.Tutorial> (System.Collections.Generic.IEnumerable`1<Unity.Tutorials.Core.Editor.Tutorial>,System.Func`2<Unity.Tutorials.Core.Editor.Tutorial, bool>)
Unity.Tutorials.Core.Editor.Tutorial:OnValidate () (at ./Library/PackageCache/com.unity.learn.iet-framework@3.1.3/Editor/Core/Tutorial.cs:338)
UnityEditor.Search.AssetIndexer:IndexProperties (int&,string&,bool&)
UnityEditor.Search.AssetIndexer:IndexDocument (string,bool)
UnityEditor.Search.SearchIndexEntryImporter:OnImportAsset (UnityEditor.AssetImporters.AssetImportContext)
UnityEditor.AssetImporters.ScriptedImporter:GenerateAssetData (UnityEditor.AssetImporters.AssetImportContext)

[./Library/PackageCache/com.unity.learn.iet-framework@3.1.3/Editor/Core/Tutorial.cs line 338]

SendMessage cannot be called during Awake, CheckConsistency, or OnValidate (Mesh: OnMeshFilterChanged)
UnityEngine.StackTraceUtility:ExtractStackTrace ()
UnityEditor.AssetDatabase:LoadAssetAtPath<Unity.Tutorials.Core.Editor.Tutorial> (string)
System.Linq.Utilities/<>c__DisplayClass2_0`3<string, string, Unity.Tutorials.Core.Editor.Tutorial>:<CombineSelectors>b__0 (string)
System.Linq.Enumerable/SelectArrayIterator`2<string, Unity.Tutorials.Core.Editor.Tutorial>:MoveNext ()
System.Linq.Enumerable/<ExceptIterator>d__57`1<Unity.Tutorials.Core.Editor.Tutorial>:MoveNext ()
System.Linq.Enumerable:Any<Unity.Tutorials.Core.Editor.Tutorial> (System.Collections.Generic.IEnumerable`1<Unity.Tutorials.Core.Editor.Tutorial>,System.Func`2<Unity.Tutorials.Core.Editor.Tutorial, bool>)
Unity.Tutorials.Core.Editor.Tutorial:OnValidate () (at ./Library/PackageCache/com.unity.learn.iet-framework@3.1.3/Editor/Core/Tutorial.cs:338)
UnityEditor.Search.AssetIndexer:IndexProperties (int&,string&,bool&)
UnityEditor.Search.AssetIndexer:IndexDocument (string,bool)
UnityEditor.Search.SearchIndexEntryImporter:OnImportAsset (UnityEditor.AssetImporters.AssetImportContext)
UnityEditor.AssetImporters.ScriptedImporter:GenerateAssetData (UnityEditor.AssetImporters.AssetImportContext)

[./Library/PackageCache/com.unity.learn.iet-framework@3.1.3/Editor/Core/Tutorial.cs line 338]

SendMessage cannot be called during Awake, CheckConsistency, or OnValidate (Mesh: OnMeshFilterChanged)
UnityEngine.StackTraceUtility:ExtractStackTrace ()
UnityEditor.AssetDatabase:LoadAssetAtPath<Unity.Tutorials.Core.Editor.Tutorial> (string)
System.Linq.Utilities/<>c__DisplayClass2_0`3<string, string, Unity.Tutorials.Core.Editor.Tutorial>:<CombineSelectors>b__0 (string)
System.Linq.Enumerable/SelectArrayIterator`2<string, Unity.Tutorials.Core.Editor.Tutorial>:MoveNext ()
System.Linq.Enumerable/<ExceptIterator>d__57`1<Unity.Tutorials.Core.Editor.Tutorial>:MoveNext ()
System.Linq.Enumerable:Any<Unity.Tutorials.Core.Editor.Tutorial> (System.Collections.Generic.IEnumerable`1<Unity.Tutorials.Core.Editor.Tutorial>,System.Func`2<Unity.Tutorials.Core.Editor.Tutorial, bool>)
Unity.Tutorials.Core.Editor.Tutorial:OnValidate () (at ./Library/PackageCache/com.unity.learn.iet-framework@3.1.3/Editor/Core/Tutorial.cs:338)
UnityEditor.Search.AssetIndexer:IndexProperties (int&,string&,bool&)
UnityEditor.Search.AssetIndexer:IndexDocument (string,bool)
UnityEditor.Search.SearchIndexEntryImporter:OnImportAsset (UnityEditor.AssetImporters.AssetImportContext)
UnityEditor.AssetImporters.ScriptedImporter:GenerateAssetData (UnityEditor.AssetImporters.AssetImportContext)

[./Library/PackageCache/com.unity.learn.iet-framework@3.1.3/Editor/Core/Tutorial.cs line 338]

SendMessage cannot be called during Awake, CheckConsistency, or OnValidate (Mesh: OnMeshFilterChanged)
UnityEngine.StackTraceUtility:ExtractStackTrace ()
UnityEditor.AssetDatabase:LoadAssetAtPath<Unity.Tutorials.Core.Editor.Tutorial> (string)
System.Linq.Utilities/<>c__DisplayClass2_0`3<string, string, Unity.Tutorials.Core.Editor.Tutorial>:<CombineSelectors>b__0 (string)
System.Linq.Enumerable/SelectArrayIterator`2<string, Unity.Tutorials.Core.Editor.Tutorial>:MoveNext ()
System.Linq.Enumerable/<ExceptIterator>d__57`1<Unity.Tutorials.Core.Editor.Tutorial>:MoveNext ()
System.Linq.Enumerable:Any<Unity.Tutorials.Core.Editor.Tutorial> (System.Collections.Generic.IEnumerable`1<Unity.Tutorials.Core.Editor.Tutorial>,System.Func`2<Unity.Tutorials.Core.Editor.Tutorial, bool>)
Unity.Tutorials.Core.Editor.Tutorial:OnValidate () (at ./Library/PackageCache/com.unity.learn.iet-framework@3.1.3/Editor/Core/Tutorial.cs:338)
UnityEditor.Search.AssetIndexer:IndexProperties (int&,string&,bool&)
UnityEditor.Search.AssetIndexer:IndexDocument (string,bool)
UnityEditor.Search.SearchIndexEntryImporter:OnImportAsset (UnityEditor.AssetImporters.AssetImportContext)
UnityEditor.AssetImporters.ScriptedImporter:GenerateAssetData (UnityEditor.AssetImporters.AssetImportContext)

[./Library/PackageCache/com.unity.learn.iet-framework@3.1.3/Editor/Core/Tutorial.cs line 338]

SendMessage cannot be called during Awake, CheckConsistency, or OnValidate (Mesh: OnMeshFilterChanged)
UnityEngine.StackTraceUtility:ExtractStackTrace ()
UnityEditor.AssetDatabase:LoadAssetAtPath<Unity.Tutorials.Core.Editor.Tutorial> (string)
System.Linq.Utilities/<>c__DisplayClass2_0`3<string, string, Unity.Tutorials.Core.Editor.Tutorial>:<CombineSelectors>b__0 (string)
System.Linq.Enumerable/SelectArrayIterator`2<string, Unity.Tutorials.Core.Editor.Tutorial>:MoveNext ()
System.Linq.Enumerable/<ExceptIterator>d__57`1<Unity.Tutorials.Core.Editor.Tutorial>:MoveNext ()
System.Linq.Enumerable:Any<Unity.Tutorials.Core.Editor.Tutorial> (System.Collections.Generic.IEnumerable`1<Unity.Tutorials.Core.Editor.Tutorial>,System.Func`2<Unity.Tutorials.Core.Editor.Tutorial, bool>)
Unity.Tutorials.Core.Editor.Tutorial:OnValidate () (at ./Library/PackageCache/com.unity.learn.iet-framework@3.1.3/Editor/Core/Tutorial.cs:338)
UnityEditor.Search.AssetIndexer:IndexProperties (int&,string&,bool&)
UnityEditor.Search.AssetIndexer:IndexDocument (string,bool)
UnityEditor.Search.SearchIndexEntryImporter:OnImportAsset (UnityEditor.AssetImporters.AssetImportContext)
UnityEditor.AssetImporters.ScriptedImporter:GenerateAssetData (UnityEditor.AssetImporters.AssetImportContext)

[./Library/PackageCache/com.unity.learn.iet-framework@3.1.3/Editor/Core/Tutorial.cs line 338]

SendMessage cannot be called during Awake, CheckConsistency, or OnValidate (Mesh: OnMeshFilterChanged)
UnityEngine.StackTraceUtility:ExtractStackTrace ()
UnityEditor.AssetDatabase:LoadAssetAtPath<Unity.Tutorials.Core.Editor.Tutorial> (string)
System.Linq.Utilities/<>c__DisplayClass2_0`3<string, string, Unity.Tutorials.Core.Editor.Tutorial>:<CombineSelectors>b__0 (string)
System.Linq.Enumerable/SelectArrayIterator`2<string, Unity.Tutorials.Core.Editor.Tutorial>:MoveNext ()
System.Linq.Enumerable/<ExceptIterator>d__57`1<Unity.Tutorials.Core.Editor.Tutorial>:MoveNext ()
System.Linq.Enumerable:Any<Unity.Tutorials.Core.Editor.Tutorial> (System.Collections.Generic.IEnumerable`1<Unity.Tutorials.Core.Editor.Tutorial>,System.Func`2<Unity.Tutorials.Core.Editor.Tutorial, bool>)
Unity.Tutorials.Core.Editor.Tutorial:OnValidate () (at ./Library/PackageCache/com.unity.learn.iet-framework@3.1.3/Editor/Core/Tutorial.cs:338)
UnityEditor.Search.AssetIndexer:IndexProperties (int&,string&,bool&)
UnityEditor.Search.AssetIndexer:IndexDocument (string,bool)
UnityEditor.Search.SearchIndexEntryImporter:OnImportAsset (UnityEditor.AssetImporters.AssetImportContext)
UnityEditor.AssetImporters.ScriptedImporter:GenerateAssetData (UnityEditor.AssetImporters.AssetImportContext)

[./Library/PackageCache/com.unity.learn.iet-framework@3.1.3/Editor/Core/Tutorial.cs line 338]

SendMessage cannot be called during Awake, CheckConsistency, or OnValidate (Mesh: OnMeshFilterChanged)
UnityEngine.StackTraceUtility:ExtractStackTrace ()
UnityEditor.AssetDatabase:LoadAssetAtPath<Unity.Tutorials.Core.Editor.Tutorial> (string)
System.Linq.Utilities/<>c__DisplayClass2_0`3<string, string, Unity.Tutorials.Core.Editor.Tutorial>:<CombineSelectors>b__0 (string)
System.Linq.Enumerable/SelectArrayIterator`2<string, Unity.Tutorials.Core.Editor.Tutorial>:MoveNext ()
System.Linq.Enumerable/<ExceptIterator>d__57`1<Unity.Tutorials.Core.Editor.Tutorial>:MoveNext ()
System.Linq.Enumerable:Any<Unity.Tutorials.Core.Editor.Tutorial> (System.Collections.Generic.IEnumerable`1<Unity.Tutorials.Core.Editor.Tutorial>,System.Func`2<Unity.Tutorials.Core.Editor.Tutorial, bool>)
Unity.Tutorials.Core.Editor.Tutorial:OnValidate () (at ./Library/PackageCache/com.unity.learn.iet-framework@3.1.3/Editor/Core/Tutorial.cs:338)
UnityEditor.Search.AssetIndexer:IndexProperties (int&,string&,bool&)
UnityEditor.Search.AssetIndexer:IndexDocument (string,bool)
UnityEditor.Search.SearchIndexEntryImporter:OnImportAsset (UnityEditor.AssetImporters.AssetImportContext)
UnityEditor.AssetImporters.ScriptedImporter:GenerateAssetData (UnityEditor.AssetImporters.AssetImportContext)

[./Library/PackageCache/com.unity.learn.iet-framework@3.1.3/Editor/Core/Tutorial.cs line 338]

SendMessage cannot be called during Awake, CheckConsistency, or OnValidate (Mesh: OnMeshFilterChanged)
UnityEngine.StackTraceUtility:ExtractStackTrace ()
UnityEditor.AssetDatabase:LoadAssetAtPath<Unity.Tutorials.Core.Editor.Tutorial> (string)
System.Linq.Utilities/<>c__DisplayClass2_0`3<string, string, Unity.Tutorials.Core.Editor.Tutorial>:<CombineSelectors>b__0 (string)
System.Linq.Enumerable/SelectArrayIterator`2<string, Unity.Tutorials.Core.Editor.Tutorial>:MoveNext ()
System.Linq.Enumerable/<ExceptIterator>d__57`1<Unity.Tutorials.Core.Editor.Tutorial>:MoveNext ()
System.Linq.Enumerable:Any<Unity.Tutorials.Core.Editor.Tutorial> (System.Collections.Generic.IEnumerable`1<Unity.Tutorials.Core.Editor.Tutorial>,System.Func`2<Unity.Tutorials.Core.Editor.Tutorial, bool>)
Unity.Tutorials.Core.Editor.Tutorial:OnValidate () (at ./Library/PackageCache/com.unity.learn.iet-framework@3.1.3/Editor/Core/Tutorial.cs:338)
UnityEditor.Search.AssetIndexer:IndexProperties (int&,string&,bool&)
UnityEditor.Search.AssetIndexer:IndexDocument (string,bool)
UnityEditor.Search.SearchIndexEntryImporter:OnImportAsset (UnityEditor.AssetImporters.AssetImportContext)
UnityEditor.AssetImporters.ScriptedImporter:GenerateAssetData (UnityEditor.AssetImporters.AssetImportContext)

[./Library/PackageCache/com.unity.learn.iet-framework@3.1.3/Editor/Core/Tutorial.cs line 338]

SendMessage cannot be called during Awake, CheckConsistency, or OnValidate (Mesh: OnMeshFilterChanged)
UnityEngine.StackTraceUtility:ExtractStackTrace ()
UnityEditor.AssetDatabase:LoadAssetAtPath<Unity.Tutorials.Core.Editor.Tutorial> (string)
System.Linq.Utilities/<>c__DisplayClass2_0`3<string, string, Unity.Tutorials.Core.Editor.Tutorial>:<CombineSelectors>b__0 (string)
System.Linq.Enumerable/SelectArrayIterator`2<string, Unity.Tutorials.Core.Editor.Tutorial>:MoveNext ()
System.Linq.Enumerable/<ExceptIterator>d__57`1<Unity.Tutorials.Core.Editor.Tutorial>:MoveNext ()
System.Linq.Enumerable:Any<Unity.Tutorials.Core.Editor.Tutorial> (System.Collections.Generic.IEnumerable`1<Unity.Tutorials.Core.Editor.Tutorial>,System.Func`2<Unity.Tutorials.Core.Editor.Tutorial, bool>)
Unity.Tutorials.Core.Editor.Tutorial:OnValidate () (at ./Library/PackageCache/com.unity.learn.iet-framework@3.1.3/Editor/Core/Tutorial.cs:338)
UnityEditor.Search.AssetIndexer:IndexProperties (int&,string&,bool&)
UnityEditor.Search.AssetIndexer:IndexDocument (string,bool)
UnityEditor.Search.SearchIndexEntryImporter:OnImportAsset (UnityEditor.AssetImporters.AssetImportContext)
UnityEditor.AssetImporters.ScriptedImporter:GenerateAssetData (UnityEditor.AssetImporters.AssetImportContext)

[./Library/PackageCache/com.unity.learn.iet-framework@3.1.3/Editor/Core/Tutorial.cs line 338]

SendMessage cannot be called during Awake, CheckConsistency, or OnValidate (Mesh: OnMeshFilterChanged)
UnityEngine.StackTraceUtility:ExtractStackTrace ()
UnityEditor.AssetDatabase:LoadAssetAtPath<Unity.Tutorials.Core.Editor.Tutorial> (string)
System.Linq.Utilities/<>c__DisplayClass2_0`3<string, string, Unity.Tutorials.Core.Editor.Tutorial>:<CombineSelectors>b__0 (string)
System.Linq.Enumerable/SelectArrayIterator`2<string, Unity.Tutorials.Core.Editor.Tutorial>:MoveNext ()
System.Linq.Enumerable/<ExceptIterator>d__57`1<Unity.Tutorials.Core.Editor.Tutorial>:MoveNext ()
System.Linq.Enumerable:Any<Unity.Tutorials.Core.Editor.Tutorial> (System.Collections.Generic.IEnumerable`1<Unity.Tutorials.Core.Editor.Tutorial>,System.Func`2<Unity.Tutorials.Core.Editor.Tutorial, bool>)
Unity.Tutorials.Core.Editor.Tutorial:OnValidate () (at ./Library/PackageCache/com.unity.learn.iet-framework@3.1.3/Editor/Core/Tutorial.cs:338)
UnityEditor.Search.AssetIndexer:IndexProperties (int&,string&,bool&)
UnityEditor.Search.AssetIndexer:IndexDocument (string,bool)
UnityEditor.Search.SearchIndexEntryImporter:OnImportAsset (UnityEditor.AssetImporters.AssetImportContext)
UnityEditor.AssetImporters.ScriptedImporter:GenerateAssetData (UnityEditor.AssetImporters.AssetImportContext)

[./Library/PackageCache/com.unity.learn.iet-framework@3.1.3/Editor/Core/Tutorial.cs line 338]

SendMessage cannot be called during Awake, CheckConsistency, or OnValidate (Mesh: OnMeshFilterChanged)
UnityEngine.StackTraceUtility:ExtractStackTrace ()
UnityEditor.AssetDatabase:LoadAssetAtPath<Unity.Tutorials.Core.Editor.Tutorial> (string)
System.Linq.Utilities/<>c__DisplayClass2_0`3<string, string, Unity.Tutorials.Core.Editor.Tutorial>:<CombineSelectors>b__0 (string)
System.Linq.Enumerable/SelectArrayIterator`2<string, Unity.Tutorials.Core.Editor.Tutorial>:MoveNext ()
System.Linq.Enumerable/<ExceptIterator>d__57`1<Unity.Tutorials.Core.Editor.Tutorial>:MoveNext ()
System.Linq.Enumerable:Any<Unity.Tutorials.Core.Editor.Tutorial> (System.Collections.Generic.IEnumerable`1<Unity.Tutorials.Core.Editor.Tutorial>,System.Func`2<Unity.Tutorials.Core.Editor.Tutorial, bool>)
Unity.Tutorials.Core.Editor.Tutorial:OnValidate () (at ./Library/PackageCache/com.unity.learn.iet-framework@3.1.3/Editor/Core/Tutorial.cs:338)
UnityEditor.Search.AssetIndexer:IndexProperties (int&,string&,bool&)
UnityEditor.Search.AssetIndexer:IndexDocument (string,bool)
UnityEditor.Search.SearchIndexEntryImporter:OnImportAsset (UnityEditor.AssetImporters.AssetImportContext)
UnityEditor.AssetImporters.ScriptedImporter:GenerateAssetData (UnityEditor.AssetImporters.AssetImportContext)

[./Library/PackageCache/com.unity.learn.iet-framework@3.1.3/Editor/Core/Tutorial.cs line 338]

SendMessage cannot be called during Awake, CheckConsistency, or OnValidate (Mesh: OnMeshFilterChanged)
UnityEngine.StackTraceUtility:ExtractStackTrace ()
UnityEditor.AssetDatabase:LoadAssetAtPath<Unity.Tutorials.Core.Editor.Tutorial> (string)
System.Linq.Utilities/<>c__DisplayClass2_0`3<string, string, Unity.Tutorials.Core.Editor.Tutorial>:<CombineSelectors>b__0 (string)
System.Linq.Enumerable/SelectArrayIterator`2<string, Unity.Tutorials.Core.Editor.Tutorial>:MoveNext ()
System.Linq.Enumerable/<ExceptIterator>d__57`1<Unity.Tutorials.Core.Editor.Tutorial>:MoveNext ()
System.Linq.Enumerable:Any<Unity.Tutorials.Core.Editor.Tutorial> (System.Collections.Generic.IEnumerable`1<Unity.Tutorials.Core.Editor.Tutorial>,System.Func`2<Unity.Tutorials.Core.Editor.Tutorial, bool>)
Unity.Tutorials.Core.Editor.Tutorial:OnValidate () (at ./Library/PackageCache/com.unity.learn.iet-framework@3.1.3/Editor/Core/Tutorial.cs:338)
UnityEditor.Search.AssetIndexer:IndexProperties (int&,string&,bool&)
UnityEditor.Search.AssetIndexer:IndexDocument (string,bool)
UnityEditor.Search.SearchIndexEntryImporter:OnImportAsset (UnityEditor.AssetImporters.AssetImportContext)
UnityEditor.AssetImporters.ScriptedImporter:GenerateAssetData (UnityEditor.AssetImporters.AssetImportContext)

[./Library/PackageCache/com.unity.learn.iet-framework@3.1.3/Editor/Core/Tutorial.cs line 338]

SendMessage cannot be called during Awake, CheckConsistency, or OnValidate (Mesh: OnMeshFilterChanged)
UnityEngine.StackTraceUtility:ExtractStackTrace ()
UnityEditor.AssetDatabase:LoadAssetAtPath<Unity.Tutorials.Core.Editor.Tutorial> (string)
System.Linq.Utilities/<>c__DisplayClass2_0`3<string, string, Unity.Tutorials.Core.Editor.Tutorial>:<CombineSelectors>b__0 (string)
System.Linq.Enumerable/SelectArrayIterator`2<string, Unity.Tutorials.Core.Editor.Tutorial>:MoveNext ()
System.Linq.Enumerable/<ExceptIterator>d__57`1<Unity.Tutorials.Core.Editor.Tutorial>:MoveNext ()
System.Linq.Enumerable:Any<Unity.Tutorials.Core.Editor.Tutorial> (System.Collections.Generic.IEnumerable`1<Unity.Tutorials.Core.Editor.Tutorial>,System.Func`2<Unity.Tutorials.Core.Editor.Tutorial, bool>)
Unity.Tutorials.Core.Editor.Tutorial:OnValidate () (at ./Library/PackageCache/com.unity.learn.iet-framework@3.1.3/Editor/Core/Tutorial.cs:338)
UnityEditor.Search.AssetIndexer:IndexProperties (int&,string&,bool&)
UnityEditor.Search.AssetIndexer:IndexDocument (string,bool)
UnityEditor.Search.SearchIndexEntryImporter:OnImportAsset (UnityEditor.AssetImporters.AssetImportContext)
UnityEditor.AssetImporters.ScriptedImporter:GenerateAssetData (UnityEditor.AssetImporters.AssetImportContext)

[./Library/PackageCache/com.unity.learn.iet-framework@3.1.3/Editor/Core/Tutorial.cs line 338]

SendMessage cannot be called during Awake, CheckConsistency, or OnValidate (Mesh: OnMeshFilterChanged)
UnityEngine.StackTraceUtility:ExtractStackTrace ()
UnityEditor.AssetDatabase:LoadAssetAtPath<Unity.Tutorials.Core.Editor.Tutorial> (string)
System.Linq.Utilities/<>c__DisplayClass2_0`3<string, string, Unity.Tutorials.Core.Editor.Tutorial>:<CombineSelectors>b__0 (string)
System.Linq.Enumerable/SelectArrayIterator`2<string, Unity.Tutorials.Core.Editor.Tutorial>:MoveNext ()
System.Linq.Enumerable/<ExceptIterator>d__57`1<Unity.Tutorials.Core.Editor.Tutorial>:MoveNext ()
System.Linq.Enumerable:Any<Unity.Tutorials.Core.Editor.Tutorial> (System.Collections.Generic.IEnumerable`1<Unity.Tutorials.Core.Editor.Tutorial>,System.Func`2<Unity.Tutorials.Core.Editor.Tutorial, bool>)
Unity.Tutorials.Core.Editor.Tutorial:OnValidate () (at ./Library/PackageCache/com.unity.learn.iet-framework@3.1.3/Editor/Core/Tutorial.cs:338)
UnityEditor.Search.AssetIndexer:IndexProperties (int&,string&,bool&)
UnityEditor.Search.AssetIndexer:IndexDocument (string,bool)
UnityEditor.Search.SearchIndexEntryImporter:OnImportAsset (UnityEditor.AssetImporters.AssetImportContext)
UnityEditor.AssetImporters.ScriptedImporter:GenerateAssetData (UnityEditor.AssetImporters.AssetImportContext)

[./Library/PackageCache/com.unity.learn.iet-framework@3.1.3/Editor/Core/Tutorial.cs line 338]

SendMessage cannot be called during Awake, CheckConsistency, or OnValidate (Mesh: OnMeshFilterChanged)
UnityEngine.StackTraceUtility:ExtractStackTrace ()
UnityEditor.AssetDatabase:LoadAssetAtPath<Unity.Tutorials.Core.Editor.Tutorial> (string)
System.Linq.Utilities/<>c__DisplayClass2_0`3<string, string, Unity.Tutorials.Core.Editor.Tutorial>:<CombineSelectors>b__0 (string)
System.Linq.Enumerable/SelectArrayIterator`2<string, Unity.Tutorials.Core.Editor.Tutorial>:MoveNext ()
System.Linq.Enumerable/<ExceptIterator>d__57`1<Unity.Tutorials.Core.Editor.Tutorial>:MoveNext ()
System.Linq.Enumerable:Any<Unity.Tutorials.Core.Editor.Tutorial> (System.Collections.Generic.IEnumerable`1<Unity.Tutorials.Core.Editor.Tutorial>,System.Func`2<Unity.Tutorials.Core.Editor.Tutorial, bool>)
Unity.Tutorials.Core.Editor.Tutorial:OnValidate () (at ./Library/PackageCache/com.unity.learn.iet-framework@3.1.3/Editor/Core/Tutorial.cs:338)
UnityEditor.Search.AssetIndexer:IndexProperties (int&,string&,bool&)
UnityEditor.Search.AssetIndexer:IndexDocument (string,bool)
UnityEditor.Search.SearchIndexEntryImporter:OnImportAsset (UnityEditor.AssetImporters.AssetImportContext)
UnityEditor.AssetImporters.ScriptedImporter:GenerateAssetData (UnityEditor.AssetImporters.AssetImportContext)

[./Library/PackageCache/com.unity.learn.iet-framework@3.1.3/Editor/Core/Tutorial.cs line 338]

SendMessage cannot be called during Awake, CheckConsistency, or OnValidate (Mesh: OnMeshFilterChanged)
UnityEngine.StackTraceUtility:ExtractStackTrace ()
UnityEditor.AssetDatabase:LoadAssetAtPath<Unity.Tutorials.Core.Editor.Tutorial> (string)
System.Linq.Utilities/<>c__DisplayClass2_0`3<string, string, Unity.Tutorials.Core.Editor.Tutorial>:<CombineSelectors>b__0 (string)
System.Linq.Enumerable/SelectArrayIterator`2<string, Unity.Tutorials.Core.Editor.Tutorial>:MoveNext ()
System.Linq.Enumerable/<ExceptIterator>d__57`1<Unity.Tutorials.Core.Editor.Tutorial>:MoveNext ()
System.Linq.Enumerable:Any<Unity.Tutorials.Core.Editor.Tutorial> (System.Collections.Generic.IEnumerable`1<Unity.Tutorials.Core.Editor.Tutorial>,System.Func`2<Unity.Tutorials.Core.Editor.Tutorial, bool>)
Unity.Tutorials.Core.Editor.Tutorial:OnValidate () (at ./Library/PackageCache/com.unity.learn.iet-framework@3.1.3/Editor/Core/Tutorial.cs:338)
UnityEditor.Search.AssetIndexer:IndexProperties (int&,string&,bool&)
UnityEditor.Search.AssetIndexer:IndexDocument (string,bool)
UnityEditor.Search.SearchIndexEntryImporter:OnImportAsset (UnityEditor.AssetImporters.AssetImportContext)
UnityEditor.AssetImporters.ScriptedImporter:GenerateAssetData (UnityEditor.AssetImporters.AssetImportContext)

[./Library/PackageCache/com.unity.learn.iet-framework@3.1.3/Editor/Core/Tutorial.cs line 338]

SendMessage cannot be called during Awake, CheckConsistency, or OnValidate (Mesh: OnMeshFilterChanged)
UnityEngine.StackTraceUtility:ExtractStackTrace ()
UnityEditor.AssetDatabase:LoadAssetAtPath<Unity.Tutorials.Core.Editor.Tutorial> (string)
System.Linq.Utilities/<>c__DisplayClass2_0`3<string, string, Unity.Tutorials.Core.Editor.Tutorial>:<CombineSelectors>b__0 (string)
System.Linq.Enumerable/SelectArrayIterator`2<string, Unity.Tutorials.Core.Editor.Tutorial>:MoveNext ()
System.Linq.Enumerable/<ExceptIterator>d__57`1<Unity.Tutorials.Core.Editor.Tutorial>:MoveNext ()
System.Linq.Enumerable:Any<Unity.Tutorials.Core.Editor.Tutorial> (System.Collections.Generic.IEnumerable`1<Unity.Tutorials.Core.Editor.Tutorial>,System.Func`2<Unity.Tutorials.Core.Editor.Tutorial, bool>)
Unity.Tutorials.Core.Editor.Tutorial:OnValidate () (at ./Library/PackageCache/com.unity.learn.iet-framework@3.1.3/Editor/Core/Tutorial.cs:338)
UnityEditor.Search.AssetIndexer:IndexProperties (int&,string&,bool&)
UnityEditor.Search.AssetIndexer:IndexDocument (string,bool)
UnityEditor.Search.SearchIndexEntryImporter:OnImportAsset (UnityEditor.AssetImporters.AssetImportContext)
UnityEditor.AssetImporters.ScriptedImporter:GenerateAssetData (UnityEditor.AssetImporters.AssetImportContext)

[./Library/PackageCache/com.unity.learn.iet-framework@3.1.3/Editor/Core/Tutorial.cs line 338]

SendMessage cannot be called during Awake, CheckConsistency, or OnValidate (Mesh: OnMeshFilterChanged)
UnityEngine.StackTraceUtility:ExtractStackTrace ()
UnityEditor.AssetDatabase:LoadAssetAtPath<Unity.Tutorials.Core.Editor.Tutorial> (string)
System.Linq.Utilities/<>c__DisplayClass2_0`3<string, string, Unity.Tutorials.Core.Editor.Tutorial>:<CombineSelectors>b__0 (string)
System.Linq.Enumerable/SelectArrayIterator`2<string, Unity.Tutorials.Core.Editor.Tutorial>:MoveNext ()
System.Linq.Enumerable/<ExceptIterator>d__57`1<Unity.Tutorials.Core.Editor.Tutorial>:MoveNext ()
System.Linq.Enumerable:Any<Unity.Tutorials.Core.Editor.Tutorial> (System.Collections.Generic.IEnumerable`1<Unity.Tutorials.Core.Editor.Tutorial>,System.Func`2<Unity.Tutorials.Core.Editor.Tutorial, bool>)
Unity.Tutorials.Core.Editor.Tutorial:OnValidate () (at ./Library/PackageCache/com.unity.learn.iet-framework@3.1.3/Editor/Core/Tutorial.cs:338)
UnityEditor.Search.AssetIndexer:IndexProperties (int&,string&,bool&)
UnityEditor.Search.AssetIndexer:IndexDocument (string,bool)
UnityEditor.Search.SearchIndexEntryImporter:OnImportAsset (UnityEditor.AssetImporters.AssetImportContext)
UnityEditor.AssetImporters.ScriptedImporter:GenerateAssetData (UnityEditor.AssetImporters.AssetImportContext)

[./Library/PackageCache/com.unity.learn.iet-framework@3.1.3/Editor/Core/Tutorial.cs line 338]

SendMessage cannot be called during Awake, CheckConsistency, or OnValidate (Mesh: OnMeshFilterChanged)
UnityEngine.StackTraceUtility:ExtractStackTrace ()
UnityEditor.AssetDatabase:LoadAssetAtPath<Unity.Tutorials.Core.Editor.Tutorial> (string)
System.Linq.Utilities/<>c__DisplayClass2_0`3<string, string, Unity.Tutorials.Core.Editor.Tutorial>:<CombineSelectors>b__0 (string)
System.Linq.Enumerable/SelectArrayIterator`2<string, Unity.Tutorials.Core.Editor.Tutorial>:MoveNext ()
System.Linq.Enumerable/<ExceptIterator>d__57`1<Unity.Tutorials.Core.Editor.Tutorial>:MoveNext ()
System.Linq.Enumerable:Any<Unity.Tutorials.Core.Editor.Tutorial> (System.Collections.Generic.IEnumerable`1<Unity.Tutorials.Core.Editor.Tutorial>,System.Func`2<Unity.Tutorials.Core.Editor.Tutorial, bool>)
Unity.Tutorials.Core.Editor.Tutorial:OnValidate () (at ./Library/PackageCache/com.unity.learn.iet-framework@3.1.3/Editor/Core/Tutorial.cs:338)
UnityEditor.Search.AssetIndexer:IndexProperties (int&,string&,bool&)
UnityEditor.Search.AssetIndexer:IndexDocument (string,bool)
UnityEditor.Search.SearchIndexEntryImporter:OnImportAsset (UnityEditor.AssetImporters.AssetImportContext)
UnityEditor.AssetImporters.ScriptedImporter:GenerateAssetData (UnityEditor.AssetImporters.AssetImportContext)

[./Library/PackageCache/com.unity.learn.iet-framework@3.1.3/Editor/Core/Tutorial.cs line 338]

SendMessage cannot be called during Awake, CheckConsistency, or OnValidate (Mesh: OnMeshFilterChanged)
UnityEngine.StackTraceUtility:ExtractStackTrace ()
UnityEditor.AssetDatabase:LoadAssetAtPath<Unity.Tutorials.Core.Editor.Tutorial> (string)
System.Linq.Utilities/<>c__DisplayClass2_0`3<string, string, Unity.Tutorials.Core.Editor.Tutorial>:<CombineSelectors>b__0 (string)
System.Linq.Enumerable/SelectArrayIterator`2<string, Unity.Tutorials.Core.Editor.Tutorial>:MoveNext ()
System.Linq.Enumerable/<ExceptIterator>d__57`1<Unity.Tutorials.Core.Editor.Tutorial>:MoveNext ()
System.Linq.Enumerable:Any<Unity.Tutorials.Core.Editor.Tutorial> (System.Collections.Generic.IEnumerable`1<Unity.Tutorials.Core.Editor.Tutorial>,System.Func`2<Unity.Tutorials.Core.Editor.Tutorial, bool>)
Unity.Tutorials.Core.Editor.Tutorial:OnValidate () (at ./Library/PackageCache/com.unity.learn.iet-framework@3.1.3/Editor/Core/Tutorial.cs:338)
UnityEditor.Search.AssetIndexer:IndexProperties (int&,string&,bool&)
UnityEditor.Search.AssetIndexer:IndexDocument (string,bool)
UnityEditor.Search.SearchIndexEntryImporter:OnImportAsset (UnityEditor.AssetImporters.AssetImportContext)
UnityEditor.AssetImporters.ScriptedImporter:GenerateAssetData (UnityEditor.AssetImporters.AssetImportContext)

[./Library/PackageCache/com.unity.learn.iet-framework@3.1.3/Editor/Core/Tutorial.cs line 338]

SendMessage cannot be called during Awake, CheckConsistency, or OnValidate (Mesh: OnMeshFilterChanged)
UnityEngine.StackTraceUtility:ExtractStackTrace ()
UnityEditor.AssetDatabase:LoadAssetAtPath<Unity.Tutorials.Core.Editor.Tutorial> (string)
System.Linq.Utilities/<>c__DisplayClass2_0`3<string, string, Unity.Tutorials.Core.Editor.Tutorial>:<CombineSelectors>b__0 (string)
System.Linq.Enumerable/SelectArrayIterator`2<string, Unity.Tutorials.Core.Editor.Tutorial>:MoveNext ()
System.Linq.Enumerable/<ExceptIterator>d__57`1<Unity.Tutorials.Core.Editor.Tutorial>:MoveNext ()
System.Linq.Enumerable:Any<Unity.Tutorials.Core.Editor.Tutorial> (System.Collections.Generic.IEnumerable`1<Unity.Tutorials.Core.Editor.Tutorial>,System.Func`2<Unity.Tutorials.Core.Editor.Tutorial, bool>)
Unity.Tutorials.Core.Editor.Tutorial:OnValidate () (at ./Library/PackageCache/com.unity.learn.iet-framework@3.1.3/Editor/Core/Tutorial.cs:338)
UnityEditor.Search.AssetIndexer:IndexProperties (int&,string&,bool&)
UnityEditor.Search.AssetIndexer:IndexDocument (string,bool)
UnityEditor.Search.SearchIndexEntryImporter:OnImportAsset (UnityEditor.AssetImporters.AssetImportContext)
UnityEditor.AssetImporters.ScriptedImporter:GenerateAssetData (UnityEditor.AssetImporters.AssetImportContext)

[./Library/PackageCache/com.unity.learn.iet-framework@3.1.3/Editor/Core/Tutorial.cs line 338]

SendMessage cannot be called during Awake, CheckConsistency, or OnValidate (Mesh: OnMeshFilterChanged)
UnityEngine.StackTraceUtility:ExtractStackTrace ()
UnityEditor.AssetDatabase:LoadAssetAtPath<Unity.Tutorials.Core.Editor.Tutorial> (string)
System.Linq.Utilities/<>c__DisplayClass2_0`3<string, string, Unity.Tutorials.Core.Editor.Tutorial>:<CombineSelectors>b__0 (string)
System.Linq.Enumerable/SelectArrayIterator`2<string, Unity.Tutorials.Core.Editor.Tutorial>:MoveNext ()
System.Linq.Enumerable/<ExceptIterator>d__57`1<Unity.Tutorials.Core.Editor.Tutorial>:MoveNext ()
System.Linq.Enumerable:Any<Unity.Tutorials.Core.Editor.Tutorial> (System.Collections.Generic.IEnumerable`1<Unity.Tutorials.Core.Editor.Tutorial>,System.Func`2<Unity.Tutorials.Core.Editor.Tutorial, bool>)
Unity.Tutorials.Core.Editor.Tutorial:OnValidate () (at ./Library/PackageCache/com.unity.learn.iet-framework@3.1.3/Editor/Core/Tutorial.cs:338)
UnityEditor.Search.AssetIndexer:IndexProperties (int&,string&,bool&)
UnityEditor.Search.AssetIndexer:IndexDocument (string,bool)
UnityEditor.Search.SearchIndexEntryImporter:OnImportAsset (UnityEditor.AssetImporters.AssetImportContext)
UnityEditor.AssetImporters.ScriptedImporter:GenerateAssetData (UnityEditor.AssetImporters.AssetImportContext)

[./Library/PackageCache/com.unity.learn.iet-framework@3.1.3/Editor/Core/Tutorial.cs line 338]

SendMessage cannot be called during Awake, CheckConsistency, or OnValidate (Mesh: OnMeshFilterChanged)
UnityEngine.StackTraceUtility:ExtractStackTrace ()
UnityEditor.AssetDatabase:LoadAssetAtPath<Unity.Tutorials.Core.Editor.Tutorial> (string)
System.Linq.Utilities/<>c__DisplayClass2_0`3<string, string, Unity.Tutorials.Core.Editor.Tutorial>:<CombineSelectors>b__0 (string)
System.Linq.Enumerable/SelectArrayIterator`2<string, Unity.Tutorials.Core.Editor.Tutorial>:MoveNext ()
System.Linq.Enumerable/<ExceptIterator>d__57`1<Unity.Tutorials.Core.Editor.Tutorial>:MoveNext ()
System.Linq.Enumerable:Any<Unity.Tutorials.Core.Editor.Tutorial> (System.Collections.Generic.IEnumerable`1<Unity.Tutorials.Core.Editor.Tutorial>,System.Func`2<Unity.Tutorials.Core.Editor.Tutorial, bool>)
Unity.Tutorials.Core.Editor.Tutorial:OnValidate () (at ./Library/PackageCache/com.unity.learn.iet-framework@3.1.3/Editor/Core/Tutorial.cs:338)
UnityEditor.Search.AssetIndexer:IndexProperties (int&,string&,bool&)
UnityEditor.Search.AssetIndexer:IndexDocument (string,bool)
UnityEditor.Search.SearchIndexEntryImporter:OnImportAsset (UnityEditor.AssetImporters.AssetImportContext)
UnityEditor.AssetImporters.ScriptedImporter:GenerateAssetData (UnityEditor.AssetImporters.AssetImportContext)

[./Library/PackageCache/com.unity.learn.iet-framework@3.1.3/Editor/Core/Tutorial.cs line 338]

 -> (artifact id: 'f2b14e5e2b2b587decd2e1dc88987d9d') in 0.165915 seconds
Number of updated asset objects reloaded before import = 0
Number of asset objects unloaded after import = 874
========================================================================
Received Import Request.
  Time since last request: 0.000025 seconds.
  path: Assets/sq_shooter/FPS/Tutorials/BuildAndPublish/Walkthrough7-005.asset
  artifactKey: Guid(2e886da6f6aba0f47b6241a2700a78b9) Importer(2089858483,0ecaa5967403d082aa24f35e1b516d23)
Start importing Assets/sq_shooter/FPS/Tutorials/BuildAndPublish/Walkthrough7-005.asset using Guid(2e886da6f6aba0f47b6241a2700a78b9) Importer(2089858483,0ecaa5967403d082aa24f35e1b516d23)  -> (artifact id: '89310a1d74e7bce96ccc00e7aa18ef7e') in 0.007426 seconds
Number of updated asset objects reloaded before import = 0
Number of asset objects unloaded after import = 3
========================================================================
Received Import Request.
  Time since last request: 0.000027 seconds.
  path: Assets/sq_shooter/FPS/Tutorials/AddEnemyBot/040.asset
  artifactKey: Guid(46684c162973f4cffa567151334e2457) Importer(2089858483,0ecaa5967403d082aa24f35e1b516d23)
Start importing Assets/sq_shooter/FPS/Tutorials/AddEnemyBot/040.asset using Guid(46684c162973f4cffa567151334e2457) Importer(2089858483,0ecaa5967403d082aa24f35e1b516d23) SendMessage cannot be called during Awake, CheckConsistency, or OnValidate (Altar: OnMeshFilterChanged)
UnityEngine.StackTraceUtility:ExtractStackTrace ()
UnityEditor.AssetDatabase:LoadAssetAtPath<Unity.Tutorials.Core.Editor.Tutorial> (string)
System.Linq.Utilities/<>c__DisplayClass2_0`3<string, string, Unity.Tutorials.Core.Editor.Tutorial>:<CombineSelectors>b__0 (string)
System.Linq.Enumerable/SelectArrayIterator`2<string, Unity.Tutorials.Core.Editor.Tutorial>:MoveNext ()
System.Linq.Enumerable/<ExceptIterator>d__57`1<Unity.Tutorials.Core.Editor.Tutorial>:MoveNext ()
System.Linq.Enumerable:Any<Unity.Tutorials.Core.Editor.Tutorial> (System.Collections.Generic.IEnumerable`1<Unity.Tutorials.Core.Editor.Tutorial>,System.Func`2<Unity.Tutorials.Core.Editor.Tutorial, bool>)
Unity.Tutorials.Core.Editor.Tutorial:OnValidate () (at ./Library/PackageCache/com.unity.learn.iet-framework@3.1.3/Editor/Core/Tutorial.cs:338)
UnityEditor.Search.AssetIndexer:IndexProperties (int&,string&,bool&)
UnityEditor.Search.AssetIndexer:IndexDocument (string,bool)
UnityEditor.Search.SearchIndexEntryImporter:OnImportAsset (UnityEditor.AssetImporters.AssetImportContext)
UnityEditor.AssetImporters.ScriptedImporter:GenerateAssetData (UnityEditor.AssetImporters.AssetImportContext)

[./Library/PackageCache/com.unity.learn.iet-framework@3.1.3/Editor/Core/Tutorial.cs line 338]

SendMessage cannot be called during Awake, CheckConsistency, or OnValidate (Statue_Wall: OnMeshFilterChanged)
UnityEngine.StackTraceUtility:ExtractStackTrace ()
UnityEditor.AssetDatabase:LoadAssetAtPath<Unity.Tutorials.Core.Editor.Tutorial> (string)
System.Linq.Utilities/<>c__DisplayClass2_0`3<string, string, Unity.Tutorials.Core.Editor.Tutorial>:<CombineSelectors>b__0 (string)
System.Linq.Enumerable/SelectArrayIterator`2<string, Unity.Tutorials.Core.Editor.Tutorial>:MoveNext ()
System.Linq.Enumerable/<ExceptIterator>d__57`1<Unity.Tutorials.Core.Editor.Tutorial>:MoveNext ()
System.Linq.Enumerable:Any<Unity.Tutorials.Core.Editor.Tutorial> (System.Collections.Generic.IEnumerable`1<Unity.Tutorials.Core.Editor.Tutorial>,System.Func`2<Unity.Tutorials.Core.Editor.Tutorial, bool>)
Unity.Tutorials.Core.Editor.Tutorial:OnValidate () (at ./Library/PackageCache/com.unity.learn.iet-framework@3.1.3/Editor/Core/Tutorial.cs:338)
UnityEditor.Search.AssetIndexer:IndexProperties (int&,string&,bool&)
UnityEditor.Search.AssetIndexer:IndexDocument (string,bool)
UnityEditor.Search.SearchIndexEntryImporter:OnImportAsset (UnityEditor.AssetImporters.AssetImportContext)
UnityEditor.AssetImporters.ScriptedImporter:GenerateAssetData (UnityEditor.AssetImporters.AssetImportContext)

[./Library/PackageCache/com.unity.learn.iet-framework@3.1.3/Editor/Core/Tutorial.cs line 338]

SendMessage cannot be called during Awake, CheckConsistency, or OnValidate (Statue_Wall: OnMeshFilterChanged)
UnityEngine.StackTraceUtility:ExtractStackTrace ()
UnityEditor.AssetDatabase:LoadAssetAtPath<Unity.Tutorials.Core.Editor.Tutorial> (string)
System.Linq.Utilities/<>c__DisplayClass2_0`3<string, string, Unity.Tutorials.Core.Editor.Tutorial>:<CombineSelectors>b__0 (string)
System.Linq.Enumerable/SelectArrayIterator`2<string, Unity.Tutorials.Core.Editor.Tutorial>:MoveNext ()
System.Linq.Enumerable/<ExceptIterator>d__57`1<Unity.Tutorials.Core.Editor.Tutorial>:MoveNext ()
System.Linq.Enumerable:Any<Unity.Tutorials.Core.Editor.Tutorial> (System.Collections.Generic.IEnumerable`1<Unity.Tutorials.Core.Editor.Tutorial>,System.Func`2<Unity.Tutorials.Core.Editor.Tutorial, bool>)
Unity.Tutorials.Core.Editor.Tutorial:OnValidate () (at ./Library/PackageCache/com.unity.learn.iet-framework@3.1.3/Editor/Core/Tutorial.cs:338)
UnityEditor.Search.AssetIndexer:IndexProperties (int&,string&,bool&)
UnityEditor.Search.AssetIndexer:IndexDocument (string,bool)
UnityEditor.Search.SearchIndexEntryImporter:OnImportAsset (UnityEditor.AssetImporters.AssetImportContext)
UnityEditor.AssetImporters.ScriptedImporter:GenerateAssetData (UnityEditor.AssetImporters.AssetImportContext)

[./Library/PackageCache/com.unity.learn.iet-framework@3.1.3/Editor/Core/Tutorial.cs line 338]

SendMessage cannot be called during Awake, CheckConsistency, or OnValidate (Statue_Wall: OnMeshFilterChanged)
UnityEngine.StackTraceUtility:ExtractStackTrace ()
UnityEditor.AssetDatabase:LoadAssetAtPath<Unity.Tutorials.Core.Editor.Tutorial> (string)
System.Linq.Utilities/<>c__DisplayClass2_0`3<string, string, Unity.Tutorials.Core.Editor.Tutorial>:<CombineSelectors>b__0 (string)
System.Linq.Enumerable/SelectArrayIterator`2<string, Unity.Tutorials.Core.Editor.Tutorial>:MoveNext ()
System.Linq.Enumerable/<ExceptIterator>d__57`1<Unity.Tutorials.Core.Editor.Tutorial>:MoveNext ()
System.Linq.Enumerable:Any<Unity.Tutorials.Core.Editor.Tutorial> (System.Collections.Generic.IEnumerable`1<Unity.Tutorials.Core.Editor.Tutorial>,System.Func`2<Unity.Tutorials.Core.Editor.Tutorial, bool>)
Unity.Tutorials.Core.Editor.Tutorial:OnValidate () (at ./Library/PackageCache/com.unity.learn.iet-framework@3.1.3/Editor/Core/Tutorial.cs:338)
UnityEditor.Search.AssetIndexer:IndexProperties (int&,string&,bool&)
UnityEditor.Search.AssetIndexer:IndexDocument (string,bool)
UnityEditor.Search.SearchIndexEntryImporter:OnImportAsset (UnityEditor.AssetImporters.AssetImportContext)
UnityEditor.AssetImporters.ScriptedImporter:GenerateAssetData (UnityEditor.AssetImporters.AssetImportContext)

[./Library/PackageCache/com.unity.learn.iet-framework@3.1.3/Editor/Core/Tutorial.cs line 338]

SendMessage cannot be called during Awake, CheckConsistency, or OnValidate (Mesh: OnMeshFilterChanged)
UnityEngine.StackTraceUtility:ExtractStackTrace ()
UnityEditor.AssetDatabase:LoadAssetAtPath<Unity.Tutorials.Core.Editor.Tutorial> (string)
System.Linq.Utilities/<>c__DisplayClass2_0`3<string, string, Unity.Tutorials.Core.Editor.Tutorial>:<CombineSelectors>b__0 (string)
System.Linq.Enumerable/SelectArrayIterator`2<string, Unity.Tutorials.Core.Editor.Tutorial>:MoveNext ()
System.Linq.Enumerable/<ExceptIterator>d__57`1<Unity.Tutorials.Core.Editor.Tutorial>:MoveNext ()
System.Linq.Enumerable:Any<Unity.Tutorials.Core.Editor.Tutorial> (System.Collections.Generic.IEnumerable`1<Unity.Tutorials.Core.Editor.Tutorial>,System.Func`2<Unity.Tutorials.Core.Editor.Tutorial, bool>)
Unity.Tutorials.Core.Editor.Tutorial:OnValidate () (at ./Library/PackageCache/com.unity.learn.iet-framework@3.1.3/Editor/Core/Tutorial.cs:338)
UnityEditor.Search.AssetIndexer:IndexProperties (int&,string&,bool&)
UnityEditor.Search.AssetIndexer:IndexDocument (string,bool)
UnityEditor.Search.SearchIndexEntryImporter:OnImportAsset (UnityEditor.AssetImporters.AssetImportContext)
UnityEditor.AssetImporters.ScriptedImporter:GenerateAssetData (UnityEditor.AssetImporters.AssetImportContext)

[./Library/PackageCache/com.unity.learn.iet-framework@3.1.3/Editor/Core/Tutorial.cs line 338]

SendMessage cannot be called during Awake, CheckConsistency, or OnValidate (Mesh: OnMeshFilterChanged)
UnityEngine.StackTraceUtility:ExtractStackTrace ()
UnityEditor.AssetDatabase:LoadAssetAtPath<Unity.Tutorials.Core.Editor.Tutorial> (string)
System.Linq.Utilities/<>c__DisplayClass2_0`3<string, string, Unity.Tutorials.Core.Editor.Tutorial>:<CombineSelectors>b__0 (string)
System.Linq.Enumerable/SelectArrayIterator`2<string, Unity.Tutorials.Core.Editor.Tutorial>:MoveNext ()
System.Linq.Enumerable/<ExceptIterator>d__57`1<Unity.Tutorials.Core.Editor.Tutorial>:MoveNext ()
System.Linq.Enumerable:Any<Unity.Tutorials.Core.Editor.Tutorial> (System.Collections.Generic.IEnumerable`1<Unity.Tutorials.Core.Editor.Tutorial>,System.Func`2<Unity.Tutorials.Core.Editor.Tutorial, bool>)
Unity.Tutorials.Core.Editor.Tutorial:OnValidate () (at ./Library/PackageCache/com.unity.learn.iet-framework@3.1.3/Editor/Core/Tutorial.cs:338)
UnityEditor.Search.AssetIndexer:IndexProperties (int&,string&,bool&)
UnityEditor.Search.AssetIndexer:IndexDocument (string,bool)
UnityEditor.Search.SearchIndexEntryImporter:OnImportAsset (UnityEditor.AssetImporters.AssetImportContext)
UnityEditor.AssetImporters.ScriptedImporter:GenerateAssetData (UnityEditor.AssetImporters.AssetImportContext)

[./Library/PackageCache/com.unity.learn.iet-framework@3.1.3/Editor/Core/Tutorial.cs line 338]

SendMessage cannot be called during Awake, CheckConsistency, or OnValidate (Mesh: OnMeshFilterChanged)
UnityEngine.StackTraceUtility:ExtractStackTrace ()
UnityEditor.AssetDatabase:LoadAssetAtPath<Unity.Tutorials.Core.Editor.Tutorial> (string)
System.Linq.Utilities/<>c__DisplayClass2_0`3<string, string, Unity.Tutorials.Core.Editor.Tutorial>:<CombineSelectors>b__0 (string)
System.Linq.Enumerable/SelectArrayIterator`2<string, Unity.Tutorials.Core.Editor.Tutorial>:MoveNext ()
System.Linq.Enumerable/<ExceptIterator>d__57`1<Unity.Tutorials.Core.Editor.Tutorial>:MoveNext ()
System.Linq.Enumerable:Any<Unity.Tutorials.Core.Editor.Tutorial> (System.Collections.Generic.IEnumerable`1<Unity.Tutorials.Core.Editor.Tutorial>,System.Func`2<Unity.Tutorials.Core.Editor.Tutorial, bool>)
Unity.Tutorials.Core.Editor.Tutorial:OnValidate () (at ./Library/PackageCache/com.unity.learn.iet-framework@3.1.3/Editor/Core/Tutorial.cs:338)
UnityEditor.Search.AssetIndexer:IndexProperties (int&,string&,bool&)
UnityEditor.Search.AssetIndexer:IndexDocument (string,bool)
UnityEditor.Search.SearchIndexEntryImporter:OnImportAsset (UnityEditor.AssetImporters.AssetImportContext)
UnityEditor.AssetImporters.ScriptedImporter:GenerateAssetData (UnityEditor.AssetImporters.AssetImportContext)

[./Library/PackageCache/com.unity.learn.iet-framework@3.1.3/Editor/Core/Tutorial.cs line 338]

SendMessage cannot be called during Awake, CheckConsistency, or OnValidate (Mesh: OnMeshFilterChanged)
UnityEngine.StackTraceUtility:ExtractStackTrace ()
UnityEditor.AssetDatabase:LoadAssetAtPath<Unity.Tutorials.Core.Editor.Tutorial> (string)
System.Linq.Utilities/<>c__DisplayClass2_0`3<string, string, Unity.Tutorials.Core.Editor.Tutorial>:<CombineSelectors>b__0 (string)
System.Linq.Enumerable/SelectArrayIterator`2<string, Unity.Tutorials.Core.Editor.Tutorial>:MoveNext ()
System.Linq.Enumerable/<ExceptIterator>d__57`1<Unity.Tutorials.Core.Editor.Tutorial>:MoveNext ()
System.Linq.Enumerable:Any<Unity.Tutorials.Core.Editor.Tutorial> (System.Collections.Generic.IEnumerable`1<Unity.Tutorials.Core.Editor.Tutorial>,System.Func`2<Unity.Tutorials.Core.Editor.Tutorial, bool>)
Unity.Tutorials.Core.Editor.Tutorial:OnValidate () (at ./Library/PackageCache/com.unity.learn.iet-framework@3.1.3/Editor/Core/Tutorial.cs:338)
UnityEditor.Search.AssetIndexer:IndexProperties (int&,string&,bool&)
UnityEditor.Search.AssetIndexer:IndexDocument (string,bool)
UnityEditor.Search.SearchIndexEntryImporter:OnImportAsset (UnityEditor.AssetImporters.AssetImportContext)
UnityEditor.AssetImporters.ScriptedImporter:GenerateAssetData (UnityEditor.AssetImporters.AssetImportContext)

[./Library/PackageCache/com.unity.learn.iet-framework@3.1.3/Editor/Core/Tutorial.cs line 338]

SendMessage cannot be called during Awake, CheckConsistency, or OnValidate (Mesh: OnMeshFilterChanged)
UnityEngine.StackTraceUtility:ExtractStackTrace ()
UnityEditor.AssetDatabase:LoadAssetAtPath<Unity.Tutorials.Core.Editor.Tutorial> (string)
System.Linq.Utilities/<>c__DisplayClass2_0`3<string, string, Unity.Tutorials.Core.Editor.Tutorial>:<CombineSelectors>b__0 (string)
System.Linq.Enumerable/SelectArrayIterator`2<string, Unity.Tutorials.Core.Editor.Tutorial>:MoveNext ()
System.Linq.Enumerable/<ExceptIterator>d__57`1<Unity.Tutorials.Core.Editor.Tutorial>:MoveNext ()
System.Linq.Enumerable:Any<Unity.Tutorials.Core.Editor.Tutorial> (System.Collections.Generic.IEnumerable`1<Unity.Tutorials.Core.Editor.Tutorial>,System.Func`2<Unity.Tutorials.Core.Editor.Tutorial, bool>)
Unity.Tutorials.Core.Editor.Tutorial:OnValidate () (at ./Library/PackageCache/com.unity.learn.iet-framework@3.1.3/Editor/Core/Tutorial.cs:338)
UnityEditor.Search.AssetIndexer:IndexProperties (int&,string&,bool&)
UnityEditor.Search.AssetIndexer:IndexDocument (string,bool)
UnityEditor.Search.SearchIndexEntryImporter:OnImportAsset (UnityEditor.AssetImporters.AssetImportContext)
UnityEditor.AssetImporters.ScriptedImporter:GenerateAssetData (UnityEditor.AssetImporters.AssetImportContext)

[./Library/PackageCache/com.unity.learn.iet-framework@3.1.3/Editor/Core/Tutorial.cs line 338]

SendMessage cannot be called during Awake, CheckConsistency, or OnValidate (Mesh: OnMeshFilterChanged)
UnityEngine.StackTraceUtility:ExtractStackTrace ()
UnityEditor.AssetDatabase:LoadAssetAtPath<Unity.Tutorials.Core.Editor.Tutorial> (string)
System.Linq.Utilities/<>c__DisplayClass2_0`3<string, string, Unity.Tutorials.Core.Editor.Tutorial>:<CombineSelectors>b__0 (string)
System.Linq.Enumerable/SelectArrayIterator`2<string, Unity.Tutorials.Core.Editor.Tutorial>:MoveNext ()
System.Linq.Enumerable/<ExceptIterator>d__57`1<Unity.Tutorials.Core.Editor.Tutorial>:MoveNext ()
System.Linq.Enumerable:Any<Unity.Tutorials.Core.Editor.Tutorial> (System.Collections.Generic.IEnumerable`1<Unity.Tutorials.Core.Editor.Tutorial>,System.Func`2<Unity.Tutorials.Core.Editor.Tutorial, bool>)
Unity.Tutorials.Core.Editor.Tutorial:OnValidate () (at ./Library/PackageCache/com.unity.learn.iet-framework@3.1.3/Editor/Core/Tutorial.cs:338)
UnityEditor.Search.AssetIndexer:IndexProperties (int&,string&,bool&)
UnityEditor.Search.AssetIndexer:IndexDocument (string,bool)
UnityEditor.Search.SearchIndexEntryImporter:OnImportAsset (UnityEditor.AssetImporters.AssetImportContext)
UnityEditor.AssetImporters.ScriptedImporter:GenerateAssetData (UnityEditor.AssetImporters.AssetImportContext)

[./Library/PackageCache/com.unity.learn.iet-framework@3.1.3/Editor/Core/Tutorial.cs line 338]

SendMessage cannot be called during Awake, CheckConsistency, or OnValidate (Mesh: OnMeshFilterChanged)
UnityEngine.StackTraceUtility:ExtractStackTrace ()
UnityEditor.AssetDatabase:LoadAssetAtPath<Unity.Tutorials.Core.Editor.Tutorial> (string)
System.Linq.Utilities/<>c__DisplayClass2_0`3<string, string, Unity.Tutorials.Core.Editor.Tutorial>:<CombineSelectors>b__0 (string)
System.Linq.Enumerable/SelectArrayIterator`2<string, Unity.Tutorials.Core.Editor.Tutorial>:MoveNext ()
System.Linq.Enumerable/<ExceptIterator>d__57`1<Unity.Tutorials.Core.Editor.Tutorial>:MoveNext ()
System.Linq.Enumerable:Any<Unity.Tutorials.Core.Editor.Tutorial> (System.Collections.Generic.IEnumerable`1<Unity.Tutorials.Core.Editor.Tutorial>,System.Func`2<Unity.Tutorials.Core.Editor.Tutorial, bool>)
Unity.Tutorials.Core.Editor.Tutorial:OnValidate () (at ./Library/PackageCache/com.unity.learn.iet-framework@3.1.3/Editor/Core/Tutorial.cs:338)
UnityEditor.Search.AssetIndexer:IndexProperties (int&,string&,bool&)
UnityEditor.Search.AssetIndexer:IndexDocument (string,bool)
UnityEditor.Search.SearchIndexEntryImporter:OnImportAsset (UnityEditor.AssetImporters.AssetImportContext)
UnityEditor.AssetImporters.ScriptedImporter:GenerateAssetData (UnityEditor.AssetImporters.AssetImportContext)

[./Library/PackageCache/com.unity.learn.iet-framework@3.1.3/Editor/Core/Tutorial.cs line 338]

SendMessage cannot be called during Awake, CheckConsistency, or OnValidate (Mesh: OnMeshFilterChanged)
UnityEngine.StackTraceUtility:ExtractStackTrace ()
UnityEditor.AssetDatabase:LoadAssetAtPath<Unity.Tutorials.Core.Editor.Tutorial> (string)
System.Linq.Utilities/<>c__DisplayClass2_0`3<string, string, Unity.Tutorials.Core.Editor.Tutorial>:<CombineSelectors>b__0 (string)
System.Linq.Enumerable/SelectArrayIterator`2<string, Unity.Tutorials.Core.Editor.Tutorial>:MoveNext ()
System.Linq.Enumerable/<ExceptIterator>d__57`1<Unity.Tutorials.Core.Editor.Tutorial>:MoveNext ()
System.Linq.Enumerable:Any<Unity.Tutorials.Core.Editor.Tutorial> (System.Collections.Generic.IEnumerable`1<Unity.Tutorials.Core.Editor.Tutorial>,System.Func`2<Unity.Tutorials.Core.Editor.Tutorial, bool>)
Unity.Tutorials.Core.Editor.Tutorial:OnValidate () (at ./Library/PackageCache/com.unity.learn.iet-framework@3.1.3/Editor/Core/Tutorial.cs:338)
UnityEditor.Search.AssetIndexer:IndexProperties (int&,string&,bool&)
UnityEditor.Search.AssetIndexer:IndexDocument (string,bool)
UnityEditor.Search.SearchIndexEntryImporter:OnImportAsset (UnityEditor.AssetImporters.AssetImportContext)
UnityEditor.AssetImporters.ScriptedImporter:GenerateAssetData (UnityEditor.AssetImporters.AssetImportContext)

[./Library/PackageCache/com.unity.learn.iet-framework@3.1.3/Editor/Core/Tutorial.cs line 338]

SendMessage cannot be called during Awake, CheckConsistency, or OnValidate (Mesh: OnMeshFilterChanged)
UnityEngine.StackTraceUtility:ExtractStackTrace ()
UnityEditor.AssetDatabase:LoadAssetAtPath<Unity.Tutorials.Core.Editor.Tutorial> (string)
System.Linq.Utilities/<>c__DisplayClass2_0`3<string, string, Unity.Tutorials.Core.Editor.Tutorial>:<CombineSelectors>b__0 (string)
System.Linq.Enumerable/SelectArrayIterator`2<string, Unity.Tutorials.Core.Editor.Tutorial>:MoveNext ()
System.Linq.Enumerable/<ExceptIterator>d__57`1<Unity.Tutorials.Core.Editor.Tutorial>:MoveNext ()
System.Linq.Enumerable:Any<Unity.Tutorials.Core.Editor.Tutorial> (System.Collections.Generic.IEnumerable`1<Unity.Tutorials.Core.Editor.Tutorial>,System.Func`2<Unity.Tutorials.Core.Editor.Tutorial, bool>)
Unity.Tutorials.Core.Editor.Tutorial:OnValidate () (at ./Library/PackageCache/com.unity.learn.iet-framework@3.1.3/Editor/Core/Tutorial.cs:338)
UnityEditor.Search.AssetIndexer:IndexProperties (int&,string&,bool&)
UnityEditor.Search.AssetIndexer:IndexDocument (string,bool)
UnityEditor.Search.SearchIndexEntryImporter:OnImportAsset (UnityEditor.AssetImporters.AssetImportContext)
UnityEditor.AssetImporters.ScriptedImporter:GenerateAssetData (UnityEditor.AssetImporters.AssetImportContext)

[./Library/PackageCache/com.unity.learn.iet-framework@3.1.3/Editor/Core/Tutorial.cs line 338]

SendMessage cannot be called during Awake, CheckConsistency, or OnValidate (Mesh: OnMeshFilterChanged)
UnityEngine.StackTraceUtility:ExtractStackTrace ()
UnityEditor.AssetDatabase:LoadAssetAtPath<Unity.Tutorials.Core.Editor.Tutorial> (string)
System.Linq.Utilities/<>c__DisplayClass2_0`3<string, string, Unity.Tutorials.Core.Editor.Tutorial>:<CombineSelectors>b__0 (string)
System.Linq.Enumerable/SelectArrayIterator`2<string, Unity.Tutorials.Core.Editor.Tutorial>:MoveNext ()
System.Linq.Enumerable/<ExceptIterator>d__57`1<Unity.Tutorials.Core.Editor.Tutorial>:MoveNext ()
System.Linq.Enumerable:Any<Unity.Tutorials.Core.Editor.Tutorial> (System.Collections.Generic.IEnumerable`1<Unity.Tutorials.Core.Editor.Tutorial>,System.Func`2<Unity.Tutorials.Core.Editor.Tutorial, bool>)
Unity.Tutorials.Core.Editor.Tutorial:OnValidate () (at ./Library/PackageCache/com.unity.learn.iet-framework@3.1.3/Editor/Core/Tutorial.cs:338)
UnityEditor.Search.AssetIndexer:IndexProperties (int&,string&,bool&)
UnityEditor.Search.AssetIndexer:IndexDocument (string,bool)
UnityEditor.Search.SearchIndexEntryImporter:OnImportAsset (UnityEditor.AssetImporters.AssetImportContext)
UnityEditor.AssetImporters.ScriptedImporter:GenerateAssetData (UnityEditor.AssetImporters.AssetImportContext)

[./Library/PackageCache/com.unity.learn.iet-framework@3.1.3/Editor/Core/Tutorial.cs line 338]

SendMessage cannot be called during Awake, CheckConsistency, or OnValidate (Mesh: OnMeshFilterChanged)
UnityEngine.StackTraceUtility:ExtractStackTrace ()
UnityEditor.AssetDatabase:LoadAssetAtPath<Unity.Tutorials.Core.Editor.Tutorial> (string)
System.Linq.Utilities/<>c__DisplayClass2_0`3<string, string, Unity.Tutorials.Core.Editor.Tutorial>:<CombineSelectors>b__0 (string)
System.Linq.Enumerable/SelectArrayIterator`2<string, Unity.Tutorials.Core.Editor.Tutorial>:MoveNext ()
System.Linq.Enumerable/<ExceptIterator>d__57`1<Unity.Tutorials.Core.Editor.Tutorial>:MoveNext ()
System.Linq.Enumerable:Any<Unity.Tutorials.Core.Editor.Tutorial> (System.Collections.Generic.IEnumerable`1<Unity.Tutorials.Core.Editor.Tutorial>,System.Func`2<Unity.Tutorials.Core.Editor.Tutorial, bool>)
Unity.Tutorials.Core.Editor.Tutorial:OnValidate () (at ./Library/PackageCache/com.unity.learn.iet-framework@3.1.3/Editor/Core/Tutorial.cs:338)
UnityEditor.Search.AssetIndexer:IndexProperties (int&,string&,bool&)
UnityEditor.Search.AssetIndexer:IndexDocument (string,bool)
UnityEditor.Search.SearchIndexEntryImporter:OnImportAsset (UnityEditor.AssetImporters.AssetImportContext)
UnityEditor.AssetImporters.ScriptedImporter:GenerateAssetData (UnityEditor.AssetImporters.AssetImportContext)

[./Library/PackageCache/com.unity.learn.iet-framework@3.1.3/Editor/Core/Tutorial.cs line 338]

SendMessage cannot be called during Awake, CheckConsistency, or OnValidate (Mesh: OnMeshFilterChanged)
UnityEngine.StackTraceUtility:ExtractStackTrace ()
UnityEditor.AssetDatabase:LoadAssetAtPath<Unity.Tutorials.Core.Editor.Tutorial> (string)
System.Linq.Utilities/<>c__DisplayClass2_0`3<string, string, Unity.Tutorials.Core.Editor.Tutorial>:<CombineSelectors>b__0 (string)
System.Linq.Enumerable/SelectArrayIterator`2<string, Unity.Tutorials.Core.Editor.Tutorial>:MoveNext ()
System.Linq.Enumerable/<ExceptIterator>d__57`1<Unity.Tutorials.Core.Editor.Tutorial>:MoveNext ()
System.Linq.Enumerable:Any<Unity.Tutorials.Core.Editor.Tutorial> (System.Collections.Generic.IEnumerable`1<Unity.Tutorials.Core.Editor.Tutorial>,System.Func`2<Unity.Tutorials.Core.Editor.Tutorial, bool>)
Unity.Tutorials.Core.Editor.Tutorial:OnValidate () (at ./Library/PackageCache/com.unity.learn.iet-framework@3.1.3/Editor/Core/Tutorial.cs:338)
UnityEditor.Search.AssetIndexer:IndexProperties (int&,string&,bool&)
UnityEditor.Search.AssetIndexer:IndexDocument (string,bool)
UnityEditor.Search.SearchIndexEntryImporter:OnImportAsset (UnityEditor.AssetImporters.AssetImportContext)
UnityEditor.AssetImporters.ScriptedImporter:GenerateAssetData (UnityEditor.AssetImporters.AssetImportContext)

[./Library/PackageCache/com.unity.learn.iet-framework@3.1.3/Editor/Core/Tutorial.cs line 338]

SendMessage cannot be called during Awake, CheckConsistency, or OnValidate (Mesh: OnMeshFilterChanged)
UnityEngine.StackTraceUtility:ExtractStackTrace ()
UnityEditor.AssetDatabase:LoadAssetAtPath<Unity.Tutorials.Core.Editor.Tutorial> (string)
System.Linq.Utilities/<>c__DisplayClass2_0`3<string, string, Unity.Tutorials.Core.Editor.Tutorial>:<CombineSelectors>b__0 (string)
System.Linq.Enumerable/SelectArrayIterator`2<string, Unity.Tutorials.Core.Editor.Tutorial>:MoveNext ()
System.Linq.Enumerable/<ExceptIterator>d__57`1<Unity.Tutorials.Core.Editor.Tutorial>:MoveNext ()
System.Linq.Enumerable:Any<Unity.Tutorials.Core.Editor.Tutorial> (System.Collections.Generic.IEnumerable`1<Unity.Tutorials.Core.Editor.Tutorial>,System.Func`2<Unity.Tutorials.Core.Editor.Tutorial, bool>)
Unity.Tutorials.Core.Editor.Tutorial:OnValidate () (at ./Library/PackageCache/com.unity.learn.iet-framework@3.1.3/Editor/Core/Tutorial.cs:338)
UnityEditor.Search.AssetIndexer:IndexProperties (int&,string&,bool&)
UnityEditor.Search.AssetIndexer:IndexDocument (string,bool)
UnityEditor.Search.SearchIndexEntryImporter:OnImportAsset (UnityEditor.AssetImporters.AssetImportContext)
UnityEditor.AssetImporters.ScriptedImporter:GenerateAssetData (UnityEditor.AssetImporters.AssetImportContext)

[./Library/PackageCache/com.unity.learn.iet-framework@3.1.3/Editor/Core/Tutorial.cs line 338]

SendMessage cannot be called during Awake, CheckConsistency, or OnValidate (Mesh: OnMeshFilterChanged)
UnityEngine.StackTraceUtility:ExtractStackTrace ()
UnityEditor.AssetDatabase:LoadAssetAtPath<Unity.Tutorials.Core.Editor.Tutorial> (string)
System.Linq.Utilities/<>c__DisplayClass2_0`3<string, string, Unity.Tutorials.Core.Editor.Tutorial>:<CombineSelectors>b__0 (string)
System.Linq.Enumerable/SelectArrayIterator`2<string, Unity.Tutorials.Core.Editor.Tutorial>:MoveNext ()
System.Linq.Enumerable/<ExceptIterator>d__57`1<Unity.Tutorials.Core.Editor.Tutorial>:MoveNext ()
System.Linq.Enumerable:Any<Unity.Tutorials.Core.Editor.Tutorial> (System.Collections.Generic.IEnumerable`1<Unity.Tutorials.Core.Editor.Tutorial>,System.Func`2<Unity.Tutorials.Core.Editor.Tutorial, bool>)
Unity.Tutorials.Core.Editor.Tutorial:OnValidate () (at ./Library/PackageCache/com.unity.learn.iet-framework@3.1.3/Editor/Core/Tutorial.cs:338)
UnityEditor.Search.AssetIndexer:IndexProperties (int&,string&,bool&)
UnityEditor.Search.AssetIndexer:IndexDocument (string,bool)
UnityEditor.Search.SearchIndexEntryImporter:OnImportAsset (UnityEditor.AssetImporters.AssetImportContext)
UnityEditor.AssetImporters.ScriptedImporter:GenerateAssetData (UnityEditor.AssetImporters.AssetImportContext)

[./Library/PackageCache/com.unity.learn.iet-framework@3.1.3/Editor/Core/Tutorial.cs line 338]

SendMessage cannot be called during Awake, CheckConsistency, or OnValidate (Mesh: OnMeshFilterChanged)
UnityEngine.StackTraceUtility:ExtractStackTrace ()
UnityEditor.AssetDatabase:LoadAssetAtPath<Unity.Tutorials.Core.Editor.Tutorial> (string)
System.Linq.Utilities/<>c__DisplayClass2_0`3<string, string, Unity.Tutorials.Core.Editor.Tutorial>:<CombineSelectors>b__0 (string)
System.Linq.Enumerable/SelectArrayIterator`2<string, Unity.Tutorials.Core.Editor.Tutorial>:MoveNext ()
System.Linq.Enumerable/<ExceptIterator>d__57`1<Unity.Tutorials.Core.Editor.Tutorial>:MoveNext ()
System.Linq.Enumerable:Any<Unity.Tutorials.Core.Editor.Tutorial> (System.Collections.Generic.IEnumerable`1<Unity.Tutorials.Core.Editor.Tutorial>,System.Func`2<Unity.Tutorials.Core.Editor.Tutorial, bool>)
Unity.Tutorials.Core.Editor.Tutorial:OnValidate () (at ./Library/PackageCache/com.unity.learn.iet-framework@3.1.3/Editor/Core/Tutorial.cs:338)
UnityEditor.Search.AssetIndexer:IndexProperties (int&,string&,bool&)
UnityEditor.Search.AssetIndexer:IndexDocument (string,bool)
UnityEditor.Search.SearchIndexEntryImporter:OnImportAsset (UnityEditor.AssetImporters.AssetImportContext)
UnityEditor.AssetImporters.ScriptedImporter:GenerateAssetData (UnityEditor.AssetImporters.AssetImportContext)

[./Library/PackageCache/com.unity.learn.iet-framework@3.1.3/Editor/Core/Tutorial.cs line 338]

SendMessage cannot be called during Awake, CheckConsistency, or OnValidate (Mesh: OnMeshFilterChanged)
UnityEngine.StackTraceUtility:ExtractStackTrace ()
UnityEditor.AssetDatabase:LoadAssetAtPath<Unity.Tutorials.Core.Editor.Tutorial> (string)
System.Linq.Utilities/<>c__DisplayClass2_0`3<string, string, Unity.Tutorials.Core.Editor.Tutorial>:<CombineSelectors>b__0 (string)
System.Linq.Enumerable/SelectArrayIterator`2<string, Unity.Tutorials.Core.Editor.Tutorial>:MoveNext ()
System.Linq.Enumerable/<ExceptIterator>d__57`1<Unity.Tutorials.Core.Editor.Tutorial>:MoveNext ()
System.Linq.Enumerable:Any<Unity.Tutorials.Core.Editor.Tutorial> (System.Collections.Generic.IEnumerable`1<Unity.Tutorials.Core.Editor.Tutorial>,System.Func`2<Unity.Tutorials.Core.Editor.Tutorial, bool>)
Unity.Tutorials.Core.Editor.Tutorial:OnValidate () (at ./Library/PackageCache/com.unity.learn.iet-framework@3.1.3/Editor/Core/Tutorial.cs:338)
UnityEditor.Search.AssetIndexer:IndexProperties (int&,string&,bool&)
UnityEditor.Search.AssetIndexer:IndexDocument (string,bool)
UnityEditor.Search.SearchIndexEntryImporter:OnImportAsset (UnityEditor.AssetImporters.AssetImportContext)
UnityEditor.AssetImporters.ScriptedImporter:GenerateAssetData (UnityEditor.AssetImporters.AssetImportContext)

[./Library/PackageCache/com.unity.learn.iet-framework@3.1.3/Editor/Core/Tutorial.cs line 338]

SendMessage cannot be called during Awake, CheckConsistency, or OnValidate (Mesh: OnMeshFilterChanged)
UnityEngine.StackTraceUtility:ExtractStackTrace ()
UnityEditor.AssetDatabase:LoadAssetAtPath<Unity.Tutorials.Core.Editor.Tutorial> (string)
System.Linq.Utilities/<>c__DisplayClass2_0`3<string, string, Unity.Tutorials.Core.Editor.Tutorial>:<CombineSelectors>b__0 (string)
System.Linq.Enumerable/SelectArrayIterator`2<string, Unity.Tutorials.Core.Editor.Tutorial>:MoveNext ()
System.Linq.Enumerable/<ExceptIterator>d__57`1<Unity.Tutorials.Core.Editor.Tutorial>:MoveNext ()
System.Linq.Enumerable:Any<Unity.Tutorials.Core.Editor.Tutorial> (System.Collections.Generic.IEnumerable`1<Unity.Tutorials.Core.Editor.Tutorial>,System.Func`2<Unity.Tutorials.Core.Editor.Tutorial, bool>)
Unity.Tutorials.Core.Editor.Tutorial:OnValidate () (at ./Library/PackageCache/com.unity.learn.iet-framework@3.1.3/Editor/Core/Tutorial.cs:338)
UnityEditor.Search.AssetIndexer:IndexProperties (int&,string&,bool&)
UnityEditor.Search.AssetIndexer:IndexDocument (string,bool)
UnityEditor.Search.SearchIndexEntryImporter:OnImportAsset (UnityEditor.AssetImporters.AssetImportContext)
UnityEditor.AssetImporters.ScriptedImporter:GenerateAssetData (UnityEditor.AssetImporters.AssetImportContext)

[./Library/PackageCache/com.unity.learn.iet-framework@3.1.3/Editor/Core/Tutorial.cs line 338]

SendMessage cannot be called during Awake, CheckConsistency, or OnValidate (Mesh: OnMeshFilterChanged)
UnityEngine.StackTraceUtility:ExtractStackTrace ()
UnityEditor.AssetDatabase:LoadAssetAtPath<Unity.Tutorials.Core.Editor.Tutorial> (string)
System.Linq.Utilities/<>c__DisplayClass2_0`3<string, string, Unity.Tutorials.Core.Editor.Tutorial>:<CombineSelectors>b__0 (string)
System.Linq.Enumerable/SelectArrayIterator`2<string, Unity.Tutorials.Core.Editor.Tutorial>:MoveNext ()
System.Linq.Enumerable/<ExceptIterator>d__57`1<Unity.Tutorials.Core.Editor.Tutorial>:MoveNext ()
System.Linq.Enumerable:Any<Unity.Tutorials.Core.Editor.Tutorial> (System.Collections.Generic.IEnumerable`1<Unity.Tutorials.Core.Editor.Tutorial>,System.Func`2<Unity.Tutorials.Core.Editor.Tutorial, bool>)
Unity.Tutorials.Core.Editor.Tutorial:OnValidate () (at ./Library/PackageCache/com.unity.learn.iet-framework@3.1.3/Editor/Core/Tutorial.cs:338)
UnityEditor.Search.AssetIndexer:IndexProperties (int&,string&,bool&)
UnityEditor.Search.AssetIndexer:IndexDocument (string,bool)
UnityEditor.Search.SearchIndexEntryImporter:OnImportAsset (UnityEditor.AssetImporters.AssetImportContext)
UnityEditor.AssetImporters.ScriptedImporter:GenerateAssetData (UnityEditor.AssetImporters.AssetImportContext)

[./Library/PackageCache/com.unity.learn.iet-framework@3.1.3/Editor/Core/Tutorial.cs line 338]

SendMessage cannot be called during Awake, CheckConsistency, or OnValidate (Mesh: OnMeshFilterChanged)
UnityEngine.StackTraceUtility:ExtractStackTrace ()
UnityEditor.AssetDatabase:LoadAssetAtPath<Unity.Tutorials.Core.Editor.Tutorial> (string)
System.Linq.Utilities/<>c__DisplayClass2_0`3<string, string, Unity.Tutorials.Core.Editor.Tutorial>:<CombineSelectors>b__0 (string)
System.Linq.Enumerable/SelectArrayIterator`2<string, Unity.Tutorials.Core.Editor.Tutorial>:MoveNext ()
System.Linq.Enumerable/<ExceptIterator>d__57`1<Unity.Tutorials.Core.Editor.Tutorial>:MoveNext ()
System.Linq.Enumerable:Any<Unity.Tutorials.Core.Editor.Tutorial> (System.Collections.Generic.IEnumerable`1<Unity.Tutorials.Core.Editor.Tutorial>,System.Func`2<Unity.Tutorials.Core.Editor.Tutorial, bool>)
Unity.Tutorials.Core.Editor.Tutorial:OnValidate () (at ./Library/PackageCache/com.unity.learn.iet-framework@3.1.3/Editor/Core/Tutorial.cs:338)
UnityEditor.Search.AssetIndexer:IndexProperties (int&,string&,bool&)
UnityEditor.Search.AssetIndexer:IndexDocument (string,bool)
UnityEditor.Search.SearchIndexEntryImporter:OnImportAsset (UnityEditor.AssetImporters.AssetImportContext)
UnityEditor.AssetImporters.ScriptedImporter:GenerateAssetData (UnityEditor.AssetImporters.AssetImportContext)

[./Library/PackageCache/com.unity.learn.iet-framework@3.1.3/Editor/Core/Tutorial.cs line 338]

SendMessage cannot be called during Awake, CheckConsistency, or OnValidate (Mesh: OnMeshFilterChanged)
UnityEngine.StackTraceUtility:ExtractStackTrace ()
UnityEditor.AssetDatabase:LoadAssetAtPath<Unity.Tutorials.Core.Editor.Tutorial> (string)
System.Linq.Utilities/<>c__DisplayClass2_0`3<string, string, Unity.Tutorials.Core.Editor.Tutorial>:<CombineSelectors>b__0 (string)
System.Linq.Enumerable/SelectArrayIterator`2<string, Unity.Tutorials.Core.Editor.Tutorial>:MoveNext ()
System.Linq.Enumerable/<ExceptIterator>d__57`1<Unity.Tutorials.Core.Editor.Tutorial>:MoveNext ()
System.Linq.Enumerable:Any<Unity.Tutorials.Core.Editor.Tutorial> (System.Collections.Generic.IEnumerable`1<Unity.Tutorials.Core.Editor.Tutorial>,System.Func`2<Unity.Tutorials.Core.Editor.Tutorial, bool>)
Unity.Tutorials.Core.Editor.Tutorial:OnValidate () (at ./Library/PackageCache/com.unity.learn.iet-framework@3.1.3/Editor/Core/Tutorial.cs:338)
UnityEditor.Search.AssetIndexer:IndexProperties (int&,string&,bool&)
UnityEditor.Search.AssetIndexer:IndexDocument (string,bool)
UnityEditor.Search.SearchIndexEntryImporter:OnImportAsset (UnityEditor.AssetImporters.AssetImportContext)
UnityEditor.AssetImporters.ScriptedImporter:GenerateAssetData (UnityEditor.AssetImporters.AssetImportContext)

[./Library/PackageCache/com.unity.learn.iet-framework@3.1.3/Editor/Core/Tutorial.cs line 338]

SendMessage cannot be called during Awake, CheckConsistency, or OnValidate (Mesh: OnMeshFilterChanged)
UnityEngine.StackTraceUtility:ExtractStackTrace ()
UnityEditor.AssetDatabase:LoadAssetAtPath<Unity.Tutorials.Core.Editor.Tutorial> (string)
System.Linq.Utilities/<>c__DisplayClass2_0`3<string, string, Unity.Tutorials.Core.Editor.Tutorial>:<CombineSelectors>b__0 (string)
System.Linq.Enumerable/SelectArrayIterator`2<string, Unity.Tutorials.Core.Editor.Tutorial>:MoveNext ()
System.Linq.Enumerable/<ExceptIterator>d__57`1<Unity.Tutorials.Core.Editor.Tutorial>:MoveNext ()
System.Linq.Enumerable:Any<Unity.Tutorials.Core.Editor.Tutorial> (System.Collections.Generic.IEnumerable`1<Unity.Tutorials.Core.Editor.Tutorial>,System.Func`2<Unity.Tutorials.Core.Editor.Tutorial, bool>)
Unity.Tutorials.Core.Editor.Tutorial:OnValidate () (at ./Library/PackageCache/com.unity.learn.iet-framework@3.1.3/Editor/Core/Tutorial.cs:338)
UnityEditor.Search.AssetIndexer:IndexProperties (int&,string&,bool&)
UnityEditor.Search.AssetIndexer:IndexDocument (string,bool)
UnityEditor.Search.SearchIndexEntryImporter:OnImportAsset (UnityEditor.AssetImporters.AssetImportContext)
UnityEditor.AssetImporters.ScriptedImporter:GenerateAssetData (UnityEditor.AssetImporters.AssetImportContext)

[./Library/PackageCache/com.unity.learn.iet-framework@3.1.3/Editor/Core/Tutorial.cs line 338]

SendMessage cannot be called during Awake, CheckConsistency, or OnValidate (Mesh: OnMeshFilterChanged)
UnityEngine.StackTraceUtility:ExtractStackTrace ()
UnityEditor.AssetDatabase:LoadAssetAtPath<Unity.Tutorials.Core.Editor.Tutorial> (string)
System.Linq.Utilities/<>c__DisplayClass2_0`3<string, string, Unity.Tutorials.Core.Editor.Tutorial>:<CombineSelectors>b__0 (string)
System.Linq.Enumerable/SelectArrayIterator`2<string, Unity.Tutorials.Core.Editor.Tutorial>:MoveNext ()
System.Linq.Enumerable/<ExceptIterator>d__57`1<Unity.Tutorials.Core.Editor.Tutorial>:MoveNext ()
System.Linq.Enumerable:Any<Unity.Tutorials.Core.Editor.Tutorial> (System.Collections.Generic.IEnumerable`1<Unity.Tutorials.Core.Editor.Tutorial>,System.Func`2<Unity.Tutorials.Core.Editor.Tutorial, bool>)
Unity.Tutorials.Core.Editor.Tutorial:OnValidate () (at ./Library/PackageCache/com.unity.learn.iet-framework@3.1.3/Editor/Core/Tutorial.cs:338)
UnityEditor.Search.AssetIndexer:IndexProperties (int&,string&,bool&)
UnityEditor.Search.AssetIndexer:IndexDocument (string,bool)
UnityEditor.Search.SearchIndexEntryImporter:OnImportAsset (UnityEditor.AssetImporters.AssetImportContext)
UnityEditor.AssetImporters.ScriptedImporter:GenerateAssetData (UnityEditor.AssetImporters.AssetImportContext)

[./Library/PackageCache/com.unity.learn.iet-framework@3.1.3/Editor/Core/Tutorial.cs line 338]

SendMessage cannot be called during Awake, CheckConsistency, or OnValidate (Mesh: OnMeshFilterChanged)
UnityEngine.StackTraceUtility:ExtractStackTrace ()
UnityEditor.AssetDatabase:LoadAssetAtPath<Unity.Tutorials.Core.Editor.Tutorial> (string)
System.Linq.Utilities/<>c__DisplayClass2_0`3<string, string, Unity.Tutorials.Core.Editor.Tutorial>:<CombineSelectors>b__0 (string)
System.Linq.Enumerable/SelectArrayIterator`2<string, Unity.Tutorials.Core.Editor.Tutorial>:MoveNext ()
System.Linq.Enumerable/<ExceptIterator>d__57`1<Unity.Tutorials.Core.Editor.Tutorial>:MoveNext ()
System.Linq.Enumerable:Any<Unity.Tutorials.Core.Editor.Tutorial> (System.Collections.Generic.IEnumerable`1<Unity.Tutorials.Core.Editor.Tutorial>,System.Func`2<Unity.Tutorials.Core.Editor.Tutorial, bool>)
Unity.Tutorials.Core.Editor.Tutorial:OnValidate () (at ./Library/PackageCache/com.unity.learn.iet-framework@3.1.3/Editor/Core/Tutorial.cs:338)
UnityEditor.Search.AssetIndexer:IndexProperties (int&,string&,bool&)
UnityEditor.Search.AssetIndexer:IndexDocument (string,bool)
UnityEditor.Search.SearchIndexEntryImporter:OnImportAsset (UnityEditor.AssetImporters.AssetImportContext)
UnityEditor.AssetImporters.ScriptedImporter:GenerateAssetData (UnityEditor.AssetImporters.AssetImportContext)

[./Library/PackageCache/com.unity.learn.iet-framework@3.1.3/Editor/Core/Tutorial.cs line 338]

SendMessage cannot be called during Awake, CheckConsistency, or OnValidate (Mesh: OnMeshFilterChanged)
UnityEngine.StackTraceUtility:ExtractStackTrace ()
UnityEditor.AssetDatabase:LoadAssetAtPath<Unity.Tutorials.Core.Editor.Tutorial> (string)
System.Linq.Utilities/<>c__DisplayClass2_0`3<string, string, Unity.Tutorials.Core.Editor.Tutorial>:<CombineSelectors>b__0 (string)
System.Linq.Enumerable/SelectArrayIterator`2<string, Unity.Tutorials.Core.Editor.Tutorial>:MoveNext ()
System.Linq.Enumerable/<ExceptIterator>d__57`1<Unity.Tutorials.Core.Editor.Tutorial>:MoveNext ()
System.Linq.Enumerable:Any<Unity.Tutorials.Core.Editor.Tutorial> (System.Collections.Generic.IEnumerable`1<Unity.Tutorials.Core.Editor.Tutorial>,System.Func`2<Unity.Tutorials.Core.Editor.Tutorial, bool>)
Unity.Tutorials.Core.Editor.Tutorial:OnValidate () (at ./Library/PackageCache/com.unity.learn.iet-framework@3.1.3/Editor/Core/Tutorial.cs:338)
UnityEditor.Search.AssetIndexer:IndexProperties (int&,string&,bool&)
UnityEditor.Search.AssetIndexer:IndexDocument (string,bool)
UnityEditor.Search.SearchIndexEntryImporter:OnImportAsset (UnityEditor.AssetImporters.AssetImportContext)
UnityEditor.AssetImporters.ScriptedImporter:GenerateAssetData (UnityEditor.AssetImporters.AssetImportContext)

[./Library/PackageCache/com.unity.learn.iet-framework@3.1.3/Editor/Core/Tutorial.cs line 338]

SendMessage cannot be called during Awake, CheckConsistency, or OnValidate (Mesh: OnMeshFilterChanged)
UnityEngine.StackTraceUtility:ExtractStackTrace ()
UnityEditor.AssetDatabase:LoadAssetAtPath<Unity.Tutorials.Core.Editor.Tutorial> (string)
System.Linq.Utilities/<>c__DisplayClass2_0`3<string, string, Unity.Tutorials.Core.Editor.Tutorial>:<CombineSelectors>b__0 (string)
System.Linq.Enumerable/SelectArrayIterator`2<string, Unity.Tutorials.Core.Editor.Tutorial>:MoveNext ()
System.Linq.Enumerable/<ExceptIterator>d__57`1<Unity.Tutorials.Core.Editor.Tutorial>:MoveNext ()
System.Linq.Enumerable:Any<Unity.Tutorials.Core.Editor.Tutorial> (System.Collections.Generic.IEnumerable`1<Unity.Tutorials.Core.Editor.Tutorial>,System.Func`2<Unity.Tutorials.Core.Editor.Tutorial, bool>)
Unity.Tutorials.Core.Editor.Tutorial:OnValidate () (at ./Library/PackageCache/com.unity.learn.iet-framework@3.1.3/Editor/Core/Tutorial.cs:338)
UnityEditor.Search.AssetIndexer:IndexProperties (int&,string&,bool&)
UnityEditor.Search.AssetIndexer:IndexDocument (string,bool)
UnityEditor.Search.SearchIndexEntryImporter:OnImportAsset (UnityEditor.AssetImporters.AssetImportContext)
UnityEditor.AssetImporters.ScriptedImporter:GenerateAssetData (UnityEditor.AssetImporters.AssetImportContext)

[./Library/PackageCache/com.unity.learn.iet-framework@3.1.3/Editor/Core/Tutorial.cs line 338]

SendMessage cannot be called during Awake, CheckConsistency, or OnValidate (Mesh: OnMeshFilterChanged)
UnityEngine.StackTraceUtility:ExtractStackTrace ()
UnityEditor.AssetDatabase:LoadAssetAtPath<Unity.Tutorials.Core.Editor.Tutorial> (string)
System.Linq.Utilities/<>c__DisplayClass2_0`3<string, string, Unity.Tutorials.Core.Editor.Tutorial>:<CombineSelectors>b__0 (string)
System.Linq.Enumerable/SelectArrayIterator`2<string, Unity.Tutorials.Core.Editor.Tutorial>:MoveNext ()
System.Linq.Enumerable/<ExceptIterator>d__57`1<Unity.Tutorials.Core.Editor.Tutorial>:MoveNext ()
System.Linq.Enumerable:Any<Unity.Tutorials.Core.Editor.Tutorial> (System.Collections.Generic.IEnumerable`1<Unity.Tutorials.Core.Editor.Tutorial>,System.Func`2<Unity.Tutorials.Core.Editor.Tutorial, bool>)
Unity.Tutorials.Core.Editor.Tutorial:OnValidate () (at ./Library/PackageCache/com.unity.learn.iet-framework@3.1.3/Editor/Core/Tutorial.cs:338)
UnityEditor.Search.AssetIndexer:IndexProperties (int&,string&,bool&)
UnityEditor.Search.AssetIndexer:IndexDocument (string,bool)
UnityEditor.Search.SearchIndexEntryImporter:OnImportAsset (UnityEditor.AssetImporters.AssetImportContext)
UnityEditor.AssetImporters.ScriptedImporter:GenerateAssetData (UnityEditor.AssetImporters.AssetImportContext)

[./Library/PackageCache/com.unity.learn.iet-framework@3.1.3/Editor/Core/Tutorial.cs line 338]

SendMessage cannot be called during Awake, CheckConsistency, or OnValidate (Mesh: OnMeshFilterChanged)
UnityEngine.StackTraceUtility:ExtractStackTrace ()
UnityEditor.AssetDatabase:LoadAssetAtPath<Unity.Tutorials.Core.Editor.Tutorial> (string)
System.Linq.Utilities/<>c__DisplayClass2_0`3<string, string, Unity.Tutorials.Core.Editor.Tutorial>:<CombineSelectors>b__0 (string)
System.Linq.Enumerable/SelectArrayIterator`2<string, Unity.Tutorials.Core.Editor.Tutorial>:MoveNext ()
System.Linq.Enumerable/<ExceptIterator>d__57`1<Unity.Tutorials.Core.Editor.Tutorial>:MoveNext ()
System.Linq.Enumerable:Any<Unity.Tutorials.Core.Editor.Tutorial> (System.Collections.Generic.IEnumerable`1<Unity.Tutorials.Core.Editor.Tutorial>,System.Func`2<Unity.Tutorials.Core.Editor.Tutorial, bool>)
Unity.Tutorials.Core.Editor.Tutorial:OnValidate () (at ./Library/PackageCache/com.unity.learn.iet-framework@3.1.3/Editor/Core/Tutorial.cs:338)
UnityEditor.Search.AssetIndexer:IndexProperties (int&,string&,bool&)
UnityEditor.Search.AssetIndexer:IndexDocument (string,bool)
UnityEditor.Search.SearchIndexEntryImporter:OnImportAsset (UnityEditor.AssetImporters.AssetImportContext)
UnityEditor.AssetImporters.ScriptedImporter:GenerateAssetData (UnityEditor.AssetImporters.AssetImportContext)

[./Library/PackageCache/com.unity.learn.iet-framework@3.1.3/Editor/Core/Tutorial.cs line 338]

SendMessage cannot be called during Awake, CheckConsistency, or OnValidate (Mesh: OnMeshFilterChanged)
UnityEngine.StackTraceUtility:ExtractStackTrace ()
UnityEditor.AssetDatabase:LoadAssetAtPath<Unity.Tutorials.Core.Editor.Tutorial> (string)
System.Linq.Utilities/<>c__DisplayClass2_0`3<string, string, Unity.Tutorials.Core.Editor.Tutorial>:<CombineSelectors>b__0 (string)
System.Linq.Enumerable/SelectArrayIterator`2<string, Unity.Tutorials.Core.Editor.Tutorial>:MoveNext ()
System.Linq.Enumerable/<ExceptIterator>d__57`1<Unity.Tutorials.Core.Editor.Tutorial>:MoveNext ()
System.Linq.Enumerable:Any<Unity.Tutorials.Core.Editor.Tutorial> (System.Collections.Generic.IEnumerable`1<Unity.Tutorials.Core.Editor.Tutorial>,System.Func`2<Unity.Tutorials.Core.Editor.Tutorial, bool>)
Unity.Tutorials.Core.Editor.Tutorial:OnValidate () (at ./Library/PackageCache/com.unity.learn.iet-framework@3.1.3/Editor/Core/Tutorial.cs:338)
UnityEditor.Search.AssetIndexer:IndexProperties (int&,string&,bool&)
UnityEditor.Search.AssetIndexer:IndexDocument (string,bool)
UnityEditor.Search.SearchIndexEntryImporter:OnImportAsset (UnityEditor.AssetImporters.AssetImportContext)
UnityEditor.AssetImporters.ScriptedImporter:GenerateAssetData (UnityEditor.AssetImporters.AssetImportContext)

[./Library/PackageCache/com.unity.learn.iet-framework@3.1.3/Editor/Core/Tutorial.cs line 338]

SendMessage cannot be called during Awake, CheckConsistency, or OnValidate (Mesh: OnMeshFilterChanged)
UnityEngine.StackTraceUtility:ExtractStackTrace ()
UnityEditor.AssetDatabase:LoadAssetAtPath<Unity.Tutorials.Core.Editor.Tutorial> (string)
System.Linq.Utilities/<>c__DisplayClass2_0`3<string, string, Unity.Tutorials.Core.Editor.Tutorial>:<CombineSelectors>b__0 (string)
System.Linq.Enumerable/SelectArrayIterator`2<string, Unity.Tutorials.Core.Editor.Tutorial>:MoveNext ()
System.Linq.Enumerable/<ExceptIterator>d__57`1<Unity.Tutorials.Core.Editor.Tutorial>:MoveNext ()
System.Linq.Enumerable:Any<Unity.Tutorials.Core.Editor.Tutorial> (System.Collections.Generic.IEnumerable`1<Unity.Tutorials.Core.Editor.Tutorial>,System.Func`2<Unity.Tutorials.Core.Editor.Tutorial, bool>)
Unity.Tutorials.Core.Editor.Tutorial:OnValidate () (at ./Library/PackageCache/com.unity.learn.iet-framework@3.1.3/Editor/Core/Tutorial.cs:338)
UnityEditor.Search.AssetIndexer:IndexProperties (int&,string&,bool&)
UnityEditor.Search.AssetIndexer:IndexDocument (string,bool)
UnityEditor.Search.SearchIndexEntryImporter:OnImportAsset (UnityEditor.AssetImporters.AssetImportContext)
UnityEditor.AssetImporters.ScriptedImporter:GenerateAssetData (UnityEditor.AssetImporters.AssetImportContext)

[./Library/PackageCache/com.unity.learn.iet-framework@3.1.3/Editor/Core/Tutorial.cs line 338]

SendMessage cannot be called during Awake, CheckConsistency, or OnValidate (Mesh: OnMeshFilterChanged)
UnityEngine.StackTraceUtility:ExtractStackTrace ()
UnityEditor.AssetDatabase:LoadAssetAtPath<Unity.Tutorials.Core.Editor.Tutorial> (string)
System.Linq.Utilities/<>c__DisplayClass2_0`3<string, string, Unity.Tutorials.Core.Editor.Tutorial>:<CombineSelectors>b__0 (string)
System.Linq.Enumerable/SelectArrayIterator`2<string, Unity.Tutorials.Core.Editor.Tutorial>:MoveNext ()
System.Linq.Enumerable/<ExceptIterator>d__57`1<Unity.Tutorials.Core.Editor.Tutorial>:MoveNext ()
System.Linq.Enumerable:Any<Unity.Tutorials.Core.Editor.Tutorial> (System.Collections.Generic.IEnumerable`1<Unity.Tutorials.Core.Editor.Tutorial>,System.Func`2<Unity.Tutorials.Core.Editor.Tutorial, bool>)
Unity.Tutorials.Core.Editor.Tutorial:OnValidate () (at ./Library/PackageCache/com.unity.learn.iet-framework@3.1.3/Editor/Core/Tutorial.cs:338)
UnityEditor.Search.AssetIndexer:IndexProperties (int&,string&,bool&)
UnityEditor.Search.AssetIndexer:IndexDocument (string,bool)
UnityEditor.Search.SearchIndexEntryImporter:OnImportAsset (UnityEditor.AssetImporters.AssetImportContext)
UnityEditor.AssetImporters.ScriptedImporter:GenerateAssetData (UnityEditor.AssetImporters.AssetImportContext)

[./Library/PackageCache/com.unity.learn.iet-framework@3.1.3/Editor/Core/Tutorial.cs line 338]

SendMessage cannot be called during Awake, CheckConsistency, or OnValidate (Mesh: OnMeshFilterChanged)
UnityEngine.StackTraceUtility:ExtractStackTrace ()
UnityEditor.AssetDatabase:LoadAssetAtPath<Unity.Tutorials.Core.Editor.Tutorial> (string)
System.Linq.Utilities/<>c__DisplayClass2_0`3<string, string, Unity.Tutorials.Core.Editor.Tutorial>:<CombineSelectors>b__0 (string)
System.Linq.Enumerable/SelectArrayIterator`2<string, Unity.Tutorials.Core.Editor.Tutorial>:MoveNext ()
System.Linq.Enumerable/<ExceptIterator>d__57`1<Unity.Tutorials.Core.Editor.Tutorial>:MoveNext ()
System.Linq.Enumerable:Any<Unity.Tutorials.Core.Editor.Tutorial> (System.Collections.Generic.IEnumerable`1<Unity.Tutorials.Core.Editor.Tutorial>,System.Func`2<Unity.Tutorials.Core.Editor.Tutorial, bool>)
Unity.Tutorials.Core.Editor.Tutorial:OnValidate () (at ./Library/PackageCache/com.unity.learn.iet-framework@3.1.3/Editor/Core/Tutorial.cs:338)
UnityEditor.Search.AssetIndexer:IndexProperties (int&,string&,bool&)
UnityEditor.Search.AssetIndexer:IndexDocument (string,bool)
UnityEditor.Search.SearchIndexEntryImporter:OnImportAsset (UnityEditor.AssetImporters.AssetImportContext)
UnityEditor.AssetImporters.ScriptedImporter:GenerateAssetData (UnityEditor.AssetImporters.AssetImportContext)

[./Library/PackageCache/com.unity.learn.iet-framework@3.1.3/Editor/Core/Tutorial.cs line 338]

SendMessage cannot be called during Awake, CheckConsistency, or OnValidate (Mesh: OnMeshFilterChanged)
UnityEngine.StackTraceUtility:ExtractStackTrace ()
UnityEditor.AssetDatabase:LoadAssetAtPath<Unity.Tutorials.Core.Editor.Tutorial> (string)
System.Linq.Utilities/<>c__DisplayClass2_0`3<string, string, Unity.Tutorials.Core.Editor.Tutorial>:<CombineSelectors>b__0 (string)
System.Linq.Enumerable/SelectArrayIterator`2<string, Unity.Tutorials.Core.Editor.Tutorial>:MoveNext ()
System.Linq.Enumerable/<ExceptIterator>d__57`1<Unity.Tutorials.Core.Editor.Tutorial>:MoveNext ()
System.Linq.Enumerable:Any<Unity.Tutorials.Core.Editor.Tutorial> (System.Collections.Generic.IEnumerable`1<Unity.Tutorials.Core.Editor.Tutorial>,System.Func`2<Unity.Tutorials.Core.Editor.Tutorial, bool>)
Unity.Tutorials.Core.Editor.Tutorial:OnValidate () (at ./Library/PackageCache/com.unity.learn.iet-framework@3.1.3/Editor/Core/Tutorial.cs:338)
UnityEditor.Search.AssetIndexer:IndexProperties (int&,string&,bool&)
UnityEditor.Search.AssetIndexer:IndexDocument (string,bool)
UnityEditor.Search.SearchIndexEntryImporter:OnImportAsset (UnityEditor.AssetImporters.AssetImportContext)
UnityEditor.AssetImporters.ScriptedImporter:GenerateAssetData (UnityEditor.AssetImporters.AssetImportContext)

[./Library/PackageCache/com.unity.learn.iet-framework@3.1.3/Editor/Core/Tutorial.cs line 338]

SendMessage cannot be called during Awake, CheckConsistency, or OnValidate (Mesh: OnMeshFilterChanged)
UnityEngine.StackTraceUtility:ExtractStackTrace ()
UnityEditor.AssetDatabase:LoadAssetAtPath<Unity.Tutorials.Core.Editor.Tutorial> (string)
System.Linq.Utilities/<>c__DisplayClass2_0`3<string, string, Unity.Tutorials.Core.Editor.Tutorial>:<CombineSelectors>b__0 (string)
System.Linq.Enumerable/SelectArrayIterator`2<string, Unity.Tutorials.Core.Editor.Tutorial>:MoveNext ()
System.Linq.Enumerable/<ExceptIterator>d__57`1<Unity.Tutorials.Core.Editor.Tutorial>:MoveNext ()
System.Linq.Enumerable:Any<Unity.Tutorials.Core.Editor.Tutorial> (System.Collections.Generic.IEnumerable`1<Unity.Tutorials.Core.Editor.Tutorial>,System.Func`2<Unity.Tutorials.Core.Editor.Tutorial, bool>)
Unity.Tutorials.Core.Editor.Tutorial:OnValidate () (at ./Library/PackageCache/com.unity.learn.iet-framework@3.1.3/Editor/Core/Tutorial.cs:338)
UnityEditor.Search.AssetIndexer:IndexProperties (int&,string&,bool&)
UnityEditor.Search.AssetIndexer:IndexDocument (string,bool)
UnityEditor.Search.SearchIndexEntryImporter:OnImportAsset (UnityEditor.AssetImporters.AssetImportContext)
UnityEditor.AssetImporters.ScriptedImporter:GenerateAssetData (UnityEditor.AssetImporters.AssetImportContext)

[./Library/PackageCache/com.unity.learn.iet-framework@3.1.3/Editor/Core/Tutorial.cs line 338]

SendMessage cannot be called during Awake, CheckConsistency, or OnValidate (Mesh: OnMeshFilterChanged)
UnityEngine.StackTraceUtility:ExtractStackTrace ()
UnityEditor.AssetDatabase:LoadAssetAtPath<Unity.Tutorials.Core.Editor.Tutorial> (string)
System.Linq.Utilities/<>c__DisplayClass2_0`3<string, string, Unity.Tutorials.Core.Editor.Tutorial>:<CombineSelectors>b__0 (string)
System.Linq.Enumerable/SelectArrayIterator`2<string, Unity.Tutorials.Core.Editor.Tutorial>:MoveNext ()
System.Linq.Enumerable/<ExceptIterator>d__57`1<Unity.Tutorials.Core.Editor.Tutorial>:MoveNext ()
System.Linq.Enumerable:Any<Unity.Tutorials.Core.Editor.Tutorial> (System.Collections.Generic.IEnumerable`1<Unity.Tutorials.Core.Editor.Tutorial>,System.Func`2<Unity.Tutorials.Core.Editor.Tutorial, bool>)
Unity.Tutorials.Core.Editor.Tutorial:OnValidate () (at ./Library/PackageCache/com.unity.learn.iet-framework@3.1.3/Editor/Core/Tutorial.cs:338)
UnityEditor.Search.AssetIndexer:IndexProperties (int&,string&,bool&)
UnityEditor.Search.AssetIndexer:IndexDocument (string,bool)
UnityEditor.Search.SearchIndexEntryImporter:OnImportAsset (UnityEditor.AssetImporters.AssetImportContext)
UnityEditor.AssetImporters.ScriptedImporter:GenerateAssetData (UnityEditor.AssetImporters.AssetImportContext)

[./Library/PackageCache/com.unity.learn.iet-framework@3.1.3/Editor/Core/Tutorial.cs line 338]

SendMessage cannot be called during Awake, CheckConsistency, or OnValidate (Mesh: OnMeshFilterChanged)
UnityEngine.StackTraceUtility:ExtractStackTrace ()
UnityEditor.AssetDatabase:LoadAssetAtPath<Unity.Tutorials.Core.Editor.Tutorial> (string)
System.Linq.Utilities/<>c__DisplayClass2_0`3<string, string, Unity.Tutorials.Core.Editor.Tutorial>:<CombineSelectors>b__0 (string)
System.Linq.Enumerable/SelectArrayIterator`2<string, Unity.Tutorials.Core.Editor.Tutorial>:MoveNext ()
System.Linq.Enumerable/<ExceptIterator>d__57`1<Unity.Tutorials.Core.Editor.Tutorial>:MoveNext ()
System.Linq.Enumerable:Any<Unity.Tutorials.Core.Editor.Tutorial> (System.Collections.Generic.IEnumerable`1<Unity.Tutorials.Core.Editor.Tutorial>,System.Func`2<Unity.Tutorials.Core.Editor.Tutorial, bool>)
Unity.Tutorials.Core.Editor.Tutorial:OnValidate () (at ./Library/PackageCache/com.unity.learn.iet-framework@3.1.3/Editor/Core/Tutorial.cs:338)
UnityEditor.Search.AssetIndexer:IndexProperties (int&,string&,bool&)
UnityEditor.Search.AssetIndexer:IndexDocument (string,bool)
UnityEditor.Search.SearchIndexEntryImporter:OnImportAsset (UnityEditor.AssetImporters.AssetImportContext)
UnityEditor.AssetImporters.ScriptedImporter:GenerateAssetData (UnityEditor.AssetImporters.AssetImportContext)

[./Library/PackageCache/com.unity.learn.iet-framework@3.1.3/Editor/Core/Tutorial.cs line 338]

SendMessage cannot be called during Awake, CheckConsistency, or OnValidate (Mesh: OnMeshFilterChanged)
UnityEngine.StackTraceUtility:ExtractStackTrace ()
UnityEditor.AssetDatabase:LoadAssetAtPath<Unity.Tutorials.Core.Editor.Tutorial> (string)
System.Linq.Utilities/<>c__DisplayClass2_0`3<string, string, Unity.Tutorials.Core.Editor.Tutorial>:<CombineSelectors>b__0 (string)
System.Linq.Enumerable/SelectArrayIterator`2<string, Unity.Tutorials.Core.Editor.Tutorial>:MoveNext ()
System.Linq.Enumerable/<ExceptIterator>d__57`1<Unity.Tutorials.Core.Editor.Tutorial>:MoveNext ()
System.Linq.Enumerable:Any<Unity.Tutorials.Core.Editor.Tutorial> (System.Collections.Generic.IEnumerable`1<Unity.Tutorials.Core.Editor.Tutorial>,System.Func`2<Unity.Tutorials.Core.Editor.Tutorial, bool>)
Unity.Tutorials.Core.Editor.Tutorial:OnValidate () (at ./Library/PackageCache/com.unity.learn.iet-framework@3.1.3/Editor/Core/Tutorial.cs:338)
UnityEditor.Search.AssetIndexer:IndexProperties (int&,string&,bool&)
UnityEditor.Search.AssetIndexer:IndexDocument (string,bool)
UnityEditor.Search.SearchIndexEntryImporter:OnImportAsset (UnityEditor.AssetImporters.AssetImportContext)
UnityEditor.AssetImporters.ScriptedImporter:GenerateAssetData (UnityEditor.AssetImporters.AssetImportContext)

[./Library/PackageCache/com.unity.learn.iet-framework@3.1.3/Editor/Core/Tutorial.cs line 338]

SendMessage cannot be called during Awake, CheckConsistency, or OnValidate (Mesh: OnMeshFilterChanged)
UnityEngine.StackTraceUtility:ExtractStackTrace ()
UnityEditor.AssetDatabase:LoadAssetAtPath<Unity.Tutorials.Core.Editor.Tutorial> (string)
System.Linq.Utilities/<>c__DisplayClass2_0`3<string, string, Unity.Tutorials.Core.Editor.Tutorial>:<CombineSelectors>b__0 (string)
System.Linq.Enumerable/SelectArrayIterator`2<string, Unity.Tutorials.Core.Editor.Tutorial>:MoveNext ()
System.Linq.Enumerable/<ExceptIterator>d__57`1<Unity.Tutorials.Core.Editor.Tutorial>:MoveNext ()
System.Linq.Enumerable:Any<Unity.Tutorials.Core.Editor.Tutorial> (System.Collections.Generic.IEnumerable`1<Unity.Tutorials.Core.Editor.Tutorial>,System.Func`2<Unity.Tutorials.Core.Editor.Tutorial, bool>)
Unity.Tutorials.Core.Editor.Tutorial:OnValidate () (at ./Library/PackageCache/com.unity.learn.iet-framework@3.1.3/Editor/Core/Tutorial.cs:338)
UnityEditor.Search.AssetIndexer:IndexProperties (int&,string&,bool&)
UnityEditor.Search.AssetIndexer:IndexDocument (string,bool)
UnityEditor.Search.SearchIndexEntryImporter:OnImportAsset (UnityEditor.AssetImporters.AssetImportContext)
UnityEditor.AssetImporters.ScriptedImporter:GenerateAssetData (UnityEditor.AssetImporters.AssetImportContext)

[./Library/PackageCache/com.unity.learn.iet-framework@3.1.3/Editor/Core/Tutorial.cs line 338]

SendMessage cannot be called during Awake, CheckConsistency, or OnValidate (Mesh: OnMeshFilterChanged)
UnityEngine.StackTraceUtility:ExtractStackTrace ()
UnityEditor.AssetDatabase:LoadAssetAtPath<Unity.Tutorials.Core.Editor.Tutorial> (string)
System.Linq.Utilities/<>c__DisplayClass2_0`3<string, string, Unity.Tutorials.Core.Editor.Tutorial>:<CombineSelectors>b__0 (string)
System.Linq.Enumerable/SelectArrayIterator`2<string, Unity.Tutorials.Core.Editor.Tutorial>:MoveNext ()
System.Linq.Enumerable/<ExceptIterator>d__57`1<Unity.Tutorials.Core.Editor.Tutorial>:MoveNext ()
System.Linq.Enumerable:Any<Unity.Tutorials.Core.Editor.Tutorial> (System.Collections.Generic.IEnumerable`1<Unity.Tutorials.Core.Editor.Tutorial>,System.Func`2<Unity.Tutorials.Core.Editor.Tutorial, bool>)
Unity.Tutorials.Core.Editor.Tutorial:OnValidate () (at ./Library/PackageCache/com.unity.learn.iet-framework@3.1.3/Editor/Core/Tutorial.cs:338)
UnityEditor.Search.AssetIndexer:IndexProperties (int&,string&,bool&)
UnityEditor.Search.AssetIndexer:IndexDocument (string,bool)
UnityEditor.Search.SearchIndexEntryImporter:OnImportAsset (UnityEditor.AssetImporters.AssetImportContext)
UnityEditor.AssetImporters.ScriptedImporter:GenerateAssetData (UnityEditor.AssetImporters.AssetImportContext)

[./Library/PackageCache/com.unity.learn.iet-framework@3.1.3/Editor/Core/Tutorial.cs line 338]

SendMessage cannot be called during Awake, CheckConsistency, or OnValidate (Mesh: OnMeshFilterChanged)
UnityEngine.StackTraceUtility:ExtractStackTrace ()
UnityEditor.AssetDatabase:LoadAssetAtPath<Unity.Tutorials.Core.Editor.Tutorial> (string)
System.Linq.Utilities/<>c__DisplayClass2_0`3<string, string, Unity.Tutorials.Core.Editor.Tutorial>:<CombineSelectors>b__0 (string)
System.Linq.Enumerable/SelectArrayIterator`2<string, Unity.Tutorials.Core.Editor.Tutorial>:MoveNext ()
System.Linq.Enumerable/<ExceptIterator>d__57`1<Unity.Tutorials.Core.Editor.Tutorial>:MoveNext ()
System.Linq.Enumerable:Any<Unity.Tutorials.Core.Editor.Tutorial> (System.Collections.Generic.IEnumerable`1<Unity.Tutorials.Core.Editor.Tutorial>,System.Func`2<Unity.Tutorials.Core.Editor.Tutorial, bool>)
Unity.Tutorials.Core.Editor.Tutorial:OnValidate () (at ./Library/PackageCache/com.unity.learn.iet-framework@3.1.3/Editor/Core/Tutorial.cs:338)
UnityEditor.Search.AssetIndexer:IndexProperties (int&,string&,bool&)
UnityEditor.Search.AssetIndexer:IndexDocument (string,bool)
UnityEditor.Search.SearchIndexEntryImporter:OnImportAsset (UnityEditor.AssetImporters.AssetImportContext)
UnityEditor.AssetImporters.ScriptedImporter:GenerateAssetData (UnityEditor.AssetImporters.AssetImportContext)

[./Library/PackageCache/com.unity.learn.iet-framework@3.1.3/Editor/Core/Tutorial.cs line 338]

SendMessage cannot be called during Awake, CheckConsistency, or OnValidate (Mesh: OnMeshFilterChanged)
UnityEngine.StackTraceUtility:ExtractStackTrace ()
UnityEditor.AssetDatabase:LoadAssetAtPath<Unity.Tutorials.Core.Editor.Tutorial> (string)
System.Linq.Utilities/<>c__DisplayClass2_0`3<string, string, Unity.Tutorials.Core.Editor.Tutorial>:<CombineSelectors>b__0 (string)
System.Linq.Enumerable/SelectArrayIterator`2<string, Unity.Tutorials.Core.Editor.Tutorial>:MoveNext ()
System.Linq.Enumerable/<ExceptIterator>d__57`1<Unity.Tutorials.Core.Editor.Tutorial>:MoveNext ()
System.Linq.Enumerable:Any<Unity.Tutorials.Core.Editor.Tutorial> (System.Collections.Generic.IEnumerable`1<Unity.Tutorials.Core.Editor.Tutorial>,System.Func`2<Unity.Tutorials.Core.Editor.Tutorial, bool>)
Unity.Tutorials.Core.Editor.Tutorial:OnValidate () (at ./Library/PackageCache/com.unity.learn.iet-framework@3.1.3/Editor/Core/Tutorial.cs:338)
UnityEditor.Search.AssetIndexer:IndexProperties (int&,string&,bool&)
UnityEditor.Search.AssetIndexer:IndexDocument (string,bool)
UnityEditor.Search.SearchIndexEntryImporter:OnImportAsset (UnityEditor.AssetImporters.AssetImportContext)
UnityEditor.AssetImporters.ScriptedImporter:GenerateAssetData (UnityEditor.AssetImporters.AssetImportContext)

[./Library/PackageCache/com.unity.learn.iet-framework@3.1.3/Editor/Core/Tutorial.cs line 338]

SendMessage cannot be called during Awake, CheckConsistency, or OnValidate (Mesh: OnMeshFilterChanged)
UnityEngine.StackTraceUtility:ExtractStackTrace ()
UnityEditor.AssetDatabase:LoadAssetAtPath<Unity.Tutorials.Core.Editor.Tutorial> (string)
System.Linq.Utilities/<>c__DisplayClass2_0`3<string, string, Unity.Tutorials.Core.Editor.Tutorial>:<CombineSelectors>b__0 (string)
System.Linq.Enumerable/SelectArrayIterator`2<string, Unity.Tutorials.Core.Editor.Tutorial>:MoveNext ()
System.Linq.Enumerable/<ExceptIterator>d__57`1<Unity.Tutorials.Core.Editor.Tutorial>:MoveNext ()
System.Linq.Enumerable:Any<Unity.Tutorials.Core.Editor.Tutorial> (System.Collections.Generic.IEnumerable`1<Unity.Tutorials.Core.Editor.Tutorial>,System.Func`2<Unity.Tutorials.Core.Editor.Tutorial, bool>)
Unity.Tutorials.Core.Editor.Tutorial:OnValidate () (at ./Library/PackageCache/com.unity.learn.iet-framework@3.1.3/Editor/Core/Tutorial.cs:338)
UnityEditor.Search.AssetIndexer:IndexProperties (int&,string&,bool&)
UnityEditor.Search.AssetIndexer:IndexDocument (string,bool)
UnityEditor.Search.SearchIndexEntryImporter:OnImportAsset (UnityEditor.AssetImporters.AssetImportContext)
UnityEditor.AssetImporters.ScriptedImporter:GenerateAssetData (UnityEditor.AssetImporters.AssetImportContext)

[./Library/PackageCache/com.unity.learn.iet-framework@3.1.3/Editor/Core/Tutorial.cs line 338]

SendMessage cannot be called during Awake, CheckConsistency, or OnValidate (Mesh: OnMeshFilterChanged)
UnityEngine.StackTraceUtility:ExtractStackTrace ()
UnityEditor.AssetDatabase:LoadAssetAtPath<Unity.Tutorials.Core.Editor.Tutorial> (string)
System.Linq.Utilities/<>c__DisplayClass2_0`3<string, string, Unity.Tutorials.Core.Editor.Tutorial>:<CombineSelectors>b__0 (string)
System.Linq.Enumerable/SelectArrayIterator`2<string, Unity.Tutorials.Core.Editor.Tutorial>:MoveNext ()
System.Linq.Enumerable/<ExceptIterator>d__57`1<Unity.Tutorials.Core.Editor.Tutorial>:MoveNext ()
System.Linq.Enumerable:Any<Unity.Tutorials.Core.Editor.Tutorial> (System.Collections.Generic.IEnumerable`1<Unity.Tutorials.Core.Editor.Tutorial>,System.Func`2<Unity.Tutorials.Core.Editor.Tutorial, bool>)
Unity.Tutorials.Core.Editor.Tutorial:OnValidate () (at ./Library/PackageCache/com.unity.learn.iet-framework@3.1.3/Editor/Core/Tutorial.cs:338)
UnityEditor.Search.AssetIndexer:IndexProperties (int&,string&,bool&)
UnityEditor.Search.AssetIndexer:IndexDocument (string,bool)
UnityEditor.Search.SearchIndexEntryImporter:OnImportAsset (UnityEditor.AssetImporters.AssetImportContext)
UnityEditor.AssetImporters.ScriptedImporter:GenerateAssetData (UnityEditor.AssetImporters.AssetImportContext)

[./Library/PackageCache/com.unity.learn.iet-framework@3.1.3/Editor/Core/Tutorial.cs line 338]

SendMessage cannot be called during Awake, CheckConsistency, or OnValidate (Mesh: OnMeshFilterChanged)
UnityEngine.StackTraceUtility:ExtractStackTrace ()
UnityEditor.AssetDatabase:LoadAssetAtPath<Unity.Tutorials.Core.Editor.Tutorial> (string)
System.Linq.Utilities/<>c__DisplayClass2_0`3<string, string, Unity.Tutorials.Core.Editor.Tutorial>:<CombineSelectors>b__0 (string)
System.Linq.Enumerable/SelectArrayIterator`2<string, Unity.Tutorials.Core.Editor.Tutorial>:MoveNext ()
System.Linq.Enumerable/<ExceptIterator>d__57`1<Unity.Tutorials.Core.Editor.Tutorial>:MoveNext ()
System.Linq.Enumerable:Any<Unity.Tutorials.Core.Editor.Tutorial> (System.Collections.Generic.IEnumerable`1<Unity.Tutorials.Core.Editor.Tutorial>,System.Func`2<Unity.Tutorials.Core.Editor.Tutorial, bool>)
Unity.Tutorials.Core.Editor.Tutorial:OnValidate () (at ./Library/PackageCache/com.unity.learn.iet-framework@3.1.3/Editor/Core/Tutorial.cs:338)
UnityEditor.Search.AssetIndexer:IndexProperties (int&,string&,bool&)
UnityEditor.Search.AssetIndexer:IndexDocument (string,bool)
UnityEditor.Search.SearchIndexEntryImporter:OnImportAsset (UnityEditor.AssetImporters.AssetImportContext)
UnityEditor.AssetImporters.ScriptedImporter:GenerateAssetData (UnityEditor.AssetImporters.AssetImportContext)

[./Library/PackageCache/com.unity.learn.iet-framework@3.1.3/Editor/Core/Tutorial.cs line 338]

SendMessage cannot be called during Awake, CheckConsistency, or OnValidate (Mesh: OnMeshFilterChanged)
UnityEngine.StackTraceUtility:ExtractStackTrace ()
UnityEditor.AssetDatabase:LoadAssetAtPath<Unity.Tutorials.Core.Editor.Tutorial> (string)
System.Linq.Utilities/<>c__DisplayClass2_0`3<string, string, Unity.Tutorials.Core.Editor.Tutorial>:<CombineSelectors>b__0 (string)
System.Linq.Enumerable/SelectArrayIterator`2<string, Unity.Tutorials.Core.Editor.Tutorial>:MoveNext ()
System.Linq.Enumerable/<ExceptIterator>d__57`1<Unity.Tutorials.Core.Editor.Tutorial>:MoveNext ()
System.Linq.Enumerable:Any<Unity.Tutorials.Core.Editor.Tutorial> (System.Collections.Generic.IEnumerable`1<Unity.Tutorials.Core.Editor.Tutorial>,System.Func`2<Unity.Tutorials.Core.Editor.Tutorial, bool>)
Unity.Tutorials.Core.Editor.Tutorial:OnValidate () (at ./Library/PackageCache/com.unity.learn.iet-framework@3.1.3/Editor/Core/Tutorial.cs:338)
UnityEditor.Search.AssetIndexer:IndexProperties (int&,string&,bool&)
UnityEditor.Search.AssetIndexer:IndexDocument (string,bool)
UnityEditor.Search.SearchIndexEntryImporter:OnImportAsset (UnityEditor.AssetImporters.AssetImportContext)
UnityEditor.AssetImporters.ScriptedImporter:GenerateAssetData (UnityEditor.AssetImporters.AssetImportContext)

[./Library/PackageCache/com.unity.learn.iet-framework@3.1.3/Editor/Core/Tutorial.cs line 338]

SendMessage cannot be called during Awake, CheckConsistency, or OnValidate (Mesh: OnMeshFilterChanged)
UnityEngine.StackTraceUtility:ExtractStackTrace ()
UnityEditor.AssetDatabase:LoadAssetAtPath<Unity.Tutorials.Core.Editor.Tutorial> (string)
System.Linq.Utilities/<>c__DisplayClass2_0`3<string, string, Unity.Tutorials.Core.Editor.Tutorial>:<CombineSelectors>b__0 (string)
System.Linq.Enumerable/SelectArrayIterator`2<string, Unity.Tutorials.Core.Editor.Tutorial>:MoveNext ()
System.Linq.Enumerable/<ExceptIterator>d__57`1<Unity.Tutorials.Core.Editor.Tutorial>:MoveNext ()
System.Linq.Enumerable:Any<Unity.Tutorials.Core.Editor.Tutorial> (System.Collections.Generic.IEnumerable`1<Unity.Tutorials.Core.Editor.Tutorial>,System.Func`2<Unity.Tutorials.Core.Editor.Tutorial, bool>)
Unity.Tutorials.Core.Editor.Tutorial:OnValidate () (at ./Library/PackageCache/com.unity.learn.iet-framework@3.1.3/Editor/Core/Tutorial.cs:338)
UnityEditor.Search.AssetIndexer:IndexProperties (int&,string&,bool&)
UnityEditor.Search.AssetIndexer:IndexDocument (string,bool)
UnityEditor.Search.SearchIndexEntryImporter:OnImportAsset (UnityEditor.AssetImporters.AssetImportContext)
UnityEditor.AssetImporters.ScriptedImporter:GenerateAssetData (UnityEditor.AssetImporters.AssetImportContext)

[./Library/PackageCache/com.unity.learn.iet-framework@3.1.3/Editor/Core/Tutorial.cs line 338]

SendMessage cannot be called during Awake, CheckConsistency, or OnValidate (Mesh: OnMeshFilterChanged)
UnityEngine.StackTraceUtility:ExtractStackTrace ()
UnityEditor.AssetDatabase:LoadAssetAtPath<Unity.Tutorials.Core.Editor.Tutorial> (string)
System.Linq.Utilities/<>c__DisplayClass2_0`3<string, string, Unity.Tutorials.Core.Editor.Tutorial>:<CombineSelectors>b__0 (string)
System.Linq.Enumerable/SelectArrayIterator`2<string, Unity.Tutorials.Core.Editor.Tutorial>:MoveNext ()
System.Linq.Enumerable/<ExceptIterator>d__57`1<Unity.Tutorials.Core.Editor.Tutorial>:MoveNext ()
System.Linq.Enumerable:Any<Unity.Tutorials.Core.Editor.Tutorial> (System.Collections.Generic.IEnumerable`1<Unity.Tutorials.Core.Editor.Tutorial>,System.Func`2<Unity.Tutorials.Core.Editor.Tutorial, bool>)
Unity.Tutorials.Core.Editor.Tutorial:OnValidate () (at ./Library/PackageCache/com.unity.learn.iet-framework@3.1.3/Editor/Core/Tutorial.cs:338)
UnityEditor.Search.AssetIndexer:IndexProperties (int&,string&,bool&)
UnityEditor.Search.AssetIndexer:IndexDocument (string,bool)
UnityEditor.Search.SearchIndexEntryImporter:OnImportAsset (UnityEditor.AssetImporters.AssetImportContext)
UnityEditor.AssetImporters.ScriptedImporter:GenerateAssetData (UnityEditor.AssetImporters.AssetImportContext)

[./Library/PackageCache/com.unity.learn.iet-framework@3.1.3/Editor/Core/Tutorial.cs line 338]

SendMessage cannot be called during Awake, CheckConsistency, or OnValidate (Mesh: OnMeshFilterChanged)
UnityEngine.StackTraceUtility:ExtractStackTrace ()
UnityEditor.AssetDatabase:LoadAssetAtPath<Unity.Tutorials.Core.Editor.Tutorial> (string)
System.Linq.Utilities/<>c__DisplayClass2_0`3<string, string, Unity.Tutorials.Core.Editor.Tutorial>:<CombineSelectors>b__0 (string)
System.Linq.Enumerable/SelectArrayIterator`2<string, Unity.Tutorials.Core.Editor.Tutorial>:MoveNext ()
System.Linq.Enumerable/<ExceptIterator>d__57`1<Unity.Tutorials.Core.Editor.Tutorial>:MoveNext ()
System.Linq.Enumerable:Any<Unity.Tutorials.Core.Editor.Tutorial> (System.Collections.Generic.IEnumerable`1<Unity.Tutorials.Core.Editor.Tutorial>,System.Func`2<Unity.Tutorials.Core.Editor.Tutorial, bool>)
Unity.Tutorials.Core.Editor.Tutorial:OnValidate () (at ./Library/PackageCache/com.unity.learn.iet-framework@3.1.3/Editor/Core/Tutorial.cs:338)
UnityEditor.Search.AssetIndexer:IndexProperties (int&,string&,bool&)
UnityEditor.Search.AssetIndexer:IndexDocument (string,bool)
UnityEditor.Search.SearchIndexEntryImporter:OnImportAsset (UnityEditor.AssetImporters.AssetImportContext)
UnityEditor.AssetImporters.ScriptedImporter:GenerateAssetData (UnityEditor.AssetImporters.AssetImportContext)

[./Library/PackageCache/com.unity.learn.iet-framework@3.1.3/Editor/Core/Tutorial.cs line 338]

SendMessage cannot be called during Awake, CheckConsistency, or OnValidate (Mesh: OnMeshFilterChanged)
UnityEngine.StackTraceUtility:ExtractStackTrace ()
UnityEditor.AssetDatabase:LoadAssetAtPath<Unity.Tutorials.Core.Editor.Tutorial> (string)
System.Linq.Utilities/<>c__DisplayClass2_0`3<string, string, Unity.Tutorials.Core.Editor.Tutorial>:<CombineSelectors>b__0 (string)
System.Linq.Enumerable/SelectArrayIterator`2<string, Unity.Tutorials.Core.Editor.Tutorial>:MoveNext ()
System.Linq.Enumerable/<ExceptIterator>d__57`1<Unity.Tutorials.Core.Editor.Tutorial>:MoveNext ()
System.Linq.Enumerable:Any<Unity.Tutorials.Core.Editor.Tutorial> (System.Collections.Generic.IEnumerable`1<Unity.Tutorials.Core.Editor.Tutorial>,System.Func`2<Unity.Tutorials.Core.Editor.Tutorial, bool>)
Unity.Tutorials.Core.Editor.Tutorial:OnValidate () (at ./Library/PackageCache/com.unity.learn.iet-framework@3.1.3/Editor/Core/Tutorial.cs:338)
UnityEditor.Search.AssetIndexer:IndexProperties (int&,string&,bool&)
UnityEditor.Search.AssetIndexer:IndexDocument (string,bool)
UnityEditor.Search.SearchIndexEntryImporter:OnImportAsset (UnityEditor.AssetImporters.AssetImportContext)
UnityEditor.AssetImporters.ScriptedImporter:GenerateAssetData (UnityEditor.AssetImporters.AssetImportContext)

[./Library/PackageCache/com.unity.learn.iet-framework@3.1.3/Editor/Core/Tutorial.cs line 338]

SendMessage cannot be called during Awake, CheckConsistency, or OnValidate (Mesh: OnMeshFilterChanged)
UnityEngine.StackTraceUtility:ExtractStackTrace ()
UnityEditor.AssetDatabase:LoadAssetAtPath<Unity.Tutorials.Core.Editor.Tutorial> (string)
System.Linq.Utilities/<>c__DisplayClass2_0`3<string, string, Unity.Tutorials.Core.Editor.Tutorial>:<CombineSelectors>b__0 (string)
System.Linq.Enumerable/SelectArrayIterator`2<string, Unity.Tutorials.Core.Editor.Tutorial>:MoveNext ()
System.Linq.Enumerable/<ExceptIterator>d__57`1<Unity.Tutorials.Core.Editor.Tutorial>:MoveNext ()
System.Linq.Enumerable:Any<Unity.Tutorials.Core.Editor.Tutorial> (System.Collections.Generic.IEnumerable`1<Unity.Tutorials.Core.Editor.Tutorial>,System.Func`2<Unity.Tutorials.Core.Editor.Tutorial, bool>)
Unity.Tutorials.Core.Editor.Tutorial:OnValidate () (at ./Library/PackageCache/com.unity.learn.iet-framework@3.1.3/Editor/Core/Tutorial.cs:338)
UnityEditor.Search.AssetIndexer:IndexProperties (int&,string&,bool&)
UnityEditor.Search.AssetIndexer:IndexDocument (string,bool)
UnityEditor.Search.SearchIndexEntryImporter:OnImportAsset (UnityEditor.AssetImporters.AssetImportContext)
UnityEditor.AssetImporters.ScriptedImporter:GenerateAssetData (UnityEditor.AssetImporters.AssetImportContext)

[./Library/PackageCache/com.unity.learn.iet-framework@3.1.3/Editor/Core/Tutorial.cs line 338]

SendMessage cannot be called during Awake, CheckConsistency, or OnValidate (Mesh: OnMeshFilterChanged)
UnityEngine.StackTraceUtility:ExtractStackTrace ()
UnityEditor.AssetDatabase:LoadAssetAtPath<Unity.Tutorials.Core.Editor.Tutorial> (string)
System.Linq.Utilities/<>c__DisplayClass2_0`3<string, string, Unity.Tutorials.Core.Editor.Tutorial>:<CombineSelectors>b__0 (string)
System.Linq.Enumerable/SelectArrayIterator`2<string, Unity.Tutorials.Core.Editor.Tutorial>:MoveNext ()
System.Linq.Enumerable/<ExceptIterator>d__57`1<Unity.Tutorials.Core.Editor.Tutorial>:MoveNext ()
System.Linq.Enumerable:Any<Unity.Tutorials.Core.Editor.Tutorial> (System.Collections.Generic.IEnumerable`1<Unity.Tutorials.Core.Editor.Tutorial>,System.Func`2<Unity.Tutorials.Core.Editor.Tutorial, bool>)
Unity.Tutorials.Core.Editor.Tutorial:OnValidate () (at ./Library/PackageCache/com.unity.learn.iet-framework@3.1.3/Editor/Core/Tutorial.cs:338)
UnityEditor.Search.AssetIndexer:IndexProperties (int&,string&,bool&)
UnityEditor.Search.AssetIndexer:IndexDocument (string,bool)
UnityEditor.Search.SearchIndexEntryImporter:OnImportAsset (UnityEditor.AssetImporters.AssetImportContext)
UnityEditor.AssetImporters.ScriptedImporter:GenerateAssetData (UnityEditor.AssetImporters.AssetImportContext)

[./Library/PackageCache/com.unity.learn.iet-framework@3.1.3/Editor/Core/Tutorial.cs line 338]

SendMessage cannot be called during Awake, CheckConsistency, or OnValidate (Mesh: OnMeshFilterChanged)
UnityEngine.StackTraceUtility:ExtractStackTrace ()
UnityEditor.AssetDatabase:LoadAssetAtPath<Unity.Tutorials.Core.Editor.Tutorial> (string)
System.Linq.Utilities/<>c__DisplayClass2_0`3<string, string, Unity.Tutorials.Core.Editor.Tutorial>:<CombineSelectors>b__0 (string)
System.Linq.Enumerable/SelectArrayIterator`2<string, Unity.Tutorials.Core.Editor.Tutorial>:MoveNext ()
System.Linq.Enumerable/<ExceptIterator>d__57`1<Unity.Tutorials.Core.Editor.Tutorial>:MoveNext ()
System.Linq.Enumerable:Any<Unity.Tutorials.Core.Editor.Tutorial> (System.Collections.Generic.IEnumerable`1<Unity.Tutorials.Core.Editor.Tutorial>,System.Func`2<Unity.Tutorials.Core.Editor.Tutorial, bool>)
Unity.Tutorials.Core.Editor.Tutorial:OnValidate () (at ./Library/PackageCache/com.unity.learn.iet-framework@3.1.3/Editor/Core/Tutorial.cs:338)
UnityEditor.Search.AssetIndexer:IndexProperties (int&,string&,bool&)
UnityEditor.Search.AssetIndexer:IndexDocument (string,bool)
UnityEditor.Search.SearchIndexEntryImporter:OnImportAsset (UnityEditor.AssetImporters.AssetImportContext)
UnityEditor.AssetImporters.ScriptedImporter:GenerateAssetData (UnityEditor.AssetImporters.AssetImportContext)

[./Library/PackageCache/com.unity.learn.iet-framework@3.1.3/Editor/Core/Tutorial.cs line 338]

SendMessage cannot be called during Awake, CheckConsistency, or OnValidate (Mesh: OnMeshFilterChanged)
UnityEngine.StackTraceUtility:ExtractStackTrace ()
UnityEditor.AssetDatabase:LoadAssetAtPath<Unity.Tutorials.Core.Editor.Tutorial> (string)
System.Linq.Utilities/<>c__DisplayClass2_0`3<string, string, Unity.Tutorials.Core.Editor.Tutorial>:<CombineSelectors>b__0 (string)
System.Linq.Enumerable/SelectArrayIterator`2<string, Unity.Tutorials.Core.Editor.Tutorial>:MoveNext ()
System.Linq.Enumerable/<ExceptIterator>d__57`1<Unity.Tutorials.Core.Editor.Tutorial>:MoveNext ()
System.Linq.Enumerable:Any<Unity.Tutorials.Core.Editor.Tutorial> (System.Collections.Generic.IEnumerable`1<Unity.Tutorials.Core.Editor.Tutorial>,System.Func`2<Unity.Tutorials.Core.Editor.Tutorial, bool>)
Unity.Tutorials.Core.Editor.Tutorial:OnValidate () (at ./Library/PackageCache/com.unity.learn.iet-framework@3.1.3/Editor/Core/Tutorial.cs:338)
UnityEditor.Search.AssetIndexer:IndexProperties (int&,string&,bool&)
UnityEditor.Search.AssetIndexer:IndexDocument (string,bool)
UnityEditor.Search.SearchIndexEntryImporter:OnImportAsset (UnityEditor.AssetImporters.AssetImportContext)
UnityEditor.AssetImporters.ScriptedImporter:GenerateAssetData (UnityEditor.AssetImporters.AssetImportContext)

[./Library/PackageCache/com.unity.learn.iet-framework@3.1.3/Editor/Core/Tutorial.cs line 338]

SendMessage cannot be called during Awake, CheckConsistency, or OnValidate (Mesh: OnMeshFilterChanged)
UnityEngine.StackTraceUtility:ExtractStackTrace ()
UnityEditor.AssetDatabase:LoadAssetAtPath<Unity.Tutorials.Core.Editor.Tutorial> (string)
System.Linq.Utilities/<>c__DisplayClass2_0`3<string, string, Unity.Tutorials.Core.Editor.Tutorial>:<CombineSelectors>b__0 (string)
System.Linq.Enumerable/SelectArrayIterator`2<string, Unity.Tutorials.Core.Editor.Tutorial>:MoveNext ()
System.Linq.Enumerable/<ExceptIterator>d__57`1<Unity.Tutorials.Core.Editor.Tutorial>:MoveNext ()
System.Linq.Enumerable:Any<Unity.Tutorials.Core.Editor.Tutorial> (System.Collections.Generic.IEnumerable`1<Unity.Tutorials.Core.Editor.Tutorial>,System.Func`2<Unity.Tutorials.Core.Editor.Tutorial, bool>)
Unity.Tutorials.Core.Editor.Tutorial:OnValidate () (at ./Library/PackageCache/com.unity.learn.iet-framework@3.1.3/Editor/Core/Tutorial.cs:338)
UnityEditor.Search.AssetIndexer:IndexProperties (int&,string&,bool&)
UnityEditor.Search.AssetIndexer:IndexDocument (string,bool)
UnityEditor.Search.SearchIndexEntryImporter:OnImportAsset (UnityEditor.AssetImporters.AssetImportContext)
UnityEditor.AssetImporters.ScriptedImporter:GenerateAssetData (UnityEditor.AssetImporters.AssetImportContext)

[./Library/PackageCache/com.unity.learn.iet-framework@3.1.3/Editor/Core/Tutorial.cs line 338]

SendMessage cannot be called during Awake, CheckConsistency, or OnValidate (Mesh: OnMeshFilterChanged)
UnityEngine.StackTraceUtility:ExtractStackTrace ()
UnityEditor.AssetDatabase:LoadAssetAtPath<Unity.Tutorials.Core.Editor.Tutorial> (string)
System.Linq.Utilities/<>c__DisplayClass2_0`3<string, string, Unity.Tutorials.Core.Editor.Tutorial>:<CombineSelectors>b__0 (string)
System.Linq.Enumerable/SelectArrayIterator`2<string, Unity.Tutorials.Core.Editor.Tutorial>:MoveNext ()
System.Linq.Enumerable/<ExceptIterator>d__57`1<Unity.Tutorials.Core.Editor.Tutorial>:MoveNext ()
System.Linq.Enumerable:Any<Unity.Tutorials.Core.Editor.Tutorial> (System.Collections.Generic.IEnumerable`1<Unity.Tutorials.Core.Editor.Tutorial>,System.Func`2<Unity.Tutorials.Core.Editor.Tutorial, bool>)
Unity.Tutorials.Core.Editor.Tutorial:OnValidate () (at ./Library/PackageCache/com.unity.learn.iet-framework@3.1.3/Editor/Core/Tutorial.cs:338)
UnityEditor.Search.AssetIndexer:IndexProperties (int&,string&,bool&)
UnityEditor.Search.AssetIndexer:IndexDocument (string,bool)
UnityEditor.Search.SearchIndexEntryImporter:OnImportAsset (UnityEditor.AssetImporters.AssetImportContext)
UnityEditor.AssetImporters.ScriptedImporter:GenerateAssetData (UnityEditor.AssetImporters.AssetImportContext)

[./Library/PackageCache/com.unity.learn.iet-framework@3.1.3/Editor/Core/Tutorial.cs line 338]

SendMessage cannot be called during Awake, CheckConsistency, or OnValidate (Mesh: OnMeshFilterChanged)
UnityEngine.StackTraceUtility:ExtractStackTrace ()
UnityEditor.AssetDatabase:LoadAssetAtPath<Unity.Tutorials.Core.Editor.Tutorial> (string)
System.Linq.Utilities/<>c__DisplayClass2_0`3<string, string, Unity.Tutorials.Core.Editor.Tutorial>:<CombineSelectors>b__0 (string)
System.Linq.Enumerable/SelectArrayIterator`2<string, Unity.Tutorials.Core.Editor.Tutorial>:MoveNext ()
System.Linq.Enumerable/<ExceptIterator>d__57`1<Unity.Tutorials.Core.Editor.Tutorial>:MoveNext ()
System.Linq.Enumerable:Any<Unity.Tutorials.Core.Editor.Tutorial> (System.Collections.Generic.IEnumerable`1<Unity.Tutorials.Core.Editor.Tutorial>,System.Func`2<Unity.Tutorials.Core.Editor.Tutorial, bool>)
Unity.Tutorials.Core.Editor.Tutorial:OnValidate () (at ./Library/PackageCache/com.unity.learn.iet-framework@3.1.3/Editor/Core/Tutorial.cs:338)
UnityEditor.Search.AssetIndexer:IndexProperties (int&,string&,bool&)
UnityEditor.Search.AssetIndexer:IndexDocument (string,bool)
UnityEditor.Search.SearchIndexEntryImporter:OnImportAsset (UnityEditor.AssetImporters.AssetImportContext)
UnityEditor.AssetImporters.ScriptedImporter:GenerateAssetData (UnityEditor.AssetImporters.AssetImportContext)

[./Library/PackageCache/com.unity.learn.iet-framework@3.1.3/Editor/Core/Tutorial.cs line 338]

SendMessage cannot be called during Awake, CheckConsistency, or OnValidate (Mesh: OnMeshFilterChanged)
UnityEngine.StackTraceUtility:ExtractStackTrace ()
UnityEditor.AssetDatabase:LoadAssetAtPath<Unity.Tutorials.Core.Editor.Tutorial> (string)
System.Linq.Utilities/<>c__DisplayClass2_0`3<string, string, Unity.Tutorials.Core.Editor.Tutorial>:<CombineSelectors>b__0 (string)
System.Linq.Enumerable/SelectArrayIterator`2<string, Unity.Tutorials.Core.Editor.Tutorial>:MoveNext ()
System.Linq.Enumerable/<ExceptIterator>d__57`1<Unity.Tutorials.Core.Editor.Tutorial>:MoveNext ()
System.Linq.Enumerable:Any<Unity.Tutorials.Core.Editor.Tutorial> (System.Collections.Generic.IEnumerable`1<Unity.Tutorials.Core.Editor.Tutorial>,System.Func`2<Unity.Tutorials.Core.Editor.Tutorial, bool>)
Unity.Tutorials.Core.Editor.Tutorial:OnValidate () (at ./Library/PackageCache/com.unity.learn.iet-framework@3.1.3/Editor/Core/Tutorial.cs:338)
UnityEditor.Search.AssetIndexer:IndexProperties (int&,string&,bool&)
UnityEditor.Search.AssetIndexer:IndexDocument (string,bool)
UnityEditor.Search.SearchIndexEntryImporter:OnImportAsset (UnityEditor.AssetImporters.AssetImportContext)
UnityEditor.AssetImporters.ScriptedImporter:GenerateAssetData (UnityEditor.AssetImporters.AssetImportContext)

[./Library/PackageCache/com.unity.learn.iet-framework@3.1.3/Editor/Core/Tutorial.cs line 338]

SendMessage cannot be called during Awake, CheckConsistency, or OnValidate (Mesh: OnMeshFilterChanged)
UnityEngine.StackTraceUtility:ExtractStackTrace ()
UnityEditor.AssetDatabase:LoadAssetAtPath<Unity.Tutorials.Core.Editor.Tutorial> (string)
System.Linq.Utilities/<>c__DisplayClass2_0`3<string, string, Unity.Tutorials.Core.Editor.Tutorial>:<CombineSelectors>b__0 (string)
System.Linq.Enumerable/SelectArrayIterator`2<string, Unity.Tutorials.Core.Editor.Tutorial>:MoveNext ()
System.Linq.Enumerable/<ExceptIterator>d__57`1<Unity.Tutorials.Core.Editor.Tutorial>:MoveNext ()
System.Linq.Enumerable:Any<Unity.Tutorials.Core.Editor.Tutorial> (System.Collections.Generic.IEnumerable`1<Unity.Tutorials.Core.Editor.Tutorial>,System.Func`2<Unity.Tutorials.Core.Editor.Tutorial, bool>)
Unity.Tutorials.Core.Editor.Tutorial:OnValidate () (at ./Library/PackageCache/com.unity.learn.iet-framework@3.1.3/Editor/Core/Tutorial.cs:338)
UnityEditor.Search.AssetIndexer:IndexProperties (int&,string&,bool&)
UnityEditor.Search.AssetIndexer:IndexDocument (string,bool)
UnityEditor.Search.SearchIndexEntryImporter:OnImportAsset (UnityEditor.AssetImporters.AssetImportContext)
UnityEditor.AssetImporters.ScriptedImporter:GenerateAssetData (UnityEditor.AssetImporters.AssetImportContext)

[./Library/PackageCache/com.unity.learn.iet-framework@3.1.3/Editor/Core/Tutorial.cs line 338]

SendMessage cannot be called during Awake, CheckConsistency, or OnValidate (Mesh: OnMeshFilterChanged)
UnityEngine.StackTraceUtility:ExtractStackTrace ()
UnityEditor.AssetDatabase:LoadAssetAtPath<Unity.Tutorials.Core.Editor.Tutorial> (string)
System.Linq.Utilities/<>c__DisplayClass2_0`3<string, string, Unity.Tutorials.Core.Editor.Tutorial>:<CombineSelectors>b__0 (string)
System.Linq.Enumerable/SelectArrayIterator`2<string, Unity.Tutorials.Core.Editor.Tutorial>:MoveNext ()
System.Linq.Enumerable/<ExceptIterator>d__57`1<Unity.Tutorials.Core.Editor.Tutorial>:MoveNext ()
System.Linq.Enumerable:Any<Unity.Tutorials.Core.Editor.Tutorial> (System.Collections.Generic.IEnumerable`1<Unity.Tutorials.Core.Editor.Tutorial>,System.Func`2<Unity.Tutorials.Core.Editor.Tutorial, bool>)
Unity.Tutorials.Core.Editor.Tutorial:OnValidate () (at ./Library/PackageCache/com.unity.learn.iet-framework@3.1.3/Editor/Core/Tutorial.cs:338)
UnityEditor.Search.AssetIndexer:IndexProperties (int&,string&,bool&)
UnityEditor.Search.AssetIndexer:IndexDocument (string,bool)
UnityEditor.Search.SearchIndexEntryImporter:OnImportAsset (UnityEditor.AssetImporters.AssetImportContext)
UnityEditor.AssetImporters.ScriptedImporter:GenerateAssetData (UnityEditor.AssetImporters.AssetImportContext)

[./Library/PackageCache/com.unity.learn.iet-framework@3.1.3/Editor/Core/Tutorial.cs line 338]

SendMessage cannot be called during Awake, CheckConsistency, or OnValidate (Mesh: OnMeshFilterChanged)
UnityEngine.StackTraceUtility:ExtractStackTrace ()
UnityEditor.AssetDatabase:LoadAssetAtPath<Unity.Tutorials.Core.Editor.Tutorial> (string)
System.Linq.Utilities/<>c__DisplayClass2_0`3<string, string, Unity.Tutorials.Core.Editor.Tutorial>:<CombineSelectors>b__0 (string)
System.Linq.Enumerable/SelectArrayIterator`2<string, Unity.Tutorials.Core.Editor.Tutorial>:MoveNext ()
System.Linq.Enumerable/<ExceptIterator>d__57`1<Unity.Tutorials.Core.Editor.Tutorial>:MoveNext ()
System.Linq.Enumerable:Any<Unity.Tutorials.Core.Editor.Tutorial> (System.Collections.Generic.IEnumerable`1<Unity.Tutorials.Core.Editor.Tutorial>,System.Func`2<Unity.Tutorials.Core.Editor.Tutorial, bool>)
Unity.Tutorials.Core.Editor.Tutorial:OnValidate () (at ./Library/PackageCache/com.unity.learn.iet-framework@3.1.3/Editor/Core/Tutorial.cs:338)
UnityEditor.Search.AssetIndexer:IndexProperties (int&,string&,bool&)
UnityEditor.Search.AssetIndexer:IndexDocument (string,bool)
UnityEditor.Search.SearchIndexEntryImporter:OnImportAsset (UnityEditor.AssetImporters.AssetImportContext)
UnityEditor.AssetImporters.ScriptedImporter:GenerateAssetData (UnityEditor.AssetImporters.AssetImportContext)

[./Library/PackageCache/com.unity.learn.iet-framework@3.1.3/Editor/Core/Tutorial.cs line 338]

SendMessage cannot be called during Awake, CheckConsistency, or OnValidate (Mesh: OnMeshFilterChanged)
UnityEngine.StackTraceUtility:ExtractStackTrace ()
UnityEditor.AssetDatabase:LoadAssetAtPath<Unity.Tutorials.Core.Editor.Tutorial> (string)
System.Linq.Utilities/<>c__DisplayClass2_0`3<string, string, Unity.Tutorials.Core.Editor.Tutorial>:<CombineSelectors>b__0 (string)
System.Linq.Enumerable/SelectArrayIterator`2<string, Unity.Tutorials.Core.Editor.Tutorial>:MoveNext ()
System.Linq.Enumerable/<ExceptIterator>d__57`1<Unity.Tutorials.Core.Editor.Tutorial>:MoveNext ()
System.Linq.Enumerable:Any<Unity.Tutorials.Core.Editor.Tutorial> (System.Collections.Generic.IEnumerable`1<Unity.Tutorials.Core.Editor.Tutorial>,System.Func`2<Unity.Tutorials.Core.Editor.Tutorial, bool>)
Unity.Tutorials.Core.Editor.Tutorial:OnValidate () (at ./Library/PackageCache/com.unity.learn.iet-framework@3.1.3/Editor/Core/Tutorial.cs:338)
UnityEditor.Search.AssetIndexer:IndexProperties (int&,string&,bool&)
UnityEditor.Search.AssetIndexer:IndexDocument (string,bool)
UnityEditor.Search.SearchIndexEntryImporter:OnImportAsset (UnityEditor.AssetImporters.AssetImportContext)
UnityEditor.AssetImporters.ScriptedImporter:GenerateAssetData (UnityEditor.AssetImporters.AssetImportContext)

[./Library/PackageCache/com.unity.learn.iet-framework@3.1.3/Editor/Core/Tutorial.cs line 338]

SendMessage cannot be called during Awake, CheckConsistency, or OnValidate (Mesh: OnMeshFilterChanged)
UnityEngine.StackTraceUtility:ExtractStackTrace ()
UnityEditor.AssetDatabase:LoadAssetAtPath<Unity.Tutorials.Core.Editor.Tutorial> (string)
System.Linq.Utilities/<>c__DisplayClass2_0`3<string, string, Unity.Tutorials.Core.Editor.Tutorial>:<CombineSelectors>b__0 (string)
System.Linq.Enumerable/SelectArrayIterator`2<string, Unity.Tutorials.Core.Editor.Tutorial>:MoveNext ()
System.Linq.Enumerable/<ExceptIterator>d__57`1<Unity.Tutorials.Core.Editor.Tutorial>:MoveNext ()
System.Linq.Enumerable:Any<Unity.Tutorials.Core.Editor.Tutorial> (System.Collections.Generic.IEnumerable`1<Unity.Tutorials.Core.Editor.Tutorial>,System.Func`2<Unity.Tutorials.Core.Editor.Tutorial, bool>)
Unity.Tutorials.Core.Editor.Tutorial:OnValidate () (at ./Library/PackageCache/com.unity.learn.iet-framework@3.1.3/Editor/Core/Tutorial.cs:338)
UnityEditor.Search.AssetIndexer:IndexProperties (int&,string&,bool&)
UnityEditor.Search.AssetIndexer:IndexDocument (string,bool)
UnityEditor.Search.SearchIndexEntryImporter:OnImportAsset (UnityEditor.AssetImporters.AssetImportContext)
UnityEditor.AssetImporters.ScriptedImporter:GenerateAssetData (UnityEditor.AssetImporters.AssetImportContext)

[./Library/PackageCache/com.unity.learn.iet-framework@3.1.3/Editor/Core/Tutorial.cs line 338]

SendMessage cannot be called during Awake, CheckConsistency, or OnValidate (Mesh: OnMeshFilterChanged)
UnityEngine.StackTraceUtility:ExtractStackTrace ()
UnityEditor.AssetDatabase:LoadAssetAtPath<Unity.Tutorials.Core.Editor.Tutorial> (string)
System.Linq.Utilities/<>c__DisplayClass2_0`3<string, string, Unity.Tutorials.Core.Editor.Tutorial>:<CombineSelectors>b__0 (string)
System.Linq.Enumerable/SelectArrayIterator`2<string, Unity.Tutorials.Core.Editor.Tutorial>:MoveNext ()
System.Linq.Enumerable/<ExceptIterator>d__57`1<Unity.Tutorials.Core.Editor.Tutorial>:MoveNext ()
System.Linq.Enumerable:Any<Unity.Tutorials.Core.Editor.Tutorial> (System.Collections.Generic.IEnumerable`1<Unity.Tutorials.Core.Editor.Tutorial>,System.Func`2<Unity.Tutorials.Core.Editor.Tutorial, bool>)
Unity.Tutorials.Core.Editor.Tutorial:OnValidate () (at ./Library/PackageCache/com.unity.learn.iet-framework@3.1.3/Editor/Core/Tutorial.cs:338)
UnityEditor.Search.AssetIndexer:IndexProperties (int&,string&,bool&)
UnityEditor.Search.AssetIndexer:IndexDocument (string,bool)
UnityEditor.Search.SearchIndexEntryImporter:OnImportAsset (UnityEditor.AssetImporters.AssetImportContext)
UnityEditor.AssetImporters.ScriptedImporter:GenerateAssetData (UnityEditor.AssetImporters.AssetImportContext)

[./Library/PackageCache/com.unity.learn.iet-framework@3.1.3/Editor/Core/Tutorial.cs line 338]

SendMessage cannot be called during Awake, CheckConsistency, or OnValidate (Mesh: OnMeshFilterChanged)
UnityEngine.StackTraceUtility:ExtractStackTrace ()
UnityEditor.AssetDatabase:LoadAssetAtPath<Unity.Tutorials.Core.Editor.Tutorial> (string)
System.Linq.Utilities/<>c__DisplayClass2_0`3<string, string, Unity.Tutorials.Core.Editor.Tutorial>:<CombineSelectors>b__0 (string)
System.Linq.Enumerable/SelectArrayIterator`2<string, Unity.Tutorials.Core.Editor.Tutorial>:MoveNext ()
System.Linq.Enumerable/<ExceptIterator>d__57`1<Unity.Tutorials.Core.Editor.Tutorial>:MoveNext ()
System.Linq.Enumerable:Any<Unity.Tutorials.Core.Editor.Tutorial> (System.Collections.Generic.IEnumerable`1<Unity.Tutorials.Core.Editor.Tutorial>,System.Func`2<Unity.Tutorials.Core.Editor.Tutorial, bool>)
Unity.Tutorials.Core.Editor.Tutorial:OnValidate () (at ./Library/PackageCache/com.unity.learn.iet-framework@3.1.3/Editor/Core/Tutorial.cs:338)
UnityEditor.Search.AssetIndexer:IndexProperties (int&,string&,bool&)
UnityEditor.Search.AssetIndexer:IndexDocument (string,bool)
UnityEditor.Search.SearchIndexEntryImporter:OnImportAsset (UnityEditor.AssetImporters.AssetImportContext)
UnityEditor.AssetImporters.ScriptedImporter:GenerateAssetData (UnityEditor.AssetImporters.AssetImportContext)

[./Library/PackageCache/com.unity.learn.iet-framework@3.1.3/Editor/Core/Tutorial.cs line 338]

SendMessage cannot be called during Awake, CheckConsistency, or OnValidate (Mesh: OnMeshFilterChanged)
UnityEngine.StackTraceUtility:ExtractStackTrace ()
UnityEditor.AssetDatabase:LoadAssetAtPath<Unity.Tutorials.Core.Editor.Tutorial> (string)
System.Linq.Utilities/<>c__DisplayClass2_0`3<string, string, Unity.Tutorials.Core.Editor.Tutorial>:<CombineSelectors>b__0 (string)
System.Linq.Enumerable/SelectArrayIterator`2<string, Unity.Tutorials.Core.Editor.Tutorial>:MoveNext ()
System.Linq.Enumerable/<ExceptIterator>d__57`1<Unity.Tutorials.Core.Editor.Tutorial>:MoveNext ()
System.Linq.Enumerable:Any<Unity.Tutorials.Core.Editor.Tutorial> (System.Collections.Generic.IEnumerable`1<Unity.Tutorials.Core.Editor.Tutorial>,System.Func`2<Unity.Tutorials.Core.Editor.Tutorial, bool>)
Unity.Tutorials.Core.Editor.Tutorial:OnValidate () (at ./Library/PackageCache/com.unity.learn.iet-framework@3.1.3/Editor/Core/Tutorial.cs:338)
UnityEditor.Search.AssetIndexer:IndexProperties (int&,string&,bool&)
UnityEditor.Search.AssetIndexer:IndexDocument (string,bool)
UnityEditor.Search.SearchIndexEntryImporter:OnImportAsset (UnityEditor.AssetImporters.AssetImportContext)
UnityEditor.AssetImporters.ScriptedImporter:GenerateAssetData (UnityEditor.AssetImporters.AssetImportContext)

[./Library/PackageCache/com.unity.learn.iet-framework@3.1.3/Editor/Core/Tutorial.cs line 338]

SendMessage cannot be called during Awake, CheckConsistency, or OnValidate (HitBox: OnMeshFilterChanged)
UnityEngine.StackTraceUtility:ExtractStackTrace ()
UnityEditor.AssetDatabase:LoadAssetAtPath<Unity.Tutorials.Core.Editor.Tutorial> (string)
System.Linq.Utilities/<>c__DisplayClass2_0`3<string, string, Unity.Tutorials.Core.Editor.Tutorial>:<CombineSelectors>b__0 (string)
System.Linq.Enumerable/SelectArrayIterator`2<string, Unity.Tutorials.Core.Editor.Tutorial>:MoveNext ()
System.Linq.Enumerable/<ExceptIterator>d__57`1<Unity.Tutorials.Core.Editor.Tutorial>:MoveNext ()
System.Linq.Enumerable:Any<Unity.Tutorials.Core.Editor.Tutorial> (System.Collections.Generic.IEnumerable`1<Unity.Tutorials.Core.Editor.Tutorial>,System.Func`2<Unity.Tutorials.Core.Editor.Tutorial, bool>)
Unity.Tutorials.Core.Editor.Tutorial:OnValidate () (at ./Library/PackageCache/com.unity.learn.iet-framework@3.1.3/Editor/Core/Tutorial.cs:338)
UnityEditor.Search.AssetIndexer:IndexProperties (int&,string&,bool&)
UnityEditor.Search.AssetIndexer:IndexDocument (string,bool)
UnityEditor.Search.SearchIndexEntryImporter:OnImportAsset (UnityEditor.AssetImporters.AssetImportContext)
UnityEditor.AssetImporters.ScriptedImporter:GenerateAssetData (UnityEditor.AssetImporters.AssetImportContext)

[./Library/PackageCache/com.unity.learn.iet-framework@3.1.3/Editor/Core/Tutorial.cs line 338]

SendMessage cannot be called during Awake, CheckConsistency, or OnValidate (Mesh_Health_Pickup: OnMeshFilterChanged)
UnityEngine.StackTraceUtility:ExtractStackTrace ()
UnityEditor.AssetDatabase:LoadAssetAtPath<Unity.Tutorials.Core.Editor.Tutorial> (string)
System.Linq.Utilities/<>c__DisplayClass2_0`3<string, string, Unity.Tutorials.Core.Editor.Tutorial>:<CombineSelectors>b__0 (string)
System.Linq.Enumerable/SelectArrayIterator`2<string, Unity.Tutorials.Core.Editor.Tutorial>:MoveNext ()
System.Linq.Enumerable/<ExceptIterator>d__57`1<Unity.Tutorials.Core.Editor.Tutorial>:MoveNext ()
System.Linq.Enumerable:Any<Unity.Tutorials.Core.Editor.Tutorial> (System.Collections.Generic.IEnumerable`1<Unity.Tutorials.Core.Editor.Tutorial>,System.Func`2<Unity.Tutorials.Core.Editor.Tutorial, bool>)
Unity.Tutorials.Core.Editor.Tutorial:OnValidate () (at ./Library/PackageCache/com.unity.learn.iet-framework@3.1.3/Editor/Core/Tutorial.cs:338)
UnityEditor.Search.AssetIndexer:IndexProperties (int&,string&,bool&)
UnityEditor.Search.AssetIndexer:IndexDocument (string,bool)
UnityEditor.Search.SearchIndexEntryImporter:OnImportAsset (UnityEditor.AssetImporters.AssetImportContext)
UnityEditor.AssetImporters.ScriptedImporter:GenerateAssetData (UnityEditor.AssetImporters.AssetImportContext)

[./Library/PackageCache/com.unity.learn.iet-framework@3.1.3/Editor/Core/Tutorial.cs line 338]

SendMessage cannot be called during Awake, CheckConsistency, or OnValidate (Mesh_Projectile: OnMeshFilterChanged)
UnityEngine.StackTraceUtility:ExtractStackTrace ()
UnityEditor.AssetDatabase:LoadAssetAtPath<Unity.Tutorials.Core.Editor.Tutorial> (string)
System.Linq.Utilities/<>c__DisplayClass2_0`3<string, string, Unity.Tutorials.Core.Editor.Tutorial>:<CombineSelectors>b__0 (string)
System.Linq.Enumerable/SelectArrayIterator`2<string, Unity.Tutorials.Core.Editor.Tutorial>:MoveNext ()
System.Linq.Enumerable/<ExceptIterator>d__57`1<Unity.Tutorials.Core.Editor.Tutorial>:MoveNext ()
System.Linq.Enumerable:Any<Unity.Tutorials.Core.Editor.Tutorial> (System.Collections.Generic.IEnumerable`1<Unity.Tutorials.Core.Editor.Tutorial>,System.Func`2<Unity.Tutorials.Core.Editor.Tutorial, bool>)
Unity.Tutorials.Core.Editor.Tutorial:OnValidate () (at ./Library/PackageCache/com.unity.learn.iet-framework@3.1.3/Editor/Core/Tutorial.cs:338)
UnityEditor.Search.AssetIndexer:IndexProperties (int&,string&,bool&)
UnityEditor.Search.AssetIndexer:IndexDocument (string,bool)
UnityEditor.Search.SearchIndexEntryImporter:OnImportAsset (UnityEditor.AssetImporters.AssetImportContext)
UnityEditor.AssetImporters.ScriptedImporter:GenerateAssetData (UnityEditor.AssetImporters.AssetImportContext)

[./Library/PackageCache/com.unity.learn.iet-framework@3.1.3/Editor/Core/Tutorial.cs line 338]

 -> (artifact id: 'b75d4e84a7d23d5dc11f20b3503643b5') in 0.173883 seconds
Number of updated asset objects reloaded before import = 0
Number of asset objects unloaded after import = 874
========================================================================
Received Import Request.
  Time since last request: 0.000021 seconds.
  path: Assets/world/bedroom.unity
  artifactKey: Guid(e41e402c1b4e0f24c99ed1223d217e41) Importer(2089858483,0ecaa5967403d082aa24f35e1b516d23)
Start importing Assets/world/bedroom.unity using Guid(e41e402c1b4e0f24c99ed1223d217e41) Importer(2089858483,0ecaa5967403d082aa24f35e1b516d23)  -> (artifact id: '737d12d31c4e5d7b738b6c93e596116a') in 0.003501 seconds
Number of updated asset objects reloaded before import = 0
Number of asset objects unloaded after import = 1
========================================================================
Received Import Request.
  Time since last request: 0.000022 seconds.
  path: Assets/StarterAssets/ThirdPersonController/Prefabs/PlayerFollowCamera.prefab
  artifactKey: Guid(a1a802ecaf6775746bb2a929fb554ad8) Importer(2089858483,0ecaa5967403d082aa24f35e1b516d23)
Start importing Assets/StarterAssets/ThirdPersonController/Prefabs/PlayerFollowCamera.prefab using Guid(a1a802ecaf6775746bb2a929fb554ad8) Importer(2089858483,0ecaa5967403d082aa24f35e1b516d23)  -> (artifact id: '3e9e680ba072d576592020e4087abbdd') in 0.012076 seconds
Number of updated asset objects reloaded before import = 0
Number of asset objects unloaded after import = 11
========================================================================
Received Import Request.
  Time since last request: 0.000023 seconds.
  path: Assets/sq_shooter/FPS/Prefabs/Level/Walls/Wall_Window.prefab
  artifactKey: Guid(726c5e13e3c5f3144bf1cabe65f5a638) Importer(2089858483,0ecaa5967403d082aa24f35e1b516d23)
Start importing Assets/sq_shooter/FPS/Prefabs/Level/Walls/Wall_Window.prefab using Guid(726c5e13e3c5f3144bf1cabe65f5a638) Importer(2089858483,0ecaa5967403d082aa24f35e1b516d23)  -> (artifact id: '8cccdc234c5e9175e977cbcc66184b45') in 0.004971 seconds
Number of updated asset objects reloaded before import = 0
Number of asset objects unloaded after import = 10
========================================================================
Received Import Request.
  Time since last request: 0.000029 seconds.
  path: Assets/sq_shooter/FPS/Prefabs/Level/BaseObjects/Wall_4m_Mesh.prefab
  artifactKey: Guid(4f42672477f836a4281ef4c3bdfe6d05) Importer(2089858483,0ecaa5967403d082aa24f35e1b516d23)
Start importing Assets/sq_shooter/FPS/Prefabs/Level/BaseObjects/Wall_4m_Mesh.prefab using Guid(4f42672477f836a4281ef4c3bdfe6d05) Importer(2089858483,0ecaa5967403d082aa24f35e1b516d23)  -> (artifact id: 'f61389740cedaef3ed8895afd2368516') in 0.006940 seconds
Number of updated asset objects reloaded before import = 0
Number of asset objects unloaded after import = 8
========================================================================
Received Import Request.
  Time since last request: 0.000021 seconds.
  path: Assets/sq_shooter/FPS/Art/Materials/VFX/ShrapnelTriangle.mat
  artifactKey: Guid(01da79e0e5f33824fa9d48c9577b241b) Importer(2089858483,0ecaa5967403d082aa24f35e1b516d23)
Start importing Assets/sq_shooter/FPS/Art/Materials/VFX/ShrapnelTriangle.mat using Guid(01da79e0e5f33824fa9d48c9577b241b) Importer(2089858483,0ecaa5967403d082aa24f35e1b516d23)  -> (artifact id: 'd82e6f319ce63d60d8aaf79ab15834c3') in 0.008198 seconds
Number of updated asset objects reloaded before import = 0
Number of asset objects unloaded after import = 2
========================================================================
Received Import Request.
  Time since last request: 0.000019 seconds.
  path: Assets/sq_shooter/FPS/Prefabs/Level/Dungeon/Dun_Hall.prefab
  artifactKey: Guid(fc17ef824b45b2d4f8067b22da77a8d5) Importer(2089858483,0ecaa5967403d082aa24f35e1b516d23)
Start importing Assets/sq_shooter/FPS/Prefabs/Level/Dungeon/Dun_Hall.prefab using Guid(fc17ef824b45b2d4f8067b22da77a8d5) Importer(2089858483,0ecaa5967403d082aa24f35e1b516d23)  -> (artifact id: '271ba8eed4e2360ab0e2a3509994df09') in 0.005135 seconds
Number of updated asset objects reloaded before import = 0
Number of asset objects unloaded after import = 93
========================================================================
Received Import Request.
  Time since last request: 0.000018 seconds.
  path: Assets/sq_shooter/ModAssets/Materials/Totems/M_StatueBig.mat
  artifactKey: Guid(49d28db2438a811499460bb19c79b172) Importer(2089858483,0ecaa5967403d082aa24f35e1b516d23)
Start importing Assets/sq_shooter/ModAssets/Materials/Totems/M_StatueBig.mat using Guid(49d28db2438a811499460bb19c79b172) Importer(2089858483,0ecaa5967403d082aa24f35e1b516d23)  -> (artifact id: 'f228578cced69519ac747dd2770c6a41') in 0.009825 seconds
Number of updated asset objects reloaded before import = 0
Number of asset objects unloaded after import = 6
========================================================================
Received Import Request.
  Time since last request: 0.000018 seconds.
  path: Assets/sq_shooter/FPS/Prefabs/ObjectiveKillEnemies.prefab
  artifactKey: Guid(012d63212fd1fe646b661cb8446c7bd4) Importer(2089858483,0ecaa5967403d082aa24f35e1b516d23)
Start importing Assets/sq_shooter/FPS/Prefabs/ObjectiveKillEnemies.prefab using Guid(012d63212fd1fe646b661cb8446c7bd4) Importer(2089858483,0ecaa5967403d082aa24f35e1b516d23)  -> (artifact id: 'be749f91abf78275a27cf1e6b2270fca') in 0.006874 seconds
Number of updated asset objects reloaded before import = 0
Number of asset objects unloaded after import = 6
========================================================================
Received Import Request.
  Time since last request: 0.000019 seconds.
  path: Assets/sq_shooter/FPS/Prefabs/Level/Floors/Floor_HalfIndented.prefab
  artifactKey: Guid(f0b642223a6a4d549bb9882da04969c7) Importer(2089858483,0ecaa5967403d082aa24f35e1b516d23)
Start importing Assets/sq_shooter/FPS/Prefabs/Level/Floors/Floor_HalfIndented.prefab using Guid(f0b642223a6a4d549bb9882da04969c7) Importer(2089858483,0ecaa5967403d082aa24f35e1b516d23)  -> (artifact id: '8d3f0af5f2a3a9f6c5e2f7269ce9b8c2') in 0.005937 seconds
Number of updated asset objects reloaded before import = 0
Number of asset objects unloaded after import = 10
========================================================================
Received Import Request.
  Time since last request: 0.000018 seconds.
  path: Assets/sq_shooter/FPS/Prefabs/RootObjects/OBJFloor_HalfIndented.obj
  artifactKey: Guid(ec3c2a72cc5a5a643b9198c305d8cbbc) Importer(2089858483,0ecaa5967403d082aa24f35e1b516d23)
Start importing Assets/sq_shooter/FPS/Prefabs/RootObjects/OBJFloor_HalfIndented.obj using Guid(ec3c2a72cc5a5a643b9198c305d8cbbc) Importer(2089858483,0ecaa5967403d082aa24f35e1b516d23)  -> (artifact id: 'eff91ec59d0b08b0c665d058757ffc31') in 0.009644 seconds
Number of updated asset objects reloaded before import = 0
Number of asset objects unloaded after import = 10
========================================================================
Received Import Request.
  Time since last request: 0.000017 seconds.
  path: Assets/sq_shooter/ModAssets/Materials/Custom Materials/Glass Clear.mat
  artifactKey: Guid(0a7aee634f0a04f16a55b768e33e5040) Importer(2089858483,0ecaa5967403d082aa24f35e1b516d23)
Start importing Assets/sq_shooter/ModAssets/Materials/Custom Materials/Glass Clear.mat using Guid(0a7aee634f0a04f16a55b768e33e5040) Importer(2089858483,0ecaa5967403d082aa24f35e1b516d23)  -> (artifact id: '7cb6063194389449cf827066b9aab56b') in 0.005370 seconds
Number of updated asset objects reloaded before import = 0
Number of asset objects unloaded after import = 1
========================================================================
Received Import Request.
  Time since last request: 0.000017 seconds.
  path: Assets/sq_shooter/FPS/Tutorials/AddEnemyBot/005.asset
  artifactKey: Guid(0dc14045fb36344f4bf9f8e3a8d37ffe) Importer(2089858483,0ecaa5967403d082aa24f35e1b516d23)
Start importing Assets/sq_shooter/FPS/Tutorials/AddEnemyBot/005.asset using Guid(0dc14045fb36344f4bf9f8e3a8d37ffe) Importer(2089858483,0ecaa5967403d082aa24f35e1b516d23)  -> (artifact id: '3631f106791861ec52631524ca601698') in 0.007595 seconds
Number of updated asset objects reloaded before import = 0
Number of asset objects unloaded after import = 4
========================================================================
Received Import Request.
  Time since last request: 0.000019 seconds.
  path: Assets/StarterAssets/Environment/Prefabs/Wall_Prefab.prefab
  artifactKey: Guid(9eb847ab97b24024588682c8601254cf) Importer(2089858483,0ecaa5967403d082aa24f35e1b516d23)
Start importing Assets/StarterAssets/Environment/Prefabs/Wall_Prefab.prefab using Guid(9eb847ab97b24024588682c8601254cf) Importer(2089858483,0ecaa5967403d082aa24f35e1b516d23)  -> (artifact id: '630d179b52f965e4d2fcb668e2d9037d') in 0.008524 seconds
Number of updated asset objects reloaded before import = 0
Number of asset objects unloaded after import = 9
========================================================================
Received Import Request.
  Time since last request: 0.000019 seconds.
  path: Assets/sq_shooter/FPS/Prefabs/Level/BaseObjects/Ramp_8m_Mesh.prefab
  artifactKey: Guid(01e098456aadb2c4480a8c5b62925e15) Importer(2089858483,0ecaa5967403d082aa24f35e1b516d23)
Start importing Assets/sq_shooter/FPS/Prefabs/Level/BaseObjects/Ramp_8m_Mesh.prefab using Guid(01e098456aadb2c4480a8c5b62925e15) Importer(2089858483,0ecaa5967403d082aa24f35e1b516d23)  -> (artifact id: '1235108797939a2de629b358d43d847d') in 0.007119 seconds
Number of updated asset objects reloaded before import = 0
Number of asset objects unloaded after import = 8
========================================================================
Received Import Request.
  Time since last request: 0.000019 seconds.
  path: Assets/sq_shooter/FPS/Prefabs/Pickups/Loot_Health.prefab
  artifactKey: Guid(9973c412032becb4ca116ca08be62edf) Importer(2089858483,0ecaa5967403d082aa24f35e1b516d23)
Start importing Assets/sq_shooter/FPS/Prefabs/Pickups/Loot_Health.prefab using Guid(9973c412032becb4ca116ca08be62edf) Importer(2089858483,0ecaa5967403d082aa24f35e1b516d23)  -> (artifact id: 'e9c8e491479c73496f73d905688b0243') in 0.014777 seconds
Number of updated asset objects reloaded before import = 0
Number of asset objects unloaded after import = 52
========================================================================
Received Import Request.
  Time since last request: 0.000020 seconds.
  path: Assets/sq_shooter/FPS/Art/Materials/Enemies/Turret_Body.mat
  artifactKey: Guid(bc52f7878b77b454787353158253aa1a) Importer(2089858483,0ecaa5967403d082aa24f35e1b516d23)
Start importing Assets/sq_shooter/FPS/Art/Materials/Enemies/Turret_Body.mat using Guid(bc52f7878b77b454787353158253aa1a) Importer(2089858483,0ecaa5967403d082aa24f35e1b516d23)  -> (artifact id: '6f58e3978a52e8aa33276e4ab4fd15ee') in 0.006086 seconds
Number of updated asset objects reloaded before import = 0
Number of asset objects unloaded after import = 4
========================================================================
Received Import Request.
  Time since last request: 0.000027 seconds.
  path: Assets/sq_shooter/FPS/Art/Materials/VFX/Lazer_Red.mat
  artifactKey: Guid(530af3a8082ffb14897ac6b74259b8a1) Importer(2089858483,0ecaa5967403d082aa24f35e1b516d23)
Start importing Assets/sq_shooter/FPS/Art/Materials/VFX/Lazer_Red.mat using Guid(530af3a8082ffb14897ac6b74259b8a1) Importer(2089858483,0ecaa5967403d082aa24f35e1b516d23)  -> (artifact id: '8c4a79f0d2ff5e0e280919894d4eb34b') in 0.004968 seconds
Number of updated asset objects reloaded before import = 0
Number of asset objects unloaded after import = 1
========================================================================
Received Import Request.
  Time since last request: 0.000019 seconds.
  path: Assets/sq_shooter/FPS/Prefabs/Level/Walls/Wall_DoorLarge.prefab
  artifactKey: Guid(91732847dbb8d924185dc7bf4516509c) Importer(2089858483,0ecaa5967403d082aa24f35e1b516d23)
Start importing Assets/sq_shooter/FPS/Prefabs/Level/Walls/Wall_DoorLarge.prefab using Guid(91732847dbb8d924185dc7bf4516509c) Importer(2089858483,0ecaa5967403d082aa24f35e1b516d23)  -> (artifact id: '7deca453712fe77437a8ed6c4e523cb8') in 0.004787 seconds
Number of updated asset objects reloaded before import = 0
Number of asset objects unloaded after import = 10
========================================================================
Received Import Request.
  Time since last request: 0.000019 seconds.
  path: Assets/sq_shooter/FPS/Art/Fonts/Roboto-Black SDF.asset
  artifactKey: Guid(75063828274bdb145a55f6dd2f22e8b2) Importer(2089858483,0ecaa5967403d082aa24f35e1b516d23)
Start importing Assets/sq_shooter/FPS/Art/Fonts/Roboto-Black SDF.asset using Guid(75063828274bdb145a55f6dd2f22e8b2) Importer(2089858483,0ecaa5967403d082aa24f35e1b516d23)  -> (artifact id: 'e10538fd26d05e2b96169a2de331b81d') in 0.021355 seconds
Number of updated asset objects reloaded before import = 0
Number of asset objects unloaded after import = 3
========================================================================
Received Import Request.
  Time since last request: 0.000018 seconds.
  path: Assets/sq_shooter/FPS/Prefabs/Level/Ramps/Ramp_4m.prefab
  artifactKey: Guid(f70093c75e32a264898e984f4ba60c5a) Importer(2089858483,0ecaa5967403d082aa24f35e1b516d23)
Start importing Assets/sq_shooter/FPS/Prefabs/Level/Ramps/Ramp_4m.prefab using Guid(f70093c75e32a264898e984f4ba60c5a) Importer(2089858483,0ecaa5967403d082aa24f35e1b516d23)  -> (artifact id: '595149b7e426f16b9e90428c867bea4f') in 0.004458 seconds
Number of updated asset objects reloaded before import = 0
Number of asset objects unloaded after import = 10
========================================================================
Received Import Request.
  Time since last request: 0.000018 seconds.
  path: Assets/sq_shooter/FPS/Prefabs/Weapons/Stylized Modular Weapons/Prefabs/Your Weapon Example 8.prefab
  artifactKey: Guid(36e8daa71a371455e8c832bee5e481b2) Importer(2089858483,0ecaa5967403d082aa24f35e1b516d23)
Start importing Assets/sq_shooter/FPS/Prefabs/Weapons/Stylized Modular Weapons/Prefabs/Your Weapon Example 8.prefab using Guid(36e8daa71a371455e8c832bee5e481b2) Importer(2089858483,0ecaa5967403d082aa24f35e1b516d23)  -> (artifact id: '7da3e483503f178ded67ccbe521cb54b') in 0.007372 seconds
Number of updated asset objects reloaded before import = 0
Number of asset objects unloaded after import = 39
========================================================================
Received Import Request.
  Time since last request: 0.000018 seconds.
  path: Assets/sq_shooter/FPS/Prefabs/Level/MainLvl/Section3/Balcony.prefab
  artifactKey: Guid(1930017837ac8e64fb22a95f263318a5) Importer(2089858483,0ecaa5967403d082aa24f35e1b516d23)
Start importing Assets/sq_shooter/FPS/Prefabs/Level/MainLvl/Section3/Balcony.prefab using Guid(1930017837ac8e64fb22a95f263318a5) Importer(2089858483,0ecaa5967403d082aa24f35e1b516d23)  -> (artifact id: '123065383c23d99f48d0dd9c19b08e55') in 0.021787 seconds
Number of updated asset objects reloaded before import = 0
Number of asset objects unloaded after import = 430
========================================================================
Received Import Request.
  Time since last request: 0.000020 seconds.
  path: Assets/sq_shooter/FPS/Art/Models/Mesh_Weapon_Secondary.fbx
  artifactKey: Guid(ff6da3339a124244295a978acc07e2d6) Importer(2089858483,0ecaa5967403d082aa24f35e1b516d23)
Start importing Assets/sq_shooter/FPS/Art/Models/Mesh_Weapon_Secondary.fbx using Guid(ff6da3339a124244295a978acc07e2d6) Importer(2089858483,0ecaa5967403d082aa24f35e1b516d23)  -> (artifact id: 'd81203c7aed06bb1a1039a84c510dba9') in 0.015637 seconds
Number of updated asset objects reloaded before import = 0
Number of asset objects unloaded after import = 29
========================================================================
Received Import Request.
  Time since last request: 0.000021 seconds.
  path: Assets/sq_shooter/FPS/Prefabs/Level/Rooms/Room_Small_Y.prefab
  artifactKey: Guid(5c1f92430588e114db439f8f71ad58e5) Importer(2089858483,0ecaa5967403d082aa24f35e1b516d23)
Start importing Assets/sq_shooter/FPS/Prefabs/Level/Rooms/Room_Small_Y.prefab using Guid(5c1f92430588e114db439f8f71ad58e5) Importer(2089858483,0ecaa5967403d082aa24f35e1b516d23)  -> (artifact id: '9a76ba198ea586ab6b575b355ff85196') in 0.010325 seconds
Number of updated asset objects reloaded before import = 0
Number of asset objects unloaded after import = 410
========================================================================
Received Import Request.
  Time since last request: 0.000018 seconds.
  path: Assets/sq_shooter/NavMeshComponents/README.md
  artifactKey: Guid(b0f4eda5652dc4841bb446c4721eaec1) Importer(2089858483,0ecaa5967403d082aa24f35e1b516d23)
Start importing Assets/sq_shooter/NavMeshComponents/README.md using Guid(b0f4eda5652dc4841bb446c4721eaec1) Importer(2089858483,0ecaa5967403d082aa24f35e1b516d23)  -> (artifact id: '69753ec3adbb3d16e0c5469fba75c2d2') in 0.003940 seconds
Number of updated asset objects reloaded before import = 0
Number of asset objects unloaded after import = 1
========================================================================
Received Import Request.
  Time since last request: 0.000029 seconds.
  path: Assets/sq_shooter/Plugins/CW/LeanTouch/Examples/Finger Trail.unity
  artifactKey: Guid(8717ad9118782244ba638a66799dba09) Importer(2089858483,0ecaa5967403d082aa24f35e1b516d23)
Start importing Assets/sq_shooter/Plugins/CW/LeanTouch/Examples/Finger Trail.unity using Guid(8717ad9118782244ba638a66799dba09) Importer(2089858483,0ecaa5967403d082aa24f35e1b516d23)  -> (artifact id: '5690551965405c64fe3272815e7c13c9') in 0.003145 seconds
Number of updated asset objects reloaded before import = 0
Number of asset objects unloaded after import = 1
========================================================================
Received Import Request.
  Time since last request: 0.000022 seconds.
  path: Assets/sq_shooter/Plugins/CW/LeanTouch/GUIDE.asset
  artifactKey: Guid(88c231c083fde9e4bbc1a7fbb9bb0009) Importer(2089858483,0ecaa5967403d082aa24f35e1b516d23)
Start importing Assets/sq_shooter/Plugins/CW/LeanTouch/GUIDE.asset using Guid(88c231c083fde9e4bbc1a7fbb9bb0009) Importer(2089858483,0ecaa5967403d082aa24f35e1b516d23)  -> (artifact id: '5bfac7863da16751a7064c37ec587fdd') in 0.006422 seconds
Number of updated asset objects reloaded before import = 0
Number of asset objects unloaded after import = 2
========================================================================
Received Import Request.
  Time since last request: 0.000019 seconds.
  path: Assets/sq_shooter/FPS/Prefabs/Level/BaseObjects/Floor_Indented_Mesh.prefab
  artifactKey: Guid(18c9e52711cee4b40bfb4317ae7f329e) Importer(2089858483,0ecaa5967403d082aa24f35e1b516d23)
Start importing Assets/sq_shooter/FPS/Prefabs/Level/BaseObjects/Floor_Indented_Mesh.prefab using Guid(18c9e52711cee4b40bfb4317ae7f329e) Importer(2089858483,0ecaa5967403d082aa24f35e1b516d23)  -> (artifact id: '630d02776e6b5d21b2147339c43e7ad8') in 0.006459 seconds
Number of updated asset objects reloaded before import = 0
Number of asset objects unloaded after import = 8
========================================================================
Received Import Request.
  Time since last request: 0.000021 seconds.
  path: Assets/sq_shooter/FPS/Prefabs/Weapons/Stylized Modular Weapons/Prefabs/Your Weapon Example 1.prefab
  artifactKey: Guid(32cc06541c3334f5dac5152f64ca6ef5) Importer(2089858483,0ecaa5967403d082aa24f35e1b516d23)
Start importing Assets/sq_shooter/FPS/Prefabs/Weapons/Stylized Modular Weapons/Prefabs/Your Weapon Example 1.prefab using Guid(32cc06541c3334f5dac5152f64ca6ef5) Importer(2089858483,0ecaa5967403d082aa24f35e1b516d23)  -> (artifact id: 'e08bd6526a12e7256b05eac875f09335') in 0.007151 seconds
Number of updated asset objects reloaded before import = 0
Number of asset objects unloaded after import = 39
========================================================================
Received Import Request.
  Time since last request: 0.000030 seconds.
  path: Assets/StarterAssets/Environment/Art/Skybox/SkyboxLiteWarm.mat
  artifactKey: Guid(aeab33f69c199e54794f516d31450ec4) Importer(2089858483,0ecaa5967403d082aa24f35e1b516d23)
Start importing Assets/StarterAssets/Environment/Art/Skybox/SkyboxLiteWarm.mat using Guid(aeab33f69c199e54794f516d31450ec4) Importer(2089858483,0ecaa5967403d082aa24f35e1b516d23)  -> (artifact id: '2a95358e2db52dd851d05254603c5b1f') in 0.004378 seconds
Number of updated asset objects reloaded before import = 0
Number of asset objects unloaded after import = 1
========================================================================
Received Import Request.
  Time since last request: 0.000017 seconds.
  path: Assets/StarterAssets/ThirdPersonController/Scenes/Playground/LightingData.asset
  artifactKey: Guid(51e8050f26ab504469d218c927558c5e) Importer(2089858483,0ecaa5967403d082aa24f35e1b516d23)
Start importing Assets/StarterAssets/ThirdPersonController/Scenes/Playground/LightingData.asset using Guid(51e8050f26ab504469d218c927558c5e) Importer(2089858483,0ecaa5967403d082aa24f35e1b516d23)  -> (artifact id: '8e28406e176fba73780d30fe28d8ba47') in 0.004096 seconds
Number of updated asset objects reloaded before import = 0
Number of asset objects unloaded after import = 2
========================================================================
Received Import Request.
  Time since last request: 0.000017 seconds.
  path: Assets/StarterAssets/Environment/Prefabs/Stairs_650_400_300_Prefab.prefab
  artifactKey: Guid(50a0925b0c22af146a2d15615f815a1c) Importer(2089858483,0ecaa5967403d082aa24f35e1b516d23)
Start importing Assets/StarterAssets/Environment/Prefabs/Stairs_650_400_300_Prefab.prefab using Guid(50a0925b0c22af146a2d15615f815a1c) Importer(2089858483,0ecaa5967403d082aa24f35e1b516d23)  -> (artifact id: '6ee31cacc99ca19adffe564fc145a1fc') in 0.006388 seconds
Number of updated asset objects reloaded before import = 0
Number of asset objects unloaded after import = 9
========================================================================
Received Import Request.
  Time since last request: 0.000017 seconds.
  path: Assets/sq_shooter/FPS/Prefabs/Weapons/Stylized Modular Weapons/Materials/SMW_Handle.mat
  artifactKey: Guid(856c027414c6b4ea0a80f53421938bad) Importer(2089858483,0ecaa5967403d082aa24f35e1b516d23)
Start importing Assets/sq_shooter/FPS/Prefabs/Weapons/Stylized Modular Weapons/Materials/SMW_Handle.mat using Guid(856c027414c6b4ea0a80f53421938bad) Importer(2089858483,0ecaa5967403d082aa24f35e1b516d23)  -> (artifact id: 'f99cc53be45b30523176310423ad00cf') in 0.006758 seconds
Number of updated asset objects reloaded before import = 0
Number of asset objects unloaded after import = 4
========================================================================
Received Import Request.
  Time since last request: 0.000019 seconds.
  path: Assets/sq_shooter/FPS/Tutorials/Playtest/06-Inspector-Intro.asset
  artifactKey: Guid(6e41a997d55d34c6e988a783a1d13151) Importer(2089858483,0ecaa5967403d082aa24f35e1b516d23)
Start importing Assets/sq_shooter/FPS/Tutorials/Playtest/06-Inspector-Intro.asset using Guid(6e41a997d55d34c6e988a783a1d13151) Importer(2089858483,0ecaa5967403d082aa24f35e1b516d23)  -> (artifact id: 'e9da203535a24d89993003fd2efc35e1') in 0.007024 seconds
Number of updated asset objects reloaded before import = 0
Number of asset objects unloaded after import = 3
========================================================================
Received Import Request.
  Time since last request: 0.000018 seconds.
  path: Assets/sq_shooter/FPS/Prefabs/Level/Floors/Floor_15x15.prefab
  artifactKey: Guid(a184f532e69857842a7a13b462a749d8) Importer(2089858483,0ecaa5967403d082aa24f35e1b516d23)
Start importing Assets/sq_shooter/FPS/Prefabs/Level/Floors/Floor_15x15.prefab using Guid(a184f532e69857842a7a13b462a749d8) Importer(2089858483,0ecaa5967403d082aa24f35e1b516d23)  -> (artifact id: '8a574733d8ca768703c7bf619b393e16') in 0.017533 seconds
Number of updated asset objects reloaded before import = 0
Number of asset objects unloaded after import = 1640
========================================================================
Received Import Request.
  Time since last request: 0.000019 seconds.
  path: Assets/sq_shooter/FPS/Art/Materials/Enemies/Turret_Glass.mat
  artifactKey: Guid(b4ed14065adcea64a970450dc529bdef) Importer(2089858483,0ecaa5967403d082aa24f35e1b516d23)
Start importing Assets/sq_shooter/FPS/Art/Materials/Enemies/Turret_Glass.mat using Guid(b4ed14065adcea64a970450dc529bdef) Importer(2089858483,0ecaa5967403d082aa24f35e1b516d23)  -> (artifact id: '1471507a949dccefff1f6e06df0877a1') in 0.005929 seconds
Number of updated asset objects reloaded before import = 0
Number of asset objects unloaded after import = 2
========================================================================
Received Import Request.
  Time since last request: 0.000021 seconds.
  path: Assets/sq_shooter/FPS/Prefabs/Level/Dungeon/Dun_Wall.prefab
  artifactKey: Guid(cd17687759887a0438ee021e51abc9d9) Importer(2089858483,0ecaa5967403d082aa24f35e1b516d23)
Start importing Assets/sq_shooter/FPS/Prefabs/Level/Dungeon/Dun_Wall.prefab using Guid(cd17687759887a0438ee021e51abc9d9) Importer(2089858483,0ecaa5967403d082aa24f35e1b516d23)  -> (artifact id: '383c20a07433cd83bf6e67cf75d674b4') in 0.004676 seconds
Number of updated asset objects reloaded before import = 0
Number of asset objects unloaded after import = 47
========================================================================
Received Import Request.
  Time since last request: 0.000019 seconds.
  path: Assets/sq_shooter/FPS/Prefabs/Weapons/Stylized Modular Weapons/Prefabs/Top_Part_01.prefab
  artifactKey: Guid(fb5540d580512442f9def2f7eefc4609) Importer(2089858483,0ecaa5967403d082aa24f35e1b516d23)
Start importing Assets/sq_shooter/FPS/Prefabs/Weapons/Stylized Modular Weapons/Prefabs/Top_Part_01.prefab using Guid(fb5540d580512442f9def2f7eefc4609) Importer(2089858483,0ecaa5967403d082aa24f35e1b516d23)  -> (artifact id: 'a52f731936eeaab369b11e18dfaaa5ea') in 0.006672 seconds
Number of updated asset objects reloaded before import = 0
Number of asset objects unloaded after import = 7
========================================================================
Received Import Request.
  Time since last request: 0.000017 seconds.
  path: Assets/sq_shooter/FPS/Prefabs/Level/Signs/Sign_Diamond.prefab
  artifactKey: Guid(a7566d85b04856b42a956c9b162ee747) Importer(2089858483,0ecaa5967403d082aa24f35e1b516d23)
Start importing Assets/sq_shooter/FPS/Prefabs/Level/Signs/Sign_Diamond.prefab using Guid(a7566d85b04856b42a956c9b162ee747) Importer(2089858483,0ecaa5967403d082aa24f35e1b516d23)  -> (artifact id: '2fc6f1a0849a11d338af7d93ce2853e4') in 0.006612 seconds
Number of updated asset objects reloaded before import = 0
Number of asset objects unloaded after import = 11
========================================================================
Received Import Request.
  Time since last request: 0.000017 seconds.
  path: Assets/sq_shooter/FPS/Prefabs/Level/Floors/Floor_Altar.prefab
  artifactKey: Guid(ff2889050d7d4414f98bf7a5cb0e54d7) Importer(2089858483,0ecaa5967403d082aa24f35e1b516d23)
Start importing Assets/sq_shooter/FPS/Prefabs/Level/Floors/Floor_Altar.prefab using Guid(ff2889050d7d4414f98bf7a5cb0e54d7) Importer(2089858483,0ecaa5967403d082aa24f35e1b516d23)  -> (artifact id: 'd37dadbd60b1ce6ed3e6750df238f7b2') in 0.006391 seconds
Number of updated asset objects reloaded before import = 0
Number of asset objects unloaded after import = 196
========================================================================
Received Import Request.
  Time since last request: 0.000018 seconds.
  path: Assets/sq_shooter/FPS/Prefabs/Pickups/Pickup_Shotgun.prefab
  artifactKey: Guid(66d579771ab0ab94a92b3411ba179621) Importer(2089858483,0ecaa5967403d082aa24f35e1b516d23)
Start importing Assets/sq_shooter/FPS/Prefabs/Pickups/Pickup_Shotgun.prefab using Guid(66d579771ab0ab94a92b3411ba179621) Importer(2089858483,0ecaa5967403d082aa24f35e1b516d23)  -> (artifact id: '2c56db74208815e7b1b65fea7a7e5b2e') in 0.016825 seconds
Number of updated asset objects reloaded before import = 0
Number of asset objects unloaded after import = 164
========================================================================
Received Import Request.
  Time since last request: 0.000021 seconds.
  path: Assets/sq_shooter/FPS/Prefabs/Weapons/Stylized Modular Weapons/Geometry/Muzzle_02.fbx
  artifactKey: Guid(ec0532867eb214704984f16a2e1a23ac) Importer(2089858483,0ecaa5967403d082aa24f35e1b516d23)
Start importing Assets/sq_shooter/FPS/Prefabs/Weapons/Stylized Modular Weapons/Geometry/Muzzle_02.fbx using Guid(ec0532867eb214704984f16a2e1a23ac) Importer(2089858483,0ecaa5967403d082aa24f35e1b516d23)  -> (artifact id: '47c0ddd9bcbfd5b329023b5b196b662e') in 0.012114 seconds
Number of updated asset objects reloaded before import = 0
Number of asset objects unloaded after import = 7
========================================================================
Received Import Request.
  Time since last request: 0.000028 seconds.
  path: Assets/sq_shooter/FPS/Prefabs/Weapons/Stylized Modular Weapons/Prefabs/Back_Part_01.prefab
  artifactKey: Guid(0a2819783e24b44d0962a93a1cd883c4) Importer(2089858483,0ecaa5967403d082aa24f35e1b516d23)
Start importing Assets/sq_shooter/FPS/Prefabs/Weapons/Stylized Modular Weapons/Prefabs/Back_Part_01.prefab using Guid(0a2819783e24b44d0962a93a1cd883c4) Importer(2089858483,0ecaa5967403d082aa24f35e1b516d23)  -> (artifact id: '8e1b857525b49652bf52aa7c12df7c8f') in 0.006981 seconds
Number of updated asset objects reloaded before import = 0
Number of asset objects unloaded after import = 7
========================================================================
Received Import Request.
  Time since last request: 0.000018 seconds.
  path: Assets/sq_shooter/FPS/Tutorials/Unity.FPS.Tutorials.asmdef
  artifactKey: Guid(54b90cb525cf7fd4b8440dd760d63ac4) Importer(2089858483,0ecaa5967403d082aa24f35e1b516d23)
Start importing Assets/sq_shooter/FPS/Tutorials/Unity.FPS.Tutorials.asmdef using Guid(54b90cb525cf7fd4b8440dd760d63ac4) Importer(2089858483,0ecaa5967403d082aa24f35e1b516d23)  -> (artifact id: '3fab074681f64a73534a98ccb57e9bf9') in 0.004033 seconds
Number of updated asset objects reloaded before import = 0
Number of asset objects unloaded after import = 1
========================================================================
Received Import Request.
  Time since last request: 0.000018 seconds.
  path: Assets/sq_shooter/TextMesh Pro/Resources/Shaders/TMP_Bitmap-Custom-Atlas.shader
  artifactKey: Guid(48bb5f55d8670e349b6e614913f9d910) Importer(2089858483,0ecaa5967403d082aa24f35e1b516d23)
Start importing Assets/sq_shooter/TextMesh Pro/Resources/Shaders/TMP_Bitmap-Custom-Atlas.shader using Guid(48bb5f55d8670e349b6e614913f9d910) Importer(2089858483,0ecaa5967403d082aa24f35e1b516d23)  -> (artifact id: '5d179467c7272f4171ad4253c0893037') in 0.003995 seconds
Number of updated asset objects reloaded before import = 0
Number of asset objects unloaded after import = 1
========================================================================
Received Import Request.
  Time since last request: 0.000081 seconds.
  path: Assets/sq_shooter/FPS/Tutorials/AddARoom/01-Introduction.asset
  artifactKey: Guid(fef67ab638dae4a14a5508ea356cddc1) Importer(2089858483,0ecaa5967403d082aa24f35e1b516d23)
Start importing Assets/sq_shooter/FPS/Tutorials/AddARoom/01-Introduction.asset using Guid(fef67ab638dae4a14a5508ea356cddc1) Importer(2089858483,0ecaa5967403d082aa24f35e1b516d23)  -> (artifact id: '60c19c45d0c5af5a647b3fabefc975ac') in 0.007631 seconds
Number of updated asset objects reloaded before import = 0
Number of asset objects unloaded after import = 3
========================================================================
Received Import Request.
  Time since last request: 0.000019 seconds.
  path: Assets/sq_shooter/FPS/Prefabs/PBObjects/Walls/PBDun_BigDoor.prefab
  artifactKey: Guid(f9c6acb4512286140ba3d80a15b53cc9) Importer(2089858483,0ecaa5967403d082aa24f35e1b516d23)
Start importing Assets/sq_shooter/FPS/Prefabs/PBObjects/Walls/PBDun_BigDoor.prefab using Guid(f9c6acb4512286140ba3d80a15b53cc9) Importer(2089858483,0ecaa5967403d082aa24f35e1b516d23)  -> (artifact id: '46fba93af3c8da7de9d1d920d03ff4fc') in 0.012725 seconds
Number of updated asset objects reloaded before import = 0
Number of asset objects unloaded after import = 9
========================================================================
Received Import Request.
  Time since last request: 0.000018 seconds.
  path: Assets/sq_shooter/FPS/Prefabs/Level/BaseObjects/Wall_1m_Mesh.prefab
  artifactKey: Guid(22ee8966e4c728a418415db5731c87ae) Importer(2089858483,0ecaa5967403d082aa24f35e1b516d23)
Start importing Assets/sq_shooter/FPS/Prefabs/Level/BaseObjects/Wall_1m_Mesh.prefab using Guid(22ee8966e4c728a418415db5731c87ae) Importer(2089858483,0ecaa5967403d082aa24f35e1b516d23)  -> (artifact id: '6aad5789114e8ec09e4e3977da612043') in 0.006786 seconds
Number of updated asset objects reloaded before import = 0
Number of asset objects unloaded after import = 8
========================================================================
Received Import Request.
  Time since last request: 0.000018 seconds.
  path: Assets/sq_shooter/ModAssets/Materials/HatMaterials/PartyHatMaterial.mat
  artifactKey: Guid(bdf0bf742eef44db49906f57d30ad905) Importer(2089858483,0ecaa5967403d082aa24f35e1b516d23)
Start importing Assets/sq_shooter/ModAssets/Materials/HatMaterials/PartyHatMaterial.mat using Guid(bdf0bf742eef44db49906f57d30ad905) Importer(2089858483,0ecaa5967403d082aa24f35e1b516d23)  -> (artifact id: 'd9c77706ba99c1eb955dbe0286e1fe1e') in 0.007120 seconds
Number of updated asset objects reloaded before import = 0
Number of asset objects unloaded after import = 1
========================================================================
Received Import Request.
  Time since last request: 0.000018 seconds.
  path: Assets/sq_shooter/FPS/Animation/Rigs/Turret.fbx
  artifactKey: Guid(fad35a70731ab804c975c717ee8862a5) Importer(2089858483,0ecaa5967403d082aa24f35e1b516d23)
Start importing Assets/sq_shooter/FPS/Animation/Rigs/Turret.fbx using Guid(fad35a70731ab804c975c717ee8862a5) Importer(2089858483,0ecaa5967403d082aa24f35e1b516d23)  -> (artifact id: '133cf0bd85c6b06d1cfdc81575d04833') in 0.017784 seconds
Number of updated asset objects reloaded before import = 0
Number of asset objects unloaded after import = 32
========================================================================
Received Import Request.
  Time since last request: 0.000020 seconds.
  path: Assets/sq_shooter/FPS/Prefabs/UI/CompassMarkerDirection.prefab
  artifactKey: Guid(921d2796cf4779f4392d4e2f9f36cb6b) Importer(2089858483,0ecaa5967403d082aa24f35e1b516d23)
Start importing Assets/sq_shooter/FPS/Prefabs/UI/CompassMarkerDirection.prefab using Guid(921d2796cf4779f4392d4e2f9f36cb6b) Importer(2089858483,0ecaa5967403d082aa24f35e1b516d23)  -> (artifact id: 'f349a6b584bc2224c21ed73dd79d0ddc') in 0.025250 seconds
Number of updated asset objects reloaded before import = 0
Number of asset objects unloaded after import = 15
========================================================================
Received Import Request.
  Time since last request: 0.000020 seconds.
  path: Assets/StarterAssets/Mobile/Prefabs/EventSystem/UI_EventSystem.prefab
  artifactKey: Guid(f0271df749728104eac22c3d897fd8ce) Importer(2089858483,0ecaa5967403d082aa24f35e1b516d23)
Start importing Assets/StarterAssets/Mobile/Prefabs/EventSystem/UI_EventSystem.prefab using Guid(f0271df749728104eac22c3d897fd8ce) Importer(2089858483,0ecaa5967403d082aa24f35e1b516d23)  -> (artifact id: '5242c44a3cab4b42f6db48aff62928e9') in 0.007195 seconds
Number of updated asset objects reloaded before import = 0
Number of asset objects unloaded after import = 17
========================================================================
Received Import Request.
  Time since last request: 0.000022 seconds.
  path: Assets/sq_shooter/FPS/Art/Materials/Level/Sign_Green.mat
  artifactKey: Guid(807df0a3bd5fb484687907be1b8246c0) Importer(2089858483,0ecaa5967403d082aa24f35e1b516d23)
Start importing Assets/sq_shooter/FPS/Art/Materials/Level/Sign_Green.mat using Guid(807df0a3bd5fb484687907be1b8246c0) Importer(2089858483,0ecaa5967403d082aa24f35e1b516d23)  -> (artifact id: 'de9f105fe997b3c298bc28656a66ad12') in 0.004996 seconds
Number of updated asset objects reloaded before import = 0
Number of asset objects unloaded after import = 1
========================================================================
Received Import Request.
  Time since last request: 0.000020 seconds.
  path: Assets/sq_shooter/FPS/Prefabs/Weapons/Stylized Modular Weapons/Prefabs/Middle_Part_03.prefab
  artifactKey: Guid(b94c9ae63226249be93144cf3e68996d) Importer(2089858483,0ecaa5967403d082aa24f35e1b516d23)
Start importing Assets/sq_shooter/FPS/Prefabs/Weapons/Stylized Modular Weapons/Prefabs/Middle_Part_03.prefab using Guid(b94c9ae63226249be93144cf3e68996d) Importer(2089858483,0ecaa5967403d082aa24f35e1b516d23)  -> (artifact id: '1af962ef984c70e611a4410469d7ea29') in 0.006331 seconds
Number of updated asset objects reloaded before import = 0
Number of asset objects unloaded after import = 7
========================================================================
Received Import Request.
  Time since last request: 0.000028 seconds.
  path: Assets/StarterAssets/ThirdPersonController/Character/Models
  artifactKey: Guid(f99c02f4392c29d4dad06bad32b0bfb1) Importer(2089858483,0ecaa5967403d082aa24f35e1b516d23)
Start importing Assets/StarterAssets/ThirdPersonController/Character/Models using Guid(f99c02f4392c29d4dad06bad32b0bfb1) Importer(2089858483,0ecaa5967403d082aa24f35e1b516d23)  -> (artifact id: '3bd2cd84b7d2c53462b964ba674042bc') in 0.003015 seconds
Number of updated asset objects reloaded before import = 0
Number of asset objects unloaded after import = 1
========================================================================
Received Import Request.
  Time since last request: 0.000019 seconds.
  path: Assets/sq_shooter/Plugins/CW/Shared/Common/Examples/Materials/Skybox.mat
  artifactKey: Guid(17380c24072c0954898ab03528ac9077) Importer(2089858483,0ecaa5967403d082aa24f35e1b516d23)
Start importing Assets/sq_shooter/Plugins/CW/Shared/Common/Examples/Materials/Skybox.mat using Guid(17380c24072c0954898ab03528ac9077) Importer(2089858483,0ecaa5967403d082aa24f35e1b516d23)  -> (artifact id: '030f0872d395b844576e1e2890d39690') in 0.004679 seconds
Number of updated asset objects reloaded before import = 0
Number of asset objects unloaded after import = 1
========================================================================
Received Import Request.
  Time since last request: 0.000019 seconds.
  path: Assets/sq_shooter/Plugins/CW/LeanCommon/Examples/Materials/Black.mat
  artifactKey: Guid(72c44f820e292664ead684b85643fada) Importer(2089858483,0ecaa5967403d082aa24f35e1b516d23)
Start importing Assets/sq_shooter/Plugins/CW/LeanCommon/Examples/Materials/Black.mat using Guid(72c44f820e292664ead684b85643fada) Importer(2089858483,0ecaa5967403d082aa24f35e1b516d23)  -> (artifact id: '63b305eb3079fa7843947d6d7054802c') in 0.004599 seconds
Number of updated asset objects reloaded before import = 0
Number of asset objects unloaded after import = 1
========================================================================
Received Import Request.
  Time since last request: 0.000018 seconds.
  path: Assets/sq_shooter/FPS/Prefabs/Weapons/Stylized Modular Weapons/Geometry/Top_Part_03.fbx
  artifactKey: Guid(122a8e71132394bb19801a75bd7532e0) Importer(2089858483,0ecaa5967403d082aa24f35e1b516d23)
Start importing Assets/sq_shooter/FPS/Prefabs/Weapons/Stylized Modular Weapons/Geometry/Top_Part_03.fbx using Guid(122a8e71132394bb19801a75bd7532e0) Importer(2089858483,0ecaa5967403d082aa24f35e1b516d23)  -> (artifact id: 'ff4e8a6759c08ba7ef9eef226c3527e6') in 0.013055 seconds
Number of updated asset objects reloaded before import = 0
Number of asset objects unloaded after import = 7
========================================================================
Received Import Request.
  Time since last request: 0.000021 seconds.
  path: Assets/sq_shooter/FPS/Art/Materials/Weapons/WeaponPistol_Transparent.mat
  artifactKey: Guid(ad562f26d8dd3e34d9fd70367f5d6f14) Importer(2089858483,0ecaa5967403d082aa24f35e1b516d23)
Start importing Assets/sq_shooter/FPS/Art/Materials/Weapons/WeaponPistol_Transparent.mat using Guid(ad562f26d8dd3e34d9fd70367f5d6f14) Importer(2089858483,0ecaa5967403d082aa24f35e1b516d23)  -> (artifact id: 'd574ff4ee2874b1cf59e3e2de9262ac3') in 0.009718 seconds
Number of updated asset objects reloaded before import = 0
Number of asset objects unloaded after import = 6
========================================================================
Received Import Request.
  Time since last request: 0.000019 seconds.
  path: Assets/sq_shooter/FPS/Prefabs/Weapons/Stylized Modular Weapons/Prefabs/Your Weapon Example 3.prefab
  artifactKey: Guid(867bf8545bcce47ffa51745a60d3f77d) Importer(2089858483,0ecaa5967403d082aa24f35e1b516d23)
Start importing Assets/sq_shooter/FPS/Prefabs/Weapons/Stylized Modular Weapons/Prefabs/Your Weapon Example 3.prefab using Guid(867bf8545bcce47ffa51745a60d3f77d) Importer(2089858483,0ecaa5967403d082aa24f35e1b516d23)  -> (artifact id: 'b88975d53191a75321a336e2110bcbe8') in 0.006323 seconds
Number of updated asset objects reloaded before import = 0
Number of asset objects unloaded after import = 39
========================================================================
Received Import Request.
  Time since last request: 0.000018 seconds.
  path: Assets/sq_shooter/FPS/Prefabs/Level/Floors/Basic_Floor.prefab
  artifactKey: Guid(2954f5c29859c9d448513c8bd60b3344) Importer(2089858483,0ecaa5967403d082aa24f35e1b516d23)
Start importing Assets/sq_shooter/FPS/Prefabs/Level/Floors/Basic_Floor.prefab using Guid(2954f5c29859c9d448513c8bd60b3344) Importer(2089858483,0ecaa5967403d082aa24f35e1b516d23)  -> (artifact id: '2d38dcaa1c6f78ed41c928e067fa83ae') in 0.004698 seconds
Number of updated asset objects reloaded before import = 0
Number of asset objects unloaded after import = 10
========================================================================
Received Import Request.
  Time since last request: 0.000021 seconds.
  path: Assets/sq_shooter/FPS/Animation/Turret/Turret@Idle.fbx
  artifactKey: Guid(a1467423825391d4d80d3a58af08b09d) Importer(2089858483,0ecaa5967403d082aa24f35e1b516d23)
Start importing Assets/sq_shooter/FPS/Animation/Turret/Turret@Idle.fbx using Guid(a1467423825391d4d80d3a58af08b09d) Importer(2089858483,0ecaa5967403d082aa24f35e1b516d23)  -> (artifact id: '71e68ca6d3d4037f7e9baefeb181b256') in 0.012369 seconds
Number of updated asset objects reloaded before import = 0
Number of asset objects unloaded after import = 20
========================================================================
Received Import Request.
  Time since last request: 0.000018 seconds.
  path: Assets/sq_shooter/Plugins/CW/LeanTouch/Examples/13    Relative.unity
  artifactKey: Guid(f4503f8040e549f489cd402bce299069) Importer(2089858483,0ecaa5967403d082aa24f35e1b516d23)
Start importing Assets/sq_shooter/Plugins/CW/LeanTouch/Examples/13    Relative.unity using Guid(f4503f8040e549f489cd402bce299069) Importer(2089858483,0ecaa5967403d082aa24f35e1b516d23)  -> (artifact id: 'bba2bd698d148f8e4f3962259a11c9c1') in 0.003420 seconds
Number of updated asset objects reloaded before import = 0
Number of asset objects unloaded after import = 1
========================================================================
Received Import Request.
  Time since last request: 0.000085 seconds.
  path: Assets/sq_shooter/FPS/Prefabs/Level/BaseObjects/Ramp_3m_Mesh.prefab
  artifactKey: Guid(e2b37056c9c4c0b4c808ca97af52c753) Importer(2089858483,0ecaa5967403d082aa24f35e1b516d23)
Start importing Assets/sq_shooter/FPS/Prefabs/Level/BaseObjects/Ramp_3m_Mesh.prefab using Guid(e2b37056c9c4c0b4c808ca97af52c753) Importer(2089858483,0ecaa5967403d082aa24f35e1b516d23)  -> (artifact id: '9829f3e021808cebceebeb1501c7639b') in 0.006955 seconds
Number of updated asset objects reloaded before import = 0
Number of asset objects unloaded after import = 8
========================================================================
Received Import Request.
  Time since last request: 0.000018 seconds.
  path: Assets/sq_shooter/FPS/Prefabs/Weapons/Weapon_Shotgun.prefab
  artifactKey: Guid(31d97e822763d1f4cb769f7e3f7f7333) Importer(2089858483,0ecaa5967403d082aa24f35e1b516d23)
Start importing Assets/sq_shooter/FPS/Prefabs/Weapons/Weapon_Shotgun.prefab using Guid(31d97e822763d1f4cb769f7e3f7f7333) Importer(2089858483,0ecaa5967403d082aa24f35e1b516d23)  -> (artifact id: 'b00f3da904eeff80ff0f46b83beea145') in 0.020789 seconds
Number of updated asset objects reloaded before import = 0
Number of asset objects unloaded after import = 96
========================================================================
Received Import Request.
  Time since last request: 0.000018 seconds.
  path: Assets/sq_shooter/FPS/Prefabs/Weapons/Stylized Modular Weapons/Prefabs/Handle_01.prefab
  artifactKey: Guid(7ac002f469caa48fea5e57945c2dab27) Importer(2089858483,0ecaa5967403d082aa24f35e1b516d23)
Start importing Assets/sq_shooter/FPS/Prefabs/Weapons/Stylized Modular Weapons/Prefabs/Handle_01.prefab using Guid(7ac002f469caa48fea5e57945c2dab27) Importer(2089858483,0ecaa5967403d082aa24f35e1b516d23)  -> (artifact id: '7e5d1ebcbfe844e673fcdada36a13df5') in 0.006362 seconds
Number of updated asset objects reloaded before import = 0
Number of asset objects unloaded after import = 7
========================================================================
Received Import Request.
  Time since last request: 0.000022 seconds.
  path: Assets/StarterAssets/Environment/Art/Models/Wall_Mesh.fbx
  artifactKey: Guid(ff02a0a00ab750f48b09459b1cafd1b8) Importer(2089858483,0ecaa5967403d082aa24f35e1b516d23)
Start importing Assets/StarterAssets/Environment/Art/Models/Wall_Mesh.fbx using Guid(ff02a0a00ab750f48b09459b1cafd1b8) Importer(2089858483,0ecaa5967403d082aa24f35e1b516d23)  -> (artifact id: 'd3103ae1a7d297434e19bd8db2f3fc24') in 0.011655 seconds
Number of updated asset objects reloaded before import = 0
Number of asset objects unloaded after import = 8
========================================================================
Received Import Request.
  Time since last request: 0.000033 seconds.
  path: Assets/sq_shooter/FPS/Prefabs/Level/Steps/ShortSteps_Inverted.prefab
  artifactKey: Guid(ed3df5433ae26c54e957a9626daf8332) Importer(2089858483,0ecaa5967403d082aa24f35e1b516d23)
Start importing Assets/sq_shooter/FPS/Prefabs/Level/Steps/ShortSteps_Inverted.prefab using Guid(ed3df5433ae26c54e957a9626daf8332) Importer(2089858483,0ecaa5967403d082aa24f35e1b516d23)  -> (artifact id: '9f49b5bf4f442a5144eab0064cb78c55') in 0.005996 seconds
Number of updated asset objects reloaded before import = 0
Number of asset objects unloaded after import = 36
========================================================================
Received Import Request.
  Time since last request: 0.000023 seconds.
  path: Assets/sq_shooter/FPS/Prefabs/Weapons/Stylized Modular Weapons/Prefabs/Your Weapon Example 11.prefab
  artifactKey: Guid(a33db90465df4442db6195e94c93486e) Importer(2089858483,0ecaa5967403d082aa24f35e1b516d23)
Start importing Assets/sq_shooter/FPS/Prefabs/Weapons/Stylized Modular Weapons/Prefabs/Your Weapon Example 11.prefab using Guid(a33db90465df4442db6195e94c93486e) Importer(2089858483,0ecaa5967403d082aa24f35e1b516d23)  -> (artifact id: '582d28e256e31aca4806a1cb8907b796') in 0.010332 seconds
Number of updated asset objects reloaded before import = 0
Number of asset objects unloaded after import = 39
========================================================================
Received Import Request.
  Time since last request: 0.000019 seconds.
  path: Assets/sq_shooter/Plugins/CW/LeanTouch/Examples/19    Transform.unity
  artifactKey: Guid(6c0bfed60f6dc4d458e7182fae66de94) Importer(2089858483,0ecaa5967403d082aa24f35e1b516d23)
Start importing Assets/sq_shooter/Plugins/CW/LeanTouch/Examples/19    Transform.unity using Guid(6c0bfed60f6dc4d458e7182fae66de94) Importer(2089858483,0ecaa5967403d082aa24f35e1b516d23)  -> (artifact id: 'f3f4b4f2a616ca7023bbf4ce5eb76923') in 0.004664 seconds
Number of updated asset objects reloaded before import = 0
Number of asset objects unloaded after import = 1
========================================================================
Received Import Request.
  Time since last request: 0.000018 seconds.
  path: Assets/sq_shooter/FPS/Tutorials/AddARoom/019-Select-NavMesh.asset
  artifactKey: Guid(77cdde24ac2e841e8b74f2789993afd5) Importer(2089858483,0ecaa5967403d082aa24f35e1b516d23)
Start importing Assets/sq_shooter/FPS/Tutorials/AddARoom/019-Select-NavMesh.asset using Guid(77cdde24ac2e841e8b74f2789993afd5) Importer(2089858483,0ecaa5967403d082aa24f35e1b516d23)  -> (artifact id: '75357e2ac27591d7dcb3ed2b4d7344f0') in 0.013091 seconds
Number of updated asset objects reloaded before import = 0
Number of asset objects unloaded after import = 5
========================================================================
Received Import Request.
  Time since last request: 0.000020 seconds.
  path: Assets/sq_shooter/FPS/Art/Materials/Level/Ramp_Blue_Transparent.mat
  artifactKey: Guid(5430ef02ed1d5de43bfd8fa2ffff44fe) Importer(2089858483,0ecaa5967403d082aa24f35e1b516d23)
Start importing Assets/sq_shooter/FPS/Art/Materials/Level/Ramp_Blue_Transparent.mat using Guid(5430ef02ed1d5de43bfd8fa2ffff44fe) Importer(2089858483,0ecaa5967403d082aa24f35e1b516d23)  -> (artifact id: '6643909756d598a980193a1012f43602') in 0.014304 seconds
Number of updated asset objects reloaded before import = 0
Number of asset objects unloaded after import = 1
========================================================================
Received Import Request.
  Time since last request: 0.000025 seconds.
  path: Assets/sq_shooter/FPS/Prefabs/Weapons/Stylized Modular Weapons/Geometry/Bottom_Part_02.fbx
  artifactKey: Guid(2534d4956d6b346338f8916d38dc671b) Importer(2089858483,0ecaa5967403d082aa24f35e1b516d23)
Start importing Assets/sq_shooter/FPS/Prefabs/Weapons/Stylized Modular Weapons/Geometry/Bottom_Part_02.fbx using Guid(2534d4956d6b346338f8916d38dc671b) Importer(2089858483,0ecaa5967403d082aa24f35e1b516d23)  -> (artifact id: 'dab7340b4c73b3d06b6fab88c966f9db') in 0.015096 seconds
Number of updated asset objects reloaded before import = 0
Number of asset objects unloaded after import = 7
========================================================================
Received Import Request.
  Time since last request: 0.000019 seconds.
  path: Assets/sq_shooter/FPS/Prefabs/UI/InGameMenu.prefab
  artifactKey: Guid(08dec1e68a552c649889571e90fa7b2d) Importer(2089858483,0ecaa5967403d082aa24f35e1b516d23)
Start importing Assets/sq_shooter/FPS/Prefabs/UI/InGameMenu.prefab using Guid(08dec1e68a552c649889571e90fa7b2d) Importer(2089858483,0ecaa5967403d082aa24f35e1b516d23)  -> (artifact id: '7973621bf4de1acd91aa8e40520e5ee1') in 0.041213 seconds
Number of updated asset objects reloaded before import = 0
Number of asset objects unloaded after import = 167
========================================================================
Received Import Request.
  Time since last request: 0.000023 seconds.
  path: Assets/sq_shooter/TextMesh Pro/Resources/Shaders/TMPro_Properties.cginc
  artifactKey: Guid(3997e2241185407d80309a82f9148466) Importer(2089858483,0ecaa5967403d082aa24f35e1b516d23)
Start importing Assets/sq_shooter/TextMesh Pro/Resources/Shaders/TMPro_Properties.cginc using Guid(3997e2241185407d80309a82f9148466) Importer(2089858483,0ecaa5967403d082aa24f35e1b516d23)  -> (artifact id: 'f45de0aa852c9f675b6237ed6b2e3d06') in 0.005130 seconds
Number of updated asset objects reloaded before import = 0
Number of asset objects unloaded after import = 1
========================================================================
Received Import Request.
  Time since last request: 0.000019 seconds.
  path: Assets/sq_shooter/FPS/Scenes/MainScene/NavMesh-NavMeshSurface 2.asset
  artifactKey: Guid(127238512233a4645994c52c2d3f8918) Importer(2089858483,0ecaa5967403d082aa24f35e1b516d23)
Start importing Assets/sq_shooter/FPS/Scenes/MainScene/NavMesh-NavMeshSurface 2.asset using Guid(127238512233a4645994c52c2d3f8918) Importer(2089858483,0ecaa5967403d082aa24f35e1b516d23)  -> (artifact id: 'de0949e392dca66f96d8c12bd2db8376') in 0.006183 seconds
Number of updated asset objects reloaded before import = 0
Number of asset objects unloaded after import = 1
========================================================================
Received Import Request.
  Time since last request: 0.000020 seconds.
  path: Assets/sq_shooter/FPS/Tutorials/EditColors/Edit-Colors-Walkthrough.asset
  artifactKey: Guid(5d0306ad1c1d347ed8eb91190a9e45c2) Importer(2089858483,0ecaa5967403d082aa24f35e1b516d23)
Start importing Assets/sq_shooter/FPS/Tutorials/EditColors/Edit-Colors-Walkthrough.asset using Guid(5d0306ad1c1d347ed8eb91190a9e45c2) Importer(2089858483,0ecaa5967403d082aa24f35e1b516d23) SendMessage cannot be called during Awake, CheckConsistency, or OnValidate (Altar: OnMeshFilterChanged)
UnityEngine.StackTraceUtility:ExtractStackTrace ()
UnityEditor.AssetDatabase:LoadAssetAtPath<Unity.Tutorials.Core.Editor.Tutorial> (string)
System.Linq.Utilities/<>c__DisplayClass2_0`3<string, string, Unity.Tutorials.Core.Editor.Tutorial>:<CombineSelectors>b__0 (string)
System.Linq.Enumerable/SelectArrayIterator`2<string, Unity.Tutorials.Core.Editor.Tutorial>:MoveNext ()
System.Linq.Enumerable/<ExceptIterator>d__57`1<Unity.Tutorials.Core.Editor.Tutorial>:MoveNext ()
System.Linq.Enumerable:Any<Unity.Tutorials.Core.Editor.Tutorial> (System.Collections.Generic.IEnumerable`1<Unity.Tutorials.Core.Editor.Tutorial>,System.Func`2<Unity.Tutorials.Core.Editor.Tutorial, bool>)
Unity.Tutorials.Core.Editor.Tutorial:OnValidate () (at ./Library/PackageCache/com.unity.learn.iet-framework@3.1.3/Editor/Core/Tutorial.cs:338)
UnityEditor.Search.AssetIndexer:IndexProperties (int&,string&,bool&)
UnityEditor.Search.AssetIndexer:IndexDocument (string,bool)
UnityEditor.Search.SearchIndexEntryImporter:OnImportAsset (UnityEditor.AssetImporters.AssetImportContext)
UnityEditor.AssetImporters.ScriptedImporter:GenerateAssetData (UnityEditor.AssetImporters.AssetImportContext)

[./Library/PackageCache/com.unity.learn.iet-framework@3.1.3/Editor/Core/Tutorial.cs line 338]

SendMessage cannot be called during Awake, CheckConsistency, or OnValidate (Statue_Wall: OnMeshFilterChanged)
UnityEngine.StackTraceUtility:ExtractStackTrace ()
UnityEditor.AssetDatabase:LoadAssetAtPath<Unity.Tutorials.Core.Editor.Tutorial> (string)
System.Linq.Utilities/<>c__DisplayClass2_0`3<string, string, Unity.Tutorials.Core.Editor.Tutorial>:<CombineSelectors>b__0 (string)
System.Linq.Enumerable/SelectArrayIterator`2<string, Unity.Tutorials.Core.Editor.Tutorial>:MoveNext ()
System.Linq.Enumerable/<ExceptIterator>d__57`1<Unity.Tutorials.Core.Editor.Tutorial>:MoveNext ()
System.Linq.Enumerable:Any<Unity.Tutorials.Core.Editor.Tutorial> (System.Collections.Generic.IEnumerable`1<Unity.Tutorials.Core.Editor.Tutorial>,System.Func`2<Unity.Tutorials.Core.Editor.Tutorial, bool>)
Unity.Tutorials.Core.Editor.Tutorial:OnValidate () (at ./Library/PackageCache/com.unity.learn.iet-framework@3.1.3/Editor/Core/Tutorial.cs:338)
UnityEditor.Search.AssetIndexer:IndexProperties (int&,string&,bool&)
UnityEditor.Search.AssetIndexer:IndexDocument (string,bool)
UnityEditor.Search.SearchIndexEntryImporter:OnImportAsset (UnityEditor.AssetImporters.AssetImportContext)
UnityEditor.AssetImporters.ScriptedImporter:GenerateAssetData (UnityEditor.AssetImporters.AssetImportContext)

[./Library/PackageCache/com.unity.learn.iet-framework@3.1.3/Editor/Core/Tutorial.cs line 338]

SendMessage cannot be called during Awake, CheckConsistency, or OnValidate (Statue_Wall: OnMeshFilterChanged)
UnityEngine.StackTraceUtility:ExtractStackTrace ()
UnityEditor.AssetDatabase:LoadAssetAtPath<Unity.Tutorials.Core.Editor.Tutorial> (string)
System.Linq.Utilities/<>c__DisplayClass2_0`3<string, string, Unity.Tutorials.Core.Editor.Tutorial>:<CombineSelectors>b__0 (string)
System.Linq.Enumerable/SelectArrayIterator`2<string, Unity.Tutorials.Core.Editor.Tutorial>:MoveNext ()
System.Linq.Enumerable/<ExceptIterator>d__57`1<Unity.Tutorials.Core.Editor.Tutorial>:MoveNext ()
System.Linq.Enumerable:Any<Unity.Tutorials.Core.Editor.Tutorial> (System.Collections.Generic.IEnumerable`1<Unity.Tutorials.Core.Editor.Tutorial>,System.Func`2<Unity.Tutorials.Core.Editor.Tutorial, bool>)
Unity.Tutorials.Core.Editor.Tutorial:OnValidate () (at ./Library/PackageCache/com.unity.learn.iet-framework@3.1.3/Editor/Core/Tutorial.cs:338)
UnityEditor.Search.AssetIndexer:IndexProperties (int&,string&,bool&)
UnityEditor.Search.AssetIndexer:IndexDocument (string,bool)
UnityEditor.Search.SearchIndexEntryImporter:OnImportAsset (UnityEditor.AssetImporters.AssetImportContext)
UnityEditor.AssetImporters.ScriptedImporter:GenerateAssetData (UnityEditor.AssetImporters.AssetImportContext)

[./Library/PackageCache/com.unity.learn.iet-framework@3.1.3/Editor/Core/Tutorial.cs line 338]

SendMessage cannot be called during Awake, CheckConsistency, or OnValidate (Statue_Wall: OnMeshFilterChanged)
UnityEngine.StackTraceUtility:ExtractStackTrace ()
UnityEditor.AssetDatabase:LoadAssetAtPath<Unity.Tutorials.Core.Editor.Tutorial> (string)
System.Linq.Utilities/<>c__DisplayClass2_0`3<string, string, Unity.Tutorials.Core.Editor.Tutorial>:<CombineSelectors>b__0 (string)
System.Linq.Enumerable/SelectArrayIterator`2<string, Unity.Tutorials.Core.Editor.Tutorial>:MoveNext ()
System.Linq.Enumerable/<ExceptIterator>d__57`1<Unity.Tutorials.Core.Editor.Tutorial>:MoveNext ()
System.Linq.Enumerable:Any<Unity.Tutorials.Core.Editor.Tutorial> (System.Collections.Generic.IEnumerable`1<Unity.Tutorials.Core.Editor.Tutorial>,System.Func`2<Unity.Tutorials.Core.Editor.Tutorial, bool>)
Unity.Tutorials.Core.Editor.Tutorial:OnValidate () (at ./Library/PackageCache/com.unity.learn.iet-framework@3.1.3/Editor/Core/Tutorial.cs:338)
UnityEditor.Search.AssetIndexer:IndexProperties (int&,string&,bool&)
UnityEditor.Search.AssetIndexer:IndexDocument (string,bool)
UnityEditor.Search.SearchIndexEntryImporter:OnImportAsset (UnityEditor.AssetImporters.AssetImportContext)
UnityEditor.AssetImporters.ScriptedImporter:GenerateAssetData (UnityEditor.AssetImporters.AssetImportContext)

[./Library/PackageCache/com.unity.learn.iet-framework@3.1.3/Editor/Core/Tutorial.cs line 338]

SendMessage cannot be called during Awake, CheckConsistency, or OnValidate (Mesh: OnMeshFilterChanged)
UnityEngine.StackTraceUtility:ExtractStackTrace ()
UnityEditor.AssetDatabase:LoadAssetAtPath<Unity.Tutorials.Core.Editor.Tutorial> (string)
System.Linq.Utilities/<>c__DisplayClass2_0`3<string, string, Unity.Tutorials.Core.Editor.Tutorial>:<CombineSelectors>b__0 (string)
System.Linq.Enumerable/SelectArrayIterator`2<string, Unity.Tutorials.Core.Editor.Tutorial>:MoveNext ()
System.Linq.Enumerable/<ExceptIterator>d__57`1<Unity.Tutorials.Core.Editor.Tutorial>:MoveNext ()
System.Linq.Enumerable:Any<Unity.Tutorials.Core.Editor.Tutorial> (System.Collections.Generic.IEnumerable`1<Unity.Tutorials.Core.Editor.Tutorial>,System.Func`2<Unity.Tutorials.Core.Editor.Tutorial, bool>)
Unity.Tutorials.Core.Editor.Tutorial:OnValidate () (at ./Library/PackageCache/com.unity.learn.iet-framework@3.1.3/Editor/Core/Tutorial.cs:338)
UnityEditor.Search.AssetIndexer:IndexProperties (int&,string&,bool&)
UnityEditor.Search.AssetIndexer:IndexDocument (string,bool)
UnityEditor.Search.SearchIndexEntryImporter:OnImportAsset (UnityEditor.AssetImporters.AssetImportContext)
UnityEditor.AssetImporters.ScriptedImporter:GenerateAssetData (UnityEditor.AssetImporters.AssetImportContext)

[./Library/PackageCache/com.unity.learn.iet-framework@3.1.3/Editor/Core/Tutorial.cs line 338]

SendMessage cannot be called during Awake, CheckConsistency, or OnValidate (Mesh: OnMeshFilterChanged)
UnityEngine.StackTraceUtility:ExtractStackTrace ()
UnityEditor.AssetDatabase:LoadAssetAtPath<Unity.Tutorials.Core.Editor.Tutorial> (string)
System.Linq.Utilities/<>c__DisplayClass2_0`3<string, string, Unity.Tutorials.Core.Editor.Tutorial>:<CombineSelectors>b__0 (string)
System.Linq.Enumerable/SelectArrayIterator`2<string, Unity.Tutorials.Core.Editor.Tutorial>:MoveNext ()
System.Linq.Enumerable/<ExceptIterator>d__57`1<Unity.Tutorials.Core.Editor.Tutorial>:MoveNext ()
System.Linq.Enumerable:Any<Unity.Tutorials.Core.Editor.Tutorial> (System.Collections.Generic.IEnumerable`1<Unity.Tutorials.Core.Editor.Tutorial>,System.Func`2<Unity.Tutorials.Core.Editor.Tutorial, bool>)
Unity.Tutorials.Core.Editor.Tutorial:OnValidate () (at ./Library/PackageCache/com.unity.learn.iet-framework@3.1.3/Editor/Core/Tutorial.cs:338)
UnityEditor.Search.AssetIndexer:IndexProperties (int&,string&,bool&)
UnityEditor.Search.AssetIndexer:IndexDocument (string,bool)
UnityEditor.Search.SearchIndexEntryImporter:OnImportAsset (UnityEditor.AssetImporters.AssetImportContext)
UnityEditor.AssetImporters.ScriptedImporter:GenerateAssetData (UnityEditor.AssetImporters.AssetImportContext)

[./Library/PackageCache/com.unity.learn.iet-framework@3.1.3/Editor/Core/Tutorial.cs line 338]

SendMessage cannot be called during Awake, CheckConsistency, or OnValidate (Mesh: OnMeshFilterChanged)
UnityEngine.StackTraceUtility:ExtractStackTrace ()
UnityEditor.AssetDatabase:LoadAssetAtPath<Unity.Tutorials.Core.Editor.Tutorial> (string)
System.Linq.Utilities/<>c__DisplayClass2_0`3<string, string, Unity.Tutorials.Core.Editor.Tutorial>:<CombineSelectors>b__0 (string)
System.Linq.Enumerable/SelectArrayIterator`2<string, Unity.Tutorials.Core.Editor.Tutorial>:MoveNext ()
System.Linq.Enumerable/<ExceptIterator>d__57`1<Unity.Tutorials.Core.Editor.Tutorial>:MoveNext ()
System.Linq.Enumerable:Any<Unity.Tutorials.Core.Editor.Tutorial> (System.Collections.Generic.IEnumerable`1<Unity.Tutorials.Core.Editor.Tutorial>,System.Func`2<Unity.Tutorials.Core.Editor.Tutorial, bool>)
Unity.Tutorials.Core.Editor.Tutorial:OnValidate () (at ./Library/PackageCache/com.unity.learn.iet-framework@3.1.3/Editor/Core/Tutorial.cs:338)
UnityEditor.Search.AssetIndexer:IndexProperties (int&,string&,bool&)
UnityEditor.Search.AssetIndexer:IndexDocument (string,bool)
UnityEditor.Search.SearchIndexEntryImporter:OnImportAsset (UnityEditor.AssetImporters.AssetImportContext)
UnityEditor.AssetImporters.ScriptedImporter:GenerateAssetData (UnityEditor.AssetImporters.AssetImportContext)

[./Library/PackageCache/com.unity.learn.iet-framework@3.1.3/Editor/Core/Tutorial.cs line 338]

SendMessage cannot be called during Awake, CheckConsistency, or OnValidate (Mesh: OnMeshFilterChanged)
UnityEngine.StackTraceUtility:ExtractStackTrace ()
UnityEditor.AssetDatabase:LoadAssetAtPath<Unity.Tutorials.Core.Editor.Tutorial> (string)
System.Linq.Utilities/<>c__DisplayClass2_0`3<string, string, Unity.Tutorials.Core.Editor.Tutorial>:<CombineSelectors>b__0 (string)
System.Linq.Enumerable/SelectArrayIterator`2<string, Unity.Tutorials.Core.Editor.Tutorial>:MoveNext ()
System.Linq.Enumerable/<ExceptIterator>d__57`1<Unity.Tutorials.Core.Editor.Tutorial>:MoveNext ()
System.Linq.Enumerable:Any<Unity.Tutorials.Core.Editor.Tutorial> (System.Collections.Generic.IEnumerable`1<Unity.Tutorials.Core.Editor.Tutorial>,System.Func`2<Unity.Tutorials.Core.Editor.Tutorial, bool>)
Unity.Tutorials.Core.Editor.Tutorial:OnValidate () (at ./Library/PackageCache/com.unity.learn.iet-framework@3.1.3/Editor/Core/Tutorial.cs:338)
UnityEditor.Search.AssetIndexer:IndexProperties (int&,string&,bool&)
UnityEditor.Search.AssetIndexer:IndexDocument (string,bool)
UnityEditor.Search.SearchIndexEntryImporter:OnImportAsset (UnityEditor.AssetImporters.AssetImportContext)
UnityEditor.AssetImporters.ScriptedImporter:GenerateAssetData (UnityEditor.AssetImporters.AssetImportContext)

[./Library/PackageCache/com.unity.learn.iet-framework@3.1.3/Editor/Core/Tutorial.cs line 338]

SendMessage cannot be called during Awake, CheckConsistency, or OnValidate (Mesh: OnMeshFilterChanged)
UnityEngine.StackTraceUtility:ExtractStackTrace ()
UnityEditor.AssetDatabase:LoadAssetAtPath<Unity.Tutorials.Core.Editor.Tutorial> (string)
System.Linq.Utilities/<>c__DisplayClass2_0`3<string, string, Unity.Tutorials.Core.Editor.Tutorial>:<CombineSelectors>b__0 (string)
System.Linq.Enumerable/SelectArrayIterator`2<string, Unity.Tutorials.Core.Editor.Tutorial>:MoveNext ()
System.Linq.Enumerable/<ExceptIterator>d__57`1<Unity.Tutorials.Core.Editor.Tutorial>:MoveNext ()
System.Linq.Enumerable:Any<Unity.Tutorials.Core.Editor.Tutorial> (System.Collections.Generic.IEnumerable`1<Unity.Tutorials.Core.Editor.Tutorial>,System.Func`2<Unity.Tutorials.Core.Editor.Tutorial, bool>)
Unity.Tutorials.Core.Editor.Tutorial:OnValidate () (at ./Library/PackageCache/com.unity.learn.iet-framework@3.1.3/Editor/Core/Tutorial.cs:338)
UnityEditor.Search.AssetIndexer:IndexProperties (int&,string&,bool&)
UnityEditor.Search.AssetIndexer:IndexDocument (string,bool)
UnityEditor.Search.SearchIndexEntryImporter:OnImportAsset (UnityEditor.AssetImporters.AssetImportContext)
UnityEditor.AssetImporters.ScriptedImporter:GenerateAssetData (UnityEditor.AssetImporters.AssetImportContext)

[./Library/PackageCache/com.unity.learn.iet-framework@3.1.3/Editor/Core/Tutorial.cs line 338]

SendMessage cannot be called during Awake, CheckConsistency, or OnValidate (Mesh: OnMeshFilterChanged)
UnityEngine.StackTraceUtility:ExtractStackTrace ()
UnityEditor.AssetDatabase:LoadAssetAtPath<Unity.Tutorials.Core.Editor.Tutorial> (string)
System.Linq.Utilities/<>c__DisplayClass2_0`3<string, string, Unity.Tutorials.Core.Editor.Tutorial>:<CombineSelectors>b__0 (string)
System.Linq.Enumerable/SelectArrayIterator`2<string, Unity.Tutorials.Core.Editor.Tutorial>:MoveNext ()
System.Linq.Enumerable/<ExceptIterator>d__57`1<Unity.Tutorials.Core.Editor.Tutorial>:MoveNext ()
System.Linq.Enumerable:Any<Unity.Tutorials.Core.Editor.Tutorial> (System.Collections.Generic.IEnumerable`1<Unity.Tutorials.Core.Editor.Tutorial>,System.Func`2<Unity.Tutorials.Core.Editor.Tutorial, bool>)
Unity.Tutorials.Core.Editor.Tutorial:OnValidate () (at ./Library/PackageCache/com.unity.learn.iet-framework@3.1.3/Editor/Core/Tutorial.cs:338)
UnityEditor.Search.AssetIndexer:IndexProperties (int&,string&,bool&)
UnityEditor.Search.AssetIndexer:IndexDocument (string,bool)
UnityEditor.Search.SearchIndexEntryImporter:OnImportAsset (UnityEditor.AssetImporters.AssetImportContext)
UnityEditor.AssetImporters.ScriptedImporter:GenerateAssetData (UnityEditor.AssetImporters.AssetImportContext)

[./Library/PackageCache/com.unity.learn.iet-framework@3.1.3/Editor/Core/Tutorial.cs line 338]

SendMessage cannot be called during Awake, CheckConsistency, or OnValidate (Mesh: OnMeshFilterChanged)
UnityEngine.StackTraceUtility:ExtractStackTrace ()
UnityEditor.AssetDatabase:LoadAssetAtPath<Unity.Tutorials.Core.Editor.Tutorial> (string)
System.Linq.Utilities/<>c__DisplayClass2_0`3<string, string, Unity.Tutorials.Core.Editor.Tutorial>:<CombineSelectors>b__0 (string)
System.Linq.Enumerable/SelectArrayIterator`2<string, Unity.Tutorials.Core.Editor.Tutorial>:MoveNext ()
System.Linq.Enumerable/<ExceptIterator>d__57`1<Unity.Tutorials.Core.Editor.Tutorial>:MoveNext ()
System.Linq.Enumerable:Any<Unity.Tutorials.Core.Editor.Tutorial> (System.Collections.Generic.IEnumerable`1<Unity.Tutorials.Core.Editor.Tutorial>,System.Func`2<Unity.Tutorials.Core.Editor.Tutorial, bool>)
Unity.Tutorials.Core.Editor.Tutorial:OnValidate () (at ./Library/PackageCache/com.unity.learn.iet-framework@3.1.3/Editor/Core/Tutorial.cs:338)
UnityEditor.Search.AssetIndexer:IndexProperties (int&,string&,bool&)
UnityEditor.Search.AssetIndexer:IndexDocument (string,bool)
UnityEditor.Search.SearchIndexEntryImporter:OnImportAsset (UnityEditor.AssetImporters.AssetImportContext)
UnityEditor.AssetImporters.ScriptedImporter:GenerateAssetData (UnityEditor.AssetImporters.AssetImportContext)

[./Library/PackageCache/com.unity.learn.iet-framework@3.1.3/Editor/Core/Tutorial.cs line 338]

SendMessage cannot be called during Awake, CheckConsistency, or OnValidate (Mesh: OnMeshFilterChanged)
UnityEngine.StackTraceUtility:ExtractStackTrace ()
UnityEditor.AssetDatabase:LoadAssetAtPath<Unity.Tutorials.Core.Editor.Tutorial> (string)
System.Linq.Utilities/<>c__DisplayClass2_0`3<string, string, Unity.Tutorials.Core.Editor.Tutorial>:<CombineSelectors>b__0 (string)
System.Linq.Enumerable/SelectArrayIterator`2<string, Unity.Tutorials.Core.Editor.Tutorial>:MoveNext ()
System.Linq.Enumerable/<ExceptIterator>d__57`1<Unity.Tutorials.Core.Editor.Tutorial>:MoveNext ()
System.Linq.Enumerable:Any<Unity.Tutorials.Core.Editor.Tutorial> (System.Collections.Generic.IEnumerable`1<Unity.Tutorials.Core.Editor.Tutorial>,System.Func`2<Unity.Tutorials.Core.Editor.Tutorial, bool>)
Unity.Tutorials.Core.Editor.Tutorial:OnValidate () (at ./Library/PackageCache/com.unity.learn.iet-framework@3.1.3/Editor/Core/Tutorial.cs:338)
UnityEditor.Search.AssetIndexer:IndexProperties (int&,string&,bool&)
UnityEditor.Search.AssetIndexer:IndexDocument (string,bool)
UnityEditor.Search.SearchIndexEntryImporter:OnImportAsset (UnityEditor.AssetImporters.AssetImportContext)
UnityEditor.AssetImporters.ScriptedImporter:GenerateAssetData (UnityEditor.AssetImporters.AssetImportContext)

[./Library/PackageCache/com.unity.learn.iet-framework@3.1.3/Editor/Core/Tutorial.cs line 338]

SendMessage cannot be called during Awake, CheckConsistency, or OnValidate (Mesh: OnMeshFilterChanged)
UnityEngine.StackTraceUtility:ExtractStackTrace ()
UnityEditor.AssetDatabase:LoadAssetAtPath<Unity.Tutorials.Core.Editor.Tutorial> (string)
System.Linq.Utilities/<>c__DisplayClass2_0`3<string, string, Unity.Tutorials.Core.Editor.Tutorial>:<CombineSelectors>b__0 (string)
System.Linq.Enumerable/SelectArrayIterator`2<string, Unity.Tutorials.Core.Editor.Tutorial>:MoveNext ()
System.Linq.Enumerable/<ExceptIterator>d__57`1<Unity.Tutorials.Core.Editor.Tutorial>:MoveNext ()
System.Linq.Enumerable:Any<Unity.Tutorials.Core.Editor.Tutorial> (System.Collections.Generic.IEnumerable`1<Unity.Tutorials.Core.Editor.Tutorial>,System.Func`2<Unity.Tutorials.Core.Editor.Tutorial, bool>)
Unity.Tutorials.Core.Editor.Tutorial:OnValidate () (at ./Library/PackageCache/com.unity.learn.iet-framework@3.1.3/Editor/Core/Tutorial.cs:338)
UnityEditor.Search.AssetIndexer:IndexProperties (int&,string&,bool&)
UnityEditor.Search.AssetIndexer:IndexDocument (string,bool)
UnityEditor.Search.SearchIndexEntryImporter:OnImportAsset (UnityEditor.AssetImporters.AssetImportContext)
UnityEditor.AssetImporters.ScriptedImporter:GenerateAssetData (UnityEditor.AssetImporters.AssetImportContext)

[./Library/PackageCache/com.unity.learn.iet-framework@3.1.3/Editor/Core/Tutorial.cs line 338]

SendMessage cannot be called during Awake, CheckConsistency, or OnValidate (Mesh: OnMeshFilterChanged)
UnityEngine.StackTraceUtility:ExtractStackTrace ()
UnityEditor.AssetDatabase:LoadAssetAtPath<Unity.Tutorials.Core.Editor.Tutorial> (string)
System.Linq.Utilities/<>c__DisplayClass2_0`3<string, string, Unity.Tutorials.Core.Editor.Tutorial>:<CombineSelectors>b__0 (string)
System.Linq.Enumerable/SelectArrayIterator`2<string, Unity.Tutorials.Core.Editor.Tutorial>:MoveNext ()
System.Linq.Enumerable/<ExceptIterator>d__57`1<Unity.Tutorials.Core.Editor.Tutorial>:MoveNext ()
System.Linq.Enumerable:Any<Unity.Tutorials.Core.Editor.Tutorial> (System.Collections.Generic.IEnumerable`1<Unity.Tutorials.Core.Editor.Tutorial>,System.Func`2<Unity.Tutorials.Core.Editor.Tutorial, bool>)
Unity.Tutorials.Core.Editor.Tutorial:OnValidate () (at ./Library/PackageCache/com.unity.learn.iet-framework@3.1.3/Editor/Core/Tutorial.cs:338)
UnityEditor.Search.AssetIndexer:IndexProperties (int&,string&,bool&)
UnityEditor.Search.AssetIndexer:IndexDocument (string,bool)
UnityEditor.Search.SearchIndexEntryImporter:OnImportAsset (UnityEditor.AssetImporters.AssetImportContext)
UnityEditor.AssetImporters.ScriptedImporter:GenerateAssetData (UnityEditor.AssetImporters.AssetImportContext)

[./Library/PackageCache/com.unity.learn.iet-framework@3.1.3/Editor/Core/Tutorial.cs line 338]

SendMessage cannot be called during Awake, CheckConsistency, or OnValidate (Mesh: OnMeshFilterChanged)
UnityEngine.StackTraceUtility:ExtractStackTrace ()
UnityEditor.AssetDatabase:LoadAssetAtPath<Unity.Tutorials.Core.Editor.Tutorial> (string)
System.Linq.Utilities/<>c__DisplayClass2_0`3<string, string, Unity.Tutorials.Core.Editor.Tutorial>:<CombineSelectors>b__0 (string)
System.Linq.Enumerable/SelectArrayIterator`2<string, Unity.Tutorials.Core.Editor.Tutorial>:MoveNext ()
System.Linq.Enumerable/<ExceptIterator>d__57`1<Unity.Tutorials.Core.Editor.Tutorial>:MoveNext ()
System.Linq.Enumerable:Any<Unity.Tutorials.Core.Editor.Tutorial> (System.Collections.Generic.IEnumerable`1<Unity.Tutorials.Core.Editor.Tutorial>,System.Func`2<Unity.Tutorials.Core.Editor.Tutorial, bool>)
Unity.Tutorials.Core.Editor.Tutorial:OnValidate () (at ./Library/PackageCache/com.unity.learn.iet-framework@3.1.3/Editor/Core/Tutorial.cs:338)
UnityEditor.Search.AssetIndexer:IndexProperties (int&,string&,bool&)
UnityEditor.Search.AssetIndexer:IndexDocument (string,bool)
UnityEditor.Search.SearchIndexEntryImporter:OnImportAsset (UnityEditor.AssetImporters.AssetImportContext)
UnityEditor.AssetImporters.ScriptedImporter:GenerateAssetData (UnityEditor.AssetImporters.AssetImportContext)

[./Library/PackageCache/com.unity.learn.iet-framework@3.1.3/Editor/Core/Tutorial.cs line 338]

SendMessage cannot be called during Awake, CheckConsistency, or OnValidate (Mesh: OnMeshFilterChanged)
UnityEngine.StackTraceUtility:ExtractStackTrace ()
UnityEditor.AssetDatabase:LoadAssetAtPath<Unity.Tutorials.Core.Editor.Tutorial> (string)
System.Linq.Utilities/<>c__DisplayClass2_0`3<string, string, Unity.Tutorials.Core.Editor.Tutorial>:<CombineSelectors>b__0 (string)
System.Linq.Enumerable/SelectArrayIterator`2<string, Unity.Tutorials.Core.Editor.Tutorial>:MoveNext ()
System.Linq.Enumerable/<ExceptIterator>d__57`1<Unity.Tutorials.Core.Editor.Tutorial>:MoveNext ()
System.Linq.Enumerable:Any<Unity.Tutorials.Core.Editor.Tutorial> (System.Collections.Generic.IEnumerable`1<Unity.Tutorials.Core.Editor.Tutorial>,System.Func`2<Unity.Tutorials.Core.Editor.Tutorial, bool>)
Unity.Tutorials.Core.Editor.Tutorial:OnValidate () (at ./Library/PackageCache/com.unity.learn.iet-framework@3.1.3/Editor/Core/Tutorial.cs:338)
UnityEditor.Search.AssetIndexer:IndexProperties (int&,string&,bool&)
UnityEditor.Search.AssetIndexer:IndexDocument (string,bool)
UnityEditor.Search.SearchIndexEntryImporter:OnImportAsset (UnityEditor.AssetImporters.AssetImportContext)
UnityEditor.AssetImporters.ScriptedImporter:GenerateAssetData (UnityEditor.AssetImporters.AssetImportContext)

[./Library/PackageCache/com.unity.learn.iet-framework@3.1.3/Editor/Core/Tutorial.cs line 338]

SendMessage cannot be called during Awake, CheckConsistency, or OnValidate (Mesh: OnMeshFilterChanged)
UnityEngine.StackTraceUtility:ExtractStackTrace ()
UnityEditor.AssetDatabase:LoadAssetAtPath<Unity.Tutorials.Core.Editor.Tutorial> (string)
System.Linq.Utilities/<>c__DisplayClass2_0`3<string, string, Unity.Tutorials.Core.Editor.Tutorial>:<CombineSelectors>b__0 (string)
System.Linq.Enumerable/SelectArrayIterator`2<string, Unity.Tutorials.Core.Editor.Tutorial>:MoveNext ()
System.Linq.Enumerable/<ExceptIterator>d__57`1<Unity.Tutorials.Core.Editor.Tutorial>:MoveNext ()
System.Linq.Enumerable:Any<Unity.Tutorials.Core.Editor.Tutorial> (System.Collections.Generic.IEnumerable`1<Unity.Tutorials.Core.Editor.Tutorial>,System.Func`2<Unity.Tutorials.Core.Editor.Tutorial, bool>)
Unity.Tutorials.Core.Editor.Tutorial:OnValidate () (at ./Library/PackageCache/com.unity.learn.iet-framework@3.1.3/Editor/Core/Tutorial.cs:338)
UnityEditor.Search.AssetIndexer:IndexProperties (int&,string&,bool&)
UnityEditor.Search.AssetIndexer:IndexDocument (string,bool)
UnityEditor.Search.SearchIndexEntryImporter:OnImportAsset (UnityEditor.AssetImporters.AssetImportContext)
UnityEditor.AssetImporters.ScriptedImporter:GenerateAssetData (UnityEditor.AssetImporters.AssetImportContext)

[./Library/PackageCache/com.unity.learn.iet-framework@3.1.3/Editor/Core/Tutorial.cs line 338]

SendMessage cannot be called during Awake, CheckConsistency, or OnValidate (Mesh: OnMeshFilterChanged)
UnityEngine.StackTraceUtility:ExtractStackTrace ()
UnityEditor.AssetDatabase:LoadAssetAtPath<Unity.Tutorials.Core.Editor.Tutorial> (string)
System.Linq.Utilities/<>c__DisplayClass2_0`3<string, string, Unity.Tutorials.Core.Editor.Tutorial>:<CombineSelectors>b__0 (string)
System.Linq.Enumerable/SelectArrayIterator`2<string, Unity.Tutorials.Core.Editor.Tutorial>:MoveNext ()
System.Linq.Enumerable/<ExceptIterator>d__57`1<Unity.Tutorials.Core.Editor.Tutorial>:MoveNext ()
System.Linq.Enumerable:Any<Unity.Tutorials.Core.Editor.Tutorial> (System.Collections.Generic.IEnumerable`1<Unity.Tutorials.Core.Editor.Tutorial>,System.Func`2<Unity.Tutorials.Core.Editor.Tutorial, bool>)
Unity.Tutorials.Core.Editor.Tutorial:OnValidate () (at ./Library/PackageCache/com.unity.learn.iet-framework@3.1.3/Editor/Core/Tutorial.cs:338)
UnityEditor.Search.AssetIndexer:IndexProperties (int&,string&,bool&)
UnityEditor.Search.AssetIndexer:IndexDocument (string,bool)
UnityEditor.Search.SearchIndexEntryImporter:OnImportAsset (UnityEditor.AssetImporters.AssetImportContext)
UnityEditor.AssetImporters.ScriptedImporter:GenerateAssetData (UnityEditor.AssetImporters.AssetImportContext)

[./Library/PackageCache/com.unity.learn.iet-framework@3.1.3/Editor/Core/Tutorial.cs line 338]

SendMessage cannot be called during Awake, CheckConsistency, or OnValidate (Mesh: OnMeshFilterChanged)
UnityEngine.StackTraceUtility:ExtractStackTrace ()
UnityEditor.AssetDatabase:LoadAssetAtPath<Unity.Tutorials.Core.Editor.Tutorial> (string)
System.Linq.Utilities/<>c__DisplayClass2_0`3<string, string, Unity.Tutorials.Core.Editor.Tutorial>:<CombineSelectors>b__0 (string)
System.Linq.Enumerable/SelectArrayIterator`2<string, Unity.Tutorials.Core.Editor.Tutorial>:MoveNext ()
System.Linq.Enumerable/<ExceptIterator>d__57`1<Unity.Tutorials.Core.Editor.Tutorial>:MoveNext ()
System.Linq.Enumerable:Any<Unity.Tutorials.Core.Editor.Tutorial> (System.Collections.Generic.IEnumerable`1<Unity.Tutorials.Core.Editor.Tutorial>,System.Func`2<Unity.Tutorials.Core.Editor.Tutorial, bool>)
Unity.Tutorials.Core.Editor.Tutorial:OnValidate () (at ./Library/PackageCache/com.unity.learn.iet-framework@3.1.3/Editor/Core/Tutorial.cs:338)
UnityEditor.Search.AssetIndexer:IndexProperties (int&,string&,bool&)
UnityEditor.Search.AssetIndexer:IndexDocument (string,bool)
UnityEditor.Search.SearchIndexEntryImporter:OnImportAsset (UnityEditor.AssetImporters.AssetImportContext)
UnityEditor.AssetImporters.ScriptedImporter:GenerateAssetData (UnityEditor.AssetImporters.AssetImportContext)

[./Library/PackageCache/com.unity.learn.iet-framework@3.1.3/Editor/Core/Tutorial.cs line 338]

SendMessage cannot be called during Awake, CheckConsistency, or OnValidate (Mesh: OnMeshFilterChanged)
UnityEngine.StackTraceUtility:ExtractStackTrace ()
UnityEditor.AssetDatabase:LoadAssetAtPath<Unity.Tutorials.Core.Editor.Tutorial> (string)
System.Linq.Utilities/<>c__DisplayClass2_0`3<string, string, Unity.Tutorials.Core.Editor.Tutorial>:<CombineSelectors>b__0 (string)
System.Linq.Enumerable/SelectArrayIterator`2<string, Unity.Tutorials.Core.Editor.Tutorial>:MoveNext ()
System.Linq.Enumerable/<ExceptIterator>d__57`1<Unity.Tutorials.Core.Editor.Tutorial>:MoveNext ()
System.Linq.Enumerable:Any<Unity.Tutorials.Core.Editor.Tutorial> (System.Collections.Generic.IEnumerable`1<Unity.Tutorials.Core.Editor.Tutorial>,System.Func`2<Unity.Tutorials.Core.Editor.Tutorial, bool>)
Unity.Tutorials.Core.Editor.Tutorial:OnValidate () (at ./Library/PackageCache/com.unity.learn.iet-framework@3.1.3/Editor/Core/Tutorial.cs:338)
UnityEditor.Search.AssetIndexer:IndexProperties (int&,string&,bool&)
UnityEditor.Search.AssetIndexer:IndexDocument (string,bool)
UnityEditor.Search.SearchIndexEntryImporter:OnImportAsset (UnityEditor.AssetImporters.AssetImportContext)
UnityEditor.AssetImporters.ScriptedImporter:GenerateAssetData (UnityEditor.AssetImporters.AssetImportContext)

[./Library/PackageCache/com.unity.learn.iet-framework@3.1.3/Editor/Core/Tutorial.cs line 338]

SendMessage cannot be called during Awake, CheckConsistency, or OnValidate (Mesh: OnMeshFilterChanged)
UnityEngine.StackTraceUtility:ExtractStackTrace ()
UnityEditor.AssetDatabase:LoadAssetAtPath<Unity.Tutorials.Core.Editor.Tutorial> (string)
System.Linq.Utilities/<>c__DisplayClass2_0`3<string, string, Unity.Tutorials.Core.Editor.Tutorial>:<CombineSelectors>b__0 (string)
System.Linq.Enumerable/SelectArrayIterator`2<string, Unity.Tutorials.Core.Editor.Tutorial>:MoveNext ()
System.Linq.Enumerable/<ExceptIterator>d__57`1<Unity.Tutorials.Core.Editor.Tutorial>:MoveNext ()
System.Linq.Enumerable:Any<Unity.Tutorials.Core.Editor.Tutorial> (System.Collections.Generic.IEnumerable`1<Unity.Tutorials.Core.Editor.Tutorial>,System.Func`2<Unity.Tutorials.Core.Editor.Tutorial, bool>)
Unity.Tutorials.Core.Editor.Tutorial:OnValidate () (at ./Library/PackageCache/com.unity.learn.iet-framework@3.1.3/Editor/Core/Tutorial.cs:338)
UnityEditor.Search.AssetIndexer:IndexProperties (int&,string&,bool&)
UnityEditor.Search.AssetIndexer:IndexDocument (string,bool)
UnityEditor.Search.SearchIndexEntryImporter:OnImportAsset (UnityEditor.AssetImporters.AssetImportContext)
UnityEditor.AssetImporters.ScriptedImporter:GenerateAssetData (UnityEditor.AssetImporters.AssetImportContext)

[./Library/PackageCache/com.unity.learn.iet-framework@3.1.3/Editor/Core/Tutorial.cs line 338]

SendMessage cannot be called during Awake, CheckConsistency, or OnValidate (Mesh: OnMeshFilterChanged)
UnityEngine.StackTraceUtility:ExtractStackTrace ()
UnityEditor.AssetDatabase:LoadAssetAtPath<Unity.Tutorials.Core.Editor.Tutorial> (string)
System.Linq.Utilities/<>c__DisplayClass2_0`3<string, string, Unity.Tutorials.Core.Editor.Tutorial>:<CombineSelectors>b__0 (string)
System.Linq.Enumerable/SelectArrayIterator`2<string, Unity.Tutorials.Core.Editor.Tutorial>:MoveNext ()
System.Linq.Enumerable/<ExceptIterator>d__57`1<Unity.Tutorials.Core.Editor.Tutorial>:MoveNext ()
System.Linq.Enumerable:Any<Unity.Tutorials.Core.Editor.Tutorial> (System.Collections.Generic.IEnumerable`1<Unity.Tutorials.Core.Editor.Tutorial>,System.Func`2<Unity.Tutorials.Core.Editor.Tutorial, bool>)
Unity.Tutorials.Core.Editor.Tutorial:OnValidate () (at ./Library/PackageCache/com.unity.learn.iet-framework@3.1.3/Editor/Core/Tutorial.cs:338)
UnityEditor.Search.AssetIndexer:IndexProperties (int&,string&,bool&)
UnityEditor.Search.AssetIndexer:IndexDocument (string,bool)
UnityEditor.Search.SearchIndexEntryImporter:OnImportAsset (UnityEditor.AssetImporters.AssetImportContext)
UnityEditor.AssetImporters.ScriptedImporter:GenerateAssetData (UnityEditor.AssetImporters.AssetImportContext)

[./Library/PackageCache/com.unity.learn.iet-framework@3.1.3/Editor/Core/Tutorial.cs line 338]

SendMessage cannot be called during Awake, CheckConsistency, or OnValidate (Mesh: OnMeshFilterChanged)
UnityEngine.StackTraceUtility:ExtractStackTrace ()
UnityEditor.AssetDatabase:LoadAssetAtPath<Unity.Tutorials.Core.Editor.Tutorial> (string)
System.Linq.Utilities/<>c__DisplayClass2_0`3<string, string, Unity.Tutorials.Core.Editor.Tutorial>:<CombineSelectors>b__0 (string)
System.Linq.Enumerable/SelectArrayIterator`2<string, Unity.Tutorials.Core.Editor.Tutorial>:MoveNext ()
System.Linq.Enumerable/<ExceptIterator>d__57`1<Unity.Tutorials.Core.Editor.Tutorial>:MoveNext ()
System.Linq.Enumerable:Any<Unity.Tutorials.Core.Editor.Tutorial> (System.Collections.Generic.IEnumerable`1<Unity.Tutorials.Core.Editor.Tutorial>,System.Func`2<Unity.Tutorials.Core.Editor.Tutorial, bool>)
Unity.Tutorials.Core.Editor.Tutorial:OnValidate () (at ./Library/PackageCache/com.unity.learn.iet-framework@3.1.3/Editor/Core/Tutorial.cs:338)
UnityEditor.Search.AssetIndexer:IndexProperties (int&,string&,bool&)
UnityEditor.Search.AssetIndexer:IndexDocument (string,bool)
UnityEditor.Search.SearchIndexEntryImporter:OnImportAsset (UnityEditor.AssetImporters.AssetImportContext)
UnityEditor.AssetImporters.ScriptedImporter:GenerateAssetData (UnityEditor.AssetImporters.AssetImportContext)

[./Library/PackageCache/com.unity.learn.iet-framework@3.1.3/Editor/Core/Tutorial.cs line 338]

SendMessage cannot be called during Awake, CheckConsistency, or OnValidate (Mesh: OnMeshFilterChanged)
UnityEngine.StackTraceUtility:ExtractStackTrace ()
UnityEditor.AssetDatabase:LoadAssetAtPath<Unity.Tutorials.Core.Editor.Tutorial> (string)
System.Linq.Utilities/<>c__DisplayClass2_0`3<string, string, Unity.Tutorials.Core.Editor.Tutorial>:<CombineSelectors>b__0 (string)
System.Linq.Enumerable/SelectArrayIterator`2<string, Unity.Tutorials.Core.Editor.Tutorial>:MoveNext ()
System.Linq.Enumerable/<ExceptIterator>d__57`1<Unity.Tutorials.Core.Editor.Tutorial>:MoveNext ()
System.Linq.Enumerable:Any<Unity.Tutorials.Core.Editor.Tutorial> (System.Collections.Generic.IEnumerable`1<Unity.Tutorials.Core.Editor.Tutorial>,System.Func`2<Unity.Tutorials.Core.Editor.Tutorial, bool>)
Unity.Tutorials.Core.Editor.Tutorial:OnValidate () (at ./Library/PackageCache/com.unity.learn.iet-framework@3.1.3/Editor/Core/Tutorial.cs:338)
UnityEditor.Search.AssetIndexer:IndexProperties (int&,string&,bool&)
UnityEditor.Search.AssetIndexer:IndexDocument (string,bool)
UnityEditor.Search.SearchIndexEntryImporter:OnImportAsset (UnityEditor.AssetImporters.AssetImportContext)
UnityEditor.AssetImporters.ScriptedImporter:GenerateAssetData (UnityEditor.AssetImporters.AssetImportContext)

[./Library/PackageCache/com.unity.learn.iet-framework@3.1.3/Editor/Core/Tutorial.cs line 338]

SendMessage cannot be called during Awake, CheckConsistency, or OnValidate (Mesh: OnMeshFilterChanged)
UnityEngine.StackTraceUtility:ExtractStackTrace ()
UnityEditor.AssetDatabase:LoadAssetAtPath<Unity.Tutorials.Core.Editor.Tutorial> (string)
System.Linq.Utilities/<>c__DisplayClass2_0`3<string, string, Unity.Tutorials.Core.Editor.Tutorial>:<CombineSelectors>b__0 (string)
System.Linq.Enumerable/SelectArrayIterator`2<string, Unity.Tutorials.Core.Editor.Tutorial>:MoveNext ()
System.Linq.Enumerable/<ExceptIterator>d__57`1<Unity.Tutorials.Core.Editor.Tutorial>:MoveNext ()
System.Linq.Enumerable:Any<Unity.Tutorials.Core.Editor.Tutorial> (System.Collections.Generic.IEnumerable`1<Unity.Tutorials.Core.Editor.Tutorial>,System.Func`2<Unity.Tutorials.Core.Editor.Tutorial, bool>)
Unity.Tutorials.Core.Editor.Tutorial:OnValidate () (at ./Library/PackageCache/com.unity.learn.iet-framework@3.1.3/Editor/Core/Tutorial.cs:338)
UnityEditor.Search.AssetIndexer:IndexProperties (int&,string&,bool&)
UnityEditor.Search.AssetIndexer:IndexDocument (string,bool)
UnityEditor.Search.SearchIndexEntryImporter:OnImportAsset (UnityEditor.AssetImporters.AssetImportContext)
UnityEditor.AssetImporters.ScriptedImporter:GenerateAssetData (UnityEditor.AssetImporters.AssetImportContext)

[./Library/PackageCache/com.unity.learn.iet-framework@3.1.3/Editor/Core/Tutorial.cs line 338]

SendMessage cannot be called during Awake, CheckConsistency, or OnValidate (Mesh: OnMeshFilterChanged)
UnityEngine.StackTraceUtility:ExtractStackTrace ()
UnityEditor.AssetDatabase:LoadAssetAtPath<Unity.Tutorials.Core.Editor.Tutorial> (string)
System.Linq.Utilities/<>c__DisplayClass2_0`3<string, string, Unity.Tutorials.Core.Editor.Tutorial>:<CombineSelectors>b__0 (string)
System.Linq.Enumerable/SelectArrayIterator`2<string, Unity.Tutorials.Core.Editor.Tutorial>:MoveNext ()
System.Linq.Enumerable/<ExceptIterator>d__57`1<Unity.Tutorials.Core.Editor.Tutorial>:MoveNext ()
System.Linq.Enumerable:Any<Unity.Tutorials.Core.Editor.Tutorial> (System.Collections.Generic.IEnumerable`1<Unity.Tutorials.Core.Editor.Tutorial>,System.Func`2<Unity.Tutorials.Core.Editor.Tutorial, bool>)
Unity.Tutorials.Core.Editor.Tutorial:OnValidate () (at ./Library/PackageCache/com.unity.learn.iet-framework@3.1.3/Editor/Core/Tutorial.cs:338)
UnityEditor.Search.AssetIndexer:IndexProperties (int&,string&,bool&)
UnityEditor.Search.AssetIndexer:IndexDocument (string,bool)
UnityEditor.Search.SearchIndexEntryImporter:OnImportAsset (UnityEditor.AssetImporters.AssetImportContext)
UnityEditor.AssetImporters.ScriptedImporter:GenerateAssetData (UnityEditor.AssetImporters.AssetImportContext)

[./Library/PackageCache/com.unity.learn.iet-framework@3.1.3/Editor/Core/Tutorial.cs line 338]

SendMessage cannot be called during Awake, CheckConsistency, or OnValidate (Mesh: OnMeshFilterChanged)
UnityEngine.StackTraceUtility:ExtractStackTrace ()
UnityEditor.AssetDatabase:LoadAssetAtPath<Unity.Tutorials.Core.Editor.Tutorial> (string)
System.Linq.Utilities/<>c__DisplayClass2_0`3<string, string, Unity.Tutorials.Core.Editor.Tutorial>:<CombineSelectors>b__0 (string)
System.Linq.Enumerable/SelectArrayIterator`2<string, Unity.Tutorials.Core.Editor.Tutorial>:MoveNext ()
System.Linq.Enumerable/<ExceptIterator>d__57`1<Unity.Tutorials.Core.Editor.Tutorial>:MoveNext ()
System.Linq.Enumerable:Any<Unity.Tutorials.Core.Editor.Tutorial> (System.Collections.Generic.IEnumerable`1<Unity.Tutorials.Core.Editor.Tutorial>,System.Func`2<Unity.Tutorials.Core.Editor.Tutorial, bool>)
Unity.Tutorials.Core.Editor.Tutorial:OnValidate () (at ./Library/PackageCache/com.unity.learn.iet-framework@3.1.3/Editor/Core/Tutorial.cs:338)
UnityEditor.Search.AssetIndexer:IndexProperties (int&,string&,bool&)
UnityEditor.Search.AssetIndexer:IndexDocument (string,bool)
UnityEditor.Search.SearchIndexEntryImporter:OnImportAsset (UnityEditor.AssetImporters.AssetImportContext)
UnityEditor.AssetImporters.ScriptedImporter:GenerateAssetData (UnityEditor.AssetImporters.AssetImportContext)

[./Library/PackageCache/com.unity.learn.iet-framework@3.1.3/Editor/Core/Tutorial.cs line 338]

SendMessage cannot be called during Awake, CheckConsistency, or OnValidate (Mesh: OnMeshFilterChanged)
UnityEngine.StackTraceUtility:ExtractStackTrace ()
UnityEditor.AssetDatabase:LoadAssetAtPath<Unity.Tutorials.Core.Editor.Tutorial> (string)
System.Linq.Utilities/<>c__DisplayClass2_0`3<string, string, Unity.Tutorials.Core.Editor.Tutorial>:<CombineSelectors>b__0 (string)
System.Linq.Enumerable/SelectArrayIterator`2<string, Unity.Tutorials.Core.Editor.Tutorial>:MoveNext ()
System.Linq.Enumerable/<ExceptIterator>d__57`1<Unity.Tutorials.Core.Editor.Tutorial>:MoveNext ()
System.Linq.Enumerable:Any<Unity.Tutorials.Core.Editor.Tutorial> (System.Collections.Generic.IEnumerable`1<Unity.Tutorials.Core.Editor.Tutorial>,System.Func`2<Unity.Tutorials.Core.Editor.Tutorial, bool>)
Unity.Tutorials.Core.Editor.Tutorial:OnValidate () (at ./Library/PackageCache/com.unity.learn.iet-framework@3.1.3/Editor/Core/Tutorial.cs:338)
UnityEditor.Search.AssetIndexer:IndexProperties (int&,string&,bool&)
UnityEditor.Search.AssetIndexer:IndexDocument (string,bool)
UnityEditor.Search.SearchIndexEntryImporter:OnImportAsset (UnityEditor.AssetImporters.AssetImportContext)
UnityEditor.AssetImporters.ScriptedImporter:GenerateAssetData (UnityEditor.AssetImporters.AssetImportContext)

[./Library/PackageCache/com.unity.learn.iet-framework@3.1.3/Editor/Core/Tutorial.cs line 338]

SendMessage cannot be called during Awake, CheckConsistency, or OnValidate (Mesh: OnMeshFilterChanged)
UnityEngine.StackTraceUtility:ExtractStackTrace ()
UnityEditor.AssetDatabase:LoadAssetAtPath<Unity.Tutorials.Core.Editor.Tutorial> (string)
System.Linq.Utilities/<>c__DisplayClass2_0`3<string, string, Unity.Tutorials.Core.Editor.Tutorial>:<CombineSelectors>b__0 (string)
System.Linq.Enumerable/SelectArrayIterator`2<string, Unity.Tutorials.Core.Editor.Tutorial>:MoveNext ()
System.Linq.Enumerable/<ExceptIterator>d__57`1<Unity.Tutorials.Core.Editor.Tutorial>:MoveNext ()
System.Linq.Enumerable:Any<Unity.Tutorials.Core.Editor.Tutorial> (System.Collections.Generic.IEnumerable`1<Unity.Tutorials.Core.Editor.Tutorial>,System.Func`2<Unity.Tutorials.Core.Editor.Tutorial, bool>)
Unity.Tutorials.Core.Editor.Tutorial:OnValidate () (at ./Library/PackageCache/com.unity.learn.iet-framework@3.1.3/Editor/Core/Tutorial.cs:338)
UnityEditor.Search.AssetIndexer:IndexProperties (int&,string&,bool&)
UnityEditor.Search.AssetIndexer:IndexDocument (string,bool)
UnityEditor.Search.SearchIndexEntryImporter:OnImportAsset (UnityEditor.AssetImporters.AssetImportContext)
UnityEditor.AssetImporters.ScriptedImporter:GenerateAssetData (UnityEditor.AssetImporters.AssetImportContext)

[./Library/PackageCache/com.unity.learn.iet-framework@3.1.3/Editor/Core/Tutorial.cs line 338]

SendMessage cannot be called during Awake, CheckConsistency, or OnValidate (Mesh: OnMeshFilterChanged)
UnityEngine.StackTraceUtility:ExtractStackTrace ()
UnityEditor.AssetDatabase:LoadAssetAtPath<Unity.Tutorials.Core.Editor.Tutorial> (string)
System.Linq.Utilities/<>c__DisplayClass2_0`3<string, string, Unity.Tutorials.Core.Editor.Tutorial>:<CombineSelectors>b__0 (string)
System.Linq.Enumerable/SelectArrayIterator`2<string, Unity.Tutorials.Core.Editor.Tutorial>:MoveNext ()
System.Linq.Enumerable/<ExceptIterator>d__57`1<Unity.Tutorials.Core.Editor.Tutorial>:MoveNext ()
System.Linq.Enumerable:Any<Unity.Tutorials.Core.Editor.Tutorial> (System.Collections.Generic.IEnumerable`1<Unity.Tutorials.Core.Editor.Tutorial>,System.Func`2<Unity.Tutorials.Core.Editor.Tutorial, bool>)
Unity.Tutorials.Core.Editor.Tutorial:OnValidate () (at ./Library/PackageCache/com.unity.learn.iet-framework@3.1.3/Editor/Core/Tutorial.cs:338)
UnityEditor.Search.AssetIndexer:IndexProperties (int&,string&,bool&)
UnityEditor.Search.AssetIndexer:IndexDocument (string,bool)
UnityEditor.Search.SearchIndexEntryImporter:OnImportAsset (UnityEditor.AssetImporters.AssetImportContext)
UnityEditor.AssetImporters.ScriptedImporter:GenerateAssetData (UnityEditor.AssetImporters.AssetImportContext)

[./Library/PackageCache/com.unity.learn.iet-framework@3.1.3/Editor/Core/Tutorial.cs line 338]

SendMessage cannot be called during Awake, CheckConsistency, or OnValidate (Mesh: OnMeshFilterChanged)
UnityEngine.StackTraceUtility:ExtractStackTrace ()
UnityEditor.AssetDatabase:LoadAssetAtPath<Unity.Tutorials.Core.Editor.Tutorial> (string)
System.Linq.Utilities/<>c__DisplayClass2_0`3<string, string, Unity.Tutorials.Core.Editor.Tutorial>:<CombineSelectors>b__0 (string)
System.Linq.Enumerable/SelectArrayIterator`2<string, Unity.Tutorials.Core.Editor.Tutorial>:MoveNext ()
System.Linq.Enumerable/<ExceptIterator>d__57`1<Unity.Tutorials.Core.Editor.Tutorial>:MoveNext ()
System.Linq.Enumerable:Any<Unity.Tutorials.Core.Editor.Tutorial> (System.Collections.Generic.IEnumerable`1<Unity.Tutorials.Core.Editor.Tutorial>,System.Func`2<Unity.Tutorials.Core.Editor.Tutorial, bool>)
Unity.Tutorials.Core.Editor.Tutorial:OnValidate () (at ./Library/PackageCache/com.unity.learn.iet-framework@3.1.3/Editor/Core/Tutorial.cs:338)
UnityEditor.Search.AssetIndexer:IndexProperties (int&,string&,bool&)
UnityEditor.Search.AssetIndexer:IndexDocument (string,bool)
UnityEditor.Search.SearchIndexEntryImporter:OnImportAsset (UnityEditor.AssetImporters.AssetImportContext)
UnityEditor.AssetImporters.ScriptedImporter:GenerateAssetData (UnityEditor.AssetImporters.AssetImportContext)

[./Library/PackageCache/com.unity.learn.iet-framework@3.1.3/Editor/Core/Tutorial.cs line 338]

SendMessage cannot be called during Awake, CheckConsistency, or OnValidate (Mesh: OnMeshFilterChanged)
UnityEngine.StackTraceUtility:ExtractStackTrace ()
UnityEditor.AssetDatabase:LoadAssetAtPath<Unity.Tutorials.Core.Editor.Tutorial> (string)
System.Linq.Utilities/<>c__DisplayClass2_0`3<string, string, Unity.Tutorials.Core.Editor.Tutorial>:<CombineSelectors>b__0 (string)
System.Linq.Enumerable/SelectArrayIterator`2<string, Unity.Tutorials.Core.Editor.Tutorial>:MoveNext ()
System.Linq.Enumerable/<ExceptIterator>d__57`1<Unity.Tutorials.Core.Editor.Tutorial>:MoveNext ()
System.Linq.Enumerable:Any<Unity.Tutorials.Core.Editor.Tutorial> (System.Collections.Generic.IEnumerable`1<Unity.Tutorials.Core.Editor.Tutorial>,System.Func`2<Unity.Tutorials.Core.Editor.Tutorial, bool>)
Unity.Tutorials.Core.Editor.Tutorial:OnValidate () (at ./Library/PackageCache/com.unity.learn.iet-framework@3.1.3/Editor/Core/Tutorial.cs:338)
UnityEditor.Search.AssetIndexer:IndexProperties (int&,string&,bool&)
UnityEditor.Search.AssetIndexer:IndexDocument (string,bool)
UnityEditor.Search.SearchIndexEntryImporter:OnImportAsset (UnityEditor.AssetImporters.AssetImportContext)
UnityEditor.AssetImporters.ScriptedImporter:GenerateAssetData (UnityEditor.AssetImporters.AssetImportContext)

[./Library/PackageCache/com.unity.learn.iet-framework@3.1.3/Editor/Core/Tutorial.cs line 338]

SendMessage cannot be called during Awake, CheckConsistency, or OnValidate (Mesh: OnMeshFilterChanged)
UnityEngine.StackTraceUtility:ExtractStackTrace ()
UnityEditor.AssetDatabase:LoadAssetAtPath<Unity.Tutorials.Core.Editor.Tutorial> (string)
System.Linq.Utilities/<>c__DisplayClass2_0`3<string, string, Unity.Tutorials.Core.Editor.Tutorial>:<CombineSelectors>b__0 (string)
System.Linq.Enumerable/SelectArrayIterator`2<string, Unity.Tutorials.Core.Editor.Tutorial>:MoveNext ()
System.Linq.Enumerable/<ExceptIterator>d__57`1<Unity.Tutorials.Core.Editor.Tutorial>:MoveNext ()
System.Linq.Enumerable:Any<Unity.Tutorials.Core.Editor.Tutorial> (System.Collections.Generic.IEnumerable`1<Unity.Tutorials.Core.Editor.Tutorial>,System.Func`2<Unity.Tutorials.Core.Editor.Tutorial, bool>)
Unity.Tutorials.Core.Editor.Tutorial:OnValidate () (at ./Library/PackageCache/com.unity.learn.iet-framework@3.1.3/Editor/Core/Tutorial.cs:338)
UnityEditor.Search.AssetIndexer:IndexProperties (int&,string&,bool&)
UnityEditor.Search.AssetIndexer:IndexDocument (string,bool)
UnityEditor.Search.SearchIndexEntryImporter:OnImportAsset (UnityEditor.AssetImporters.AssetImportContext)
UnityEditor.AssetImporters.ScriptedImporter:GenerateAssetData (UnityEditor.AssetImporters.AssetImportContext)

[./Library/PackageCache/com.unity.learn.iet-framework@3.1.3/Editor/Core/Tutorial.cs line 338]

SendMessage cannot be called during Awake, CheckConsistency, or OnValidate (Mesh: OnMeshFilterChanged)
UnityEngine.StackTraceUtility:ExtractStackTrace ()
UnityEditor.AssetDatabase:LoadAssetAtPath<Unity.Tutorials.Core.Editor.Tutorial> (string)
System.Linq.Utilities/<>c__DisplayClass2_0`3<string, string, Unity.Tutorials.Core.Editor.Tutorial>:<CombineSelectors>b__0 (string)
System.Linq.Enumerable/SelectArrayIterator`2<string, Unity.Tutorials.Core.Editor.Tutorial>:MoveNext ()
System.Linq.Enumerable/<ExceptIterator>d__57`1<Unity.Tutorials.Core.Editor.Tutorial>:MoveNext ()
System.Linq.Enumerable:Any<Unity.Tutorials.Core.Editor.Tutorial> (System.Collections.Generic.IEnumerable`1<Unity.Tutorials.Core.Editor.Tutorial>,System.Func`2<Unity.Tutorials.Core.Editor.Tutorial, bool>)
Unity.Tutorials.Core.Editor.Tutorial:OnValidate () (at ./Library/PackageCache/com.unity.learn.iet-framework@3.1.3/Editor/Core/Tutorial.cs:338)
UnityEditor.Search.AssetIndexer:IndexProperties (int&,string&,bool&)
UnityEditor.Search.AssetIndexer:IndexDocument (string,bool)
UnityEditor.Search.SearchIndexEntryImporter:OnImportAsset (UnityEditor.AssetImporters.AssetImportContext)
UnityEditor.AssetImporters.ScriptedImporter:GenerateAssetData (UnityEditor.AssetImporters.AssetImportContext)

[./Library/PackageCache/com.unity.learn.iet-framework@3.1.3/Editor/Core/Tutorial.cs line 338]

SendMessage cannot be called during Awake, CheckConsistency, or OnValidate (Mesh: OnMeshFilterChanged)
UnityEngine.StackTraceUtility:ExtractStackTrace ()
UnityEditor.AssetDatabase:LoadAssetAtPath<Unity.Tutorials.Core.Editor.Tutorial> (string)
System.Linq.Utilities/<>c__DisplayClass2_0`3<string, string, Unity.Tutorials.Core.Editor.Tutorial>:<CombineSelectors>b__0 (string)
System.Linq.Enumerable/SelectArrayIterator`2<string, Unity.Tutorials.Core.Editor.Tutorial>:MoveNext ()
System.Linq.Enumerable/<ExceptIterator>d__57`1<Unity.Tutorials.Core.Editor.Tutorial>:MoveNext ()
System.Linq.Enumerable:Any<Unity.Tutorials.Core.Editor.Tutorial> (System.Collections.Generic.IEnumerable`1<Unity.Tutorials.Core.Editor.Tutorial>,System.Func`2<Unity.Tutorials.Core.Editor.Tutorial, bool>)
Unity.Tutorials.Core.Editor.Tutorial:OnValidate () (at ./Library/PackageCache/com.unity.learn.iet-framework@3.1.3/Editor/Core/Tutorial.cs:338)
UnityEditor.Search.AssetIndexer:IndexProperties (int&,string&,bool&)
UnityEditor.Search.AssetIndexer:IndexDocument (string,bool)
UnityEditor.Search.SearchIndexEntryImporter:OnImportAsset (UnityEditor.AssetImporters.AssetImportContext)
UnityEditor.AssetImporters.ScriptedImporter:GenerateAssetData (UnityEditor.AssetImporters.AssetImportContext)

[./Library/PackageCache/com.unity.learn.iet-framework@3.1.3/Editor/Core/Tutorial.cs line 338]

SendMessage cannot be called during Awake, CheckConsistency, or OnValidate (Mesh: OnMeshFilterChanged)
UnityEngine.StackTraceUtility:ExtractStackTrace ()
UnityEditor.AssetDatabase:LoadAssetAtPath<Unity.Tutorials.Core.Editor.Tutorial> (string)
System.Linq.Utilities/<>c__DisplayClass2_0`3<string, string, Unity.Tutorials.Core.Editor.Tutorial>:<CombineSelectors>b__0 (string)
System.Linq.Enumerable/SelectArrayIterator`2<string, Unity.Tutorials.Core.Editor.Tutorial>:MoveNext ()
System.Linq.Enumerable/<ExceptIterator>d__57`1<Unity.Tutorials.Core.Editor.Tutorial>:MoveNext ()
System.Linq.Enumerable:Any<Unity.Tutorials.Core.Editor.Tutorial> (System.Collections.Generic.IEnumerable`1<Unity.Tutorials.Core.Editor.Tutorial>,System.Func`2<Unity.Tutorials.Core.Editor.Tutorial, bool>)
Unity.Tutorials.Core.Editor.Tutorial:OnValidate () (at ./Library/PackageCache/com.unity.learn.iet-framework@3.1.3/Editor/Core/Tutorial.cs:338)
UnityEditor.Search.AssetIndexer:IndexProperties (int&,string&,bool&)
UnityEditor.Search.AssetIndexer:IndexDocument (string,bool)
UnityEditor.Search.SearchIndexEntryImporter:OnImportAsset (UnityEditor.AssetImporters.AssetImportContext)
UnityEditor.AssetImporters.ScriptedImporter:GenerateAssetData (UnityEditor.AssetImporters.AssetImportContext)

[./Library/PackageCache/com.unity.learn.iet-framework@3.1.3/Editor/Core/Tutorial.cs line 338]

SendMessage cannot be called during Awake, CheckConsistency, or OnValidate (Mesh: OnMeshFilterChanged)
UnityEngine.StackTraceUtility:ExtractStackTrace ()
UnityEditor.AssetDatabase:LoadAssetAtPath<Unity.Tutorials.Core.Editor.Tutorial> (string)
System.Linq.Utilities/<>c__DisplayClass2_0`3<string, string, Unity.Tutorials.Core.Editor.Tutorial>:<CombineSelectors>b__0 (string)
System.Linq.Enumerable/SelectArrayIterator`2<string, Unity.Tutorials.Core.Editor.Tutorial>:MoveNext ()
System.Linq.Enumerable/<ExceptIterator>d__57`1<Unity.Tutorials.Core.Editor.Tutorial>:MoveNext ()
System.Linq.Enumerable:Any<Unity.Tutorials.Core.Editor.Tutorial> (System.Collections.Generic.IEnumerable`1<Unity.Tutorials.Core.Editor.Tutorial>,System.Func`2<Unity.Tutorials.Core.Editor.Tutorial, bool>)
Unity.Tutorials.Core.Editor.Tutorial:OnValidate () (at ./Library/PackageCache/com.unity.learn.iet-framework@3.1.3/Editor/Core/Tutorial.cs:338)
UnityEditor.Search.AssetIndexer:IndexProperties (int&,string&,bool&)
UnityEditor.Search.AssetIndexer:IndexDocument (string,bool)
UnityEditor.Search.SearchIndexEntryImporter:OnImportAsset (UnityEditor.AssetImporters.AssetImportContext)
UnityEditor.AssetImporters.ScriptedImporter:GenerateAssetData (UnityEditor.AssetImporters.AssetImportContext)

[./Library/PackageCache/com.unity.learn.iet-framework@3.1.3/Editor/Core/Tutorial.cs line 338]

SendMessage cannot be called during Awake, CheckConsistency, or OnValidate (Mesh: OnMeshFilterChanged)
UnityEngine.StackTraceUtility:ExtractStackTrace ()
UnityEditor.AssetDatabase:LoadAssetAtPath<Unity.Tutorials.Core.Editor.Tutorial> (string)
System.Linq.Utilities/<>c__DisplayClass2_0`3<string, string, Unity.Tutorials.Core.Editor.Tutorial>:<CombineSelectors>b__0 (string)
System.Linq.Enumerable/SelectArrayIterator`2<string, Unity.Tutorials.Core.Editor.Tutorial>:MoveNext ()
System.Linq.Enumerable/<ExceptIterator>d__57`1<Unity.Tutorials.Core.Editor.Tutorial>:MoveNext ()
System.Linq.Enumerable:Any<Unity.Tutorials.Core.Editor.Tutorial> (System.Collections.Generic.IEnumerable`1<Unity.Tutorials.Core.Editor.Tutorial>,System.Func`2<Unity.Tutorials.Core.Editor.Tutorial, bool>)
Unity.Tutorials.Core.Editor.Tutorial:OnValidate () (at ./Library/PackageCache/com.unity.learn.iet-framework@3.1.3/Editor/Core/Tutorial.cs:338)
UnityEditor.Search.AssetIndexer:IndexProperties (int&,string&,bool&)
UnityEditor.Search.AssetIndexer:IndexDocument (string,bool)
UnityEditor.Search.SearchIndexEntryImporter:OnImportAsset (UnityEditor.AssetImporters.AssetImportContext)
UnityEditor.AssetImporters.ScriptedImporter:GenerateAssetData (UnityEditor.AssetImporters.AssetImportContext)

[./Library/PackageCache/com.unity.learn.iet-framework@3.1.3/Editor/Core/Tutorial.cs line 338]

SendMessage cannot be called during Awake, CheckConsistency, or OnValidate (Mesh: OnMeshFilterChanged)
UnityEngine.StackTraceUtility:ExtractStackTrace ()
UnityEditor.AssetDatabase:LoadAssetAtPath<Unity.Tutorials.Core.Editor.Tutorial> (string)
System.Linq.Utilities/<>c__DisplayClass2_0`3<string, string, Unity.Tutorials.Core.Editor.Tutorial>:<CombineSelectors>b__0 (string)
System.Linq.Enumerable/SelectArrayIterator`2<string, Unity.Tutorials.Core.Editor.Tutorial>:MoveNext ()
System.Linq.Enumerable/<ExceptIterator>d__57`1<Unity.Tutorials.Core.Editor.Tutorial>:MoveNext ()
System.Linq.Enumerable:Any<Unity.Tutorials.Core.Editor.Tutorial> (System.Collections.Generic.IEnumerable`1<Unity.Tutorials.Core.Editor.Tutorial>,System.Func`2<Unity.Tutorials.Core.Editor.Tutorial, bool>)
Unity.Tutorials.Core.Editor.Tutorial:OnValidate () (at ./Library/PackageCache/com.unity.learn.iet-framework@3.1.3/Editor/Core/Tutorial.cs:338)
UnityEditor.Search.AssetIndexer:IndexProperties (int&,string&,bool&)
UnityEditor.Search.AssetIndexer:IndexDocument (string,bool)
UnityEditor.Search.SearchIndexEntryImporter:OnImportAsset (UnityEditor.AssetImporters.AssetImportContext)
UnityEditor.AssetImporters.ScriptedImporter:GenerateAssetData (UnityEditor.AssetImporters.AssetImportContext)

[./Library/PackageCache/com.unity.learn.iet-framework@3.1.3/Editor/Core/Tutorial.cs line 338]

SendMessage cannot be called during Awake, CheckConsistency, or OnValidate (Mesh: OnMeshFilterChanged)
UnityEngine.StackTraceUtility:ExtractStackTrace ()
UnityEditor.AssetDatabase:LoadAssetAtPath<Unity.Tutorials.Core.Editor.Tutorial> (string)
System.Linq.Utilities/<>c__DisplayClass2_0`3<string, string, Unity.Tutorials.Core.Editor.Tutorial>:<CombineSelectors>b__0 (string)
System.Linq.Enumerable/SelectArrayIterator`2<string, Unity.Tutorials.Core.Editor.Tutorial>:MoveNext ()
System.Linq.Enumerable/<ExceptIterator>d__57`1<Unity.Tutorials.Core.Editor.Tutorial>:MoveNext ()
System.Linq.Enumerable:Any<Unity.Tutorials.Core.Editor.Tutorial> (System.Collections.Generic.IEnumerable`1<Unity.Tutorials.Core.Editor.Tutorial>,System.Func`2<Unity.Tutorials.Core.Editor.Tutorial, bool>)
Unity.Tutorials.Core.Editor.Tutorial:OnValidate () (at ./Library/PackageCache/com.unity.learn.iet-framework@3.1.3/Editor/Core/Tutorial.cs:338)
UnityEditor.Search.AssetIndexer:IndexProperties (int&,string&,bool&)
UnityEditor.Search.AssetIndexer:IndexDocument (string,bool)
UnityEditor.Search.SearchIndexEntryImporter:OnImportAsset (UnityEditor.AssetImporters.AssetImportContext)
UnityEditor.AssetImporters.ScriptedImporter:GenerateAssetData (UnityEditor.AssetImporters.AssetImportContext)

[./Library/PackageCache/com.unity.learn.iet-framework@3.1.3/Editor/Core/Tutorial.cs line 338]

SendMessage cannot be called during Awake, CheckConsistency, or OnValidate (Mesh: OnMeshFilterChanged)
UnityEngine.StackTraceUtility:ExtractStackTrace ()
UnityEditor.AssetDatabase:LoadAssetAtPath<Unity.Tutorials.Core.Editor.Tutorial> (string)
System.Linq.Utilities/<>c__DisplayClass2_0`3<string, string, Unity.Tutorials.Core.Editor.Tutorial>:<CombineSelectors>b__0 (string)
System.Linq.Enumerable/SelectArrayIterator`2<string, Unity.Tutorials.Core.Editor.Tutorial>:MoveNext ()
System.Linq.Enumerable/<ExceptIterator>d__57`1<Unity.Tutorials.Core.Editor.Tutorial>:MoveNext ()
System.Linq.Enumerable:Any<Unity.Tutorials.Core.Editor.Tutorial> (System.Collections.Generic.IEnumerable`1<Unity.Tutorials.Core.Editor.Tutorial>,System.Func`2<Unity.Tutorials.Core.Editor.Tutorial, bool>)
Unity.Tutorials.Core.Editor.Tutorial:OnValidate () (at ./Library/PackageCache/com.unity.learn.iet-framework@3.1.3/Editor/Core/Tutorial.cs:338)
UnityEditor.Search.AssetIndexer:IndexProperties (int&,string&,bool&)
UnityEditor.Search.AssetIndexer:IndexDocument (string,bool)
UnityEditor.Search.SearchIndexEntryImporter:OnImportAsset (UnityEditor.AssetImporters.AssetImportContext)
UnityEditor.AssetImporters.ScriptedImporter:GenerateAssetData (UnityEditor.AssetImporters.AssetImportContext)

[./Library/PackageCache/com.unity.learn.iet-framework@3.1.3/Editor/Core/Tutorial.cs line 338]

SendMessage cannot be called during Awake, CheckConsistency, or OnValidate (Mesh: OnMeshFilterChanged)
UnityEngine.StackTraceUtility:ExtractStackTrace ()
UnityEditor.AssetDatabase:LoadAssetAtPath<Unity.Tutorials.Core.Editor.Tutorial> (string)
System.Linq.Utilities/<>c__DisplayClass2_0`3<string, string, Unity.Tutorials.Core.Editor.Tutorial>:<CombineSelectors>b__0 (string)
System.Linq.Enumerable/SelectArrayIterator`2<string, Unity.Tutorials.Core.Editor.Tutorial>:MoveNext ()
System.Linq.Enumerable/<ExceptIterator>d__57`1<Unity.Tutorials.Core.Editor.Tutorial>:MoveNext ()
System.Linq.Enumerable:Any<Unity.Tutorials.Core.Editor.Tutorial> (System.Collections.Generic.IEnumerable`1<Unity.Tutorials.Core.Editor.Tutorial>,System.Func`2<Unity.Tutorials.Core.Editor.Tutorial, bool>)
Unity.Tutorials.Core.Editor.Tutorial:OnValidate () (at ./Library/PackageCache/com.unity.learn.iet-framework@3.1.3/Editor/Core/Tutorial.cs:338)
UnityEditor.Search.AssetIndexer:IndexProperties (int&,string&,bool&)
UnityEditor.Search.AssetIndexer:IndexDocument (string,bool)
UnityEditor.Search.SearchIndexEntryImporter:OnImportAsset (UnityEditor.AssetImporters.AssetImportContext)
UnityEditor.AssetImporters.ScriptedImporter:GenerateAssetData (UnityEditor.AssetImporters.AssetImportContext)

[./Library/PackageCache/com.unity.learn.iet-framework@3.1.3/Editor/Core/Tutorial.cs line 338]

SendMessage cannot be called during Awake, CheckConsistency, or OnValidate (Mesh: OnMeshFilterChanged)
UnityEngine.StackTraceUtility:ExtractStackTrace ()
UnityEditor.AssetDatabase:LoadAssetAtPath<Unity.Tutorials.Core.Editor.Tutorial> (string)
System.Linq.Utilities/<>c__DisplayClass2_0`3<string, string, Unity.Tutorials.Core.Editor.Tutorial>:<CombineSelectors>b__0 (string)
System.Linq.Enumerable/SelectArrayIterator`2<string, Unity.Tutorials.Core.Editor.Tutorial>:MoveNext ()
System.Linq.Enumerable/<ExceptIterator>d__57`1<Unity.Tutorials.Core.Editor.Tutorial>:MoveNext ()
System.Linq.Enumerable:Any<Unity.Tutorials.Core.Editor.Tutorial> (System.Collections.Generic.IEnumerable`1<Unity.Tutorials.Core.Editor.Tutorial>,System.Func`2<Unity.Tutorials.Core.Editor.Tutorial, bool>)
Unity.Tutorials.Core.Editor.Tutorial:OnValidate () (at ./Library/PackageCache/com.unity.learn.iet-framework@3.1.3/Editor/Core/Tutorial.cs:338)
UnityEditor.Search.AssetIndexer:IndexProperties (int&,string&,bool&)
UnityEditor.Search.AssetIndexer:IndexDocument (string,bool)
UnityEditor.Search.SearchIndexEntryImporter:OnImportAsset (UnityEditor.AssetImporters.AssetImportContext)
UnityEditor.AssetImporters.ScriptedImporter:GenerateAssetData (UnityEditor.AssetImporters.AssetImportContext)

[./Library/PackageCache/com.unity.learn.iet-framework@3.1.3/Editor/Core/Tutorial.cs line 338]

SendMessage cannot be called during Awake, CheckConsistency, or OnValidate (Mesh: OnMeshFilterChanged)
UnityEngine.StackTraceUtility:ExtractStackTrace ()
UnityEditor.AssetDatabase:LoadAssetAtPath<Unity.Tutorials.Core.Editor.Tutorial> (string)
System.Linq.Utilities/<>c__DisplayClass2_0`3<string, string, Unity.Tutorials.Core.Editor.Tutorial>:<CombineSelectors>b__0 (string)
System.Linq.Enumerable/SelectArrayIterator`2<string, Unity.Tutorials.Core.Editor.Tutorial>:MoveNext ()
System.Linq.Enumerable/<ExceptIterator>d__57`1<Unity.Tutorials.Core.Editor.Tutorial>:MoveNext ()
System.Linq.Enumerable:Any<Unity.Tutorials.Core.Editor.Tutorial> (System.Collections.Generic.IEnumerable`1<Unity.Tutorials.Core.Editor.Tutorial>,System.Func`2<Unity.Tutorials.Core.Editor.Tutorial, bool>)
Unity.Tutorials.Core.Editor.Tutorial:OnValidate () (at ./Library/PackageCache/com.unity.learn.iet-framework@3.1.3/Editor/Core/Tutorial.cs:338)
UnityEditor.Search.AssetIndexer:IndexProperties (int&,string&,bool&)
UnityEditor.Search.AssetIndexer:IndexDocument (string,bool)
UnityEditor.Search.SearchIndexEntryImporter:OnImportAsset (UnityEditor.AssetImporters.AssetImportContext)
UnityEditor.AssetImporters.ScriptedImporter:GenerateAssetData (UnityEditor.AssetImporters.AssetImportContext)

[./Library/PackageCache/com.unity.learn.iet-framework@3.1.3/Editor/Core/Tutorial.cs line 338]

SendMessage cannot be called during Awake, CheckConsistency, or OnValidate (Mesh: OnMeshFilterChanged)
UnityEngine.StackTraceUtility:ExtractStackTrace ()
UnityEditor.AssetDatabase:LoadAssetAtPath<Unity.Tutorials.Core.Editor.Tutorial> (string)
System.Linq.Utilities/<>c__DisplayClass2_0`3<string, string, Unity.Tutorials.Core.Editor.Tutorial>:<CombineSelectors>b__0 (string)
System.Linq.Enumerable/SelectArrayIterator`2<string, Unity.Tutorials.Core.Editor.Tutorial>:MoveNext ()
System.Linq.Enumerable/<ExceptIterator>d__57`1<Unity.Tutorials.Core.Editor.Tutorial>:MoveNext ()
System.Linq.Enumerable:Any<Unity.Tutorials.Core.Editor.Tutorial> (System.Collections.Generic.IEnumerable`1<Unity.Tutorials.Core.Editor.Tutorial>,System.Func`2<Unity.Tutorials.Core.Editor.Tutorial, bool>)
Unity.Tutorials.Core.Editor.Tutorial:OnValidate () (at ./Library/PackageCache/com.unity.learn.iet-framework@3.1.3/Editor/Core/Tutorial.cs:338)
UnityEditor.Search.AssetIndexer:IndexProperties (int&,string&,bool&)
UnityEditor.Search.AssetIndexer:IndexDocument (string,bool)
UnityEditor.Search.SearchIndexEntryImporter:OnImportAsset (UnityEditor.AssetImporters.AssetImportContext)
UnityEditor.AssetImporters.ScriptedImporter:GenerateAssetData (UnityEditor.AssetImporters.AssetImportContext)

[./Library/PackageCache/com.unity.learn.iet-framework@3.1.3/Editor/Core/Tutorial.cs line 338]

SendMessage cannot be called during Awake, CheckConsistency, or OnValidate (Mesh: OnMeshFilterChanged)
UnityEngine.StackTraceUtility:ExtractStackTrace ()
UnityEditor.AssetDatabase:LoadAssetAtPath<Unity.Tutorials.Core.Editor.Tutorial> (string)
System.Linq.Utilities/<>c__DisplayClass2_0`3<string, string, Unity.Tutorials.Core.Editor.Tutorial>:<CombineSelectors>b__0 (string)
System.Linq.Enumerable/SelectArrayIterator`2<string, Unity.Tutorials.Core.Editor.Tutorial>:MoveNext ()
System.Linq.Enumerable/<ExceptIterator>d__57`1<Unity.Tutorials.Core.Editor.Tutorial>:MoveNext ()
System.Linq.Enumerable:Any<Unity.Tutorials.Core.Editor.Tutorial> (System.Collections.Generic.IEnumerable`1<Unity.Tutorials.Core.Editor.Tutorial>,System.Func`2<Unity.Tutorials.Core.Editor.Tutorial, bool>)
Unity.Tutorials.Core.Editor.Tutorial:OnValidate () (at ./Library/PackageCache/com.unity.learn.iet-framework@3.1.3/Editor/Core/Tutorial.cs:338)
UnityEditor.Search.AssetIndexer:IndexProperties (int&,string&,bool&)
UnityEditor.Search.AssetIndexer:IndexDocument (string,bool)
UnityEditor.Search.SearchIndexEntryImporter:OnImportAsset (UnityEditor.AssetImporters.AssetImportContext)
UnityEditor.AssetImporters.ScriptedImporter:GenerateAssetData (UnityEditor.AssetImporters.AssetImportContext)

[./Library/PackageCache/com.unity.learn.iet-framework@3.1.3/Editor/Core/Tutorial.cs line 338]

SendMessage cannot be called during Awake, CheckConsistency, or OnValidate (Mesh: OnMeshFilterChanged)
UnityEngine.StackTraceUtility:ExtractStackTrace ()
UnityEditor.AssetDatabase:LoadAssetAtPath<Unity.Tutorials.Core.Editor.Tutorial> (string)
System.Linq.Utilities/<>c__DisplayClass2_0`3<string, string, Unity.Tutorials.Core.Editor.Tutorial>:<CombineSelectors>b__0 (string)
System.Linq.Enumerable/SelectArrayIterator`2<string, Unity.Tutorials.Core.Editor.Tutorial>:MoveNext ()
System.Linq.Enumerable/<ExceptIterator>d__57`1<Unity.Tutorials.Core.Editor.Tutorial>:MoveNext ()
System.Linq.Enumerable:Any<Unity.Tutorials.Core.Editor.Tutorial> (System.Collections.Generic.IEnumerable`1<Unity.Tutorials.Core.Editor.Tutorial>,System.Func`2<Unity.Tutorials.Core.Editor.Tutorial, bool>)
Unity.Tutorials.Core.Editor.Tutorial:OnValidate () (at ./Library/PackageCache/com.unity.learn.iet-framework@3.1.3/Editor/Core/Tutorial.cs:338)
UnityEditor.Search.AssetIndexer:IndexProperties (int&,string&,bool&)
UnityEditor.Search.AssetIndexer:IndexDocument (string,bool)
UnityEditor.Search.SearchIndexEntryImporter:OnImportAsset (UnityEditor.AssetImporters.AssetImportContext)
UnityEditor.AssetImporters.ScriptedImporter:GenerateAssetData (UnityEditor.AssetImporters.AssetImportContext)

[./Library/PackageCache/com.unity.learn.iet-framework@3.1.3/Editor/Core/Tutorial.cs line 338]

SendMessage cannot be called during Awake, CheckConsistency, or OnValidate (Mesh: OnMeshFilterChanged)
UnityEngine.StackTraceUtility:ExtractStackTrace ()
UnityEditor.AssetDatabase:LoadAssetAtPath<Unity.Tutorials.Core.Editor.Tutorial> (string)
System.Linq.Utilities/<>c__DisplayClass2_0`3<string, string, Unity.Tutorials.Core.Editor.Tutorial>:<CombineSelectors>b__0 (string)
System.Linq.Enumerable/SelectArrayIterator`2<string, Unity.Tutorials.Core.Editor.Tutorial>:MoveNext ()
System.Linq.Enumerable/<ExceptIterator>d__57`1<Unity.Tutorials.Core.Editor.Tutorial>:MoveNext ()
System.Linq.Enumerable:Any<Unity.Tutorials.Core.Editor.Tutorial> (System.Collections.Generic.IEnumerable`1<Unity.Tutorials.Core.Editor.Tutorial>,System.Func`2<Unity.Tutorials.Core.Editor.Tutorial, bool>)
Unity.Tutorials.Core.Editor.Tutorial:OnValidate () (at ./Library/PackageCache/com.unity.learn.iet-framework@3.1.3/Editor/Core/Tutorial.cs:338)
UnityEditor.Search.AssetIndexer:IndexProperties (int&,string&,bool&)
UnityEditor.Search.AssetIndexer:IndexDocument (string,bool)
UnityEditor.Search.SearchIndexEntryImporter:OnImportAsset (UnityEditor.AssetImporters.AssetImportContext)
UnityEditor.AssetImporters.ScriptedImporter:GenerateAssetData (UnityEditor.AssetImporters.AssetImportContext)

[./Library/PackageCache/com.unity.learn.iet-framework@3.1.3/Editor/Core/Tutorial.cs line 338]

SendMessage cannot be called during Awake, CheckConsistency, or OnValidate (Mesh: OnMeshFilterChanged)
UnityEngine.StackTraceUtility:ExtractStackTrace ()
UnityEditor.AssetDatabase:LoadAssetAtPath<Unity.Tutorials.Core.Editor.Tutorial> (string)
System.Linq.Utilities/<>c__DisplayClass2_0`3<string, string, Unity.Tutorials.Core.Editor.Tutorial>:<CombineSelectors>b__0 (string)
System.Linq.Enumerable/SelectArrayIterator`2<string, Unity.Tutorials.Core.Editor.Tutorial>:MoveNext ()
System.Linq.Enumerable/<ExceptIterator>d__57`1<Unity.Tutorials.Core.Editor.Tutorial>:MoveNext ()
System.Linq.Enumerable:Any<Unity.Tutorials.Core.Editor.Tutorial> (System.Collections.Generic.IEnumerable`1<Unity.Tutorials.Core.Editor.Tutorial>,System.Func`2<Unity.Tutorials.Core.Editor.Tutorial, bool>)
Unity.Tutorials.Core.Editor.Tutorial:OnValidate () (at ./Library/PackageCache/com.unity.learn.iet-framework@3.1.3/Editor/Core/Tutorial.cs:338)
UnityEditor.Search.AssetIndexer:IndexProperties (int&,string&,bool&)
UnityEditor.Search.AssetIndexer:IndexDocument (string,bool)
UnityEditor.Search.SearchIndexEntryImporter:OnImportAsset (UnityEditor.AssetImporters.AssetImportContext)
UnityEditor.AssetImporters.ScriptedImporter:GenerateAssetData (UnityEditor.AssetImporters.AssetImportContext)

[./Library/PackageCache/com.unity.learn.iet-framework@3.1.3/Editor/Core/Tutorial.cs line 338]

SendMessage cannot be called during Awake, CheckConsistency, or OnValidate (Mesh: OnMeshFilterChanged)
UnityEngine.StackTraceUtility:ExtractStackTrace ()
UnityEditor.AssetDatabase:LoadAssetAtPath<Unity.Tutorials.Core.Editor.Tutorial> (string)
System.Linq.Utilities/<>c__DisplayClass2_0`3<string, string, Unity.Tutorials.Core.Editor.Tutorial>:<CombineSelectors>b__0 (string)
System.Linq.Enumerable/SelectArrayIterator`2<string, Unity.Tutorials.Core.Editor.Tutorial>:MoveNext ()
System.Linq.Enumerable/<ExceptIterator>d__57`1<Unity.Tutorials.Core.Editor.Tutorial>:MoveNext ()
System.Linq.Enumerable:Any<Unity.Tutorials.Core.Editor.Tutorial> (System.Collections.Generic.IEnumerable`1<Unity.Tutorials.Core.Editor.Tutorial>,System.Func`2<Unity.Tutorials.Core.Editor.Tutorial, bool>)
Unity.Tutorials.Core.Editor.Tutorial:OnValidate () (at ./Library/PackageCache/com.unity.learn.iet-framework@3.1.3/Editor/Core/Tutorial.cs:338)
UnityEditor.Search.AssetIndexer:IndexProperties (int&,string&,bool&)
UnityEditor.Search.AssetIndexer:IndexDocument (string,bool)
UnityEditor.Search.SearchIndexEntryImporter:OnImportAsset (UnityEditor.AssetImporters.AssetImportContext)
UnityEditor.AssetImporters.ScriptedImporter:GenerateAssetData (UnityEditor.AssetImporters.AssetImportContext)

[./Library/PackageCache/com.unity.learn.iet-framework@3.1.3/Editor/Core/Tutorial.cs line 338]

SendMessage cannot be called during Awake, CheckConsistency, or OnValidate (Mesh: OnMeshFilterChanged)
UnityEngine.StackTraceUtility:ExtractStackTrace ()
UnityEditor.AssetDatabase:LoadAssetAtPath<Unity.Tutorials.Core.Editor.Tutorial> (string)
System.Linq.Utilities/<>c__DisplayClass2_0`3<string, string, Unity.Tutorials.Core.Editor.Tutorial>:<CombineSelectors>b__0 (string)
System.Linq.Enumerable/SelectArrayIterator`2<string, Unity.Tutorials.Core.Editor.Tutorial>:MoveNext ()
System.Linq.Enumerable/<ExceptIterator>d__57`1<Unity.Tutorials.Core.Editor.Tutorial>:MoveNext ()
System.Linq.Enumerable:Any<Unity.Tutorials.Core.Editor.Tutorial> (System.Collections.Generic.IEnumerable`1<Unity.Tutorials.Core.Editor.Tutorial>,System.Func`2<Unity.Tutorials.Core.Editor.Tutorial, bool>)
Unity.Tutorials.Core.Editor.Tutorial:OnValidate () (at ./Library/PackageCache/com.unity.learn.iet-framework@3.1.3/Editor/Core/Tutorial.cs:338)
UnityEditor.Search.AssetIndexer:IndexProperties (int&,string&,bool&)
UnityEditor.Search.AssetIndexer:IndexDocument (string,bool)
UnityEditor.Search.SearchIndexEntryImporter:OnImportAsset (UnityEditor.AssetImporters.AssetImportContext)
UnityEditor.AssetImporters.ScriptedImporter:GenerateAssetData (UnityEditor.AssetImporters.AssetImportContext)

[./Library/PackageCache/com.unity.learn.iet-framework@3.1.3/Editor/Core/Tutorial.cs line 338]

SendMessage cannot be called during Awake, CheckConsistency, or OnValidate (Mesh: OnMeshFilterChanged)
UnityEngine.StackTraceUtility:ExtractStackTrace ()
UnityEditor.AssetDatabase:LoadAssetAtPath<Unity.Tutorials.Core.Editor.Tutorial> (string)
System.Linq.Utilities/<>c__DisplayClass2_0`3<string, string, Unity.Tutorials.Core.Editor.Tutorial>:<CombineSelectors>b__0 (string)
System.Linq.Enumerable/SelectArrayIterator`2<string, Unity.Tutorials.Core.Editor.Tutorial>:MoveNext ()
System.Linq.Enumerable/<ExceptIterator>d__57`1<Unity.Tutorials.Core.Editor.Tutorial>:MoveNext ()
System.Linq.Enumerable:Any<Unity.Tutorials.Core.Editor.Tutorial> (System.Collections.Generic.IEnumerable`1<Unity.Tutorials.Core.Editor.Tutorial>,System.Func`2<Unity.Tutorials.Core.Editor.Tutorial, bool>)
Unity.Tutorials.Core.Editor.Tutorial:OnValidate () (at ./Library/PackageCache/com.unity.learn.iet-framework@3.1.3/Editor/Core/Tutorial.cs:338)
UnityEditor.Search.AssetIndexer:IndexProperties (int&,string&,bool&)
UnityEditor.Search.AssetIndexer:IndexDocument (string,bool)
UnityEditor.Search.SearchIndexEntryImporter:OnImportAsset (UnityEditor.AssetImporters.AssetImportContext)
UnityEditor.AssetImporters.ScriptedImporter:GenerateAssetData (UnityEditor.AssetImporters.AssetImportContext)

[./Library/PackageCache/com.unity.learn.iet-framework@3.1.3/Editor/Core/Tutorial.cs line 338]

SendMessage cannot be called during Awake, CheckConsistency, or OnValidate (Mesh: OnMeshFilterChanged)
UnityEngine.StackTraceUtility:ExtractStackTrace ()
UnityEditor.AssetDatabase:LoadAssetAtPath<Unity.Tutorials.Core.Editor.Tutorial> (string)
System.Linq.Utilities/<>c__DisplayClass2_0`3<string, string, Unity.Tutorials.Core.Editor.Tutorial>:<CombineSelectors>b__0 (string)
System.Linq.Enumerable/SelectArrayIterator`2<string, Unity.Tutorials.Core.Editor.Tutorial>:MoveNext ()
System.Linq.Enumerable/<ExceptIterator>d__57`1<Unity.Tutorials.Core.Editor.Tutorial>:MoveNext ()
System.Linq.Enumerable:Any<Unity.Tutorials.Core.Editor.Tutorial> (System.Collections.Generic.IEnumerable`1<Unity.Tutorials.Core.Editor.Tutorial>,System.Func`2<Unity.Tutorials.Core.Editor.Tutorial, bool>)
Unity.Tutorials.Core.Editor.Tutorial:OnValidate () (at ./Library/PackageCache/com.unity.learn.iet-framework@3.1.3/Editor/Core/Tutorial.cs:338)
UnityEditor.Search.AssetIndexer:IndexProperties (int&,string&,bool&)
UnityEditor.Search.AssetIndexer:IndexDocument (string,bool)
UnityEditor.Search.SearchIndexEntryImporter:OnImportAsset (UnityEditor.AssetImporters.AssetImportContext)
UnityEditor.AssetImporters.ScriptedImporter:GenerateAssetData (UnityEditor.AssetImporters.AssetImportContext)

[./Library/PackageCache/com.unity.learn.iet-framework@3.1.3/Editor/Core/Tutorial.cs line 338]

SendMessage cannot be called during Awake, CheckConsistency, or OnValidate (Mesh: OnMeshFilterChanged)
UnityEngine.StackTraceUtility:ExtractStackTrace ()
UnityEditor.AssetDatabase:LoadAssetAtPath<Unity.Tutorials.Core.Editor.Tutorial> (string)
System.Linq.Utilities/<>c__DisplayClass2_0`3<string, string, Unity.Tutorials.Core.Editor.Tutorial>:<CombineSelectors>b__0 (string)
System.Linq.Enumerable/SelectArrayIterator`2<string, Unity.Tutorials.Core.Editor.Tutorial>:MoveNext ()
System.Linq.Enumerable/<ExceptIterator>d__57`1<Unity.Tutorials.Core.Editor.Tutorial>:MoveNext ()
System.Linq.Enumerable:Any<Unity.Tutorials.Core.Editor.Tutorial> (System.Collections.Generic.IEnumerable`1<Unity.Tutorials.Core.Editor.Tutorial>,System.Func`2<Unity.Tutorials.Core.Editor.Tutorial, bool>)
Unity.Tutorials.Core.Editor.Tutorial:OnValidate () (at ./Library/PackageCache/com.unity.learn.iet-framework@3.1.3/Editor/Core/Tutorial.cs:338)
UnityEditor.Search.AssetIndexer:IndexProperties (int&,string&,bool&)
UnityEditor.Search.AssetIndexer:IndexDocument (string,bool)
UnityEditor.Search.SearchIndexEntryImporter:OnImportAsset (UnityEditor.AssetImporters.AssetImportContext)
UnityEditor.AssetImporters.ScriptedImporter:GenerateAssetData (UnityEditor.AssetImporters.AssetImportContext)

[./Library/PackageCache/com.unity.learn.iet-framework@3.1.3/Editor/Core/Tutorial.cs line 338]

SendMessage cannot be called during Awake, CheckConsistency, or OnValidate (Mesh: OnMeshFilterChanged)
UnityEngine.StackTraceUtility:ExtractStackTrace ()
UnityEditor.AssetDatabase:LoadAssetAtPath<Unity.Tutorials.Core.Editor.Tutorial> (string)
System.Linq.Utilities/<>c__DisplayClass2_0`3<string, string, Unity.Tutorials.Core.Editor.Tutorial>:<CombineSelectors>b__0 (string)
System.Linq.Enumerable/SelectArrayIterator`2<string, Unity.Tutorials.Core.Editor.Tutorial>:MoveNext ()
System.Linq.Enumerable/<ExceptIterator>d__57`1<Unity.Tutorials.Core.Editor.Tutorial>:MoveNext ()
System.Linq.Enumerable:Any<Unity.Tutorials.Core.Editor.Tutorial> (System.Collections.Generic.IEnumerable`1<Unity.Tutorials.Core.Editor.Tutorial>,System.Func`2<Unity.Tutorials.Core.Editor.Tutorial, bool>)
Unity.Tutorials.Core.Editor.Tutorial:OnValidate () (at ./Library/PackageCache/com.unity.learn.iet-framework@3.1.3/Editor/Core/Tutorial.cs:338)
UnityEditor.Search.AssetIndexer:IndexProperties (int&,string&,bool&)
UnityEditor.Search.AssetIndexer:IndexDocument (string,bool)
UnityEditor.Search.SearchIndexEntryImporter:OnImportAsset (UnityEditor.AssetImporters.AssetImportContext)
UnityEditor.AssetImporters.ScriptedImporter:GenerateAssetData (UnityEditor.AssetImporters.AssetImportContext)

[./Library/PackageCache/com.unity.learn.iet-framework@3.1.3/Editor/Core/Tutorial.cs line 338]

SendMessage cannot be called during Awake, CheckConsistency, or OnValidate (Mesh: OnMeshFilterChanged)
UnityEngine.StackTraceUtility:ExtractStackTrace ()
UnityEditor.AssetDatabase:LoadAssetAtPath<Unity.Tutorials.Core.Editor.Tutorial> (string)
System.Linq.Utilities/<>c__DisplayClass2_0`3<string, string, Unity.Tutorials.Core.Editor.Tutorial>:<CombineSelectors>b__0 (string)
System.Linq.Enumerable/SelectArrayIterator`2<string, Unity.Tutorials.Core.Editor.Tutorial>:MoveNext ()
System.Linq.Enumerable/<ExceptIterator>d__57`1<Unity.Tutorials.Core.Editor.Tutorial>:MoveNext ()
System.Linq.Enumerable:Any<Unity.Tutorials.Core.Editor.Tutorial> (System.Collections.Generic.IEnumerable`1<Unity.Tutorials.Core.Editor.Tutorial>,System.Func`2<Unity.Tutorials.Core.Editor.Tutorial, bool>)
Unity.Tutorials.Core.Editor.Tutorial:OnValidate () (at ./Library/PackageCache/com.unity.learn.iet-framework@3.1.3/Editor/Core/Tutorial.cs:338)
UnityEditor.Search.AssetIndexer:IndexProperties (int&,string&,bool&)
UnityEditor.Search.AssetIndexer:IndexDocument (string,bool)
UnityEditor.Search.SearchIndexEntryImporter:OnImportAsset (UnityEditor.AssetImporters.AssetImportContext)
UnityEditor.AssetImporters.ScriptedImporter:GenerateAssetData (UnityEditor.AssetImporters.AssetImportContext)

[./Library/PackageCache/com.unity.learn.iet-framework@3.1.3/Editor/Core/Tutorial.cs line 338]

SendMessage cannot be called during Awake, CheckConsistency, or OnValidate (Mesh: OnMeshFilterChanged)
UnityEngine.StackTraceUtility:ExtractStackTrace ()
UnityEditor.AssetDatabase:LoadAssetAtPath<Unity.Tutorials.Core.Editor.Tutorial> (string)
System.Linq.Utilities/<>c__DisplayClass2_0`3<string, string, Unity.Tutorials.Core.Editor.Tutorial>:<CombineSelectors>b__0 (string)
System.Linq.Enumerable/SelectArrayIterator`2<string, Unity.Tutorials.Core.Editor.Tutorial>:MoveNext ()
System.Linq.Enumerable/<ExceptIterator>d__57`1<Unity.Tutorials.Core.Editor.Tutorial>:MoveNext ()
System.Linq.Enumerable:Any<Unity.Tutorials.Core.Editor.Tutorial> (System.Collections.Generic.IEnumerable`1<Unity.Tutorials.Core.Editor.Tutorial>,System.Func`2<Unity.Tutorials.Core.Editor.Tutorial, bool>)
Unity.Tutorials.Core.Editor.Tutorial:OnValidate () (at ./Library/PackageCache/com.unity.learn.iet-framework@3.1.3/Editor/Core/Tutorial.cs:338)
UnityEditor.Search.AssetIndexer:IndexProperties (int&,string&,bool&)
UnityEditor.Search.AssetIndexer:IndexDocument (string,bool)
UnityEditor.Search.SearchIndexEntryImporter:OnImportAsset (UnityEditor.AssetImporters.AssetImportContext)
UnityEditor.AssetImporters.ScriptedImporter:GenerateAssetData (UnityEditor.AssetImporters.AssetImportContext)

[./Library/PackageCache/com.unity.learn.iet-framework@3.1.3/Editor/Core/Tutorial.cs line 338]

SendMessage cannot be called during Awake, CheckConsistency, or OnValidate (Mesh: OnMeshFilterChanged)
UnityEngine.StackTraceUtility:ExtractStackTrace ()
UnityEditor.AssetDatabase:LoadAssetAtPath<Unity.Tutorials.Core.Editor.Tutorial> (string)
System.Linq.Utilities/<>c__DisplayClass2_0`3<string, string, Unity.Tutorials.Core.Editor.Tutorial>:<CombineSelectors>b__0 (string)
System.Linq.Enumerable/SelectArrayIterator`2<string, Unity.Tutorials.Core.Editor.Tutorial>:MoveNext ()
System.Linq.Enumerable/<ExceptIterator>d__57`1<Unity.Tutorials.Core.Editor.Tutorial>:MoveNext ()
System.Linq.Enumerable:Any<Unity.Tutorials.Core.Editor.Tutorial> (System.Collections.Generic.IEnumerable`1<Unity.Tutorials.Core.Editor.Tutorial>,System.Func`2<Unity.Tutorials.Core.Editor.Tutorial, bool>)
Unity.Tutorials.Core.Editor.Tutorial:OnValidate () (at ./Library/PackageCache/com.unity.learn.iet-framework@3.1.3/Editor/Core/Tutorial.cs:338)
UnityEditor.Search.AssetIndexer:IndexProperties (int&,string&,bool&)
UnityEditor.Search.AssetIndexer:IndexDocument (string,bool)
UnityEditor.Search.SearchIndexEntryImporter:OnImportAsset (UnityEditor.AssetImporters.AssetImportContext)
UnityEditor.AssetImporters.ScriptedImporter:GenerateAssetData (UnityEditor.AssetImporters.AssetImportContext)

[./Library/PackageCache/com.unity.learn.iet-framework@3.1.3/Editor/Core/Tutorial.cs line 338]

SendMessage cannot be called during Awake, CheckConsistency, or OnValidate (Mesh: OnMeshFilterChanged)
UnityEngine.StackTraceUtility:ExtractStackTrace ()
UnityEditor.AssetDatabase:LoadAssetAtPath<Unity.Tutorials.Core.Editor.Tutorial> (string)
System.Linq.Utilities/<>c__DisplayClass2_0`3<string, string, Unity.Tutorials.Core.Editor.Tutorial>:<CombineSelectors>b__0 (string)
System.Linq.Enumerable/SelectArrayIterator`2<string, Unity.Tutorials.Core.Editor.Tutorial>:MoveNext ()
System.Linq.Enumerable/<ExceptIterator>d__57`1<Unity.Tutorials.Core.Editor.Tutorial>:MoveNext ()
System.Linq.Enumerable:Any<Unity.Tutorials.Core.Editor.Tutorial> (System.Collections.Generic.IEnumerable`1<Unity.Tutorials.Core.Editor.Tutorial>,System.Func`2<Unity.Tutorials.Core.Editor.Tutorial, bool>)
Unity.Tutorials.Core.Editor.Tutorial:OnValidate () (at ./Library/PackageCache/com.unity.learn.iet-framework@3.1.3/Editor/Core/Tutorial.cs:338)
UnityEditor.Search.AssetIndexer:IndexProperties (int&,string&,bool&)
UnityEditor.Search.AssetIndexer:IndexDocument (string,bool)
UnityEditor.Search.SearchIndexEntryImporter:OnImportAsset (UnityEditor.AssetImporters.AssetImportContext)
UnityEditor.AssetImporters.ScriptedImporter:GenerateAssetData (UnityEditor.AssetImporters.AssetImportContext)

[./Library/PackageCache/com.unity.learn.iet-framework@3.1.3/Editor/Core/Tutorial.cs line 338]

SendMessage cannot be called during Awake, CheckConsistency, or OnValidate (Mesh: OnMeshFilterChanged)
UnityEngine.StackTraceUtility:ExtractStackTrace ()
UnityEditor.AssetDatabase:LoadAssetAtPath<Unity.Tutorials.Core.Editor.Tutorial> (string)
System.Linq.Utilities/<>c__DisplayClass2_0`3<string, string, Unity.Tutorials.Core.Editor.Tutorial>:<CombineSelectors>b__0 (string)
System.Linq.Enumerable/SelectArrayIterator`2<string, Unity.Tutorials.Core.Editor.Tutorial>:MoveNext ()
System.Linq.Enumerable/<ExceptIterator>d__57`1<Unity.Tutorials.Core.Editor.Tutorial>:MoveNext ()
System.Linq.Enumerable:Any<Unity.Tutorials.Core.Editor.Tutorial> (System.Collections.Generic.IEnumerable`1<Unity.Tutorials.Core.Editor.Tutorial>,System.Func`2<Unity.Tutorials.Core.Editor.Tutorial, bool>)
Unity.Tutorials.Core.Editor.Tutorial:OnValidate () (at ./Library/PackageCache/com.unity.learn.iet-framework@3.1.3/Editor/Core/Tutorial.cs:338)
UnityEditor.Search.AssetIndexer:IndexProperties (int&,string&,bool&)
UnityEditor.Search.AssetIndexer:IndexDocument (string,bool)
UnityEditor.Search.SearchIndexEntryImporter:OnImportAsset (UnityEditor.AssetImporters.AssetImportContext)
UnityEditor.AssetImporters.ScriptedImporter:GenerateAssetData (UnityEditor.AssetImporters.AssetImportContext)

[./Library/PackageCache/com.unity.learn.iet-framework@3.1.3/Editor/Core/Tutorial.cs line 338]

SendMessage cannot be called during Awake, CheckConsistency, or OnValidate (Mesh: OnMeshFilterChanged)
UnityEngine.StackTraceUtility:ExtractStackTrace ()
UnityEditor.AssetDatabase:LoadAssetAtPath<Unity.Tutorials.Core.Editor.Tutorial> (string)
System.Linq.Utilities/<>c__DisplayClass2_0`3<string, string, Unity.Tutorials.Core.Editor.Tutorial>:<CombineSelectors>b__0 (string)
System.Linq.Enumerable/SelectArrayIterator`2<string, Unity.Tutorials.Core.Editor.Tutorial>:MoveNext ()
System.Linq.Enumerable/<ExceptIterator>d__57`1<Unity.Tutorials.Core.Editor.Tutorial>:MoveNext ()
System.Linq.Enumerable:Any<Unity.Tutorials.Core.Editor.Tutorial> (System.Collections.Generic.IEnumerable`1<Unity.Tutorials.Core.Editor.Tutorial>,System.Func`2<Unity.Tutorials.Core.Editor.Tutorial, bool>)
Unity.Tutorials.Core.Editor.Tutorial:OnValidate () (at ./Library/PackageCache/com.unity.learn.iet-framework@3.1.3/Editor/Core/Tutorial.cs:338)
UnityEditor.Search.AssetIndexer:IndexProperties (int&,string&,bool&)
UnityEditor.Search.AssetIndexer:IndexDocument (string,bool)
UnityEditor.Search.SearchIndexEntryImporter:OnImportAsset (UnityEditor.AssetImporters.AssetImportContext)
UnityEditor.AssetImporters.ScriptedImporter:GenerateAssetData (UnityEditor.AssetImporters.AssetImportContext)

[./Library/PackageCache/com.unity.learn.iet-framework@3.1.3/Editor/Core/Tutorial.cs line 338]

SendMessage cannot be called during Awake, CheckConsistency, or OnValidate (Mesh: OnMeshFilterChanged)
UnityEngine.StackTraceUtility:ExtractStackTrace ()
UnityEditor.AssetDatabase:LoadAssetAtPath<Unity.Tutorials.Core.Editor.Tutorial> (string)
System.Linq.Utilities/<>c__DisplayClass2_0`3<string, string, Unity.Tutorials.Core.Editor.Tutorial>:<CombineSelectors>b__0 (string)
System.Linq.Enumerable/SelectArrayIterator`2<string, Unity.Tutorials.Core.Editor.Tutorial>:MoveNext ()
System.Linq.Enumerable/<ExceptIterator>d__57`1<Unity.Tutorials.Core.Editor.Tutorial>:MoveNext ()
System.Linq.Enumerable:Any<Unity.Tutorials.Core.Editor.Tutorial> (System.Collections.Generic.IEnumerable`1<Unity.Tutorials.Core.Editor.Tutorial>,System.Func`2<Unity.Tutorials.Core.Editor.Tutorial, bool>)
Unity.Tutorials.Core.Editor.Tutorial:OnValidate () (at ./Library/PackageCache/com.unity.learn.iet-framework@3.1.3/Editor/Core/Tutorial.cs:338)
UnityEditor.Search.AssetIndexer:IndexProperties (int&,string&,bool&)
UnityEditor.Search.AssetIndexer:IndexDocument (string,bool)
UnityEditor.Search.SearchIndexEntryImporter:OnImportAsset (UnityEditor.AssetImporters.AssetImportContext)
UnityEditor.AssetImporters.ScriptedImporter:GenerateAssetData (UnityEditor.AssetImporters.AssetImportContext)

[./Library/PackageCache/com.unity.learn.iet-framework@3.1.3/Editor/Core/Tutorial.cs line 338]

SendMessage cannot be called during Awake, CheckConsistency, or OnValidate (Mesh: OnMeshFilterChanged)
UnityEngine.StackTraceUtility:ExtractStackTrace ()
UnityEditor.AssetDatabase:LoadAssetAtPath<Unity.Tutorials.Core.Editor.Tutorial> (string)
System.Linq.Utilities/<>c__DisplayClass2_0`3<string, string, Unity.Tutorials.Core.Editor.Tutorial>:<CombineSelectors>b__0 (string)
System.Linq.Enumerable/SelectArrayIterator`2<string, Unity.Tutorials.Core.Editor.Tutorial>:MoveNext ()
System.Linq.Enumerable/<ExceptIterator>d__57`1<Unity.Tutorials.Core.Editor.Tutorial>:MoveNext ()
System.Linq.Enumerable:Any<Unity.Tutorials.Core.Editor.Tutorial> (System.Collections.Generic.IEnumerable`1<Unity.Tutorials.Core.Editor.Tutorial>,System.Func`2<Unity.Tutorials.Core.Editor.Tutorial, bool>)
Unity.Tutorials.Core.Editor.Tutorial:OnValidate () (at ./Library/PackageCache/com.unity.learn.iet-framework@3.1.3/Editor/Core/Tutorial.cs:338)
UnityEditor.Search.AssetIndexer:IndexProperties (int&,string&,bool&)
UnityEditor.Search.AssetIndexer:IndexDocument (string,bool)
UnityEditor.Search.SearchIndexEntryImporter:OnImportAsset (UnityEditor.AssetImporters.AssetImportContext)
UnityEditor.AssetImporters.ScriptedImporter:GenerateAssetData (UnityEditor.AssetImporters.AssetImportContext)

[./Library/PackageCache/com.unity.learn.iet-framework@3.1.3/Editor/Core/Tutorial.cs line 338]

SendMessage cannot be called during Awake, CheckConsistency, or OnValidate (Mesh: OnMeshFilterChanged)
UnityEngine.StackTraceUtility:ExtractStackTrace ()
UnityEditor.AssetDatabase:LoadAssetAtPath<Unity.Tutorials.Core.Editor.Tutorial> (string)
System.Linq.Utilities/<>c__DisplayClass2_0`3<string, string, Unity.Tutorials.Core.Editor.Tutorial>:<CombineSelectors>b__0 (string)
System.Linq.Enumerable/SelectArrayIterator`2<string, Unity.Tutorials.Core.Editor.Tutorial>:MoveNext ()
System.Linq.Enumerable/<ExceptIterator>d__57`1<Unity.Tutorials.Core.Editor.Tutorial>:MoveNext ()
System.Linq.Enumerable:Any<Unity.Tutorials.Core.Editor.Tutorial> (System.Collections.Generic.IEnumerable`1<Unity.Tutorials.Core.Editor.Tutorial>,System.Func`2<Unity.Tutorials.Core.Editor.Tutorial, bool>)
Unity.Tutorials.Core.Editor.Tutorial:OnValidate () (at ./Library/PackageCache/com.unity.learn.iet-framework@3.1.3/Editor/Core/Tutorial.cs:338)
UnityEditor.Search.AssetIndexer:IndexProperties (int&,string&,bool&)
UnityEditor.Search.AssetIndexer:IndexDocument (string,bool)
UnityEditor.Search.SearchIndexEntryImporter:OnImportAsset (UnityEditor.AssetImporters.AssetImportContext)
UnityEditor.AssetImporters.ScriptedImporter:GenerateAssetData (UnityEditor.AssetImporters.AssetImportContext)

[./Library/PackageCache/com.unity.learn.iet-framework@3.1.3/Editor/Core/Tutorial.cs line 338]

SendMessage cannot be called during Awake, CheckConsistency, or OnValidate (Mesh: OnMeshFilterChanged)
UnityEngine.StackTraceUtility:ExtractStackTrace ()
UnityEditor.AssetDatabase:LoadAssetAtPath<Unity.Tutorials.Core.Editor.Tutorial> (string)
System.Linq.Utilities/<>c__DisplayClass2_0`3<string, string, Unity.Tutorials.Core.Editor.Tutorial>:<CombineSelectors>b__0 (string)
System.Linq.Enumerable/SelectArrayIterator`2<string, Unity.Tutorials.Core.Editor.Tutorial>:MoveNext ()
System.Linq.Enumerable/<ExceptIterator>d__57`1<Unity.Tutorials.Core.Editor.Tutorial>:MoveNext ()
System.Linq.Enumerable:Any<Unity.Tutorials.Core.Editor.Tutorial> (System.Collections.Generic.IEnumerable`1<Unity.Tutorials.Core.Editor.Tutorial>,System.Func`2<Unity.Tutorials.Core.Editor.Tutorial, bool>)
Unity.Tutorials.Core.Editor.Tutorial:OnValidate () (at ./Library/PackageCache/com.unity.learn.iet-framework@3.1.3/Editor/Core/Tutorial.cs:338)
UnityEditor.Search.AssetIndexer:IndexProperties (int&,string&,bool&)
UnityEditor.Search.AssetIndexer:IndexDocument (string,bool)
UnityEditor.Search.SearchIndexEntryImporter:OnImportAsset (UnityEditor.AssetImporters.AssetImportContext)
UnityEditor.AssetImporters.ScriptedImporter:GenerateAssetData (UnityEditor.AssetImporters.AssetImportContext)

[./Library/PackageCache/com.unity.learn.iet-framework@3.1.3/Editor/Core/Tutorial.cs line 338]

SendMessage cannot be called during Awake, CheckConsistency, or OnValidate (Mesh: OnMeshFilterChanged)
UnityEngine.StackTraceUtility:ExtractStackTrace ()
UnityEditor.AssetDatabase:LoadAssetAtPath<Unity.Tutorials.Core.Editor.Tutorial> (string)
System.Linq.Utilities/<>c__DisplayClass2_0`3<string, string, Unity.Tutorials.Core.Editor.Tutorial>:<CombineSelectors>b__0 (string)
System.Linq.Enumerable/SelectArrayIterator`2<string, Unity.Tutorials.Core.Editor.Tutorial>:MoveNext ()
System.Linq.Enumerable/<ExceptIterator>d__57`1<Unity.Tutorials.Core.Editor.Tutorial>:MoveNext ()
System.Linq.Enumerable:Any<Unity.Tutorials.Core.Editor.Tutorial> (System.Collections.Generic.IEnumerable`1<Unity.Tutorials.Core.Editor.Tutorial>,System.Func`2<Unity.Tutorials.Core.Editor.Tutorial, bool>)
Unity.Tutorials.Core.Editor.Tutorial:OnValidate () (at ./Library/PackageCache/com.unity.learn.iet-framework@3.1.3/Editor/Core/Tutorial.cs:338)
UnityEditor.Search.AssetIndexer:IndexProperties (int&,string&,bool&)
UnityEditor.Search.AssetIndexer:IndexDocument (string,bool)
UnityEditor.Search.SearchIndexEntryImporter:OnImportAsset (UnityEditor.AssetImporters.AssetImportContext)
UnityEditor.AssetImporters.ScriptedImporter:GenerateAssetData (UnityEditor.AssetImporters.AssetImportContext)

[./Library/PackageCache/com.unity.learn.iet-framework@3.1.3/Editor/Core/Tutorial.cs line 338]

SendMessage cannot be called during Awake, CheckConsistency, or OnValidate (Mesh: OnMeshFilterChanged)
UnityEngine.StackTraceUtility:ExtractStackTrace ()
UnityEditor.AssetDatabase:LoadAssetAtPath<Unity.Tutorials.Core.Editor.Tutorial> (string)
System.Linq.Utilities/<>c__DisplayClass2_0`3<string, string, Unity.Tutorials.Core.Editor.Tutorial>:<CombineSelectors>b__0 (string)
System.Linq.Enumerable/SelectArrayIterator`2<string, Unity.Tutorials.Core.Editor.Tutorial>:MoveNext ()
System.Linq.Enumerable/<ExceptIterator>d__57`1<Unity.Tutorials.Core.Editor.Tutorial>:MoveNext ()
System.Linq.Enumerable:Any<Unity.Tutorials.Core.Editor.Tutorial> (System.Collections.Generic.IEnumerable`1<Unity.Tutorials.Core.Editor.Tutorial>,System.Func`2<Unity.Tutorials.Core.Editor.Tutorial, bool>)
Unity.Tutorials.Core.Editor.Tutorial:OnValidate () (at ./Library/PackageCache/com.unity.learn.iet-framework@3.1.3/Editor/Core/Tutorial.cs:338)
UnityEditor.Search.AssetIndexer:IndexProperties (int&,string&,bool&)
UnityEditor.Search.AssetIndexer:IndexDocument (string,bool)
UnityEditor.Search.SearchIndexEntryImporter:OnImportAsset (UnityEditor.AssetImporters.AssetImportContext)
UnityEditor.AssetImporters.ScriptedImporter:GenerateAssetData (UnityEditor.AssetImporters.AssetImportContext)

[./Library/PackageCache/com.unity.learn.iet-framework@3.1.3/Editor/Core/Tutorial.cs line 338]

SendMessage cannot be called during Awake, CheckConsistency, or OnValidate (Mesh: OnMeshFilterChanged)
UnityEngine.StackTraceUtility:ExtractStackTrace ()
UnityEditor.AssetDatabase:LoadAssetAtPath<Unity.Tutorials.Core.Editor.Tutorial> (string)
System.Linq.Utilities/<>c__DisplayClass2_0`3<string, string, Unity.Tutorials.Core.Editor.Tutorial>:<CombineSelectors>b__0 (string)
System.Linq.Enumerable/SelectArrayIterator`2<string, Unity.Tutorials.Core.Editor.Tutorial>:MoveNext ()
System.Linq.Enumerable/<ExceptIterator>d__57`1<Unity.Tutorials.Core.Editor.Tutorial>:MoveNext ()
System.Linq.Enumerable:Any<Unity.Tutorials.Core.Editor.Tutorial> (System.Collections.Generic.IEnumerable`1<Unity.Tutorials.Core.Editor.Tutorial>,System.Func`2<Unity.Tutorials.Core.Editor.Tutorial, bool>)
Unity.Tutorials.Core.Editor.Tutorial:OnValidate () (at ./Library/PackageCache/com.unity.learn.iet-framework@3.1.3/Editor/Core/Tutorial.cs:338)
UnityEditor.Search.AssetIndexer:IndexProperties (int&,string&,bool&)
UnityEditor.Search.AssetIndexer:IndexDocument (string,bool)
UnityEditor.Search.SearchIndexEntryImporter:OnImportAsset (UnityEditor.AssetImporters.AssetImportContext)
UnityEditor.AssetImporters.ScriptedImporter:GenerateAssetData (UnityEditor.AssetImporters.AssetImportContext)

[./Library/PackageCache/com.unity.learn.iet-framework@3.1.3/Editor/Core/Tutorial.cs line 338]

 -> (artifact id: '782c82e767cc0dfff5b6c4947949644f') in 0.284199 seconds
Number of updated asset objects reloaded before import = 0
Number of asset objects unloaded after import = 874
========================================================================
Received Import Request.
  Time since last request: 0.000044 seconds.
  path: Assets/sq_shooter/FPS/Prefabs/Level/Walls/Wall_1m.prefab
  artifactKey: Guid(3e1dd0ea23e4fde4988edf3207e53029) Importer(2089858483,0ecaa5967403d082aa24f35e1b516d23)
Start importing Assets/sq_shooter/FPS/Prefabs/Level/Walls/Wall_1m.prefab using Guid(3e1dd0ea23e4fde4988edf3207e53029) Importer(2089858483,0ecaa5967403d082aa24f35e1b516d23)  -> (artifact id: '87b6102105b16f41f60d20efe0ab7103') in 0.005795 seconds
Number of updated asset objects reloaded before import = 0
Number of asset objects unloaded after import = 10
========================================================================
Received Import Request.
  Time since last request: 0.000022 seconds.
  path: Assets/sq_shooter/FPS/Prefabs/Level/MainLvl/Section2/Entryway_Jumps.prefab
  artifactKey: Guid(b4b6ce0a68f3cd94fac6085cd3351fc5) Importer(2089858483,0ecaa5967403d082aa24f35e1b516d23)
Start importing Assets/sq_shooter/FPS/Prefabs/Level/MainLvl/Section2/Entryway_Jumps.prefab using Guid(b4b6ce0a68f3cd94fac6085cd3351fc5) Importer(2089858483,0ecaa5967403d082aa24f35e1b516d23)  -> (artifact id: 'd2cb377926349c4ae5e9dfbae687f179') in 0.012154 seconds
Number of updated asset objects reloaded before import = 0
Number of asset objects unloaded after import = 154
========================================================================
Received Import Request.
  Time since last request: 0.000073 seconds.
  path: Assets/sq_shooter/FPS/Prefabs/GameManager.prefab
  artifactKey: Guid(c996b53e9f849234393d1e90f68d1679) Importer(2089858483,0ecaa5967403d082aa24f35e1b516d23)
Start importing Assets/sq_shooter/FPS/Prefabs/GameManager.prefab using Guid(c996b53e9f849234393d1e90f68d1679) Importer(2089858483,0ecaa5967403d082aa24f35e1b516d23) Refreshing native plugins compatible for Editor in 7.01 ms, found 3 plugins.
Preloading 0 native plugins for Editor in 0.00 ms.
 -> (artifact id: '8016a31221055d83f38c409639fa208e') in 0.204027 seconds
Number of updated asset objects reloaded before import = 0
Number of asset objects unloaded after import = 581
========================================================================
Received Import Request.
  Time since last request: 0.000080 seconds.
  path: Assets/sq_shooter/FPS/Prefabs/Player.prefab
  artifactKey: Guid(761cdc9e4e883334cbdcea062d0befa7) Importer(2089858483,0ecaa5967403d082aa24f35e1b516d23)
Start importing Assets/sq_shooter/FPS/Prefabs/Player.prefab using Guid(761cdc9e4e883334cbdcea062d0befa7) Importer(2089858483,0ecaa5967403d082aa24f35e1b516d23)  -> (artifact id: 'b78eadbfb9f573a7324aaf76e9743c5c') in 0.090358 seconds
Number of updated asset objects reloaded before import = 0
Number of asset objects unloaded after import = 171
========================================================================
Received Import Request.
  Time since last request: 0.000041 seconds.
  path: Assets/sq_shooter/Plugins/CW/LeanCommon/GUIDE.asset
  artifactKey: Guid(fee5243b4c3305f4393657b324b1a5c4) Importer(2089858483,0ecaa5967403d082aa24f35e1b516d23)
Start importing Assets/sq_shooter/Plugins/CW/LeanCommon/GUIDE.asset using Guid(fee5243b4c3305f4393657b324b1a5c4) Importer(2089858483,0ecaa5967403d082aa24f35e1b516d23)  -> (artifact id: '83ffb547f7f353471e4cf9f599175c90') in 0.009941 seconds
Number of updated asset objects reloaded before import = 0
Number of asset objects unloaded after import = 2
========================================================================
Received Import Request.
  Time since last request: 0.000045 seconds.
  path: Assets/sq_shooter/ModAssets/Fonts/IndieFlower SDF.asset
  artifactKey: Guid(2a0d250d860e74880b33abdcb4a9da2a) Importer(2089858483,0ecaa5967403d082aa24f35e1b516d23)
Start importing Assets/sq_shooter/ModAssets/Fonts/IndieFlower SDF.asset using Guid(2a0d250d860e74880b33abdcb4a9da2a) Importer(2089858483,0ecaa5967403d082aa24f35e1b516d23)  -> (artifact id: '6b7f77eba8300ee39f4232a8d621b9b8') in 0.036795 seconds
Number of updated asset objects reloaded before import = 0
Number of asset objects unloaded after import = 3
========================================================================
Received Import Request.
  Time since last request: 0.000054 seconds.
  path: Assets/sq_shooter/ModAssets/Materials/Custom Materials/Basic Blue.mat
  artifactKey: Guid(de7902ac5f1ca46b9894eae94bfe5e58) Importer(2089858483,0ecaa5967403d082aa24f35e1b516d23)
Start importing Assets/sq_shooter/ModAssets/Materials/Custom Materials/Basic Blue.mat using Guid(de7902ac5f1ca46b9894eae94bfe5e58) Importer(2089858483,0ecaa5967403d082aa24f35e1b516d23)  -> (artifact id: 'bc4618a4f4c63dcd647a29baa1d498d1') in 0.009054 seconds
Number of updated asset objects reloaded before import = 0
Number of asset objects unloaded after import = 1
========================================================================
Received Import Request.
  Time since last request: 0.000125 seconds.
  path: Assets/sq_shooter/TextMesh Pro/Resources/Shaders/TMP_Bitmap.shader
  artifactKey: Guid(128e987d567d4e2c824d754223b3f3b0) Importer(2089858483,0ecaa5967403d082aa24f35e1b516d23)
Start importing Assets/sq_shooter/TextMesh Pro/Resources/Shaders/TMP_Bitmap.shader using Guid(128e987d567d4e2c824d754223b3f3b0) Importer(2089858483,0ecaa5967403d082aa24f35e1b516d23)  -> (artifact id: 'e710ffb54048bc8fe1121b649fccfb7c') in 0.009485 seconds
Number of updated asset objects reloaded before import = 0
Number of asset objects unloaded after import = 1
========================================================================
Received Import Request.
  Time since last request: 0.000036 seconds.
  path: Assets/sq_shooter/FPS/Prefabs/Level/Steps/ShortSteps_Corner_Inverted.prefab
  artifactKey: Guid(89ba3c7a14290654fb1dd3b4e0df768b) Importer(2089858483,0ecaa5967403d082aa24f35e1b516d23)
Start importing Assets/sq_shooter/FPS/Prefabs/Level/Steps/ShortSteps_Corner_Inverted.prefab using Guid(89ba3c7a14290654fb1dd3b4e0df768b) Importer(2089858483,0ecaa5967403d082aa24f35e1b516d23)  -> (artifact id: '3cba957adafad75c977291ed5cca5148') in 0.011950 seconds
Number of updated asset objects reloaded before import = 0
Number of asset objects unloaded after import = 111
========================================================================
Received Import Request.
  Time since last request: 0.000025 seconds.
  path: Assets/sq_shooter/FPS/Prefabs/Level/Signs/Sign_Pyramid_Orange.prefab
  artifactKey: Guid(aa08b41b35f44f14b88700116e6ecff3) Importer(2089858483,0ecaa5967403d082aa24f35e1b516d23)
Start importing Assets/sq_shooter/FPS/Prefabs/Level/Signs/Sign_Pyramid_Orange.prefab using Guid(aa08b41b35f44f14b88700116e6ecff3) Importer(2089858483,0ecaa5967403d082aa24f35e1b516d23)  -> (artifact id: '67dad576e5ff975cce1fba33ee9f71e5') in 0.013083 seconds
Number of updated asset objects reloaded before import = 0
Number of asset objects unloaded after import = 8
========================================================================
Received Import Request.
  Time since last request: 0.000024 seconds.
  path: Assets/sq_shooter/FPS/Prefabs/Weapons/Stylized Modular Weapons/Prefabs/Back_Part_03.prefab
  artifactKey: Guid(d53c93eb6d01d433c97f2ac465a75753) Importer(2089858483,0ecaa5967403d082aa24f35e1b516d23)
Start importing Assets/sq_shooter/FPS/Prefabs/Weapons/Stylized Modular Weapons/Prefabs/Back_Part_03.prefab using Guid(d53c93eb6d01d433c97f2ac465a75753) Importer(2089858483,0ecaa5967403d082aa24f35e1b516d23)  -> (artifact id: '2ab4107ba2a5ffcd08a517478ff29a41') in 0.012244 seconds
Number of updated asset objects reloaded before import = 0
Number of asset objects unloaded after import = 7
========================================================================
Received Import Request.
  Time since last request: 0.000030 seconds.
  path: Assets/sq_shooter/FPS/Prefabs/Weapons/Stylized Modular Weapons/Prefabs/Bottom_Part_03.prefab
  artifactKey: Guid(dee1f3adb32ea46d18514d2c7973e476) Importer(2089858483,0ecaa5967403d082aa24f35e1b516d23)
Start importing Assets/sq_shooter/FPS/Prefabs/Weapons/Stylized Modular Weapons/Prefabs/Bottom_Part_03.prefab using Guid(dee1f3adb32ea46d18514d2c7973e476) Importer(2089858483,0ecaa5967403d082aa24f35e1b516d23)  -> (artifact id: 'ce64c220b55af87e4c6259f941ea171d') in 0.012171 seconds
Number of updated asset objects reloaded before import = 0
Number of asset objects unloaded after import = 7
========================================================================
Received Import Request.
  Time since last request: 0.000029 seconds.
  path: Assets/sq_shooter/Plugins/CW/LeanCommon/LeanCommon.asmdef
  artifactKey: Guid(82c7e6eac44d7e048b22ad98800dcfc7) Importer(2089858483,0ecaa5967403d082aa24f35e1b516d23)
Start importing Assets/sq_shooter/Plugins/CW/LeanCommon/LeanCommon.asmdef using Guid(82c7e6eac44d7e048b22ad98800dcfc7) Importer(2089858483,0ecaa5967403d082aa24f35e1b516d23)  -> (artifact id: '6a3a58a059600d304c3406d926a9d6a9') in 0.006017 seconds
Number of updated asset objects reloaded before import = 0
Number of asset objects unloaded after import = 1
========================================================================
Received Import Request.
  Time since last request: 0.000097 seconds.
  path: Assets/sq_shooter/FPS/Prefabs/Level/MainLvl/Section3/Pit_Walls.prefab
  artifactKey: Guid(6f72a8daf2a7b2d4d8c0e3438358a8f1) Importer(2089858483,0ecaa5967403d082aa24f35e1b516d23)
Start importing Assets/sq_shooter/FPS/Prefabs/Level/MainLvl/Section3/Pit_Walls.prefab using Guid(6f72a8daf2a7b2d4d8c0e3438358a8f1) Importer(2089858483,0ecaa5967403d082aa24f35e1b516d23)  -> (artifact id: 'e0ff96a72183c335b1d985842fa57c8a') in 0.010229 seconds
Number of updated asset objects reloaded before import = 0
Number of asset objects unloaded after import = 139
========================================================================
Received Import Request.
  Time since last request: 0.000023 seconds.
  path: Assets/sq_shooter/FPS/Prefabs/UI/ObjectiveToastPrimary.prefab
  artifactKey: Guid(825d6b0d7b3a7394a9f51c7b6900c135) Importer(2089858483,0ecaa5967403d082aa24f35e1b516d23)
Start importing Assets/sq_shooter/FPS/Prefabs/UI/ObjectiveToastPrimary.prefab using Guid(825d6b0d7b3a7394a9f51c7b6900c135) Importer(2089858483,0ecaa5967403d082aa24f35e1b516d23)  -> (artifact id: 'a9e4268ad6aa4097d0cb68c739570aca') in 0.038142 seconds
Number of updated asset objects reloaded before import = 0
Number of asset objects unloaded after import = 42
========================================================================
Received Import Request.
  Time since last request: 0.000031 seconds.
  path: Assets/sq_shooter/FPS/Prefabs/Level/Dungeon/Dun_Wall_Open.prefab
  artifactKey: Guid(1e4bd8ac328e4bb4fbbee62ca0f24a98) Importer(2089858483,0ecaa5967403d082aa24f35e1b516d23)
Start importing Assets/sq_shooter/FPS/Prefabs/Level/Dungeon/Dun_Wall_Open.prefab using Guid(1e4bd8ac328e4bb4fbbee62ca0f24a98) Importer(2089858483,0ecaa5967403d082aa24f35e1b516d23)  -> (artifact id: 'c0bfaac7b86c02591f877dd57f532801') in 0.008222 seconds
Number of updated asset objects reloaded before import = 0
Number of asset objects unloaded after import = 48
========================================================================
Received Import Request.
  Time since last request: 0.000045 seconds.
  path: Assets/sq_shooter/TextMesh Pro/Documentation/TextMesh Pro User Guide 2016.pdf
  artifactKey: Guid(1b8d251f9af63b746bf2f7ffe00ebb9b) Importer(2089858483,0ecaa5967403d082aa24f35e1b516d23)
Start importing Assets/sq_shooter/TextMesh Pro/Documentation/TextMesh Pro User Guide 2016.pdf using Guid(1b8d251f9af63b746bf2f7ffe00ebb9b) Importer(2089858483,0ecaa5967403d082aa24f35e1b516d23)  -> (artifact id: '758e30d115c699df02ddb9a0e981cecf') in 0.006177 seconds
Number of updated asset objects reloaded before import = 0
Number of asset objects unloaded after import = 1
========================================================================
Received Import Request.
  Time since last request: 0.000208 seconds.
  path: Assets/sq_shooter/Plugins/CW/LeanTouch/Examples/Prefabs/Demo.prefab
  artifactKey: Guid(e2a63f1f28575a549abdfbc4eb9b28d2) Importer(2089858483,0ecaa5967403d082aa24f35e1b516d23)
Start importing Assets/sq_shooter/Plugins/CW/LeanTouch/Examples/Prefabs/Demo.prefab using Guid(e2a63f1f28575a549abdfbc4eb9b28d2) Importer(2089858483,0ecaa5967403d082aa24f35e1b516d23)  -> (artifact id: '8805dad7aedd3ab1f4b190939e124a2e') in 0.011530 seconds
Number of updated asset objects reloaded before import = 0
Number of asset objects unloaded after import = 53
========================================================================
Received Import Request.
  Time since last request: 0.000050 seconds.
  path: Assets/sq_shooter/FPS/Prefabs/Level/MainLvl/Section2/Entry_Section.prefab
  artifactKey: Guid(02eee05f11a824a40bff1529b0c3c055) Importer(2089858483,0ecaa5967403d082aa24f35e1b516d23)
Start importing Assets/sq_shooter/FPS/Prefabs/Level/MainLvl/Section2/Entry_Section.prefab using Guid(02eee05f11a824a40bff1529b0c3c055) Importer(2089858483,0ecaa5967403d082aa24f35e1b516d23)  -> (artifact id: '6156d4447ff620d5a5822cebc155c146') in 0.026736 seconds
Number of updated asset objects reloaded before import = 0
Number of asset objects unloaded after import = 1492
========================================================================
Received Import Request.
  Time since last request: 0.000029 seconds.
  path: Assets/sq_shooter/Plugins/CW/LeanTouch/Examples/09       Block.unity
  artifactKey: Guid(0e08b589e5c339642a6ebfc31372ffab) Importer(2089858483,0ecaa5967403d082aa24f35e1b516d23)
Start importing Assets/sq_shooter/Plugins/CW/LeanTouch/Examples/09       Block.unity using Guid(0e08b589e5c339642a6ebfc31372ffab) Importer(2089858483,0ecaa5967403d082aa24f35e1b516d23)  -> (artifact id: '357429f7c8957f28d9a8e80955fa2822') in 0.004906 seconds
Number of updated asset objects reloaded before import = 0
Number of asset objects unloaded after import = 1
========================================================================
Received Import Request.
  Time since last request: 0.000157 seconds.
  path: Assets/sq_shooter/FPS/Prefabs/Weapons/Stylized Modular Weapons/Geometry/Middle_Part_02.fbx
  artifactKey: Guid(8f3f02c98491d4c698b57354d763cd89) Importer(2089858483,0ecaa5967403d082aa24f35e1b516d23)
Start importing Assets/sq_shooter/FPS/Prefabs/Weapons/Stylized Modular Weapons/Geometry/Middle_Part_02.fbx using Guid(8f3f02c98491d4c698b57354d763cd89) Importer(2089858483,0ecaa5967403d082aa24f35e1b516d23)  -> (artifact id: '3cd3cae09f39990f684f0a86c24aa16e') in 0.024630 seconds
Number of updated asset objects reloaded before import = 0
Number of asset objects unloaded after import = 7
========================================================================
Received Import Request.
  Time since last request: 0.000034 seconds.
  path: Assets/sq_shooter/FPS/Prefabs/Weapons/Stylized Modular Weapons/Materials/SMW_Aim.mat
  artifactKey: Guid(0313bafe872ee48149167d970d82af97) Importer(2089858483,0ecaa5967403d082aa24f35e1b516d23)
Start importing Assets/sq_shooter/FPS/Prefabs/Weapons/Stylized Modular Weapons/Materials/SMW_Aim.mat using Guid(0313bafe872ee48149167d970d82af97) Importer(2089858483,0ecaa5967403d082aa24f35e1b516d23)  -> (artifact id: '5b22f00f93a266e2261e1ab75b0d9532') in 0.013560 seconds
Number of updated asset objects reloaded before import = 0
Number of asset objects unloaded after import = 4
========================================================================
Received Import Request.
  Time since last request: 0.000034 seconds.
  path: Assets/sq_shooter/FPS/Prefabs/UI/AmmoCounter.prefab
  artifactKey: Guid(381e109c8e235f54cbcfbe7434554e49) Importer(2089858483,0ecaa5967403d082aa24f35e1b516d23)
Start importing Assets/sq_shooter/FPS/Prefabs/UI/AmmoCounter.prefab using Guid(381e109c8e235f54cbcfbe7434554e49) Importer(2089858483,0ecaa5967403d082aa24f35e1b516d23)  -> (artifact id: '1f9c1ba61139cb680d1e309e60e45b93') in 0.035067 seconds
Number of updated asset objects reloaded before import = 0
Number of asset objects unloaded after import = 56
========================================================================
Received Import Request.
  Time since last request: 0.000045 seconds.
  path: Assets/sq_shooter/FPS/Tutorials/EditColors/LevelMaterialLayout.wlt
  artifactKey: Guid(d75cb8ee20c6b4c5292bf750b5bf188d) Importer(2089858483,0ecaa5967403d082aa24f35e1b516d23)
Start importing Assets/sq_shooter/FPS/Tutorials/EditColors/LevelMaterialLayout.wlt using Guid(d75cb8ee20c6b4c5292bf750b5bf188d) Importer(2089858483,0ecaa5967403d082aa24f35e1b516d23)  -> (artifact id: '66d0e690a885270217745ac028b20632') in 0.004535 seconds
Number of updated asset objects reloaded before import = 0
Number of asset objects unloaded after import = 1
========================================================================
Received Import Request.
  Time since last request: 0.000021 seconds.
  path: Assets/sq_shooter/FPS/Prefabs/Weapons/Stylized Modular Weapons/Prefabs/Muzzle_03.prefab
  artifactKey: Guid(594ef7acfcb6541d29177551738727bb) Importer(2089858483,0ecaa5967403d082aa24f35e1b516d23)
Start importing Assets/sq_shooter/FPS/Prefabs/Weapons/Stylized Modular Weapons/Prefabs/Muzzle_03.prefab using Guid(594ef7acfcb6541d29177551738727bb) Importer(2089858483,0ecaa5967403d082aa24f35e1b516d23)  -> (artifact id: '814466b850cd073c3d35ed45d9e8c3cf') in 0.010686 seconds
Number of updated asset objects reloaded before import = 0
Number of asset objects unloaded after import = 7
========================================================================
Received Import Request.
  Time since last request: 0.000035 seconds.
  path: Assets/sq_shooter/Plugins/CW/Shared/Common/CW.Common.asmdef
  artifactKey: Guid(637dfb2b87b2cf0499a8da5b0b91da54) Importer(2089858483,0ecaa5967403d082aa24f35e1b516d23)
Start importing Assets/sq_shooter/Plugins/CW/Shared/Common/CW.Common.asmdef using Guid(637dfb2b87b2cf0499a8da5b0b91da54) Importer(2089858483,0ecaa5967403d082aa24f35e1b516d23)  -> (artifact id: '0900b31f5002dccddc022da581dfa207') in 0.004953 seconds
Number of updated asset objects reloaded before import = 0
Number of asset objects unloaded after import = 1
========================================================================
Received Import Request.
  Time since last request: 0.000045 seconds.
  path: Assets/sq_shooter/ModAssets/Fonts/BioRhymeExpanded-Regular SDF.asset
  artifactKey: Guid(2d0aaede2506c4ca0969c32576224028) Importer(2089858483,0ecaa5967403d082aa24f35e1b516d23)
Start importing Assets/sq_shooter/ModAssets/Fonts/BioRhymeExpanded-Regular SDF.asset using Guid(2d0aaede2506c4ca0969c32576224028) Importer(2089858483,0ecaa5967403d082aa24f35e1b516d23)  -> (artifact id: '086f0ccb2f2d2009db574f81451f180b') in 0.031829 seconds
Number of updated asset objects reloaded before import = 0
Number of asset objects unloaded after import = 3
========================================================================
Received Import Request.
  Time since last request: 0.000025 seconds.
  path: Assets/sq_shooter/FPS/Prefabs/VFX/VFX_MuzzleFlashBlue.prefab
  artifactKey: Guid(4f5d4e5eaa0e5104791549cea3dc3f23) Importer(2089858483,0ecaa5967403d082aa24f35e1b516d23)
Start importing Assets/sq_shooter/FPS/Prefabs/VFX/VFX_MuzzleFlashBlue.prefab using Guid(4f5d4e5eaa0e5104791549cea3dc3f23) Importer(2089858483,0ecaa5967403d082aa24f35e1b516d23)  -> (artifact id: '5d79c0f2cc0ff6acb222b671f9100a71') in 0.032004 seconds
Number of updated asset objects reloaded before import = 0
Number of asset objects unloaded after import = 6
========================================================================
Received Import Request.
  Time since last request: 0.000027 seconds.
  path: Assets/sq_shooter/FPS/Art/Materials/VFX/Projectile_red.mat
  artifactKey: Guid(fe10a01f7f670b144936b99b7a5a468f) Importer(2089858483,0ecaa5967403d082aa24f35e1b516d23)
Start importing Assets/sq_shooter/FPS/Art/Materials/VFX/Projectile_red.mat using Guid(fe10a01f7f670b144936b99b7a5a468f) Importer(2089858483,0ecaa5967403d082aa24f35e1b516d23)  -> (artifact id: 'c99956be3c294a40644536593c049750') in 0.009930 seconds
Number of updated asset objects reloaded before import = 0
Number of asset objects unloaded after import = 2
========================================================================
Received Import Request.
  Time since last request: 0.000033 seconds.
  path: Assets/sq_shooter/FPS/Scripts/Editor/fps.Editor.asmdef
  artifactKey: Guid(bd05a56a26480e646a63a781f822fc20) Importer(2089858483,0ecaa5967403d082aa24f35e1b516d23)
Start importing Assets/sq_shooter/FPS/Scripts/Editor/fps.Editor.asmdef using Guid(bd05a56a26480e646a63a781f822fc20) Importer(2089858483,0ecaa5967403d082aa24f35e1b516d23)  -> (artifact id: 'fa6d7dc0b864825bff6cf9be5b64b677') in 0.004956 seconds
Number of updated asset objects reloaded before import = 0
Number of asset objects unloaded after import = 1
========================================================================
Received Import Request.
  Time since last request: 0.000023 seconds.
  path: Assets/sq_shooter/FPS/Prefabs/RootObjects/Floor_Indented.mtl
  artifactKey: Guid(b980668b312505d448004b943b4bc854) Importer(2089858483,0ecaa5967403d082aa24f35e1b516d23)
Start importing Assets/sq_shooter/FPS/Prefabs/RootObjects/Floor_Indented.mtl using Guid(b980668b312505d448004b943b4bc854) Importer(2089858483,0ecaa5967403d082aa24f35e1b516d23)  -> (artifact id: '575d70da7c1bcd556b9391b471b3e504') in 0.007306 seconds
Number of updated asset objects reloaded before import = 0
Number of asset objects unloaded after import = 1
========================================================================
Received Import Request.
  Time since last request: 0.000024 seconds.
  path: Assets/sq_shooter/FPS/Prefabs/RootObjects/Altar.mtl
  artifactKey: Guid(ffbd29ad2bba3994a866553cda74f5f5) Importer(2089858483,0ecaa5967403d082aa24f35e1b516d23)
Start importing Assets/sq_shooter/FPS/Prefabs/RootObjects/Altar.mtl using Guid(ffbd29ad2bba3994a866553cda74f5f5) Importer(2089858483,0ecaa5967403d082aa24f35e1b516d23)  -> (artifact id: '8d9a6287986899522bfb84e251e9627e') in 0.004479 seconds
Number of updated asset objects reloaded before import = 0
Number of asset objects unloaded after import = 1
========================================================================
Received Import Request.
  Time since last request: 0.000067 seconds.
  path: Assets/sq_shooter/Plugins/CW/LeanTouch/Examples/12 Transform.unity
  artifactKey: Guid(bcc6d67bd10127441a6feb2e68bfe9e8) Importer(2089858483,0ecaa5967403d082aa24f35e1b516d23)
Start importing Assets/sq_shooter/Plugins/CW/LeanTouch/Examples/12 Transform.unity using Guid(bcc6d67bd10127441a6feb2e68bfe9e8) Importer(2089858483,0ecaa5967403d082aa24f35e1b516d23)  -> (artifact id: '3fe8fec51e7c341fafe6205437d0b5de') in 0.005285 seconds
Number of updated asset objects reloaded before import = 0
Number of asset objects unloaded after import = 1
========================================================================
Received Import Request.
  Time since last request: 0.000027 seconds.
  path: Assets/sq_shooter/FPS/Animation/HoverBot/HoverBot@IdleClosed.fbx
  artifactKey: Guid(66088e9cde32b5344b49394a051595d4) Importer(2089858483,0ecaa5967403d082aa24f35e1b516d23)
Start importing Assets/sq_shooter/FPS/Animation/HoverBot/HoverBot@IdleClosed.fbx using Guid(66088e9cde32b5344b49394a051595d4) Importer(2089858483,0ecaa5967403d082aa24f35e1b516d23)  -> (artifact id: '330d6f1d8e563c9ee07b46ad1d95bbdb') in 0.021580 seconds
Number of updated asset objects reloaded before import = 0
Number of asset objects unloaded after import = 42
========================================================================
Received Import Request.
  Time since last request: 0.000029 seconds.
  path: Assets/sq_shooter/FPS/Prefabs/VFX/VFX_DiskOrbitParticles.prefab
  artifactKey: Guid(b9cf7bff98404174d83a37d58c543aa5) Importer(2089858483,0ecaa5967403d082aa24f35e1b516d23)
Start importing Assets/sq_shooter/FPS/Prefabs/VFX/VFX_DiskOrbitParticles.prefab using Guid(b9cf7bff98404174d83a37d58c543aa5) Importer(2089858483,0ecaa5967403d082aa24f35e1b516d23)  -> (artifact id: '14b320450835515477f7b99937abbaaf') in 0.036594 seconds
Number of updated asset objects reloaded before import = 0
Number of asset objects unloaded after import = 6
========================================================================
Received Import Request.
  Time since last request: 0.000026 seconds.
  path: Assets/sq_shooter/FPS/Art/Materials/VFX/SmokeOverheat.mat
  artifactKey: Guid(c0c800bf948180345ad0ef9380a6851f) Importer(2089858483,0ecaa5967403d082aa24f35e1b516d23)
Start importing Assets/sq_shooter/FPS/Art/Materials/VFX/SmokeOverheat.mat using Guid(c0c800bf948180345ad0ef9380a6851f) Importer(2089858483,0ecaa5967403d082aa24f35e1b516d23)  -> (artifact id: '1b8f1c76597cd49024b3eabd517165d3') in 0.008431 seconds
Number of updated asset objects reloaded before import = 0
Number of asset objects unloaded after import = 2
========================================================================
Received Import Request.
  Time since last request: 0.000033 seconds.
  path: Assets/sq_shooter/ModAssets/Materials/TrailMaterials/RainbowTrailMaterial.mat
  artifactKey: Guid(711224fcf6d6c40faafe946b2f78b361) Importer(2089858483,0ecaa5967403d082aa24f35e1b516d23)
Start importing Assets/sq_shooter/ModAssets/Materials/TrailMaterials/RainbowTrailMaterial.mat using Guid(711224fcf6d6c40faafe946b2f78b361) Importer(2089858483,0ecaa5967403d082aa24f35e1b516d23)  -> (artifact id: '4506eb747baec1a1a7f86558d970297f') in 0.008992 seconds
Number of updated asset objects reloaded before import = 0
Number of asset objects unloaded after import = 2
========================================================================
Received Import Request.
  Time since last request: 0.000040 seconds.
  path: Assets/sq_shooter/FPS/Tutorials/BuildAndPublish/Walkthrough7-030.asset
  artifactKey: Guid(5ae42c0e96418ec46b613bb3c92bb7b3) Importer(2089858483,0ecaa5967403d082aa24f35e1b516d23)
Start importing Assets/sq_shooter/FPS/Tutorials/BuildAndPublish/Walkthrough7-030.asset using Guid(5ae42c0e96418ec46b613bb3c92bb7b3) Importer(2089858483,0ecaa5967403d082aa24f35e1b516d23)  -> (artifact id: '40aca0c0372bd3d4c88f2dade67566cd') in 0.013135 seconds
Number of updated asset objects reloaded before import = 0
Number of asset objects unloaded after import = 3
========================================================================
Received Import Request.
  Time since last request: 0.000108 seconds.
  path: Assets/sq_shooter/Plugins/CW/LeanTouch/Examples/24       Isolate.unity
  artifactKey: Guid(7623668b6b9ad5b4aa2ae951866037e9) Importer(2089858483,0ecaa5967403d082aa24f35e1b516d23)
Start importing Assets/sq_shooter/Plugins/CW/LeanTouch/Examples/24       Isolate.unity using Guid(7623668b6b9ad5b4aa2ae951866037e9) Importer(2089858483,0ecaa5967403d082aa24f35e1b516d23)  -> (artifact id: '5c32ece54d2d64da92758821dbc9319b') in 0.007138 seconds
Number of updated asset objects reloaded before import = 0
Number of asset objects unloaded after import = 1
========================================================================
Received Import Request.
  Time since last request: 0.000024 seconds.
  path: Assets/sq_shooter/TextMesh Pro/Resources/Shaders/TMP_Sprite.shader
  artifactKey: Guid(cf81c85f95fe47e1a27f6ae460cf182c) Importer(2089858483,0ecaa5967403d082aa24f35e1b516d23)
Start importing Assets/sq_shooter/TextMesh Pro/Resources/Shaders/TMP_Sprite.shader using Guid(cf81c85f95fe47e1a27f6ae460cf182c) Importer(2089858483,0ecaa5967403d082aa24f35e1b516d23)  -> (artifact id: '6d47a608f88467131a45d04be391fb3a') in 0.007131 seconds
Number of updated asset objects reloaded before import = 0
Number of asset objects unloaded after import = 1
========================================================================
Received Import Request.
  Time since last request: 0.000068 seconds.
  path: Assets/sq_shooter/FPS/Tutorials/AddEnemyBot/Add-Enemy-Bot-Walkthrough.asset
  artifactKey: Guid(f1296c995c6fc4bcfac81bd7df3e5b18) Importer(2089858483,0ecaa5967403d082aa24f35e1b516d23)
Start importing Assets/sq_shooter/FPS/Tutorials/AddEnemyBot/Add-Enemy-Bot-Walkthrough.asset using Guid(f1296c995c6fc4bcfac81bd7df3e5b18) Importer(2089858483,0ecaa5967403d082aa24f35e1b516d23) SendMessage cannot be called during Awake, CheckConsistency, or OnValidate (Altar: OnMeshFilterChanged)
UnityEngine.StackTraceUtility:ExtractStackTrace ()
UnityEditor.AssetDatabase:LoadAssetAtPath<Unity.Tutorials.Core.Editor.Tutorial> (string)
System.Linq.Utilities/<>c__DisplayClass2_0`3<string, string, Unity.Tutorials.Core.Editor.Tutorial>:<CombineSelectors>b__0 (string)
System.Linq.Enumerable/SelectArrayIterator`2<string, Unity.Tutorials.Core.Editor.Tutorial>:MoveNext ()
System.Linq.Enumerable/<ExceptIterator>d__57`1<Unity.Tutorials.Core.Editor.Tutorial>:MoveNext ()
System.Linq.Enumerable:Any<Unity.Tutorials.Core.Editor.Tutorial> (System.Collections.Generic.IEnumerable`1<Unity.Tutorials.Core.Editor.Tutorial>,System.Func`2<Unity.Tutorials.Core.Editor.Tutorial, bool>)
Unity.Tutorials.Core.Editor.Tutorial:OnValidate () (at ./Library/PackageCache/com.unity.learn.iet-framework@3.1.3/Editor/Core/Tutorial.cs:338)
UnityEditor.Search.AssetIndexer:IndexProperties (int&,string&,bool&)
UnityEditor.Search.AssetIndexer:IndexDocument (string,bool)
UnityEditor.Search.SearchIndexEntryImporter:OnImportAsset (UnityEditor.AssetImporters.AssetImportContext)
UnityEditor.AssetImporters.ScriptedImporter:GenerateAssetData (UnityEditor.AssetImporters.AssetImportContext)

[./Library/PackageCache/com.unity.learn.iet-framework@3.1.3/Editor/Core/Tutorial.cs line 338]

SendMessage cannot be called during Awake, CheckConsistency, or OnValidate (Statue_Wall: OnMeshFilterChanged)
UnityEngine.StackTraceUtility:ExtractStackTrace ()
UnityEditor.AssetDatabase:LoadAssetAtPath<Unity.Tutorials.Core.Editor.Tutorial> (string)
System.Linq.Utilities/<>c__DisplayClass2_0`3<string, string, Unity.Tutorials.Core.Editor.Tutorial>:<CombineSelectors>b__0 (string)
System.Linq.Enumerable/SelectArrayIterator`2<string, Unity.Tutorials.Core.Editor.Tutorial>:MoveNext ()
System.Linq.Enumerable/<ExceptIterator>d__57`1<Unity.Tutorials.Core.Editor.Tutorial>:MoveNext ()
System.Linq.Enumerable:Any<Unity.Tutorials.Core.Editor.Tutorial> (System.Collections.Generic.IEnumerable`1<Unity.Tutorials.Core.Editor.Tutorial>,System.Func`2<Unity.Tutorials.Core.Editor.Tutorial, bool>)
Unity.Tutorials.Core.Editor.Tutorial:OnValidate () (at ./Library/PackageCache/com.unity.learn.iet-framework@3.1.3/Editor/Core/Tutorial.cs:338)
UnityEditor.Search.AssetIndexer:IndexProperties (int&,string&,bool&)
UnityEditor.Search.AssetIndexer:IndexDocument (string,bool)
UnityEditor.Search.SearchIndexEntryImporter:OnImportAsset (UnityEditor.AssetImporters.AssetImportContext)
UnityEditor.AssetImporters.ScriptedImporter:GenerateAssetData (UnityEditor.AssetImporters.AssetImportContext)

[./Library/PackageCache/com.unity.learn.iet-framework@3.1.3/Editor/Core/Tutorial.cs line 338]

SendMessage cannot be called during Awake, CheckConsistency, or OnValidate (Statue_Wall: OnMeshFilterChanged)
UnityEngine.StackTraceUtility:ExtractStackTrace ()
UnityEditor.AssetDatabase:LoadAssetAtPath<Unity.Tutorials.Core.Editor.Tutorial> (string)
System.Linq.Utilities/<>c__DisplayClass2_0`3<string, string, Unity.Tutorials.Core.Editor.Tutorial>:<CombineSelectors>b__0 (string)
System.Linq.Enumerable/SelectArrayIterator`2<string, Unity.Tutorials.Core.Editor.Tutorial>:MoveNext ()
System.Linq.Enumerable/<ExceptIterator>d__57`1<Unity.Tutorials.Core.Editor.Tutorial>:MoveNext ()
System.Linq.Enumerable:Any<Unity.Tutorials.Core.Editor.Tutorial> (System.Collections.Generic.IEnumerable`1<Unity.Tutorials.Core.Editor.Tutorial>,System.Func`2<Unity.Tutorials.Core.Editor.Tutorial, bool>)
Unity.Tutorials.Core.Editor.Tutorial:OnValidate () (at ./Library/PackageCache/com.unity.learn.iet-framework@3.1.3/Editor/Core/Tutorial.cs:338)
UnityEditor.Search.AssetIndexer:IndexProperties (int&,string&,bool&)
UnityEditor.Search.AssetIndexer:IndexDocument (string,bool)
UnityEditor.Search.SearchIndexEntryImporter:OnImportAsset (UnityEditor.AssetImporters.AssetImportContext)
UnityEditor.AssetImporters.ScriptedImporter:GenerateAssetData (UnityEditor.AssetImporters.AssetImportContext)

[./Library/PackageCache/com.unity.learn.iet-framework@3.1.3/Editor/Core/Tutorial.cs line 338]

SendMessage cannot be called during Awake, CheckConsistency, or OnValidate (Statue_Wall: OnMeshFilterChanged)
UnityEngine.StackTraceUtility:ExtractStackTrace ()
UnityEditor.AssetDatabase:LoadAssetAtPath<Unity.Tutorials.Core.Editor.Tutorial> (string)
System.Linq.Utilities/<>c__DisplayClass2_0`3<string, string, Unity.Tutorials.Core.Editor.Tutorial>:<CombineSelectors>b__0 (string)
System.Linq.Enumerable/SelectArrayIterator`2<string, Unity.Tutorials.Core.Editor.Tutorial>:MoveNext ()
System.Linq.Enumerable/<ExceptIterator>d__57`1<Unity.Tutorials.Core.Editor.Tutorial>:MoveNext ()
System.Linq.Enumerable:Any<Unity.Tutorials.Core.Editor.Tutorial> (System.Collections.Generic.IEnumerable`1<Unity.Tutorials.Core.Editor.Tutorial>,System.Func`2<Unity.Tutorials.Core.Editor.Tutorial, bool>)
Unity.Tutorials.Core.Editor.Tutorial:OnValidate () (at ./Library/PackageCache/com.unity.learn.iet-framework@3.1.3/Editor/Core/Tutorial.cs:338)
UnityEditor.Search.AssetIndexer:IndexProperties (int&,string&,bool&)
UnityEditor.Search.AssetIndexer:IndexDocument (string,bool)
UnityEditor.Search.SearchIndexEntryImporter:OnImportAsset (UnityEditor.AssetImporters.AssetImportContext)
UnityEditor.AssetImporters.ScriptedImporter:GenerateAssetData (UnityEditor.AssetImporters.AssetImportContext)

[./Library/PackageCache/com.unity.learn.iet-framework@3.1.3/Editor/Core/Tutorial.cs line 338]

SendMessage cannot be called during Awake, CheckConsistency, or OnValidate (Mesh: OnMeshFilterChanged)
UnityEngine.StackTraceUtility:ExtractStackTrace ()
UnityEditor.AssetDatabase:LoadAssetAtPath<Unity.Tutorials.Core.Editor.Tutorial> (string)
System.Linq.Utilities/<>c__DisplayClass2_0`3<string, string, Unity.Tutorials.Core.Editor.Tutorial>:<CombineSelectors>b__0 (string)
System.Linq.Enumerable/SelectArrayIterator`2<string, Unity.Tutorials.Core.Editor.Tutorial>:MoveNext ()
System.Linq.Enumerable/<ExceptIterator>d__57`1<Unity.Tutorials.Core.Editor.Tutorial>:MoveNext ()
System.Linq.Enumerable:Any<Unity.Tutorials.Core.Editor.Tutorial> (System.Collections.Generic.IEnumerable`1<Unity.Tutorials.Core.Editor.Tutorial>,System.Func`2<Unity.Tutorials.Core.Editor.Tutorial, bool>)
Unity.Tutorials.Core.Editor.Tutorial:OnValidate () (at ./Library/PackageCache/com.unity.learn.iet-framework@3.1.3/Editor/Core/Tutorial.cs:338)
UnityEditor.Search.AssetIndexer:IndexProperties (int&,string&,bool&)
UnityEditor.Search.AssetIndexer:IndexDocument (string,bool)
UnityEditor.Search.SearchIndexEntryImporter:OnImportAsset (UnityEditor.AssetImporters.AssetImportContext)
UnityEditor.AssetImporters.ScriptedImporter:GenerateAssetData (UnityEditor.AssetImporters.AssetImportContext)

[./Library/PackageCache/com.unity.learn.iet-framework@3.1.3/Editor/Core/Tutorial.cs line 338]

SendMessage cannot be called during Awake, CheckConsistency, or OnValidate (Mesh: OnMeshFilterChanged)
UnityEngine.StackTraceUtility:ExtractStackTrace ()
UnityEditor.AssetDatabase:LoadAssetAtPath<Unity.Tutorials.Core.Editor.Tutorial> (string)
System.Linq.Utilities/<>c__DisplayClass2_0`3<string, string, Unity.Tutorials.Core.Editor.Tutorial>:<CombineSelectors>b__0 (string)
System.Linq.Enumerable/SelectArrayIterator`2<string, Unity.Tutorials.Core.Editor.Tutorial>:MoveNext ()
System.Linq.Enumerable/<ExceptIterator>d__57`1<Unity.Tutorials.Core.Editor.Tutorial>:MoveNext ()
System.Linq.Enumerable:Any<Unity.Tutorials.Core.Editor.Tutorial> (System.Collections.Generic.IEnumerable`1<Unity.Tutorials.Core.Editor.Tutorial>,System.Func`2<Unity.Tutorials.Core.Editor.Tutorial, bool>)
Unity.Tutorials.Core.Editor.Tutorial:OnValidate () (at ./Library/PackageCache/com.unity.learn.iet-framework@3.1.3/Editor/Core/Tutorial.cs:338)
UnityEditor.Search.AssetIndexer:IndexProperties (int&,string&,bool&)
UnityEditor.Search.AssetIndexer:IndexDocument (string,bool)
UnityEditor.Search.SearchIndexEntryImporter:OnImportAsset (UnityEditor.AssetImporters.AssetImportContext)
UnityEditor.AssetImporters.ScriptedImporter:GenerateAssetData (UnityEditor.AssetImporters.AssetImportContext)

[./Library/PackageCache/com.unity.learn.iet-framework@3.1.3/Editor/Core/Tutorial.cs line 338]

SendMessage cannot be called during Awake, CheckConsistency, or OnValidate (Mesh: OnMeshFilterChanged)
UnityEngine.StackTraceUtility:ExtractStackTrace ()
UnityEditor.AssetDatabase:LoadAssetAtPath<Unity.Tutorials.Core.Editor.Tutorial> (string)
System.Linq.Utilities/<>c__DisplayClass2_0`3<string, string, Unity.Tutorials.Core.Editor.Tutorial>:<CombineSelectors>b__0 (string)
System.Linq.Enumerable/SelectArrayIterator`2<string, Unity.Tutorials.Core.Editor.Tutorial>:MoveNext ()
System.Linq.Enumerable/<ExceptIterator>d__57`1<Unity.Tutorials.Core.Editor.Tutorial>:MoveNext ()
System.Linq.Enumerable:Any<Unity.Tutorials.Core.Editor.Tutorial> (System.Collections.Generic.IEnumerable`1<Unity.Tutorials.Core.Editor.Tutorial>,System.Func`2<Unity.Tutorials.Core.Editor.Tutorial, bool>)
Unity.Tutorials.Core.Editor.Tutorial:OnValidate () (at ./Library/PackageCache/com.unity.learn.iet-framework@3.1.3/Editor/Core/Tutorial.cs:338)
UnityEditor.Search.AssetIndexer:IndexProperties (int&,string&,bool&)
UnityEditor.Search.AssetIndexer:IndexDocument (string,bool)
UnityEditor.Search.SearchIndexEntryImporter:OnImportAsset (UnityEditor.AssetImporters.AssetImportContext)
UnityEditor.AssetImporters.ScriptedImporter:GenerateAssetData (UnityEditor.AssetImporters.AssetImportContext)

[./Library/PackageCache/com.unity.learn.iet-framework@3.1.3/Editor/Core/Tutorial.cs line 338]

SendMessage cannot be called during Awake, CheckConsistency, or OnValidate (Mesh: OnMeshFilterChanged)
UnityEngine.StackTraceUtility:ExtractStackTrace ()
UnityEditor.AssetDatabase:LoadAssetAtPath<Unity.Tutorials.Core.Editor.Tutorial> (string)
System.Linq.Utilities/<>c__DisplayClass2_0`3<string, string, Unity.Tutorials.Core.Editor.Tutorial>:<CombineSelectors>b__0 (string)
System.Linq.Enumerable/SelectArrayIterator`2<string, Unity.Tutorials.Core.Editor.Tutorial>:MoveNext ()
System.Linq.Enumerable/<ExceptIterator>d__57`1<Unity.Tutorials.Core.Editor.Tutorial>:MoveNext ()
System.Linq.Enumerable:Any<Unity.Tutorials.Core.Editor.Tutorial> (System.Collections.Generic.IEnumerable`1<Unity.Tutorials.Core.Editor.Tutorial>,System.Func`2<Unity.Tutorials.Core.Editor.Tutorial, bool>)
Unity.Tutorials.Core.Editor.Tutorial:OnValidate () (at ./Library/PackageCache/com.unity.learn.iet-framework@3.1.3/Editor/Core/Tutorial.cs:338)
UnityEditor.Search.AssetIndexer:IndexProperties (int&,string&,bool&)
UnityEditor.Search.AssetIndexer:IndexDocument (string,bool)
UnityEditor.Search.SearchIndexEntryImporter:OnImportAsset (UnityEditor.AssetImporters.AssetImportContext)
UnityEditor.AssetImporters.ScriptedImporter:GenerateAssetData (UnityEditor.AssetImporters.AssetImportContext)

[./Library/PackageCache/com.unity.learn.iet-framework@3.1.3/Editor/Core/Tutorial.cs line 338]

SendMessage cannot be called during Awake, CheckConsistency, or OnValidate (Mesh: OnMeshFilterChanged)
UnityEngine.StackTraceUtility:ExtractStackTrace ()
UnityEditor.AssetDatabase:LoadAssetAtPath<Unity.Tutorials.Core.Editor.Tutorial> (string)
System.Linq.Utilities/<>c__DisplayClass2_0`3<string, string, Unity.Tutorials.Core.Editor.Tutorial>:<CombineSelectors>b__0 (string)
System.Linq.Enumerable/SelectArrayIterator`2<string, Unity.Tutorials.Core.Editor.Tutorial>:MoveNext ()
System.Linq.Enumerable/<ExceptIterator>d__57`1<Unity.Tutorials.Core.Editor.Tutorial>:MoveNext ()
System.Linq.Enumerable:Any<Unity.Tutorials.Core.Editor.Tutorial> (System.Collections.Generic.IEnumerable`1<Unity.Tutorials.Core.Editor.Tutorial>,System.Func`2<Unity.Tutorials.Core.Editor.Tutorial, bool>)
Unity.Tutorials.Core.Editor.Tutorial:OnValidate () (at ./Library/PackageCache/com.unity.learn.iet-framework@3.1.3/Editor/Core/Tutorial.cs:338)
UnityEditor.Search.AssetIndexer:IndexProperties (int&,string&,bool&)
UnityEditor.Search.AssetIndexer:IndexDocument (string,bool)
UnityEditor.Search.SearchIndexEntryImporter:OnImportAsset (UnityEditor.AssetImporters.AssetImportContext)
UnityEditor.AssetImporters.ScriptedImporter:GenerateAssetData (UnityEditor.AssetImporters.AssetImportContext)

[./Library/PackageCache/com.unity.learn.iet-framework@3.1.3/Editor/Core/Tutorial.cs line 338]

SendMessage cannot be called during Awake, CheckConsistency, or OnValidate (Mesh: OnMeshFilterChanged)
UnityEngine.StackTraceUtility:ExtractStackTrace ()
UnityEditor.AssetDatabase:LoadAssetAtPath<Unity.Tutorials.Core.Editor.Tutorial> (string)
System.Linq.Utilities/<>c__DisplayClass2_0`3<string, string, Unity.Tutorials.Core.Editor.Tutorial>:<CombineSelectors>b__0 (string)
System.Linq.Enumerable/SelectArrayIterator`2<string, Unity.Tutorials.Core.Editor.Tutorial>:MoveNext ()
System.Linq.Enumerable/<ExceptIterator>d__57`1<Unity.Tutorials.Core.Editor.Tutorial>:MoveNext ()
System.Linq.Enumerable:Any<Unity.Tutorials.Core.Editor.Tutorial> (System.Collections.Generic.IEnumerable`1<Unity.Tutorials.Core.Editor.Tutorial>,System.Func`2<Unity.Tutorials.Core.Editor.Tutorial, bool>)
Unity.Tutorials.Core.Editor.Tutorial:OnValidate () (at ./Library/PackageCache/com.unity.learn.iet-framework@3.1.3/Editor/Core/Tutorial.cs:338)
UnityEditor.Search.AssetIndexer:IndexProperties (int&,string&,bool&)
UnityEditor.Search.AssetIndexer:IndexDocument (string,bool)
UnityEditor.Search.SearchIndexEntryImporter:OnImportAsset (UnityEditor.AssetImporters.AssetImportContext)
UnityEditor.AssetImporters.ScriptedImporter:GenerateAssetData (UnityEditor.AssetImporters.AssetImportContext)

[./Library/PackageCache/com.unity.learn.iet-framework@3.1.3/Editor/Core/Tutorial.cs line 338]

SendMessage cannot be called during Awake, CheckConsistency, or OnValidate (Mesh: OnMeshFilterChanged)
UnityEngine.StackTraceUtility:ExtractStackTrace ()
UnityEditor.AssetDatabase:LoadAssetAtPath<Unity.Tutorials.Core.Editor.Tutorial> (string)
System.Linq.Utilities/<>c__DisplayClass2_0`3<string, string, Unity.Tutorials.Core.Editor.Tutorial>:<CombineSelectors>b__0 (string)
System.Linq.Enumerable/SelectArrayIterator`2<string, Unity.Tutorials.Core.Editor.Tutorial>:MoveNext ()
System.Linq.Enumerable/<ExceptIterator>d__57`1<Unity.Tutorials.Core.Editor.Tutorial>:MoveNext ()
System.Linq.Enumerable:Any<Unity.Tutorials.Core.Editor.Tutorial> (System.Collections.Generic.IEnumerable`1<Unity.Tutorials.Core.Editor.Tutorial>,System.Func`2<Unity.Tutorials.Core.Editor.Tutorial, bool>)
Unity.Tutorials.Core.Editor.Tutorial:OnValidate () (at ./Library/PackageCache/com.unity.learn.iet-framework@3.1.3/Editor/Core/Tutorial.cs:338)
UnityEditor.Search.AssetIndexer:IndexProperties (int&,string&,bool&)
UnityEditor.Search.AssetIndexer:IndexDocument (string,bool)
UnityEditor.Search.SearchIndexEntryImporter:OnImportAsset (UnityEditor.AssetImporters.AssetImportContext)
UnityEditor.AssetImporters.ScriptedImporter:GenerateAssetData (UnityEditor.AssetImporters.AssetImportContext)

[./Library/PackageCache/com.unity.learn.iet-framework@3.1.3/Editor/Core/Tutorial.cs line 338]

SendMessage cannot be called during Awake, CheckConsistency, or OnValidate (Mesh: OnMeshFilterChanged)
UnityEngine.StackTraceUtility:ExtractStackTrace ()
UnityEditor.AssetDatabase:LoadAssetAtPath<Unity.Tutorials.Core.Editor.Tutorial> (string)
System.Linq.Utilities/<>c__DisplayClass2_0`3<string, string, Unity.Tutorials.Core.Editor.Tutorial>:<CombineSelectors>b__0 (string)
System.Linq.Enumerable/SelectArrayIterator`2<string, Unity.Tutorials.Core.Editor.Tutorial>:MoveNext ()
System.Linq.Enumerable/<ExceptIterator>d__57`1<Unity.Tutorials.Core.Editor.Tutorial>:MoveNext ()
System.Linq.Enumerable:Any<Unity.Tutorials.Core.Editor.Tutorial> (System.Collections.Generic.IEnumerable`1<Unity.Tutorials.Core.Editor.Tutorial>,System.Func`2<Unity.Tutorials.Core.Editor.Tutorial, bool>)
Unity.Tutorials.Core.Editor.Tutorial:OnValidate () (at ./Library/PackageCache/com.unity.learn.iet-framework@3.1.3/Editor/Core/Tutorial.cs:338)
UnityEditor.Search.AssetIndexer:IndexProperties (int&,string&,bool&)
UnityEditor.Search.AssetIndexer:IndexDocument (string,bool)
UnityEditor.Search.SearchIndexEntryImporter:OnImportAsset (UnityEditor.AssetImporters.AssetImportContext)
UnityEditor.AssetImporters.ScriptedImporter:GenerateAssetData (UnityEditor.AssetImporters.AssetImportContext)

[./Library/PackageCache/com.unity.learn.iet-framework@3.1.3/Editor/Core/Tutorial.cs line 338]

SendMessage cannot be called during Awake, CheckConsistency, or OnValidate (Mesh: OnMeshFilterChanged)
UnityEngine.StackTraceUtility:ExtractStackTrace ()
UnityEditor.AssetDatabase:LoadAssetAtPath<Unity.Tutorials.Core.Editor.Tutorial> (string)
System.Linq.Utilities/<>c__DisplayClass2_0`3<string, string, Unity.Tutorials.Core.Editor.Tutorial>:<CombineSelectors>b__0 (string)
System.Linq.Enumerable/SelectArrayIterator`2<string, Unity.Tutorials.Core.Editor.Tutorial>:MoveNext ()
System.Linq.Enumerable/<ExceptIterator>d__57`1<Unity.Tutorials.Core.Editor.Tutorial>:MoveNext ()
System.Linq.Enumerable:Any<Unity.Tutorials.Core.Editor.Tutorial> (System.Collections.Generic.IEnumerable`1<Unity.Tutorials.Core.Editor.Tutorial>,System.Func`2<Unity.Tutorials.Core.Editor.Tutorial, bool>)
Unity.Tutorials.Core.Editor.Tutorial:OnValidate () (at ./Library/PackageCache/com.unity.learn.iet-framework@3.1.3/Editor/Core/Tutorial.cs:338)
UnityEditor.Search.AssetIndexer:IndexProperties (int&,string&,bool&)
UnityEditor.Search.AssetIndexer:IndexDocument (string,bool)
UnityEditor.Search.SearchIndexEntryImporter:OnImportAsset (UnityEditor.AssetImporters.AssetImportContext)
UnityEditor.AssetImporters.ScriptedImporter:GenerateAssetData (UnityEditor.AssetImporters.AssetImportContext)

[./Library/PackageCache/com.unity.learn.iet-framework@3.1.3/Editor/Core/Tutorial.cs line 338]

SendMessage cannot be called during Awake, CheckConsistency, or OnValidate (Mesh: OnMeshFilterChanged)
UnityEngine.StackTraceUtility:ExtractStackTrace ()
UnityEditor.AssetDatabase:LoadAssetAtPath<Unity.Tutorials.Core.Editor.Tutorial> (string)
System.Linq.Utilities/<>c__DisplayClass2_0`3<string, string, Unity.Tutorials.Core.Editor.Tutorial>:<CombineSelectors>b__0 (string)
System.Linq.Enumerable/SelectArrayIterator`2<string, Unity.Tutorials.Core.Editor.Tutorial>:MoveNext ()
System.Linq.Enumerable/<ExceptIterator>d__57`1<Unity.Tutorials.Core.Editor.Tutorial>:MoveNext ()
System.Linq.Enumerable:Any<Unity.Tutorials.Core.Editor.Tutorial> (System.Collections.Generic.IEnumerable`1<Unity.Tutorials.Core.Editor.Tutorial>,System.Func`2<Unity.Tutorials.Core.Editor.Tutorial, bool>)
Unity.Tutorials.Core.Editor.Tutorial:OnValidate () (at ./Library/PackageCache/com.unity.learn.iet-framework@3.1.3/Editor/Core/Tutorial.cs:338)
UnityEditor.Search.AssetIndexer:IndexProperties (int&,string&,bool&)
UnityEditor.Search.AssetIndexer:IndexDocument (string,bool)
UnityEditor.Search.SearchIndexEntryImporter:OnImportAsset (UnityEditor.AssetImporters.AssetImportContext)
UnityEditor.AssetImporters.ScriptedImporter:GenerateAssetData (UnityEditor.AssetImporters.AssetImportContext)

[./Library/PackageCache/com.unity.learn.iet-framework@3.1.3/Editor/Core/Tutorial.cs line 338]

SendMessage cannot be called during Awake, CheckConsistency, or OnValidate (Mesh: OnMeshFilterChanged)
UnityEngine.StackTraceUtility:ExtractStackTrace ()
UnityEditor.AssetDatabase:LoadAssetAtPath<Unity.Tutorials.Core.Editor.Tutorial> (string)
System.Linq.Utilities/<>c__DisplayClass2_0`3<string, string, Unity.Tutorials.Core.Editor.Tutorial>:<CombineSelectors>b__0 (string)
System.Linq.Enumerable/SelectArrayIterator`2<string, Unity.Tutorials.Core.Editor.Tutorial>:MoveNext ()
System.Linq.Enumerable/<ExceptIterator>d__57`1<Unity.Tutorials.Core.Editor.Tutorial>:MoveNext ()
System.Linq.Enumerable:Any<Unity.Tutorials.Core.Editor.Tutorial> (System.Collections.Generic.IEnumerable`1<Unity.Tutorials.Core.Editor.Tutorial>,System.Func`2<Unity.Tutorials.Core.Editor.Tutorial, bool>)
Unity.Tutorials.Core.Editor.Tutorial:OnValidate () (at ./Library/PackageCache/com.unity.learn.iet-framework@3.1.3/Editor/Core/Tutorial.cs:338)
UnityEditor.Search.AssetIndexer:IndexProperties (int&,string&,bool&)
UnityEditor.Search.AssetIndexer:IndexDocument (string,bool)
UnityEditor.Search.SearchIndexEntryImporter:OnImportAsset (UnityEditor.AssetImporters.AssetImportContext)
UnityEditor.AssetImporters.ScriptedImporter:GenerateAssetData (UnityEditor.AssetImporters.AssetImportContext)

[./Library/PackageCache/com.unity.learn.iet-framework@3.1.3/Editor/Core/Tutorial.cs line 338]

SendMessage cannot be called during Awake, CheckConsistency, or OnValidate (Mesh: OnMeshFilterChanged)
UnityEngine.StackTraceUtility:ExtractStackTrace ()
UnityEditor.AssetDatabase:LoadAssetAtPath<Unity.Tutorials.Core.Editor.Tutorial> (string)
System.Linq.Utilities/<>c__DisplayClass2_0`3<string, string, Unity.Tutorials.Core.Editor.Tutorial>:<CombineSelectors>b__0 (string)
System.Linq.Enumerable/SelectArrayIterator`2<string, Unity.Tutorials.Core.Editor.Tutorial>:MoveNext ()
System.Linq.Enumerable/<ExceptIterator>d__57`1<Unity.Tutorials.Core.Editor.Tutorial>:MoveNext ()
System.Linq.Enumerable:Any<Unity.Tutorials.Core.Editor.Tutorial> (System.Collections.Generic.IEnumerable`1<Unity.Tutorials.Core.Editor.Tutorial>,System.Func`2<Unity.Tutorials.Core.Editor.Tutorial, bool>)
Unity.Tutorials.Core.Editor.Tutorial:OnValidate () (at ./Library/PackageCache/com.unity.learn.iet-framework@3.1.3/Editor/Core/Tutorial.cs:338)
UnityEditor.Search.AssetIndexer:IndexProperties (int&,string&,bool&)
UnityEditor.Search.AssetIndexer:IndexDocument (string,bool)
UnityEditor.Search.SearchIndexEntryImporter:OnImportAsset (UnityEditor.AssetImporters.AssetImportContext)
UnityEditor.AssetImporters.ScriptedImporter:GenerateAssetData (UnityEditor.AssetImporters.AssetImportContext)

[./Library/PackageCache/com.unity.learn.iet-framework@3.1.3/Editor/Core/Tutorial.cs line 338]

SendMessage cannot be called during Awake, CheckConsistency, or OnValidate (Mesh: OnMeshFilterChanged)
UnityEngine.StackTraceUtility:ExtractStackTrace ()
UnityEditor.AssetDatabase:LoadAssetAtPath<Unity.Tutorials.Core.Editor.Tutorial> (string)
System.Linq.Utilities/<>c__DisplayClass2_0`3<string, string, Unity.Tutorials.Core.Editor.Tutorial>:<CombineSelectors>b__0 (string)
System.Linq.Enumerable/SelectArrayIterator`2<string, Unity.Tutorials.Core.Editor.Tutorial>:MoveNext ()
System.Linq.Enumerable/<ExceptIterator>d__57`1<Unity.Tutorials.Core.Editor.Tutorial>:MoveNext ()
System.Linq.Enumerable:Any<Unity.Tutorials.Core.Editor.Tutorial> (System.Collections.Generic.IEnumerable`1<Unity.Tutorials.Core.Editor.Tutorial>,System.Func`2<Unity.Tutorials.Core.Editor.Tutorial, bool>)
Unity.Tutorials.Core.Editor.Tutorial:OnValidate () (at ./Library/PackageCache/com.unity.learn.iet-framework@3.1.3/Editor/Core/Tutorial.cs:338)
UnityEditor.Search.AssetIndexer:IndexProperties (int&,string&,bool&)
UnityEditor.Search.AssetIndexer:IndexDocument (string,bool)
UnityEditor.Search.SearchIndexEntryImporter:OnImportAsset (UnityEditor.AssetImporters.AssetImportContext)
UnityEditor.AssetImporters.ScriptedImporter:GenerateAssetData (UnityEditor.AssetImporters.AssetImportContext)

[./Library/PackageCache/com.unity.learn.iet-framework@3.1.3/Editor/Core/Tutorial.cs line 338]

SendMessage cannot be called during Awake, CheckConsistency, or OnValidate (Mesh: OnMeshFilterChanged)
UnityEngine.StackTraceUtility:ExtractStackTrace ()
UnityEditor.AssetDatabase:LoadAssetAtPath<Unity.Tutorials.Core.Editor.Tutorial> (string)
System.Linq.Utilities/<>c__DisplayClass2_0`3<string, string, Unity.Tutorials.Core.Editor.Tutorial>:<CombineSelectors>b__0 (string)
System.Linq.Enumerable/SelectArrayIterator`2<string, Unity.Tutorials.Core.Editor.Tutorial>:MoveNext ()
System.Linq.Enumerable/<ExceptIterator>d__57`1<Unity.Tutorials.Core.Editor.Tutorial>:MoveNext ()
System.Linq.Enumerable:Any<Unity.Tutorials.Core.Editor.Tutorial> (System.Collections.Generic.IEnumerable`1<Unity.Tutorials.Core.Editor.Tutorial>,System.Func`2<Unity.Tutorials.Core.Editor.Tutorial, bool>)
Unity.Tutorials.Core.Editor.Tutorial:OnValidate () (at ./Library/PackageCache/com.unity.learn.iet-framework@3.1.3/Editor/Core/Tutorial.cs:338)
UnityEditor.Search.AssetIndexer:IndexProperties (int&,string&,bool&)
UnityEditor.Search.AssetIndexer:IndexDocument (string,bool)
UnityEditor.Search.SearchIndexEntryImporter:OnImportAsset (UnityEditor.AssetImporters.AssetImportContext)
UnityEditor.AssetImporters.ScriptedImporter:GenerateAssetData (UnityEditor.AssetImporters.AssetImportContext)

[./Library/PackageCache/com.unity.learn.iet-framework@3.1.3/Editor/Core/Tutorial.cs line 338]

SendMessage cannot be called during Awake, CheckConsistency, or OnValidate (Mesh: OnMeshFilterChanged)
UnityEngine.StackTraceUtility:ExtractStackTrace ()
UnityEditor.AssetDatabase:LoadAssetAtPath<Unity.Tutorials.Core.Editor.Tutorial> (string)
System.Linq.Utilities/<>c__DisplayClass2_0`3<string, string, Unity.Tutorials.Core.Editor.Tutorial>:<CombineSelectors>b__0 (string)
System.Linq.Enumerable/SelectArrayIterator`2<string, Unity.Tutorials.Core.Editor.Tutorial>:MoveNext ()
System.Linq.Enumerable/<ExceptIterator>d__57`1<Unity.Tutorials.Core.Editor.Tutorial>:MoveNext ()
System.Linq.Enumerable:Any<Unity.Tutorials.Core.Editor.Tutorial> (System.Collections.Generic.IEnumerable`1<Unity.Tutorials.Core.Editor.Tutorial>,System.Func`2<Unity.Tutorials.Core.Editor.Tutorial, bool>)
Unity.Tutorials.Core.Editor.Tutorial:OnValidate () (at ./Library/PackageCache/com.unity.learn.iet-framework@3.1.3/Editor/Core/Tutorial.cs:338)
UnityEditor.Search.AssetIndexer:IndexProperties (int&,string&,bool&)
UnityEditor.Search.AssetIndexer:IndexDocument (string,bool)
UnityEditor.Search.SearchIndexEntryImporter:OnImportAsset (UnityEditor.AssetImporters.AssetImportContext)
UnityEditor.AssetImporters.ScriptedImporter:GenerateAssetData (UnityEditor.AssetImporters.AssetImportContext)

[./Library/PackageCache/com.unity.learn.iet-framework@3.1.3/Editor/Core/Tutorial.cs line 338]

SendMessage cannot be called during Awake, CheckConsistency, or OnValidate (Mesh: OnMeshFilterChanged)
UnityEngine.StackTraceUtility:ExtractStackTrace ()
UnityEditor.AssetDatabase:LoadAssetAtPath<Unity.Tutorials.Core.Editor.Tutorial> (string)
System.Linq.Utilities/<>c__DisplayClass2_0`3<string, string, Unity.Tutorials.Core.Editor.Tutorial>:<CombineSelectors>b__0 (string)
System.Linq.Enumerable/SelectArrayIterator`2<string, Unity.Tutorials.Core.Editor.Tutorial>:MoveNext ()
System.Linq.Enumerable/<ExceptIterator>d__57`1<Unity.Tutorials.Core.Editor.Tutorial>:MoveNext ()
System.Linq.Enumerable:Any<Unity.Tutorials.Core.Editor.Tutorial> (System.Collections.Generic.IEnumerable`1<Unity.Tutorials.Core.Editor.Tutorial>,System.Func`2<Unity.Tutorials.Core.Editor.Tutorial, bool>)
Unity.Tutorials.Core.Editor.Tutorial:OnValidate () (at ./Library/PackageCache/com.unity.learn.iet-framework@3.1.3/Editor/Core/Tutorial.cs:338)
UnityEditor.Search.AssetIndexer:IndexProperties (int&,string&,bool&)
UnityEditor.Search.AssetIndexer:IndexDocument (string,bool)
UnityEditor.Search.SearchIndexEntryImporter:OnImportAsset (UnityEditor.AssetImporters.AssetImportContext)
UnityEditor.AssetImporters.ScriptedImporter:GenerateAssetData (UnityEditor.AssetImporters.AssetImportContext)

[./Library/PackageCache/com.unity.learn.iet-framework@3.1.3/Editor/Core/Tutorial.cs line 338]

SendMessage cannot be called during Awake, CheckConsistency, or OnValidate (Mesh: OnMeshFilterChanged)
UnityEngine.StackTraceUtility:ExtractStackTrace ()
UnityEditor.AssetDatabase:LoadAssetAtPath<Unity.Tutorials.Core.Editor.Tutorial> (string)
System.Linq.Utilities/<>c__DisplayClass2_0`3<string, string, Unity.Tutorials.Core.Editor.Tutorial>:<CombineSelectors>b__0 (string)
System.Linq.Enumerable/SelectArrayIterator`2<string, Unity.Tutorials.Core.Editor.Tutorial>:MoveNext ()
System.Linq.Enumerable/<ExceptIterator>d__57`1<Unity.Tutorials.Core.Editor.Tutorial>:MoveNext ()
System.Linq.Enumerable:Any<Unity.Tutorials.Core.Editor.Tutorial> (System.Collections.Generic.IEnumerable`1<Unity.Tutorials.Core.Editor.Tutorial>,System.Func`2<Unity.Tutorials.Core.Editor.Tutorial, bool>)
Unity.Tutorials.Core.Editor.Tutorial:OnValidate () (at ./Library/PackageCache/com.unity.learn.iet-framework@3.1.3/Editor/Core/Tutorial.cs:338)
UnityEditor.Search.AssetIndexer:IndexProperties (int&,string&,bool&)
UnityEditor.Search.AssetIndexer:IndexDocument (string,bool)
UnityEditor.Search.SearchIndexEntryImporter:OnImportAsset (UnityEditor.AssetImporters.AssetImportContext)
UnityEditor.AssetImporters.ScriptedImporter:GenerateAssetData (UnityEditor.AssetImporters.AssetImportContext)

[./Library/PackageCache/com.unity.learn.iet-framework@3.1.3/Editor/Core/Tutorial.cs line 338]

SendMessage cannot be called during Awake, CheckConsistency, or OnValidate (Mesh: OnMeshFilterChanged)
UnityEngine.StackTraceUtility:ExtractStackTrace ()
UnityEditor.AssetDatabase:LoadAssetAtPath<Unity.Tutorials.Core.Editor.Tutorial> (string)
System.Linq.Utilities/<>c__DisplayClass2_0`3<string, string, Unity.Tutorials.Core.Editor.Tutorial>:<CombineSelectors>b__0 (string)
System.Linq.Enumerable/SelectArrayIterator`2<string, Unity.Tutorials.Core.Editor.Tutorial>:MoveNext ()
System.Linq.Enumerable/<ExceptIterator>d__57`1<Unity.Tutorials.Core.Editor.Tutorial>:MoveNext ()
System.Linq.Enumerable:Any<Unity.Tutorials.Core.Editor.Tutorial> (System.Collections.Generic.IEnumerable`1<Unity.Tutorials.Core.Editor.Tutorial>,System.Func`2<Unity.Tutorials.Core.Editor.Tutorial, bool>)
Unity.Tutorials.Core.Editor.Tutorial:OnValidate () (at ./Library/PackageCache/com.unity.learn.iet-framework@3.1.3/Editor/Core/Tutorial.cs:338)
UnityEditor.Search.AssetIndexer:IndexProperties (int&,string&,bool&)
UnityEditor.Search.AssetIndexer:IndexDocument (string,bool)
UnityEditor.Search.SearchIndexEntryImporter:OnImportAsset (UnityEditor.AssetImporters.AssetImportContext)
UnityEditor.AssetImporters.ScriptedImporter:GenerateAssetData (UnityEditor.AssetImporters.AssetImportContext)

[./Library/PackageCache/com.unity.learn.iet-framework@3.1.3/Editor/Core/Tutorial.cs line 338]

SendMessage cannot be called during Awake, CheckConsistency, or OnValidate (Mesh: OnMeshFilterChanged)
UnityEngine.StackTraceUtility:ExtractStackTrace ()
UnityEditor.AssetDatabase:LoadAssetAtPath<Unity.Tutorials.Core.Editor.Tutorial> (string)
System.Linq.Utilities/<>c__DisplayClass2_0`3<string, string, Unity.Tutorials.Core.Editor.Tutorial>:<CombineSelectors>b__0 (string)
System.Linq.Enumerable/SelectArrayIterator`2<string, Unity.Tutorials.Core.Editor.Tutorial>:MoveNext ()
System.Linq.Enumerable/<ExceptIterator>d__57`1<Unity.Tutorials.Core.Editor.Tutorial>:MoveNext ()
System.Linq.Enumerable:Any<Unity.Tutorials.Core.Editor.Tutorial> (System.Collections.Generic.IEnumerable`1<Unity.Tutorials.Core.Editor.Tutorial>,System.Func`2<Unity.Tutorials.Core.Editor.Tutorial, bool>)
Unity.Tutorials.Core.Editor.Tutorial:OnValidate () (at ./Library/PackageCache/com.unity.learn.iet-framework@3.1.3/Editor/Core/Tutorial.cs:338)
UnityEditor.Search.AssetIndexer:IndexProperties (int&,string&,bool&)
UnityEditor.Search.AssetIndexer:IndexDocument (string,bool)
UnityEditor.Search.SearchIndexEntryImporter:OnImportAsset (UnityEditor.AssetImporters.AssetImportContext)
UnityEditor.AssetImporters.ScriptedImporter:GenerateAssetData (UnityEditor.AssetImporters.AssetImportContext)

[./Library/PackageCache/com.unity.learn.iet-framework@3.1.3/Editor/Core/Tutorial.cs line 338]

SendMessage cannot be called during Awake, CheckConsistency, or OnValidate (Mesh: OnMeshFilterChanged)
UnityEngine.StackTraceUtility:ExtractStackTrace ()
UnityEditor.AssetDatabase:LoadAssetAtPath<Unity.Tutorials.Core.Editor.Tutorial> (string)
System.Linq.Utilities/<>c__DisplayClass2_0`3<string, string, Unity.Tutorials.Core.Editor.Tutorial>:<CombineSelectors>b__0 (string)
System.Linq.Enumerable/SelectArrayIterator`2<string, Unity.Tutorials.Core.Editor.Tutorial>:MoveNext ()
System.Linq.Enumerable/<ExceptIterator>d__57`1<Unity.Tutorials.Core.Editor.Tutorial>:MoveNext ()
System.Linq.Enumerable:Any<Unity.Tutorials.Core.Editor.Tutorial> (System.Collections.Generic.IEnumerable`1<Unity.Tutorials.Core.Editor.Tutorial>,System.Func`2<Unity.Tutorials.Core.Editor.Tutorial, bool>)
Unity.Tutorials.Core.Editor.Tutorial:OnValidate () (at ./Library/PackageCache/com.unity.learn.iet-framework@3.1.3/Editor/Core/Tutorial.cs:338)
UnityEditor.Search.AssetIndexer:IndexProperties (int&,string&,bool&)
UnityEditor.Search.AssetIndexer:IndexDocument (string,bool)
UnityEditor.Search.SearchIndexEntryImporter:OnImportAsset (UnityEditor.AssetImporters.AssetImportContext)
UnityEditor.AssetImporters.ScriptedImporter:GenerateAssetData (UnityEditor.AssetImporters.AssetImportContext)

[./Library/PackageCache/com.unity.learn.iet-framework@3.1.3/Editor/Core/Tutorial.cs line 338]

SendMessage cannot be called during Awake, CheckConsistency, or OnValidate (Mesh: OnMeshFilterChanged)
UnityEngine.StackTraceUtility:ExtractStackTrace ()
UnityEditor.AssetDatabase:LoadAssetAtPath<Unity.Tutorials.Core.Editor.Tutorial> (string)
System.Linq.Utilities/<>c__DisplayClass2_0`3<string, string, Unity.Tutorials.Core.Editor.Tutorial>:<CombineSelectors>b__0 (string)
System.Linq.Enumerable/SelectArrayIterator`2<string, Unity.Tutorials.Core.Editor.Tutorial>:MoveNext ()
System.Linq.Enumerable/<ExceptIterator>d__57`1<Unity.Tutorials.Core.Editor.Tutorial>:MoveNext ()
System.Linq.Enumerable:Any<Unity.Tutorials.Core.Editor.Tutorial> (System.Collections.Generic.IEnumerable`1<Unity.Tutorials.Core.Editor.Tutorial>,System.Func`2<Unity.Tutorials.Core.Editor.Tutorial, bool>)
Unity.Tutorials.Core.Editor.Tutorial:OnValidate () (at ./Library/PackageCache/com.unity.learn.iet-framework@3.1.3/Editor/Core/Tutorial.cs:338)
UnityEditor.Search.AssetIndexer:IndexProperties (int&,string&,bool&)
UnityEditor.Search.AssetIndexer:IndexDocument (string,bool)
UnityEditor.Search.SearchIndexEntryImporter:OnImportAsset (UnityEditor.AssetImporters.AssetImportContext)
UnityEditor.AssetImporters.ScriptedImporter:GenerateAssetData (UnityEditor.AssetImporters.AssetImportContext)

[./Library/PackageCache/com.unity.learn.iet-framework@3.1.3/Editor/Core/Tutorial.cs line 338]

SendMessage cannot be called during Awake, CheckConsistency, or OnValidate (Mesh: OnMeshFilterChanged)
UnityEngine.StackTraceUtility:ExtractStackTrace ()
UnityEditor.AssetDatabase:LoadAssetAtPath<Unity.Tutorials.Core.Editor.Tutorial> (string)
System.Linq.Utilities/<>c__DisplayClass2_0`3<string, string, Unity.Tutorials.Core.Editor.Tutorial>:<CombineSelectors>b__0 (string)
System.Linq.Enumerable/SelectArrayIterator`2<string, Unity.Tutorials.Core.Editor.Tutorial>:MoveNext ()
System.Linq.Enumerable/<ExceptIterator>d__57`1<Unity.Tutorials.Core.Editor.Tutorial>:MoveNext ()
System.Linq.Enumerable:Any<Unity.Tutorials.Core.Editor.Tutorial> (System.Collections.Generic.IEnumerable`1<Unity.Tutorials.Core.Editor.Tutorial>,System.Func`2<Unity.Tutorials.Core.Editor.Tutorial, bool>)
Unity.Tutorials.Core.Editor.Tutorial:OnValidate () (at ./Library/PackageCache/com.unity.learn.iet-framework@3.1.3/Editor/Core/Tutorial.cs:338)
UnityEditor.Search.AssetIndexer:IndexProperties (int&,string&,bool&)
UnityEditor.Search.AssetIndexer:IndexDocument (string,bool)
UnityEditor.Search.SearchIndexEntryImporter:OnImportAsset (UnityEditor.AssetImporters.AssetImportContext)
UnityEditor.AssetImporters.ScriptedImporter:GenerateAssetData (UnityEditor.AssetImporters.AssetImportContext)

[./Library/PackageCache/com.unity.learn.iet-framework@3.1.3/Editor/Core/Tutorial.cs line 338]

SendMessage cannot be called during Awake, CheckConsistency, or OnValidate (Mesh: OnMeshFilterChanged)
UnityEngine.StackTraceUtility:ExtractStackTrace ()
UnityEditor.AssetDatabase:LoadAssetAtPath<Unity.Tutorials.Core.Editor.Tutorial> (string)
System.Linq.Utilities/<>c__DisplayClass2_0`3<string, string, Unity.Tutorials.Core.Editor.Tutorial>:<CombineSelectors>b__0 (string)
System.Linq.Enumerable/SelectArrayIterator`2<string, Unity.Tutorials.Core.Editor.Tutorial>:MoveNext ()
System.Linq.Enumerable/<ExceptIterator>d__57`1<Unity.Tutorials.Core.Editor.Tutorial>:MoveNext ()
System.Linq.Enumerable:Any<Unity.Tutorials.Core.Editor.Tutorial> (System.Collections.Generic.IEnumerable`1<Unity.Tutorials.Core.Editor.Tutorial>,System.Func`2<Unity.Tutorials.Core.Editor.Tutorial, bool>)
Unity.Tutorials.Core.Editor.Tutorial:OnValidate () (at ./Library/PackageCache/com.unity.learn.iet-framework@3.1.3/Editor/Core/Tutorial.cs:338)
UnityEditor.Search.AssetIndexer:IndexProperties (int&,string&,bool&)
UnityEditor.Search.AssetIndexer:IndexDocument (string,bool)
UnityEditor.Search.SearchIndexEntryImporter:OnImportAsset (UnityEditor.AssetImporters.AssetImportContext)
UnityEditor.AssetImporters.ScriptedImporter:GenerateAssetData (UnityEditor.AssetImporters.AssetImportContext)

[./Library/PackageCache/com.unity.learn.iet-framework@3.1.3/Editor/Core/Tutorial.cs line 338]

SendMessage cannot be called during Awake, CheckConsistency, or OnValidate (Mesh: OnMeshFilterChanged)
UnityEngine.StackTraceUtility:ExtractStackTrace ()
UnityEditor.AssetDatabase:LoadAssetAtPath<Unity.Tutorials.Core.Editor.Tutorial> (string)
System.Linq.Utilities/<>c__DisplayClass2_0`3<string, string, Unity.Tutorials.Core.Editor.Tutorial>:<CombineSelectors>b__0 (string)
System.Linq.Enumerable/SelectArrayIterator`2<string, Unity.Tutorials.Core.Editor.Tutorial>:MoveNext ()
System.Linq.Enumerable/<ExceptIterator>d__57`1<Unity.Tutorials.Core.Editor.Tutorial>:MoveNext ()
System.Linq.Enumerable:Any<Unity.Tutorials.Core.Editor.Tutorial> (System.Collections.Generic.IEnumerable`1<Unity.Tutorials.Core.Editor.Tutorial>,System.Func`2<Unity.Tutorials.Core.Editor.Tutorial, bool>)
Unity.Tutorials.Core.Editor.Tutorial:OnValidate () (at ./Library/PackageCache/com.unity.learn.iet-framework@3.1.3/Editor/Core/Tutorial.cs:338)
UnityEditor.Search.AssetIndexer:IndexProperties (int&,string&,bool&)
UnityEditor.Search.AssetIndexer:IndexDocument (string,bool)
UnityEditor.Search.SearchIndexEntryImporter:OnImportAsset (UnityEditor.AssetImporters.AssetImportContext)
UnityEditor.AssetImporters.ScriptedImporter:GenerateAssetData (UnityEditor.AssetImporters.AssetImportContext)

[./Library/PackageCache/com.unity.learn.iet-framework@3.1.3/Editor/Core/Tutorial.cs line 338]

SendMessage cannot be called during Awake, CheckConsistency, or OnValidate (Mesh: OnMeshFilterChanged)
UnityEngine.StackTraceUtility:ExtractStackTrace ()
UnityEditor.AssetDatabase:LoadAssetAtPath<Unity.Tutorials.Core.Editor.Tutorial> (string)
System.Linq.Utilities/<>c__DisplayClass2_0`3<string, string, Unity.Tutorials.Core.Editor.Tutorial>:<CombineSelectors>b__0 (string)
System.Linq.Enumerable/SelectArrayIterator`2<string, Unity.Tutorials.Core.Editor.Tutorial>:MoveNext ()
System.Linq.Enumerable/<ExceptIterator>d__57`1<Unity.Tutorials.Core.Editor.Tutorial>:MoveNext ()
System.Linq.Enumerable:Any<Unity.Tutorials.Core.Editor.Tutorial> (System.Collections.Generic.IEnumerable`1<Unity.Tutorials.Core.Editor.Tutorial>,System.Func`2<Unity.Tutorials.Core.Editor.Tutorial, bool>)
Unity.Tutorials.Core.Editor.Tutorial:OnValidate () (at ./Library/PackageCache/com.unity.learn.iet-framework@3.1.3/Editor/Core/Tutorial.cs:338)
UnityEditor.Search.AssetIndexer:IndexProperties (int&,string&,bool&)
UnityEditor.Search.AssetIndexer:IndexDocument (string,bool)
UnityEditor.Search.SearchIndexEntryImporter:OnImportAsset (UnityEditor.AssetImporters.AssetImportContext)
UnityEditor.AssetImporters.ScriptedImporter:GenerateAssetData (UnityEditor.AssetImporters.AssetImportContext)

[./Library/PackageCache/com.unity.learn.iet-framework@3.1.3/Editor/Core/Tutorial.cs line 338]

SendMessage cannot be called during Awake, CheckConsistency, or OnValidate (Mesh: OnMeshFilterChanged)
UnityEngine.StackTraceUtility:ExtractStackTrace ()
UnityEditor.AssetDatabase:LoadAssetAtPath<Unity.Tutorials.Core.Editor.Tutorial> (string)
System.Linq.Utilities/<>c__DisplayClass2_0`3<string, string, Unity.Tutorials.Core.Editor.Tutorial>:<CombineSelectors>b__0 (string)
System.Linq.Enumerable/SelectArrayIterator`2<string, Unity.Tutorials.Core.Editor.Tutorial>:MoveNext ()
System.Linq.Enumerable/<ExceptIterator>d__57`1<Unity.Tutorials.Core.Editor.Tutorial>:MoveNext ()
System.Linq.Enumerable:Any<Unity.Tutorials.Core.Editor.Tutorial> (System.Collections.Generic.IEnumerable`1<Unity.Tutorials.Core.Editor.Tutorial>,System.Func`2<Unity.Tutorials.Core.Editor.Tutorial, bool>)
Unity.Tutorials.Core.Editor.Tutorial:OnValidate () (at ./Library/PackageCache/com.unity.learn.iet-framework@3.1.3/Editor/Core/Tutorial.cs:338)
UnityEditor.Search.AssetIndexer:IndexProperties (int&,string&,bool&)
UnityEditor.Search.AssetIndexer:IndexDocument (string,bool)
UnityEditor.Search.SearchIndexEntryImporter:OnImportAsset (UnityEditor.AssetImporters.AssetImportContext)
UnityEditor.AssetImporters.ScriptedImporter:GenerateAssetData (UnityEditor.AssetImporters.AssetImportContext)

[./Library/PackageCache/com.unity.learn.iet-framework@3.1.3/Editor/Core/Tutorial.cs line 338]

SendMessage cannot be called during Awake, CheckConsistency, or OnValidate (Mesh: OnMeshFilterChanged)
UnityEngine.StackTraceUtility:ExtractStackTrace ()
UnityEditor.AssetDatabase:LoadAssetAtPath<Unity.Tutorials.Core.Editor.Tutorial> (string)
System.Linq.Utilities/<>c__DisplayClass2_0`3<string, string, Unity.Tutorials.Core.Editor.Tutorial>:<CombineSelectors>b__0 (string)
System.Linq.Enumerable/SelectArrayIterator`2<string, Unity.Tutorials.Core.Editor.Tutorial>:MoveNext ()
System.Linq.Enumerable/<ExceptIterator>d__57`1<Unity.Tutorials.Core.Editor.Tutorial>:MoveNext ()
System.Linq.Enumerable:Any<Unity.Tutorials.Core.Editor.Tutorial> (System.Collections.Generic.IEnumerable`1<Unity.Tutorials.Core.Editor.Tutorial>,System.Func`2<Unity.Tutorials.Core.Editor.Tutorial, bool>)
Unity.Tutorials.Core.Editor.Tutorial:OnValidate () (at ./Library/PackageCache/com.unity.learn.iet-framework@3.1.3/Editor/Core/Tutorial.cs:338)
UnityEditor.Search.AssetIndexer:IndexProperties (int&,string&,bool&)
UnityEditor.Search.AssetIndexer:IndexDocument (string,bool)
UnityEditor.Search.SearchIndexEntryImporter:OnImportAsset (UnityEditor.AssetImporters.AssetImportContext)
UnityEditor.AssetImporters.ScriptedImporter:GenerateAssetData (UnityEditor.AssetImporters.AssetImportContext)

[./Library/PackageCache/com.unity.learn.iet-framework@3.1.3/Editor/Core/Tutorial.cs line 338]

SendMessage cannot be called during Awake, CheckConsistency, or OnValidate (Mesh: OnMeshFilterChanged)
UnityEngine.StackTraceUtility:ExtractStackTrace ()
UnityEditor.AssetDatabase:LoadAssetAtPath<Unity.Tutorials.Core.Editor.Tutorial> (string)
System.Linq.Utilities/<>c__DisplayClass2_0`3<string, string, Unity.Tutorials.Core.Editor.Tutorial>:<CombineSelectors>b__0 (string)
System.Linq.Enumerable/SelectArrayIterator`2<string, Unity.Tutorials.Core.Editor.Tutorial>:MoveNext ()
System.Linq.Enumerable/<ExceptIterator>d__57`1<Unity.Tutorials.Core.Editor.Tutorial>:MoveNext ()
System.Linq.Enumerable:Any<Unity.Tutorials.Core.Editor.Tutorial> (System.Collections.Generic.IEnumerable`1<Unity.Tutorials.Core.Editor.Tutorial>,System.Func`2<Unity.Tutorials.Core.Editor.Tutorial, bool>)
Unity.Tutorials.Core.Editor.Tutorial:OnValidate () (at ./Library/PackageCache/com.unity.learn.iet-framework@3.1.3/Editor/Core/Tutorial.cs:338)
UnityEditor.Search.AssetIndexer:IndexProperties (int&,string&,bool&)
UnityEditor.Search.AssetIndexer:IndexDocument (string,bool)
UnityEditor.Search.SearchIndexEntryImporter:OnImportAsset (UnityEditor.AssetImporters.AssetImportContext)
UnityEditor.AssetImporters.ScriptedImporter:GenerateAssetData (UnityEditor.AssetImporters.AssetImportContext)

[./Library/PackageCache/com.unity.learn.iet-framework@3.1.3/Editor/Core/Tutorial.cs line 338]

SendMessage cannot be called during Awake, CheckConsistency, or OnValidate (Mesh: OnMeshFilterChanged)
UnityEngine.StackTraceUtility:ExtractStackTrace ()
UnityEditor.AssetDatabase:LoadAssetAtPath<Unity.Tutorials.Core.Editor.Tutorial> (string)
System.Linq.Utilities/<>c__DisplayClass2_0`3<string, string, Unity.Tutorials.Core.Editor.Tutorial>:<CombineSelectors>b__0 (string)
System.Linq.Enumerable/SelectArrayIterator`2<string, Unity.Tutorials.Core.Editor.Tutorial>:MoveNext ()
System.Linq.Enumerable/<ExceptIterator>d__57`1<Unity.Tutorials.Core.Editor.Tutorial>:MoveNext ()
System.Linq.Enumerable:Any<Unity.Tutorials.Core.Editor.Tutorial> (System.Collections.Generic.IEnumerable`1<Unity.Tutorials.Core.Editor.Tutorial>,System.Func`2<Unity.Tutorials.Core.Editor.Tutorial, bool>)
Unity.Tutorials.Core.Editor.Tutorial:OnValidate () (at ./Library/PackageCache/com.unity.learn.iet-framework@3.1.3/Editor/Core/Tutorial.cs:338)
UnityEditor.Search.AssetIndexer:IndexProperties (int&,string&,bool&)
UnityEditor.Search.AssetIndexer:IndexDocument (string,bool)
UnityEditor.Search.SearchIndexEntryImporter:OnImportAsset (UnityEditor.AssetImporters.AssetImportContext)
UnityEditor.AssetImporters.ScriptedImporter:GenerateAssetData (UnityEditor.AssetImporters.AssetImportContext)

[./Library/PackageCache/com.unity.learn.iet-framework@3.1.3/Editor/Core/Tutorial.cs line 338]

SendMessage cannot be called during Awake, CheckConsistency, or OnValidate (Mesh: OnMeshFilterChanged)
UnityEngine.StackTraceUtility:ExtractStackTrace ()
UnityEditor.AssetDatabase:LoadAssetAtPath<Unity.Tutorials.Core.Editor.Tutorial> (string)
System.Linq.Utilities/<>c__DisplayClass2_0`3<string, string, Unity.Tutorials.Core.Editor.Tutorial>:<CombineSelectors>b__0 (string)
System.Linq.Enumerable/SelectArrayIterator`2<string, Unity.Tutorials.Core.Editor.Tutorial>:MoveNext ()
System.Linq.Enumerable/<ExceptIterator>d__57`1<Unity.Tutorials.Core.Editor.Tutorial>:MoveNext ()
System.Linq.Enumerable:Any<Unity.Tutorials.Core.Editor.Tutorial> (System.Collections.Generic.IEnumerable`1<Unity.Tutorials.Core.Editor.Tutorial>,System.Func`2<Unity.Tutorials.Core.Editor.Tutorial, bool>)
Unity.Tutorials.Core.Editor.Tutorial:OnValidate () (at ./Library/PackageCache/com.unity.learn.iet-framework@3.1.3/Editor/Core/Tutorial.cs:338)
UnityEditor.Search.AssetIndexer:IndexProperties (int&,string&,bool&)
UnityEditor.Search.AssetIndexer:IndexDocument (string,bool)
UnityEditor.Search.SearchIndexEntryImporter:OnImportAsset (UnityEditor.AssetImporters.AssetImportContext)
UnityEditor.AssetImporters.ScriptedImporter:GenerateAssetData (UnityEditor.AssetImporters.AssetImportContext)

[./Library/PackageCache/com.unity.learn.iet-framework@3.1.3/Editor/Core/Tutorial.cs line 338]

SendMessage cannot be called during Awake, CheckConsistency, or OnValidate (Mesh: OnMeshFilterChanged)
UnityEngine.StackTraceUtility:ExtractStackTrace ()
UnityEditor.AssetDatabase:LoadAssetAtPath<Unity.Tutorials.Core.Editor.Tutorial> (string)
System.Linq.Utilities/<>c__DisplayClass2_0`3<string, string, Unity.Tutorials.Core.Editor.Tutorial>:<CombineSelectors>b__0 (string)
System.Linq.Enumerable/SelectArrayIterator`2<string, Unity.Tutorials.Core.Editor.Tutorial>:MoveNext ()
System.Linq.Enumerable/<ExceptIterator>d__57`1<Unity.Tutorials.Core.Editor.Tutorial>:MoveNext ()
System.Linq.Enumerable:Any<Unity.Tutorials.Core.Editor.Tutorial> (System.Collections.Generic.IEnumerable`1<Unity.Tutorials.Core.Editor.Tutorial>,System.Func`2<Unity.Tutorials.Core.Editor.Tutorial, bool>)
Unity.Tutorials.Core.Editor.Tutorial:OnValidate () (at ./Library/PackageCache/com.unity.learn.iet-framework@3.1.3/Editor/Core/Tutorial.cs:338)
UnityEditor.Search.AssetIndexer:IndexProperties (int&,string&,bool&)
UnityEditor.Search.AssetIndexer:IndexDocument (string,bool)
UnityEditor.Search.SearchIndexEntryImporter:OnImportAsset (UnityEditor.AssetImporters.AssetImportContext)
UnityEditor.AssetImporters.ScriptedImporter:GenerateAssetData (UnityEditor.AssetImporters.AssetImportContext)

[./Library/PackageCache/com.unity.learn.iet-framework@3.1.3/Editor/Core/Tutorial.cs line 338]

SendMessage cannot be called during Awake, CheckConsistency, or OnValidate (Mesh: OnMeshFilterChanged)
UnityEngine.StackTraceUtility:ExtractStackTrace ()
UnityEditor.AssetDatabase:LoadAssetAtPath<Unity.Tutorials.Core.Editor.Tutorial> (string)
System.Linq.Utilities/<>c__DisplayClass2_0`3<string, string, Unity.Tutorials.Core.Editor.Tutorial>:<CombineSelectors>b__0 (string)
System.Linq.Enumerable/SelectArrayIterator`2<string, Unity.Tutorials.Core.Editor.Tutorial>:MoveNext ()
System.Linq.Enumerable/<ExceptIterator>d__57`1<Unity.Tutorials.Core.Editor.Tutorial>:MoveNext ()
System.Linq.Enumerable:Any<Unity.Tutorials.Core.Editor.Tutorial> (System.Collections.Generic.IEnumerable`1<Unity.Tutorials.Core.Editor.Tutorial>,System.Func`2<Unity.Tutorials.Core.Editor.Tutorial, bool>)
Unity.Tutorials.Core.Editor.Tutorial:OnValidate () (at ./Library/PackageCache/com.unity.learn.iet-framework@3.1.3/Editor/Core/Tutorial.cs:338)
UnityEditor.Search.AssetIndexer:IndexProperties (int&,string&,bool&)
UnityEditor.Search.AssetIndexer:IndexDocument (string,bool)
UnityEditor.Search.SearchIndexEntryImporter:OnImportAsset (UnityEditor.AssetImporters.AssetImportContext)
UnityEditor.AssetImporters.ScriptedImporter:GenerateAssetData (UnityEditor.AssetImporters.AssetImportContext)

[./Library/PackageCache/com.unity.learn.iet-framework@3.1.3/Editor/Core/Tutorial.cs line 338]

SendMessage cannot be called during Awake, CheckConsistency, or OnValidate (Mesh: OnMeshFilterChanged)
UnityEngine.StackTraceUtility:ExtractStackTrace ()
UnityEditor.AssetDatabase:LoadAssetAtPath<Unity.Tutorials.Core.Editor.Tutorial> (string)
System.Linq.Utilities/<>c__DisplayClass2_0`3<string, string, Unity.Tutorials.Core.Editor.Tutorial>:<CombineSelectors>b__0 (string)
System.Linq.Enumerable/SelectArrayIterator`2<string, Unity.Tutorials.Core.Editor.Tutorial>:MoveNext ()
System.Linq.Enumerable/<ExceptIterator>d__57`1<Unity.Tutorials.Core.Editor.Tutorial>:MoveNext ()
System.Linq.Enumerable:Any<Unity.Tutorials.Core.Editor.Tutorial> (System.Collections.Generic.IEnumerable`1<Unity.Tutorials.Core.Editor.Tutorial>,System.Func`2<Unity.Tutorials.Core.Editor.Tutorial, bool>)
Unity.Tutorials.Core.Editor.Tutorial:OnValidate () (at ./Library/PackageCache/com.unity.learn.iet-framework@3.1.3/Editor/Core/Tutorial.cs:338)
UnityEditor.Search.AssetIndexer:IndexProperties (int&,string&,bool&)
UnityEditor.Search.AssetIndexer:IndexDocument (string,bool)
UnityEditor.Search.SearchIndexEntryImporter:OnImportAsset (UnityEditor.AssetImporters.AssetImportContext)
UnityEditor.AssetImporters.ScriptedImporter:GenerateAssetData (UnityEditor.AssetImporters.AssetImportContext)

[./Library/PackageCache/com.unity.learn.iet-framework@3.1.3/Editor/Core/Tutorial.cs line 338]

SendMessage cannot be called during Awake, CheckConsistency, or OnValidate (Mesh: OnMeshFilterChanged)
UnityEngine.StackTraceUtility:ExtractStackTrace ()
UnityEditor.AssetDatabase:LoadAssetAtPath<Unity.Tutorials.Core.Editor.Tutorial> (string)
System.Linq.Utilities/<>c__DisplayClass2_0`3<string, string, Unity.Tutorials.Core.Editor.Tutorial>:<CombineSelectors>b__0 (string)
System.Linq.Enumerable/SelectArrayIterator`2<string, Unity.Tutorials.Core.Editor.Tutorial>:MoveNext ()
System.Linq.Enumerable/<ExceptIterator>d__57`1<Unity.Tutorials.Core.Editor.Tutorial>:MoveNext ()
System.Linq.Enumerable:Any<Unity.Tutorials.Core.Editor.Tutorial> (System.Collections.Generic.IEnumerable`1<Unity.Tutorials.Core.Editor.Tutorial>,System.Func`2<Unity.Tutorials.Core.Editor.Tutorial, bool>)
Unity.Tutorials.Core.Editor.Tutorial:OnValidate () (at ./Library/PackageCache/com.unity.learn.iet-framework@3.1.3/Editor/Core/Tutorial.cs:338)
UnityEditor.Search.AssetIndexer:IndexProperties (int&,string&,bool&)
UnityEditor.Search.AssetIndexer:IndexDocument (string,bool)
UnityEditor.Search.SearchIndexEntryImporter:OnImportAsset (UnityEditor.AssetImporters.AssetImportContext)
UnityEditor.AssetImporters.ScriptedImporter:GenerateAssetData (UnityEditor.AssetImporters.AssetImportContext)

[./Library/PackageCache/com.unity.learn.iet-framework@3.1.3/Editor/Core/Tutorial.cs line 338]

SendMessage cannot be called during Awake, CheckConsistency, or OnValidate (Mesh: OnMeshFilterChanged)
UnityEngine.StackTraceUtility:ExtractStackTrace ()
UnityEditor.AssetDatabase:LoadAssetAtPath<Unity.Tutorials.Core.Editor.Tutorial> (string)
System.Linq.Utilities/<>c__DisplayClass2_0`3<string, string, Unity.Tutorials.Core.Editor.Tutorial>:<CombineSelectors>b__0 (string)
System.Linq.Enumerable/SelectArrayIterator`2<string, Unity.Tutorials.Core.Editor.Tutorial>:MoveNext ()
System.Linq.Enumerable/<ExceptIterator>d__57`1<Unity.Tutorials.Core.Editor.Tutorial>:MoveNext ()
System.Linq.Enumerable:Any<Unity.Tutorials.Core.Editor.Tutorial> (System.Collections.Generic.IEnumerable`1<Unity.Tutorials.Core.Editor.Tutorial>,System.Func`2<Unity.Tutorials.Core.Editor.Tutorial, bool>)
Unity.Tutorials.Core.Editor.Tutorial:OnValidate () (at ./Library/PackageCache/com.unity.learn.iet-framework@3.1.3/Editor/Core/Tutorial.cs:338)
UnityEditor.Search.AssetIndexer:IndexProperties (int&,string&,bool&)
UnityEditor.Search.AssetIndexer:IndexDocument (string,bool)
UnityEditor.Search.SearchIndexEntryImporter:OnImportAsset (UnityEditor.AssetImporters.AssetImportContext)
UnityEditor.AssetImporters.ScriptedImporter:GenerateAssetData (UnityEditor.AssetImporters.AssetImportContext)

[./Library/PackageCache/com.unity.learn.iet-framework@3.1.3/Editor/Core/Tutorial.cs line 338]

SendMessage cannot be called during Awake, CheckConsistency, or OnValidate (Mesh: OnMeshFilterChanged)
UnityEngine.StackTraceUtility:ExtractStackTrace ()
UnityEditor.AssetDatabase:LoadAssetAtPath<Unity.Tutorials.Core.Editor.Tutorial> (string)
System.Linq.Utilities/<>c__DisplayClass2_0`3<string, string, Unity.Tutorials.Core.Editor.Tutorial>:<CombineSelectors>b__0 (string)
System.Linq.Enumerable/SelectArrayIterator`2<string, Unity.Tutorials.Core.Editor.Tutorial>:MoveNext ()
System.Linq.Enumerable/<ExceptIterator>d__57`1<Unity.Tutorials.Core.Editor.Tutorial>:MoveNext ()
System.Linq.Enumerable:Any<Unity.Tutorials.Core.Editor.Tutorial> (System.Collections.Generic.IEnumerable`1<Unity.Tutorials.Core.Editor.Tutorial>,System.Func`2<Unity.Tutorials.Core.Editor.Tutorial, bool>)
Unity.Tutorials.Core.Editor.Tutorial:OnValidate () (at ./Library/PackageCache/com.unity.learn.iet-framework@3.1.3/Editor/Core/Tutorial.cs:338)
UnityEditor.Search.AssetIndexer:IndexProperties (int&,string&,bool&)
UnityEditor.Search.AssetIndexer:IndexDocument (string,bool)
UnityEditor.Search.SearchIndexEntryImporter:OnImportAsset (UnityEditor.AssetImporters.AssetImportContext)
UnityEditor.AssetImporters.ScriptedImporter:GenerateAssetData (UnityEditor.AssetImporters.AssetImportContext)

[./Library/PackageCache/com.unity.learn.iet-framework@3.1.3/Editor/Core/Tutorial.cs line 338]

SendMessage cannot be called during Awake, CheckConsistency, or OnValidate (Mesh: OnMeshFilterChanged)
UnityEngine.StackTraceUtility:ExtractStackTrace ()
UnityEditor.AssetDatabase:LoadAssetAtPath<Unity.Tutorials.Core.Editor.Tutorial> (string)
System.Linq.Utilities/<>c__DisplayClass2_0`3<string, string, Unity.Tutorials.Core.Editor.Tutorial>:<CombineSelectors>b__0 (string)
System.Linq.Enumerable/SelectArrayIterator`2<string, Unity.Tutorials.Core.Editor.Tutorial>:MoveNext ()
System.Linq.Enumerable/<ExceptIterator>d__57`1<Unity.Tutorials.Core.Editor.Tutorial>:MoveNext ()
System.Linq.Enumerable:Any<Unity.Tutorials.Core.Editor.Tutorial> (System.Collections.Generic.IEnumerable`1<Unity.Tutorials.Core.Editor.Tutorial>,System.Func`2<Unity.Tutorials.Core.Editor.Tutorial, bool>)
Unity.Tutorials.Core.Editor.Tutorial:OnValidate () (at ./Library/PackageCache/com.unity.learn.iet-framework@3.1.3/Editor/Core/Tutorial.cs:338)
UnityEditor.Search.AssetIndexer:IndexProperties (int&,string&,bool&)
UnityEditor.Search.AssetIndexer:IndexDocument (string,bool)
UnityEditor.Search.SearchIndexEntryImporter:OnImportAsset (UnityEditor.AssetImporters.AssetImportContext)
UnityEditor.AssetImporters.ScriptedImporter:GenerateAssetData (UnityEditor.AssetImporters.AssetImportContext)

[./Library/PackageCache/com.unity.learn.iet-framework@3.1.3/Editor/Core/Tutorial.cs line 338]

SendMessage cannot be called during Awake, CheckConsistency, or OnValidate (Mesh: OnMeshFilterChanged)
UnityEngine.StackTraceUtility:ExtractStackTrace ()
UnityEditor.AssetDatabase:LoadAssetAtPath<Unity.Tutorials.Core.Editor.Tutorial> (string)
System.Linq.Utilities/<>c__DisplayClass2_0`3<string, string, Unity.Tutorials.Core.Editor.Tutorial>:<CombineSelectors>b__0 (string)
System.Linq.Enumerable/SelectArrayIterator`2<string, Unity.Tutorials.Core.Editor.Tutorial>:MoveNext ()
System.Linq.Enumerable/<ExceptIterator>d__57`1<Unity.Tutorials.Core.Editor.Tutorial>:MoveNext ()
System.Linq.Enumerable:Any<Unity.Tutorials.Core.Editor.Tutorial> (System.Collections.Generic.IEnumerable`1<Unity.Tutorials.Core.Editor.Tutorial>,System.Func`2<Unity.Tutorials.Core.Editor.Tutorial, bool>)
Unity.Tutorials.Core.Editor.Tutorial:OnValidate () (at ./Library/PackageCache/com.unity.learn.iet-framework@3.1.3/Editor/Core/Tutorial.cs:338)
UnityEditor.Search.AssetIndexer:IndexProperties (int&,string&,bool&)
UnityEditor.Search.AssetIndexer:IndexDocument (string,bool)
UnityEditor.Search.SearchIndexEntryImporter:OnImportAsset (UnityEditor.AssetImporters.AssetImportContext)
UnityEditor.AssetImporters.ScriptedImporter:GenerateAssetData (UnityEditor.AssetImporters.AssetImportContext)

[./Library/PackageCache/com.unity.learn.iet-framework@3.1.3/Editor/Core/Tutorial.cs line 338]

SendMessage cannot be called during Awake, CheckConsistency, or OnValidate (Mesh: OnMeshFilterChanged)
UnityEngine.StackTraceUtility:ExtractStackTrace ()
UnityEditor.AssetDatabase:LoadAssetAtPath<Unity.Tutorials.Core.Editor.Tutorial> (string)
System.Linq.Utilities/<>c__DisplayClass2_0`3<string, string, Unity.Tutorials.Core.Editor.Tutorial>:<CombineSelectors>b__0 (string)
System.Linq.Enumerable/SelectArrayIterator`2<string, Unity.Tutorials.Core.Editor.Tutorial>:MoveNext ()
System.Linq.Enumerable/<ExceptIterator>d__57`1<Unity.Tutorials.Core.Editor.Tutorial>:MoveNext ()
System.Linq.Enumerable:Any<Unity.Tutorials.Core.Editor.Tutorial> (System.Collections.Generic.IEnumerable`1<Unity.Tutorials.Core.Editor.Tutorial>,System.Func`2<Unity.Tutorials.Core.Editor.Tutorial, bool>)
Unity.Tutorials.Core.Editor.Tutorial:OnValidate () (at ./Library/PackageCache/com.unity.learn.iet-framework@3.1.3/Editor/Core/Tutorial.cs:338)
UnityEditor.Search.AssetIndexer:IndexProperties (int&,string&,bool&)
UnityEditor.Search.AssetIndexer:IndexDocument (string,bool)
UnityEditor.Search.SearchIndexEntryImporter:OnImportAsset (UnityEditor.AssetImporters.AssetImportContext)
UnityEditor.AssetImporters.ScriptedImporter:GenerateAssetData (UnityEditor.AssetImporters.AssetImportContext)

[./Library/PackageCache/com.unity.learn.iet-framework@3.1.3/Editor/Core/Tutorial.cs line 338]

SendMessage cannot be called during Awake, CheckConsistency, or OnValidate (Mesh: OnMeshFilterChanged)
UnityEngine.StackTraceUtility:ExtractStackTrace ()
UnityEditor.AssetDatabase:LoadAssetAtPath<Unity.Tutorials.Core.Editor.Tutorial> (string)
System.Linq.Utilities/<>c__DisplayClass2_0`3<string, string, Unity.Tutorials.Core.Editor.Tutorial>:<CombineSelectors>b__0 (string)
System.Linq.Enumerable/SelectArrayIterator`2<string, Unity.Tutorials.Core.Editor.Tutorial>:MoveNext ()
System.Linq.Enumerable/<ExceptIterator>d__57`1<Unity.Tutorials.Core.Editor.Tutorial>:MoveNext ()
System.Linq.Enumerable:Any<Unity.Tutorials.Core.Editor.Tutorial> (System.Collections.Generic.IEnumerable`1<Unity.Tutorials.Core.Editor.Tutorial>,System.Func`2<Unity.Tutorials.Core.Editor.Tutorial, bool>)
Unity.Tutorials.Core.Editor.Tutorial:OnValidate () (at ./Library/PackageCache/com.unity.learn.iet-framework@3.1.3/Editor/Core/Tutorial.cs:338)
UnityEditor.Search.AssetIndexer:IndexProperties (int&,string&,bool&)
UnityEditor.Search.AssetIndexer:IndexDocument (string,bool)
UnityEditor.Search.SearchIndexEntryImporter:OnImportAsset (UnityEditor.AssetImporters.AssetImportContext)
UnityEditor.AssetImporters.ScriptedImporter:GenerateAssetData (UnityEditor.AssetImporters.AssetImportContext)

[./Library/PackageCache/com.unity.learn.iet-framework@3.1.3/Editor/Core/Tutorial.cs line 338]

SendMessage cannot be called during Awake, CheckConsistency, or OnValidate (Mesh: OnMeshFilterChanged)
UnityEngine.StackTraceUtility:ExtractStackTrace ()
UnityEditor.AssetDatabase:LoadAssetAtPath<Unity.Tutorials.Core.Editor.Tutorial> (string)
System.Linq.Utilities/<>c__DisplayClass2_0`3<string, string, Unity.Tutorials.Core.Editor.Tutorial>:<CombineSelectors>b__0 (string)
System.Linq.Enumerable/SelectArrayIterator`2<string, Unity.Tutorials.Core.Editor.Tutorial>:MoveNext ()
System.Linq.Enumerable/<ExceptIterator>d__57`1<Unity.Tutorials.Core.Editor.Tutorial>:MoveNext ()
System.Linq.Enumerable:Any<Unity.Tutorials.Core.Editor.Tutorial> (System.Collections.Generic.IEnumerable`1<Unity.Tutorials.Core.Editor.Tutorial>,System.Func`2<Unity.Tutorials.Core.Editor.Tutorial, bool>)
Unity.Tutorials.Core.Editor.Tutorial:OnValidate () (at ./Library/PackageCache/com.unity.learn.iet-framework@3.1.3/Editor/Core/Tutorial.cs:338)
UnityEditor.Search.AssetIndexer:IndexProperties (int&,string&,bool&)
UnityEditor.Search.AssetIndexer:IndexDocument (string,bool)
UnityEditor.Search.SearchIndexEntryImporter:OnImportAsset (UnityEditor.AssetImporters.AssetImportContext)
UnityEditor.AssetImporters.ScriptedImporter:GenerateAssetData (UnityEditor.AssetImporters.AssetImportContext)

[./Library/PackageCache/com.unity.learn.iet-framework@3.1.3/Editor/Core/Tutorial.cs line 338]

SendMessage cannot be called during Awake, CheckConsistency, or OnValidate (Mesh: OnMeshFilterChanged)
UnityEngine.StackTraceUtility:ExtractStackTrace ()
UnityEditor.AssetDatabase:LoadAssetAtPath<Unity.Tutorials.Core.Editor.Tutorial> (string)
System.Linq.Utilities/<>c__DisplayClass2_0`3<string, string, Unity.Tutorials.Core.Editor.Tutorial>:<CombineSelectors>b__0 (string)
System.Linq.Enumerable/SelectArrayIterator`2<string, Unity.Tutorials.Core.Editor.Tutorial>:MoveNext ()
System.Linq.Enumerable/<ExceptIterator>d__57`1<Unity.Tutorials.Core.Editor.Tutorial>:MoveNext ()
System.Linq.Enumerable:Any<Unity.Tutorials.Core.Editor.Tutorial> (System.Collections.Generic.IEnumerable`1<Unity.Tutorials.Core.Editor.Tutorial>,System.Func`2<Unity.Tutorials.Core.Editor.Tutorial, bool>)
Unity.Tutorials.Core.Editor.Tutorial:OnValidate () (at ./Library/PackageCache/com.unity.learn.iet-framework@3.1.3/Editor/Core/Tutorial.cs:338)
UnityEditor.Search.AssetIndexer:IndexProperties (int&,string&,bool&)
UnityEditor.Search.AssetIndexer:IndexDocument (string,bool)
UnityEditor.Search.SearchIndexEntryImporter:OnImportAsset (UnityEditor.AssetImporters.AssetImportContext)
UnityEditor.AssetImporters.ScriptedImporter:GenerateAssetData (UnityEditor.AssetImporters.AssetImportContext)

[./Library/PackageCache/com.unity.learn.iet-framework@3.1.3/Editor/Core/Tutorial.cs line 338]

SendMessage cannot be called during Awake, CheckConsistency, or OnValidate (Mesh: OnMeshFilterChanged)
UnityEngine.StackTraceUtility:ExtractStackTrace ()
UnityEditor.AssetDatabase:LoadAssetAtPath<Unity.Tutorials.Core.Editor.Tutorial> (string)
System.Linq.Utilities/<>c__DisplayClass2_0`3<string, string, Unity.Tutorials.Core.Editor.Tutorial>:<CombineSelectors>b__0 (string)
System.Linq.Enumerable/SelectArrayIterator`2<string, Unity.Tutorials.Core.Editor.Tutorial>:MoveNext ()
System.Linq.Enumerable/<ExceptIterator>d__57`1<Unity.Tutorials.Core.Editor.Tutorial>:MoveNext ()
System.Linq.Enumerable:Any<Unity.Tutorials.Core.Editor.Tutorial> (System.Collections.Generic.IEnumerable`1<Unity.Tutorials.Core.Editor.Tutorial>,System.Func`2<Unity.Tutorials.Core.Editor.Tutorial, bool>)
Unity.Tutorials.Core.Editor.Tutorial:OnValidate () (at ./Library/PackageCache/com.unity.learn.iet-framework@3.1.3/Editor/Core/Tutorial.cs:338)
UnityEditor.Search.AssetIndexer:IndexProperties (int&,string&,bool&)
UnityEditor.Search.AssetIndexer:IndexDocument (string,bool)
UnityEditor.Search.SearchIndexEntryImporter:OnImportAsset (UnityEditor.AssetImporters.AssetImportContext)
UnityEditor.AssetImporters.ScriptedImporter:GenerateAssetData (UnityEditor.AssetImporters.AssetImportContext)

[./Library/PackageCache/com.unity.learn.iet-framework@3.1.3/Editor/Core/Tutorial.cs line 338]

SendMessage cannot be called during Awake, CheckConsistency, or OnValidate (Mesh: OnMeshFilterChanged)
UnityEngine.StackTraceUtility:ExtractStackTrace ()
UnityEditor.AssetDatabase:LoadAssetAtPath<Unity.Tutorials.Core.Editor.Tutorial> (string)
System.Linq.Utilities/<>c__DisplayClass2_0`3<string, string, Unity.Tutorials.Core.Editor.Tutorial>:<CombineSelectors>b__0 (string)
System.Linq.Enumerable/SelectArrayIterator`2<string, Unity.Tutorials.Core.Editor.Tutorial>:MoveNext ()
System.Linq.Enumerable/<ExceptIterator>d__57`1<Unity.Tutorials.Core.Editor.Tutorial>:MoveNext ()
System.Linq.Enumerable:Any<Unity.Tutorials.Core.Editor.Tutorial> (System.Collections.Generic.IEnumerable`1<Unity.Tutorials.Core.Editor.Tutorial>,System.Func`2<Unity.Tutorials.Core.Editor.Tutorial, bool>)
Unity.Tutorials.Core.Editor.Tutorial:OnValidate () (at ./Library/PackageCache/com.unity.learn.iet-framework@3.1.3/Editor/Core/Tutorial.cs:338)
UnityEditor.Search.AssetIndexer:IndexProperties (int&,string&,bool&)
UnityEditor.Search.AssetIndexer:IndexDocument (string,bool)
UnityEditor.Search.SearchIndexEntryImporter:OnImportAsset (UnityEditor.AssetImporters.AssetImportContext)
UnityEditor.AssetImporters.ScriptedImporter:GenerateAssetData (UnityEditor.AssetImporters.AssetImportContext)

[./Library/PackageCache/com.unity.learn.iet-framework@3.1.3/Editor/Core/Tutorial.cs line 338]

SendMessage cannot be called during Awake, CheckConsistency, or OnValidate (Mesh: OnMeshFilterChanged)
UnityEngine.StackTraceUtility:ExtractStackTrace ()
UnityEditor.AssetDatabase:LoadAssetAtPath<Unity.Tutorials.Core.Editor.Tutorial> (string)
System.Linq.Utilities/<>c__DisplayClass2_0`3<string, string, Unity.Tutorials.Core.Editor.Tutorial>:<CombineSelectors>b__0 (string)
System.Linq.Enumerable/SelectArrayIterator`2<string, Unity.Tutorials.Core.Editor.Tutorial>:MoveNext ()
System.Linq.Enumerable/<ExceptIterator>d__57`1<Unity.Tutorials.Core.Editor.Tutorial>:MoveNext ()
System.Linq.Enumerable:Any<Unity.Tutorials.Core.Editor.Tutorial> (System.Collections.Generic.IEnumerable`1<Unity.Tutorials.Core.Editor.Tutorial>,System.Func`2<Unity.Tutorials.Core.Editor.Tutorial, bool>)
Unity.Tutorials.Core.Editor.Tutorial:OnValidate () (at ./Library/PackageCache/com.unity.learn.iet-framework@3.1.3/Editor/Core/Tutorial.cs:338)
UnityEditor.Search.AssetIndexer:IndexProperties (int&,string&,bool&)
UnityEditor.Search.AssetIndexer:IndexDocument (string,bool)
UnityEditor.Search.SearchIndexEntryImporter:OnImportAsset (UnityEditor.AssetImporters.AssetImportContext)
UnityEditor.AssetImporters.ScriptedImporter:GenerateAssetData (UnityEditor.AssetImporters.AssetImportContext)

[./Library/PackageCache/com.unity.learn.iet-framework@3.1.3/Editor/Core/Tutorial.cs line 338]

SendMessage cannot be called during Awake, CheckConsistency, or OnValidate (Mesh: OnMeshFilterChanged)
UnityEngine.StackTraceUtility:ExtractStackTrace ()
UnityEditor.AssetDatabase:LoadAssetAtPath<Unity.Tutorials.Core.Editor.Tutorial> (string)
System.Linq.Utilities/<>c__DisplayClass2_0`3<string, string, Unity.Tutorials.Core.Editor.Tutorial>:<CombineSelectors>b__0 (string)
System.Linq.Enumerable/SelectArrayIterator`2<string, Unity.Tutorials.Core.Editor.Tutorial>:MoveNext ()
System.Linq.Enumerable/<ExceptIterator>d__57`1<Unity.Tutorials.Core.Editor.Tutorial>:MoveNext ()
System.Linq.Enumerable:Any<Unity.Tutorials.Core.Editor.Tutorial> (System.Collections.Generic.IEnumerable`1<Unity.Tutorials.Core.Editor.Tutorial>,System.Func`2<Unity.Tutorials.Core.Editor.Tutorial, bool>)
Unity.Tutorials.Core.Editor.Tutorial:OnValidate () (at ./Library/PackageCache/com.unity.learn.iet-framework@3.1.3/Editor/Core/Tutorial.cs:338)
UnityEditor.Search.AssetIndexer:IndexProperties (int&,string&,bool&)
UnityEditor.Search.AssetIndexer:IndexDocument (string,bool)
UnityEditor.Search.SearchIndexEntryImporter:OnImportAsset (UnityEditor.AssetImporters.AssetImportContext)
UnityEditor.AssetImporters.ScriptedImporter:GenerateAssetData (UnityEditor.AssetImporters.AssetImportContext)

[./Library/PackageCache/com.unity.learn.iet-framework@3.1.3/Editor/Core/Tutorial.cs line 338]

SendMessage cannot be called during Awake, CheckConsistency, or OnValidate (Mesh: OnMeshFilterChanged)
UnityEngine.StackTraceUtility:ExtractStackTrace ()
UnityEditor.AssetDatabase:LoadAssetAtPath<Unity.Tutorials.Core.Editor.Tutorial> (string)
System.Linq.Utilities/<>c__DisplayClass2_0`3<string, string, Unity.Tutorials.Core.Editor.Tutorial>:<CombineSelectors>b__0 (string)
System.Linq.Enumerable/SelectArrayIterator`2<string, Unity.Tutorials.Core.Editor.Tutorial>:MoveNext ()
System.Linq.Enumerable/<ExceptIterator>d__57`1<Unity.Tutorials.Core.Editor.Tutorial>:MoveNext ()
System.Linq.Enumerable:Any<Unity.Tutorials.Core.Editor.Tutorial> (System.Collections.Generic.IEnumerable`1<Unity.Tutorials.Core.Editor.Tutorial>,System.Func`2<Unity.Tutorials.Core.Editor.Tutorial, bool>)
Unity.Tutorials.Core.Editor.Tutorial:OnValidate () (at ./Library/PackageCache/com.unity.learn.iet-framework@3.1.3/Editor/Core/Tutorial.cs:338)
UnityEditor.Search.AssetIndexer:IndexProperties (int&,string&,bool&)
UnityEditor.Search.AssetIndexer:IndexDocument (string,bool)
UnityEditor.Search.SearchIndexEntryImporter:OnImportAsset (UnityEditor.AssetImporters.AssetImportContext)
UnityEditor.AssetImporters.ScriptedImporter:GenerateAssetData (UnityEditor.AssetImporters.AssetImportContext)

[./Library/PackageCache/com.unity.learn.iet-framework@3.1.3/Editor/Core/Tutorial.cs line 338]

SendMessage cannot be called during Awake, CheckConsistency, or OnValidate (Mesh: OnMeshFilterChanged)
UnityEngine.StackTraceUtility:ExtractStackTrace ()
UnityEditor.AssetDatabase:LoadAssetAtPath<Unity.Tutorials.Core.Editor.Tutorial> (string)
System.Linq.Utilities/<>c__DisplayClass2_0`3<string, string, Unity.Tutorials.Core.Editor.Tutorial>:<CombineSelectors>b__0 (string)
System.Linq.Enumerable/SelectArrayIterator`2<string, Unity.Tutorials.Core.Editor.Tutorial>:MoveNext ()
System.Linq.Enumerable/<ExceptIterator>d__57`1<Unity.Tutorials.Core.Editor.Tutorial>:MoveNext ()
System.Linq.Enumerable:Any<Unity.Tutorials.Core.Editor.Tutorial> (System.Collections.Generic.IEnumerable`1<Unity.Tutorials.Core.Editor.Tutorial>,System.Func`2<Unity.Tutorials.Core.Editor.Tutorial, bool>)
Unity.Tutorials.Core.Editor.Tutorial:OnValidate () (at ./Library/PackageCache/com.unity.learn.iet-framework@3.1.3/Editor/Core/Tutorial.cs:338)
UnityEditor.Search.AssetIndexer:IndexProperties (int&,string&,bool&)
UnityEditor.Search.AssetIndexer:IndexDocument (string,bool)
UnityEditor.Search.SearchIndexEntryImporter:OnImportAsset (UnityEditor.AssetImporters.AssetImportContext)
UnityEditor.AssetImporters.ScriptedImporter:GenerateAssetData (UnityEditor.AssetImporters.AssetImportContext)

[./Library/PackageCache/com.unity.learn.iet-framework@3.1.3/Editor/Core/Tutorial.cs line 338]

SendMessage cannot be called during Awake, CheckConsistency, or OnValidate (Mesh: OnMeshFilterChanged)
UnityEngine.StackTraceUtility:ExtractStackTrace ()
UnityEditor.AssetDatabase:LoadAssetAtPath<Unity.Tutorials.Core.Editor.Tutorial> (string)
System.Linq.Utilities/<>c__DisplayClass2_0`3<string, string, Unity.Tutorials.Core.Editor.Tutorial>:<CombineSelectors>b__0 (string)
System.Linq.Enumerable/SelectArrayIterator`2<string, Unity.Tutorials.Core.Editor.Tutorial>:MoveNext ()
System.Linq.Enumerable/<ExceptIterator>d__57`1<Unity.Tutorials.Core.Editor.Tutorial>:MoveNext ()
System.Linq.Enumerable:Any<Unity.Tutorials.Core.Editor.Tutorial> (System.Collections.Generic.IEnumerable`1<Unity.Tutorials.Core.Editor.Tutorial>,System.Func`2<Unity.Tutorials.Core.Editor.Tutorial, bool>)
Unity.Tutorials.Core.Editor.Tutorial:OnValidate () (at ./Library/PackageCache/com.unity.learn.iet-framework@3.1.3/Editor/Core/Tutorial.cs:338)
UnityEditor.Search.AssetIndexer:IndexProperties (int&,string&,bool&)
UnityEditor.Search.AssetIndexer:IndexDocument (string,bool)
UnityEditor.Search.SearchIndexEntryImporter:OnImportAsset (UnityEditor.AssetImporters.AssetImportContext)
UnityEditor.AssetImporters.ScriptedImporter:GenerateAssetData (UnityEditor.AssetImporters.AssetImportContext)

[./Library/PackageCache/com.unity.learn.iet-framework@3.1.3/Editor/Core/Tutorial.cs line 338]

SendMessage cannot be called during Awake, CheckConsistency, or OnValidate (Mesh: OnMeshFilterChanged)
UnityEngine.StackTraceUtility:ExtractStackTrace ()
UnityEditor.AssetDatabase:LoadAssetAtPath<Unity.Tutorials.Core.Editor.Tutorial> (string)
System.Linq.Utilities/<>c__DisplayClass2_0`3<string, string, Unity.Tutorials.Core.Editor.Tutorial>:<CombineSelectors>b__0 (string)
System.Linq.Enumerable/SelectArrayIterator`2<string, Unity.Tutorials.Core.Editor.Tutorial>:MoveNext ()
System.Linq.Enumerable/<ExceptIterator>d__57`1<Unity.Tutorials.Core.Editor.Tutorial>:MoveNext ()
System.Linq.Enumerable:Any<Unity.Tutorials.Core.Editor.Tutorial> (System.Collections.Generic.IEnumerable`1<Unity.Tutorials.Core.Editor.Tutorial>,System.Func`2<Unity.Tutorials.Core.Editor.Tutorial, bool>)
Unity.Tutorials.Core.Editor.Tutorial:OnValidate () (at ./Library/PackageCache/com.unity.learn.iet-framework@3.1.3/Editor/Core/Tutorial.cs:338)
UnityEditor.Search.AssetIndexer:IndexProperties (int&,string&,bool&)
UnityEditor.Search.AssetIndexer:IndexDocument (string,bool)
UnityEditor.Search.SearchIndexEntryImporter:OnImportAsset (UnityEditor.AssetImporters.AssetImportContext)
UnityEditor.AssetImporters.ScriptedImporter:GenerateAssetData (UnityEditor.AssetImporters.AssetImportContext)

[./Library/PackageCache/com.unity.learn.iet-framework@3.1.3/Editor/Core/Tutorial.cs line 338]

SendMessage cannot be called during Awake, CheckConsistency, or OnValidate (Mesh: OnMeshFilterChanged)
UnityEngine.StackTraceUtility:ExtractStackTrace ()
UnityEditor.AssetDatabase:LoadAssetAtPath<Unity.Tutorials.Core.Editor.Tutorial> (string)
System.Linq.Utilities/<>c__DisplayClass2_0`3<string, string, Unity.Tutorials.Core.Editor.Tutorial>:<CombineSelectors>b__0 (string)
System.Linq.Enumerable/SelectArrayIterator`2<string, Unity.Tutorials.Core.Editor.Tutorial>:MoveNext ()
System.Linq.Enumerable/<ExceptIterator>d__57`1<Unity.Tutorials.Core.Editor.Tutorial>:MoveNext ()
System.Linq.Enumerable:Any<Unity.Tutorials.Core.Editor.Tutorial> (System.Collections.Generic.IEnumerable`1<Unity.Tutorials.Core.Editor.Tutorial>,System.Func`2<Unity.Tutorials.Core.Editor.Tutorial, bool>)
Unity.Tutorials.Core.Editor.Tutorial:OnValidate () (at ./Library/PackageCache/com.unity.learn.iet-framework@3.1.3/Editor/Core/Tutorial.cs:338)
UnityEditor.Search.AssetIndexer:IndexProperties (int&,string&,bool&)
UnityEditor.Search.AssetIndexer:IndexDocument (string,bool)
UnityEditor.Search.SearchIndexEntryImporter:OnImportAsset (UnityEditor.AssetImporters.AssetImportContext)
UnityEditor.AssetImporters.ScriptedImporter:GenerateAssetData (UnityEditor.AssetImporters.AssetImportContext)

[./Library/PackageCache/com.unity.learn.iet-framework@3.1.3/Editor/Core/Tutorial.cs line 338]

SendMessage cannot be called during Awake, CheckConsistency, or OnValidate (Mesh: OnMeshFilterChanged)
UnityEngine.StackTraceUtility:ExtractStackTrace ()
UnityEditor.AssetDatabase:LoadAssetAtPath<Unity.Tutorials.Core.Editor.Tutorial> (string)
System.Linq.Utilities/<>c__DisplayClass2_0`3<string, string, Unity.Tutorials.Core.Editor.Tutorial>:<CombineSelectors>b__0 (string)
System.Linq.Enumerable/SelectArrayIterator`2<string, Unity.Tutorials.Core.Editor.Tutorial>:MoveNext ()
System.Linq.Enumerable/<ExceptIterator>d__57`1<Unity.Tutorials.Core.Editor.Tutorial>:MoveNext ()
System.Linq.Enumerable:Any<Unity.Tutorials.Core.Editor.Tutorial> (System.Collections.Generic.IEnumerable`1<Unity.Tutorials.Core.Editor.Tutorial>,System.Func`2<Unity.Tutorials.Core.Editor.Tutorial, bool>)
Unity.Tutorials.Core.Editor.Tutorial:OnValidate () (at ./Library/PackageCache/com.unity.learn.iet-framework@3.1.3/Editor/Core/Tutorial.cs:338)
UnityEditor.Search.AssetIndexer:IndexProperties (int&,string&,bool&)
UnityEditor.Search.AssetIndexer:IndexDocument (string,bool)
UnityEditor.Search.SearchIndexEntryImporter:OnImportAsset (UnityEditor.AssetImporters.AssetImportContext)
UnityEditor.AssetImporters.ScriptedImporter:GenerateAssetData (UnityEditor.AssetImporters.AssetImportContext)

[./Library/PackageCache/com.unity.learn.iet-framework@3.1.3/Editor/Core/Tutorial.cs line 338]

SendMessage cannot be called during Awake, CheckConsistency, or OnValidate (Mesh: OnMeshFilterChanged)
UnityEngine.StackTraceUtility:ExtractStackTrace ()
UnityEditor.AssetDatabase:LoadAssetAtPath<Unity.Tutorials.Core.Editor.Tutorial> (string)
System.Linq.Utilities/<>c__DisplayClass2_0`3<string, string, Unity.Tutorials.Core.Editor.Tutorial>:<CombineSelectors>b__0 (string)
System.Linq.Enumerable/SelectArrayIterator`2<string, Unity.Tutorials.Core.Editor.Tutorial>:MoveNext ()
System.Linq.Enumerable/<ExceptIterator>d__57`1<Unity.Tutorials.Core.Editor.Tutorial>:MoveNext ()
System.Linq.Enumerable:Any<Unity.Tutorials.Core.Editor.Tutorial> (System.Collections.Generic.IEnumerable`1<Unity.Tutorials.Core.Editor.Tutorial>,System.Func`2<Unity.Tutorials.Core.Editor.Tutorial, bool>)
Unity.Tutorials.Core.Editor.Tutorial:OnValidate () (at ./Library/PackageCache/com.unity.learn.iet-framework@3.1.3/Editor/Core/Tutorial.cs:338)
UnityEditor.Search.AssetIndexer:IndexProperties (int&,string&,bool&)
UnityEditor.Search.AssetIndexer:IndexDocument (string,bool)
UnityEditor.Search.SearchIndexEntryImporter:OnImportAsset (UnityEditor.AssetImporters.AssetImportContext)
UnityEditor.AssetImporters.ScriptedImporter:GenerateAssetData (UnityEditor.AssetImporters.AssetImportContext)

[./Library/PackageCache/com.unity.learn.iet-framework@3.1.3/Editor/Core/Tutorial.cs line 338]

SendMessage cannot be called during Awake, CheckConsistency, or OnValidate (Mesh: OnMeshFilterChanged)
UnityEngine.StackTraceUtility:ExtractStackTrace ()
UnityEditor.AssetDatabase:LoadAssetAtPath<Unity.Tutorials.Core.Editor.Tutorial> (string)
System.Linq.Utilities/<>c__DisplayClass2_0`3<string, string, Unity.Tutorials.Core.Editor.Tutorial>:<CombineSelectors>b__0 (string)
System.Linq.Enumerable/SelectArrayIterator`2<string, Unity.Tutorials.Core.Editor.Tutorial>:MoveNext ()
System.Linq.Enumerable/<ExceptIterator>d__57`1<Unity.Tutorials.Core.Editor.Tutorial>:MoveNext ()
System.Linq.Enumerable:Any<Unity.Tutorials.Core.Editor.Tutorial> (System.Collections.Generic.IEnumerable`1<Unity.Tutorials.Core.Editor.Tutorial>,System.Func`2<Unity.Tutorials.Core.Editor.Tutorial, bool>)
Unity.Tutorials.Core.Editor.Tutorial:OnValidate () (at ./Library/PackageCache/com.unity.learn.iet-framework@3.1.3/Editor/Core/Tutorial.cs:338)
UnityEditor.Search.AssetIndexer:IndexProperties (int&,string&,bool&)
UnityEditor.Search.AssetIndexer:IndexDocument (string,bool)
UnityEditor.Search.SearchIndexEntryImporter:OnImportAsset (UnityEditor.AssetImporters.AssetImportContext)
UnityEditor.AssetImporters.ScriptedImporter:GenerateAssetData (UnityEditor.AssetImporters.AssetImportContext)

[./Library/PackageCache/com.unity.learn.iet-framework@3.1.3/Editor/Core/Tutorial.cs line 338]

SendMessage cannot be called during Awake, CheckConsistency, or OnValidate (Mesh: OnMeshFilterChanged)
UnityEngine.StackTraceUtility:ExtractStackTrace ()
UnityEditor.AssetDatabase:LoadAssetAtPath<Unity.Tutorials.Core.Editor.Tutorial> (string)
System.Linq.Utilities/<>c__DisplayClass2_0`3<string, string, Unity.Tutorials.Core.Editor.Tutorial>:<CombineSelectors>b__0 (string)
System.Linq.Enumerable/SelectArrayIterator`2<string, Unity.Tutorials.Core.Editor.Tutorial>:MoveNext ()
System.Linq.Enumerable/<ExceptIterator>d__57`1<Unity.Tutorials.Core.Editor.Tutorial>:MoveNext ()
System.Linq.Enumerable:Any<Unity.Tutorials.Core.Editor.Tutorial> (System.Collections.Generic.IEnumerable`1<Unity.Tutorials.Core.Editor.Tutorial>,System.Func`2<Unity.Tutorials.Core.Editor.Tutorial, bool>)
Unity.Tutorials.Core.Editor.Tutorial:OnValidate () (at ./Library/PackageCache/com.unity.learn.iet-framework@3.1.3/Editor/Core/Tutorial.cs:338)
UnityEditor.Search.AssetIndexer:IndexProperties (int&,string&,bool&)
UnityEditor.Search.AssetIndexer:IndexDocument (string,bool)
UnityEditor.Search.SearchIndexEntryImporter:OnImportAsset (UnityEditor.AssetImporters.AssetImportContext)
UnityEditor.AssetImporters.ScriptedImporter:GenerateAssetData (UnityEditor.AssetImporters.AssetImportContext)

[./Library/PackageCache/com.unity.learn.iet-framework@3.1.3/Editor/Core/Tutorial.cs line 338]

SendMessage cannot be called during Awake, CheckConsistency, or OnValidate (Mesh: OnMeshFilterChanged)
UnityEngine.StackTraceUtility:ExtractStackTrace ()
UnityEditor.AssetDatabase:LoadAssetAtPath<Unity.Tutorials.Core.Editor.Tutorial> (string)
System.Linq.Utilities/<>c__DisplayClass2_0`3<string, string, Unity.Tutorials.Core.Editor.Tutorial>:<CombineSelectors>b__0 (string)
System.Linq.Enumerable/SelectArrayIterator`2<string, Unity.Tutorials.Core.Editor.Tutorial>:MoveNext ()
System.Linq.Enumerable/<ExceptIterator>d__57`1<Unity.Tutorials.Core.Editor.Tutorial>:MoveNext ()
System.Linq.Enumerable:Any<Unity.Tutorials.Core.Editor.Tutorial> (System.Collections.Generic.IEnumerable`1<Unity.Tutorials.Core.Editor.Tutorial>,System.Func`2<Unity.Tutorials.Core.Editor.Tutorial, bool>)
Unity.Tutorials.Core.Editor.Tutorial:OnValidate () (at ./Library/PackageCache/com.unity.learn.iet-framework@3.1.3/Editor/Core/Tutorial.cs:338)
UnityEditor.Search.AssetIndexer:IndexProperties (int&,string&,bool&)
UnityEditor.Search.AssetIndexer:IndexDocument (string,bool)
UnityEditor.Search.SearchIndexEntryImporter:OnImportAsset (UnityEditor.AssetImporters.AssetImportContext)
UnityEditor.AssetImporters.ScriptedImporter:GenerateAssetData (UnityEditor.AssetImporters.AssetImportContext)

[./Library/PackageCache/com.unity.learn.iet-framework@3.1.3/Editor/Core/Tutorial.cs line 338]

SendMessage cannot be called during Awake, CheckConsistency, or OnValidate (Mesh: OnMeshFilterChanged)
UnityEngine.StackTraceUtility:ExtractStackTrace ()
UnityEditor.AssetDatabase:LoadAssetAtPath<Unity.Tutorials.Core.Editor.Tutorial> (string)
System.Linq.Utilities/<>c__DisplayClass2_0`3<string, string, Unity.Tutorials.Core.Editor.Tutorial>:<CombineSelectors>b__0 (string)
System.Linq.Enumerable/SelectArrayIterator`2<string, Unity.Tutorials.Core.Editor.Tutorial>:MoveNext ()
System.Linq.Enumerable/<ExceptIterator>d__57`1<Unity.Tutorials.Core.Editor.Tutorial>:MoveNext ()
System.Linq.Enumerable:Any<Unity.Tutorials.Core.Editor.Tutorial> (System.Collections.Generic.IEnumerable`1<Unity.Tutorials.Core.Editor.Tutorial>,System.Func`2<Unity.Tutorials.Core.Editor.Tutorial, bool>)
Unity.Tutorials.Core.Editor.Tutorial:OnValidate () (at ./Library/PackageCache/com.unity.learn.iet-framework@3.1.3/Editor/Core/Tutorial.cs:338)
UnityEditor.Search.AssetIndexer:IndexProperties (int&,string&,bool&)
UnityEditor.Search.AssetIndexer:IndexDocument (string,bool)
UnityEditor.Search.SearchIndexEntryImporter:OnImportAsset (UnityEditor.AssetImporters.AssetImportContext)
UnityEditor.AssetImporters.ScriptedImporter:GenerateAssetData (UnityEditor.AssetImporters.AssetImportContext)

[./Library/PackageCache/com.unity.learn.iet-framework@3.1.3/Editor/Core/Tutorial.cs line 338]

SendMessage cannot be called during Awake, CheckConsistency, or OnValidate (Mesh: OnMeshFilterChanged)
UnityEngine.StackTraceUtility:ExtractStackTrace ()
UnityEditor.AssetDatabase:LoadAssetAtPath<Unity.Tutorials.Core.Editor.Tutorial> (string)
System.Linq.Utilities/<>c__DisplayClass2_0`3<string, string, Unity.Tutorials.Core.Editor.Tutorial>:<CombineSelectors>b__0 (string)
System.Linq.Enumerable/SelectArrayIterator`2<string, Unity.Tutorials.Core.Editor.Tutorial>:MoveNext ()
System.Linq.Enumerable/<ExceptIterator>d__57`1<Unity.Tutorials.Core.Editor.Tutorial>:MoveNext ()
System.Linq.Enumerable:Any<Unity.Tutorials.Core.Editor.Tutorial> (System.Collections.Generic.IEnumerable`1<Unity.Tutorials.Core.Editor.Tutorial>,System.Func`2<Unity.Tutorials.Core.Editor.Tutorial, bool>)
Unity.Tutorials.Core.Editor.Tutorial:OnValidate () (at ./Library/PackageCache/com.unity.learn.iet-framework@3.1.3/Editor/Core/Tutorial.cs:338)
UnityEditor.Search.AssetIndexer:IndexProperties (int&,string&,bool&)
UnityEditor.Search.AssetIndexer:IndexDocument (string,bool)
UnityEditor.Search.SearchIndexEntryImporter:OnImportAsset (UnityEditor.AssetImporters.AssetImportContext)
UnityEditor.AssetImporters.ScriptedImporter:GenerateAssetData (UnityEditor.AssetImporters.AssetImportContext)

[./Library/PackageCache/com.unity.learn.iet-framework@3.1.3/Editor/Core/Tutorial.cs line 338]

SendMessage cannot be called during Awake, CheckConsistency, or OnValidate (Mesh: OnMeshFilterChanged)
UnityEngine.StackTraceUtility:ExtractStackTrace ()
UnityEditor.AssetDatabase:LoadAssetAtPath<Unity.Tutorials.Core.Editor.Tutorial> (string)
System.Linq.Utilities/<>c__DisplayClass2_0`3<string, string, Unity.Tutorials.Core.Editor.Tutorial>:<CombineSelectors>b__0 (string)
System.Linq.Enumerable/SelectArrayIterator`2<string, Unity.Tutorials.Core.Editor.Tutorial>:MoveNext ()
System.Linq.Enumerable/<ExceptIterator>d__57`1<Unity.Tutorials.Core.Editor.Tutorial>:MoveNext ()
System.Linq.Enumerable:Any<Unity.Tutorials.Core.Editor.Tutorial> (System.Collections.Generic.IEnumerable`1<Unity.Tutorials.Core.Editor.Tutorial>,System.Func`2<Unity.Tutorials.Core.Editor.Tutorial, bool>)
Unity.Tutorials.Core.Editor.Tutorial:OnValidate () (at ./Library/PackageCache/com.unity.learn.iet-framework@3.1.3/Editor/Core/Tutorial.cs:338)
UnityEditor.Search.AssetIndexer:IndexProperties (int&,string&,bool&)
UnityEditor.Search.AssetIndexer:IndexDocument (string,bool)
UnityEditor.Search.SearchIndexEntryImporter:OnImportAsset (UnityEditor.AssetImporters.AssetImportContext)
UnityEditor.AssetImporters.ScriptedImporter:GenerateAssetData (UnityEditor.AssetImporters.AssetImportContext)

[./Library/PackageCache/com.unity.learn.iet-framework@3.1.3/Editor/Core/Tutorial.cs line 338]

SendMessage cannot be called during Awake, CheckConsistency, or OnValidate (Mesh: OnMeshFilterChanged)
UnityEngine.StackTraceUtility:ExtractStackTrace ()
UnityEditor.AssetDatabase:LoadAssetAtPath<Unity.Tutorials.Core.Editor.Tutorial> (string)
System.Linq.Utilities/<>c__DisplayClass2_0`3<string, string, Unity.Tutorials.Core.Editor.Tutorial>:<CombineSelectors>b__0 (string)
System.Linq.Enumerable/SelectArrayIterator`2<string, Unity.Tutorials.Core.Editor.Tutorial>:MoveNext ()
System.Linq.Enumerable/<ExceptIterator>d__57`1<Unity.Tutorials.Core.Editor.Tutorial>:MoveNext ()
System.Linq.Enumerable:Any<Unity.Tutorials.Core.Editor.Tutorial> (System.Collections.Generic.IEnumerable`1<Unity.Tutorials.Core.Editor.Tutorial>,System.Func`2<Unity.Tutorials.Core.Editor.Tutorial, bool>)
Unity.Tutorials.Core.Editor.Tutorial:OnValidate () (at ./Library/PackageCache/com.unity.learn.iet-framework@3.1.3/Editor/Core/Tutorial.cs:338)
UnityEditor.Search.AssetIndexer:IndexProperties (int&,string&,bool&)
UnityEditor.Search.AssetIndexer:IndexDocument (string,bool)
UnityEditor.Search.SearchIndexEntryImporter:OnImportAsset (UnityEditor.AssetImporters.AssetImportContext)
UnityEditor.AssetImporters.ScriptedImporter:GenerateAssetData (UnityEditor.AssetImporters.AssetImportContext)

[./Library/PackageCache/com.unity.learn.iet-framework@3.1.3/Editor/Core/Tutorial.cs line 338]

SendMessage cannot be called during Awake, CheckConsistency, or OnValidate (Mesh: OnMeshFilterChanged)
UnityEngine.StackTraceUtility:ExtractStackTrace ()
UnityEditor.AssetDatabase:LoadAssetAtPath<Unity.Tutorials.Core.Editor.Tutorial> (string)
System.Linq.Utilities/<>c__DisplayClass2_0`3<string, string, Unity.Tutorials.Core.Editor.Tutorial>:<CombineSelectors>b__0 (string)
System.Linq.Enumerable/SelectArrayIterator`2<string, Unity.Tutorials.Core.Editor.Tutorial>:MoveNext ()
System.Linq.Enumerable/<ExceptIterator>d__57`1<Unity.Tutorials.Core.Editor.Tutorial>:MoveNext ()
System.Linq.Enumerable:Any<Unity.Tutorials.Core.Editor.Tutorial> (System.Collections.Generic.IEnumerable`1<Unity.Tutorials.Core.Editor.Tutorial>,System.Func`2<Unity.Tutorials.Core.Editor.Tutorial, bool>)
Unity.Tutorials.Core.Editor.Tutorial:OnValidate () (at ./Library/PackageCache/com.unity.learn.iet-framework@3.1.3/Editor/Core/Tutorial.cs:338)
UnityEditor.Search.AssetIndexer:IndexProperties (int&,string&,bool&)
UnityEditor.Search.AssetIndexer:IndexDocument (string,bool)
UnityEditor.Search.SearchIndexEntryImporter:OnImportAsset (UnityEditor.AssetImporters.AssetImportContext)
UnityEditor.AssetImporters.ScriptedImporter:GenerateAssetData (UnityEditor.AssetImporters.AssetImportContext)

[./Library/PackageCache/com.unity.learn.iet-framework@3.1.3/Editor/Core/Tutorial.cs line 338]

SendMessage cannot be called during Awake, CheckConsistency, or OnValidate (Mesh: OnMeshFilterChanged)
UnityEngine.StackTraceUtility:ExtractStackTrace ()
UnityEditor.AssetDatabase:LoadAssetAtPath<Unity.Tutorials.Core.Editor.Tutorial> (string)
System.Linq.Utilities/<>c__DisplayClass2_0`3<string, string, Unity.Tutorials.Core.Editor.Tutorial>:<CombineSelectors>b__0 (string)
System.Linq.Enumerable/SelectArrayIterator`2<string, Unity.Tutorials.Core.Editor.Tutorial>:MoveNext ()
System.Linq.Enumerable/<ExceptIterator>d__57`1<Unity.Tutorials.Core.Editor.Tutorial>:MoveNext ()
System.Linq.Enumerable:Any<Unity.Tutorials.Core.Editor.Tutorial> (System.Collections.Generic.IEnumerable`1<Unity.Tutorials.Core.Editor.Tutorial>,System.Func`2<Unity.Tutorials.Core.Editor.Tutorial, bool>)
Unity.Tutorials.Core.Editor.Tutorial:OnValidate () (at ./Library/PackageCache/com.unity.learn.iet-framework@3.1.3/Editor/Core/Tutorial.cs:338)
UnityEditor.Search.AssetIndexer:IndexProperties (int&,string&,bool&)
UnityEditor.Search.AssetIndexer:IndexDocument (string,bool)
UnityEditor.Search.SearchIndexEntryImporter:OnImportAsset (UnityEditor.AssetImporters.AssetImportContext)
UnityEditor.AssetImporters.ScriptedImporter:GenerateAssetData (UnityEditor.AssetImporters.AssetImportContext)

[./Library/PackageCache/com.unity.learn.iet-framework@3.1.3/Editor/Core/Tutorial.cs line 338]

SendMessage cannot be called during Awake, CheckConsistency, or OnValidate (Mesh: OnMeshFilterChanged)
UnityEngine.StackTraceUtility:ExtractStackTrace ()
UnityEditor.AssetDatabase:LoadAssetAtPath<Unity.Tutorials.Core.Editor.Tutorial> (string)
System.Linq.Utilities/<>c__DisplayClass2_0`3<string, string, Unity.Tutorials.Core.Editor.Tutorial>:<CombineSelectors>b__0 (string)
System.Linq.Enumerable/SelectArrayIterator`2<string, Unity.Tutorials.Core.Editor.Tutorial>:MoveNext ()
System.Linq.Enumerable/<ExceptIterator>d__57`1<Unity.Tutorials.Core.Editor.Tutorial>:MoveNext ()
System.Linq.Enumerable:Any<Unity.Tutorials.Core.Editor.Tutorial> (System.Collections.Generic.IEnumerable`1<Unity.Tutorials.Core.Editor.Tutorial>,System.Func`2<Unity.Tutorials.Core.Editor.Tutorial, bool>)
Unity.Tutorials.Core.Editor.Tutorial:OnValidate () (at ./Library/PackageCache/com.unity.learn.iet-framework@3.1.3/Editor/Core/Tutorial.cs:338)
UnityEditor.Search.AssetIndexer:IndexProperties (int&,string&,bool&)
UnityEditor.Search.AssetIndexer:IndexDocument (string,bool)
UnityEditor.Search.SearchIndexEntryImporter:OnImportAsset (UnityEditor.AssetImporters.AssetImportContext)
UnityEditor.AssetImporters.ScriptedImporter:GenerateAssetData (UnityEditor.AssetImporters.AssetImportContext)

[./Library/PackageCache/com.unity.learn.iet-framework@3.1.3/Editor/Core/Tutorial.cs line 338]

SendMessage cannot be called during Awake, CheckConsistency, or OnValidate (Mesh: OnMeshFilterChanged)
UnityEngine.StackTraceUtility:ExtractStackTrace ()
UnityEditor.AssetDatabase:LoadAssetAtPath<Unity.Tutorials.Core.Editor.Tutorial> (string)
System.Linq.Utilities/<>c__DisplayClass2_0`3<string, string, Unity.Tutorials.Core.Editor.Tutorial>:<CombineSelectors>b__0 (string)
System.Linq.Enumerable/SelectArrayIterator`2<string, Unity.Tutorials.Core.Editor.Tutorial>:MoveNext ()
System.Linq.Enumerable/<ExceptIterator>d__57`1<Unity.Tutorials.Core.Editor.Tutorial>:MoveNext ()
System.Linq.Enumerable:Any<Unity.Tutorials.Core.Editor.Tutorial> (System.Collections.Generic.IEnumerable`1<Unity.Tutorials.Core.Editor.Tutorial>,System.Func`2<Unity.Tutorials.Core.Editor.Tutorial, bool>)
Unity.Tutorials.Core.Editor.Tutorial:OnValidate () (at ./Library/PackageCache/com.unity.learn.iet-framework@3.1.3/Editor/Core/Tutorial.cs:338)
UnityEditor.Search.AssetIndexer:IndexProperties (int&,string&,bool&)
UnityEditor.Search.AssetIndexer:IndexDocument (string,bool)
UnityEditor.Search.SearchIndexEntryImporter:OnImportAsset (UnityEditor.AssetImporters.AssetImportContext)
UnityEditor.AssetImporters.ScriptedImporter:GenerateAssetData (UnityEditor.AssetImporters.AssetImportContext)

[./Library/PackageCache/com.unity.learn.iet-framework@3.1.3/Editor/Core/Tutorial.cs line 338]

 -> (artifact id: 'f32ba9396163da602f30dcf27c6778ec') in 0.288704 seconds
Number of updated asset objects reloaded before import = 0
Number of asset objects unloaded after import = 874
========================================================================
Received Import Request.
  Time since last request: 0.000120 seconds.
  path: Assets/sq_shooter/FPS/Art/Materials/Skybox.mat
  artifactKey: Guid(dbc92a4fb93cbec44b044e6a6ea325ea) Importer(2089858483,0ecaa5967403d082aa24f35e1b516d23)
Start importing Assets/sq_shooter/FPS/Art/Materials/Skybox.mat using Guid(dbc92a4fb93cbec44b044e6a6ea325ea) Importer(2089858483,0ecaa5967403d082aa24f35e1b516d23)  -> (artifact id: 'c4da50c06c1870b2b3c328aa5661b4ca') in 0.009921 seconds
Number of updated asset objects reloaded before import = 0
Number of asset objects unloaded after import = 2
========================================================================
Received Import Request.
  Time since last request: 0.000036 seconds.
  path: Assets/sq_shooter/FPS/Prefabs/Weapons/Stylized Modular Weapons/Geometry/Aim_02.fbx
  artifactKey: Guid(0d303d2be649446669a5ae90f4277683) Importer(2089858483,0ecaa5967403d082aa24f35e1b516d23)
Start importing Assets/sq_shooter/FPS/Prefabs/Weapons/Stylized Modular Weapons/Geometry/Aim_02.fbx using Guid(0d303d2be649446669a5ae90f4277683) Importer(2089858483,0ecaa5967403d082aa24f35e1b516d23)  -> (artifact id: '722cde99ead4f8ee26258e1b0c04705f') in 0.027748 seconds
Number of updated asset objects reloaded before import = 0
Number of asset objects unloaded after import = 7
========================================================================
Received Import Request.
  Time since last request: 0.000045 seconds.
  path: Assets/sq_shooter/FPS/Scenes/LoseScene.unity
  artifactKey: Guid(72e5c65a45893714484002914e3fd521) Importer(2089858483,0ecaa5967403d082aa24f35e1b516d23)
Start importing Assets/sq_shooter/FPS/Scenes/LoseScene.unity using Guid(72e5c65a45893714484002914e3fd521) Importer(2089858483,0ecaa5967403d082aa24f35e1b516d23)  -> (artifact id: '7dd039e8e574b167eaf547a83270ed3d') in 0.006130 seconds
Number of updated asset objects reloaded before import = 0
Number of asset objects unloaded after import = 1
========================================================================
Received Import Request.
  Time since last request: 0.000024 seconds.
  path: Assets/sq_shooter/FPS/Prefabs/Level/Ramps/Ramp_8m.prefab
  artifactKey: Guid(5c72ddea2f895514baf15cd7a04249d4) Importer(2089858483,0ecaa5967403d082aa24f35e1b516d23)
Start importing Assets/sq_shooter/FPS/Prefabs/Level/Ramps/Ramp_8m.prefab using Guid(5c72ddea2f895514baf15cd7a04249d4) Importer(2089858483,0ecaa5967403d082aa24f35e1b516d23)  -> (artifact id: '4a2c06c94046442bd9e489db4d253880') in 0.007350 seconds
Number of updated asset objects reloaded before import = 0
Number of asset objects unloaded after import = 10
========================================================================
Received Import Request.
  Time since last request: 0.000025 seconds.
  path: Assets/sq_shooter/FPS/Prefabs/Weapons/Stylized Modular Weapons/Geometry/Aim_03.fbx
  artifactKey: Guid(1bad708e47bef4eae84a935801be4b39) Importer(2089858483,0ecaa5967403d082aa24f35e1b516d23)
Start importing Assets/sq_shooter/FPS/Prefabs/Weapons/Stylized Modular Weapons/Geometry/Aim_03.fbx using Guid(1bad708e47bef4eae84a935801be4b39) Importer(2089858483,0ecaa5967403d082aa24f35e1b516d23)  -> (artifact id: 'ec074ef32c1842e2916552034b88a0de') in 0.018141 seconds
Number of updated asset objects reloaded before import = 0
Number of asset objects unloaded after import = 7
========================================================================
Received Import Request.
  Time since last request: 0.000033 seconds.
  path: Assets/sq_shooter/FPS/Prefabs/Weapons/Stylized Modular Weapons/Scenes/SMW_Overview.unity
  artifactKey: Guid(ea5a1fb99430a4c72a34fc8fd609852d) Importer(2089858483,0ecaa5967403d082aa24f35e1b516d23)
Start importing Assets/sq_shooter/FPS/Prefabs/Weapons/Stylized Modular Weapons/Scenes/SMW_Overview.unity using Guid(ea5a1fb99430a4c72a34fc8fd609852d) Importer(2089858483,0ecaa5967403d082aa24f35e1b516d23)  -> (artifact id: '6ee378ba805c11aaf571be5694e8661c') in 0.007061 seconds
Number of updated asset objects reloaded before import = 0
Number of asset objects unloaded after import = 1
========================================================================
Received Import Request.
  Time since last request: 0.000026 seconds.
  path: Assets/sq_shooter/FPS/Prefabs/Level/Signs/Sign_Basic_Floor.prefab
  artifactKey: Guid(509d754db50222f46b673c4778f267e4) Importer(2089858483,0ecaa5967403d082aa24f35e1b516d23)
Start importing Assets/sq_shooter/FPS/Prefabs/Level/Signs/Sign_Basic_Floor.prefab using Guid(509d754db50222f46b673c4778f267e4) Importer(2089858483,0ecaa5967403d082aa24f35e1b516d23)  -> (artifact id: '3cb670fbff5868cad737e5327ffac33d') in 0.006363 seconds
Number of updated asset objects reloaded before import = 0
Number of asset objects unloaded after import = 10
========================================================================
Received Import Request.
  Time since last request: 0.000021 seconds.
  path: Assets/sq_shooter/ModAssets/Materials/BillboardMaterials/Billboard Frame.mat
  artifactKey: Guid(190c04ee61aaa410e8650f7fc1ce7f41) Importer(2089858483,0ecaa5967403d082aa24f35e1b516d23)
Start importing Assets/sq_shooter/ModAssets/Materials/BillboardMaterials/Billboard Frame.mat using Guid(190c04ee61aaa410e8650f7fc1ce7f41) Importer(2089858483,0ecaa5967403d082aa24f35e1b516d23)  -> (artifact id: 'b8d2d444aadbeaa2ff94c919cbcab106') in 0.010231 seconds
Number of updated asset objects reloaded before import = 0
Number of asset objects unloaded after import = 1
========================================================================
Received Import Request.
  Time since last request: 0.000026 seconds.
  path: Assets/sq_shooter/FPS/Prefabs/Weapons/Stylized Modular Weapons/Prefabs/Middle_Part_02.prefab
  artifactKey: Guid(af58e7bdef2f84d27ab25b7da1685e6b) Importer(2089858483,0ecaa5967403d082aa24f35e1b516d23)
Start importing Assets/sq_shooter/FPS/Prefabs/Weapons/Stylized Modular Weapons/Prefabs/Middle_Part_02.prefab using Guid(af58e7bdef2f84d27ab25b7da1685e6b) Importer(2089858483,0ecaa5967403d082aa24f35e1b516d23)  -> (artifact id: 'd5f1822de2387c95fd614cc6d2271635') in 0.010012 seconds
Number of updated asset objects reloaded before import = 0
Number of asset objects unloaded after import = 7
========================================================================
Received Import Request.
  Time since last request: 0.000031 seconds.
  path: Assets/sq_shooter/Rendering/PostProcessingProfile.asset
  artifactKey: Guid(df837a1f5737d5a489993708ca80ccc9) Importer(2089858483,0ecaa5967403d082aa24f35e1b516d23)
Start importing Assets/sq_shooter/Rendering/PostProcessingProfile.asset using Guid(df837a1f5737d5a489993708ca80ccc9) Importer(2089858483,0ecaa5967403d082aa24f35e1b516d23)  -> (artifact id: '95b7202c95bdaf514155a7ce92298da5') in 0.007218 seconds
Number of updated asset objects reloaded before import = 0
Number of asset objects unloaded after import = 8
========================================================================
Received Import Request.
  Time since last request: 0.000026 seconds.
  path: Assets/sq_shooter/FPS/Prefabs/Level/BaseObjects/Basic_Floor_Mesh.prefab
  artifactKey: Guid(2a86e4ba493cd034cbc2c5713da1a643) Importer(2089858483,0ecaa5967403d082aa24f35e1b516d23)
Start importing Assets/sq_shooter/FPS/Prefabs/Level/BaseObjects/Basic_Floor_Mesh.prefab using Guid(2a86e4ba493cd034cbc2c5713da1a643) Importer(2089858483,0ecaa5967403d082aa24f35e1b516d23)  -> (artifact id: '17c69892ab65497cd05edb635337ef25') in 0.014615 seconds
Number of updated asset objects reloaded before import = 0
Number of asset objects unloaded after import = 8
========================================================================
Received Import Request.
  Time since last request: 0.000109 seconds.
  path: Assets/sq_shooter/FPS/Art/Models/Mesh_Health_Pickup.fbx
  artifactKey: Guid(93b1ab0ae86bdf7459bbdf258c9dec49) Importer(2089858483,0ecaa5967403d082aa24f35e1b516d23)
Start importing Assets/sq_shooter/FPS/Art/Models/Mesh_Health_Pickup.fbx using Guid(93b1ab0ae86bdf7459bbdf258c9dec49) Importer(2089858483,0ecaa5967403d082aa24f35e1b516d23)  -> (artifact id: '35a6dc343ecfa7bdde0a284d57e13abe') in 0.024188 seconds
Number of updated asset objects reloaded before import = 0
Number of asset objects unloaded after import = 7
========================================================================
Received Import Request.
  Time since last request: 0.000139 seconds.
  path: Assets/sq_shooter/Plugins/CW/LeanCommon/Examples/Materials/Grey.mat
  artifactKey: Guid(eb19d4e9e6dff424daabfbc351d2dde1) Importer(2089858483,0ecaa5967403d082aa24f35e1b516d23)
Start importing Assets/sq_shooter/Plugins/CW/LeanCommon/Examples/Materials/Grey.mat using Guid(eb19d4e9e6dff424daabfbc351d2dde1) Importer(2089858483,0ecaa5967403d082aa24f35e1b516d23)  -> (artifact id: 'e1559b90428e4656986fa8e0ca5092aa') in 0.006660 seconds
Number of updated asset objects reloaded before import = 0
Number of asset objects unloaded after import = 1
========================================================================
Received Import Request.
  Time since last request: 0.000020 seconds.
  path: Assets/sq_shooter/FPS/Prefabs/UI/CompassMarkerEnemy.prefab
  artifactKey: Guid(513785daf84f2a243b0cda079e6835cd) Importer(2089858483,0ecaa5967403d082aa24f35e1b516d23)
Start importing Assets/sq_shooter/FPS/Prefabs/UI/CompassMarkerEnemy.prefab using Guid(513785daf84f2a243b0cda079e6835cd) Importer(2089858483,0ecaa5967403d082aa24f35e1b516d23)  -> (artifact id: '8bf8bfca69dea1ceb49c1f1a7784a053') in 0.018631 seconds
Number of updated asset objects reloaded before import = 0
Number of asset objects unloaded after import = 14
========================================================================
Received Import Request.
  Time since last request: 0.000023 seconds.
  path: Assets/sq_shooter/Plugins/CW/LeanCommon/Examples/Materials/Purple.mat
  artifactKey: Guid(2c57751e748651a4c9bd8f9f48e8cf5e) Importer(2089858483,0ecaa5967403d082aa24f35e1b516d23)
Start importing Assets/sq_shooter/Plugins/CW/LeanCommon/Examples/Materials/Purple.mat using Guid(2c57751e748651a4c9bd8f9f48e8cf5e) Importer(2089858483,0ecaa5967403d082aa24f35e1b516d23)  -> (artifact id: '7ad42a6f2a6b8967409481803695a4e5') in 0.006540 seconds
Number of updated asset objects reloaded before import = 0
Number of asset objects unloaded after import = 1
========================================================================
Received Import Request.
  Time since last request: 0.000035 seconds.
  path: Assets/sq_shooter/FPS/Tutorials/BuildAndPublish/Walkthrough7-013.asset
  artifactKey: Guid(97f3ee3958d87894d8f23cc258f28f0e) Importer(2089858483,0ecaa5967403d082aa24f35e1b516d23)
Start importing Assets/sq_shooter/FPS/Tutorials/BuildAndPublish/Walkthrough7-013.asset using Guid(97f3ee3958d87894d8f23cc258f28f0e) Importer(2089858483,0ecaa5967403d082aa24f35e1b516d23)  -> (artifact id: 'e4821e7dedd99b199306c274028a36bf') in 0.013966 seconds
Number of updated asset objects reloaded before import = 0
Number of asset objects unloaded after import = 6
========================================================================
Received Import Request.
  Time since last request: 0.000029 seconds.
  path: Assets/sq_shooter/Plugins/CW/LeanTouch/Examples/16    Limit = Stop At Max.unity
  artifactKey: Guid(596383cc7b114c94c86878b06efdaa31) Importer(2089858483,0ecaa5967403d082aa24f35e1b516d23)
Start importing Assets/sq_shooter/Plugins/CW/LeanTouch/Examples/16    Limit = Stop At Max.unity using Guid(596383cc7b114c94c86878b06efdaa31) Importer(2089858483,0ecaa5967403d082aa24f35e1b516d23)  -> (artifact id: '8e95960b39239ccdeba774497c8d755d') in 0.005811 seconds
Number of updated asset objects reloaded before import = 0
Number of asset objects unloaded after import = 1
========================================================================
Received Import Request.
  Time since last request: 0.000022 seconds.
  path: Assets/sq_shooter/FPS/Tutorials/AddARoom/17-Select-Move.asset
  artifactKey: Guid(c83a4ddcf9c7a489cb25b31f69c78791) Importer(2089858483,0ecaa5967403d082aa24f35e1b516d23)
Start importing Assets/sq_shooter/FPS/Tutorials/AddARoom/17-Select-Move.asset using Guid(c83a4ddcf9c7a489cb25b31f69c78791) Importer(2089858483,0ecaa5967403d082aa24f35e1b516d23)  -> (artifact id: '8addc8fdc2fd31cd7d10cddf6d4f73d6') in 0.013490 seconds
Number of updated asset objects reloaded before import = 0
Number of asset objects unloaded after import = 5
========================================================================
Received Import Request.
  Time since last request: 0.000061 seconds.
  path: Assets/sq_shooter/FPS/Art/Fonts/Roboto-Regular SDF.asset
  artifactKey: Guid(106dddce1f2404b45bbfa40eab1b84ea) Importer(2089858483,0ecaa5967403d082aa24f35e1b516d23)
Start importing Assets/sq_shooter/FPS/Art/Fonts/Roboto-Regular SDF.asset using Guid(106dddce1f2404b45bbfa40eab1b84ea) Importer(2089858483,0ecaa5967403d082aa24f35e1b516d23)  -> (artifact id: 'e777fd446b8a3732c9c19581605e2688') in 0.036778 seconds
Number of updated asset objects reloaded before import = 0
Number of asset objects unloaded after import = 3
========================================================================
Received Import Request.
  Time since last request: 0.000056 seconds.
  path: Assets/sq_shooter/FPS/Prefabs/Level/Dungeon/Dun_Hall_T.prefab
  artifactKey: Guid(57c214aeb2595e94c91dddb4ab355cc2) Importer(2089858483,0ecaa5967403d082aa24f35e1b516d23)
Start importing Assets/sq_shooter/FPS/Prefabs/Level/Dungeon/Dun_Hall_T.prefab using Guid(57c214aeb2595e94c91dddb4ab355cc2) Importer(2089858483,0ecaa5967403d082aa24f35e1b516d23)  -> (artifact id: '0d4215115c682e47949b8b02a2d02fd0') in 0.013056 seconds
Number of updated asset objects reloaded before import = 0
Number of asset objects unloaded after import = 317
========================================================================
Received Import Request.
  Time since last request: 0.000044 seconds.
  path: Assets/sq_shooter/FPS/Prefabs/Weapons/Stylized Modular Weapons/Prefabs/Handle_02.prefab
  artifactKey: Guid(68291d3c6c8774f3d9b34018e84cf140) Importer(2089858483,0ecaa5967403d082aa24f35e1b516d23)
Start importing Assets/sq_shooter/FPS/Prefabs/Weapons/Stylized Modular Weapons/Prefabs/Handle_02.prefab using Guid(68291d3c6c8774f3d9b34018e84cf140) Importer(2089858483,0ecaa5967403d082aa24f35e1b516d23)  -> (artifact id: '70f664327a098ce22944e7acfdf01a19') in 0.012282 seconds
Number of updated asset objects reloaded before import = 0
Number of asset objects unloaded after import = 7
========================================================================
Received Import Request.
  Time since last request: 0.000043 seconds.
  path: Assets/sq_shooter/FPS/Prefabs/VFX/VFX_Lava.prefab
  artifactKey: Guid(bf40d5ff22aca9d428655f63d45754f5) Importer(2089858483,0ecaa5967403d082aa24f35e1b516d23)
Start importing Assets/sq_shooter/FPS/Prefabs/VFX/VFX_Lava.prefab using Guid(bf40d5ff22aca9d428655f63d45754f5) Importer(2089858483,0ecaa5967403d082aa24f35e1b516d23)  -> (artifact id: '91d5233395b5800aaa44f9fd49f7e6d8') in 0.028953 seconds
Number of updated asset objects reloaded before import = 0
Number of asset objects unloaded after import = 6
========================================================================
Received Import Request.
  Time since last request: 0.000023 seconds.
  path: Assets/sq_shooter/FPS/Prefabs/RootObjects/OBJRamp_4m.obj
  artifactKey: Guid(22fd404f75517024ca75ed6ea174002e) Importer(2089858483,0ecaa5967403d082aa24f35e1b516d23)
Start importing Assets/sq_shooter/FPS/Prefabs/RootObjects/OBJRamp_4m.obj using Guid(22fd404f75517024ca75ed6ea174002e) Importer(2089858483,0ecaa5967403d082aa24f35e1b516d23)  -> (artifact id: 'e6d4d133c61592e2caab8a56db57c0de') in 0.029587 seconds
Number of updated asset objects reloaded before import = 0
Number of asset objects unloaded after import = 10
========================================================================
Received Import Request.
  Time since last request: 0.000031 seconds.
  path: Assets/sq_shooter/FPS/Tutorials/AddARoom/18-Move-Object.asset
  artifactKey: Guid(c323247eb512d4591a20a443736c7123) Importer(2089858483,0ecaa5967403d082aa24f35e1b516d23)
Start importing Assets/sq_shooter/FPS/Tutorials/AddARoom/18-Move-Object.asset using Guid(c323247eb512d4591a20a443736c7123) Importer(2089858483,0ecaa5967403d082aa24f35e1b516d23)  -> (artifact id: '40bfd77081029d383b4accffec7995b6') in 0.033670 seconds
Number of updated asset objects reloaded before import = 0
Number of asset objects unloaded after import = 523
========================================================================
Received Import Request.
  Time since last request: 0.000057 seconds.
  path: Assets/sq_shooter/FPS/Tutorials/TutorialLayout.wlt
  artifactKey: Guid(9d6f44592b6054254899886ee83841f8) Importer(2089858483,0ecaa5967403d082aa24f35e1b516d23)
Start importing Assets/sq_shooter/FPS/Tutorials/TutorialLayout.wlt using Guid(9d6f44592b6054254899886ee83841f8) Importer(2089858483,0ecaa5967403d082aa24f35e1b516d23)  -> (artifact id: '53ed6d61882cd1078130f3b6030a998a') in 0.007974 seconds
Number of updated asset objects reloaded before import = 0
Number of asset objects unloaded after import = 1
========================================================================
Received Import Request.
  Time since last request: 0.000104 seconds.
  path: Assets/sq_shooter/FPS/Prefabs/VFX/VFX_Angry.prefab
  artifactKey: Guid(201cf67a1fffda346bf368bb1008d260) Importer(2089858483,0ecaa5967403d082aa24f35e1b516d23)
Start importing Assets/sq_shooter/FPS/Prefabs/VFX/VFX_Angry.prefab using Guid(201cf67a1fffda346bf368bb1008d260) Importer(2089858483,0ecaa5967403d082aa24f35e1b516d23)  -> (artifact id: '0f5969fb803f6bc4074eabb835bea1b7') in 0.041484 seconds
Number of updated asset objects reloaded before import = 0
Number of asset objects unloaded after import = 6
========================================================================
Received Import Request.
  Time since last request: 0.000046 seconds.
  path: Assets/sq_shooter/FPS/Prefabs/PBObjects/Walls/PBWall_1m.prefab
  artifactKey: Guid(970ed67b83851bd40b1d0b57741b8ad1) Importer(2089858483,0ecaa5967403d082aa24f35e1b516d23)
Start importing Assets/sq_shooter/FPS/Prefabs/PBObjects/Walls/PBWall_1m.prefab using Guid(970ed67b83851bd40b1d0b57741b8ad1) Importer(2089858483,0ecaa5967403d082aa24f35e1b516d23)  -> (artifact id: 'eaf5e6950789f30339e903978fc76f50') in 0.011501 seconds
Number of updated asset objects reloaded before import = 0
Number of asset objects unloaded after import = 16
========================================================================
Received Import Request.
  Time since last request: 0.000042 seconds.
  path: Assets/sq_shooter/Low Poly Fire/Documentation - TOON FIRE.pdf
  artifactKey: Guid(beeb9a3c0e2d8844dacb8ece77626700) Importer(2089858483,0ecaa5967403d082aa24f35e1b516d23)
Start importing Assets/sq_shooter/Low Poly Fire/Documentation - TOON FIRE.pdf using Guid(beeb9a3c0e2d8844dacb8ece77626700) Importer(2089858483,0ecaa5967403d082aa24f35e1b516d23)  -> (artifact id: 'dd0bb5bea1380e1a385ef7abab0ae34a') in 0.004709 seconds
Number of updated asset objects reloaded before import = 0
Number of asset objects unloaded after import = 1
========================================================================
Received Import Request.
  Time since last request: 0.000025 seconds.
  path: Assets/sq_shooter/FPS/Prefabs/RootObjects/Basic_Floor.mtl
  artifactKey: Guid(e28d711b512f2854ebf837a178f961ab) Importer(2089858483,0ecaa5967403d082aa24f35e1b516d23)
Start importing Assets/sq_shooter/FPS/Prefabs/RootObjects/Basic_Floor.mtl using Guid(e28d711b512f2854ebf837a178f961ab) Importer(2089858483,0ecaa5967403d082aa24f35e1b516d23)  -> (artifact id: 'f19ccbf7ed17e940e61a549de951a545') in 0.006172 seconds
Number of updated asset objects reloaded before import = 0
Number of asset objects unloaded after import = 1
========================================================================
Received Import Request.
  Time since last request: 0.000060 seconds.
  path: Assets/sq_shooter/FPS/Art/Materials/VFX/GunCylinders.mat
  artifactKey: Guid(170a8a9edf248d642990ead8020b8f0c) Importer(2089858483,0ecaa5967403d082aa24f35e1b516d23)
Start importing Assets/sq_shooter/FPS/Art/Materials/VFX/GunCylinders.mat using Guid(170a8a9edf248d642990ead8020b8f0c) Importer(2089858483,0ecaa5967403d082aa24f35e1b516d23)  -> (artifact id: '418d206fba239458961b2a4f3d2ac40c') in 0.009242 seconds
Number of updated asset objects reloaded before import = 0
Number of asset objects unloaded after import = 2
========================================================================
Received Import Request.
  Time since last request: 0.000028 seconds.
  path: Assets/sq_shooter/TextMesh Pro/Resources/Shaders/TMPro_Surface.cginc
  artifactKey: Guid(d930090c0cd643c7b55f19a38538c162) Importer(2089858483,0ecaa5967403d082aa24f35e1b516d23)
Start importing Assets/sq_shooter/TextMesh Pro/Resources/Shaders/TMPro_Surface.cginc using Guid(d930090c0cd643c7b55f19a38538c162) Importer(2089858483,0ecaa5967403d082aa24f35e1b516d23)  -> (artifact id: '8436bc1fa1a93a0e54c72faafa562c40') in 0.004896 seconds
Number of updated asset objects reloaded before import = 0
Number of asset objects unloaded after import = 1
========================================================================
Received Import Request.
  Time since last request: 0.000060 seconds.
  path: Assets/sq_shooter/FPS/Art/Materials/VFX/Lazer_Blue.mat
  artifactKey: Guid(a7baa8fdcb831b44d87d70b1e6941b39) Importer(2089858483,0ecaa5967403d082aa24f35e1b516d23)
Start importing Assets/sq_shooter/FPS/Art/Materials/VFX/Lazer_Blue.mat using Guid(a7baa8fdcb831b44d87d70b1e6941b39) Importer(2089858483,0ecaa5967403d082aa24f35e1b516d23)  -> (artifact id: '6ac98858080949ca3422ed7b2dd37ad0') in 0.009139 seconds
Number of updated asset objects reloaded before import = 0
Number of asset objects unloaded after import = 1
========================================================================
Received Import Request.
  Time since last request: 0.000024 seconds.
  path: Assets/sq_shooter/FPS/Scenes/MainScene/NavMesh-NavMeshSurface 1.asset
  artifactKey: Guid(87ef3aeeedf264488aba750ca9202cd5) Importer(2089858483,0ecaa5967403d082aa24f35e1b516d23)
Start importing Assets/sq_shooter/FPS/Scenes/MainScene/NavMesh-NavMeshSurface 1.asset using Guid(87ef3aeeedf264488aba750ca9202cd5) Importer(2089858483,0ecaa5967403d082aa24f35e1b516d23)  -> (artifact id: '6fd26dabd09919a00031a295cd456cc3') in 0.007187 seconds
Number of updated asset objects reloaded before import = 0
Number of asset objects unloaded after import = 1
========================================================================
Received Import Request.
  Time since last request: 0.000033 seconds.
  path: Assets/sq_shooter/FPS/Prefabs/Weapons/Stylized Modular Weapons/Geometry/Back_Part_02.fbx
  artifactKey: Guid(cae8801a688424401b196076cebd6250) Importer(2089858483,0ecaa5967403d082aa24f35e1b516d23)
Start importing Assets/sq_shooter/FPS/Prefabs/Weapons/Stylized Modular Weapons/Geometry/Back_Part_02.fbx using Guid(cae8801a688424401b196076cebd6250) Importer(2089858483,0ecaa5967403d082aa24f35e1b516d23)  -> (artifact id: '59cd9e56294f7f11a4fd560d28c914fd') in 0.017183 seconds
Number of updated asset objects reloaded before import = 0
Number of asset objects unloaded after import = 7
========================================================================
Received Import Request.
  Time since last request: 0.000023 seconds.
  path: Assets/sq_shooter/FPS/Art/Models/Mesh_Sun.fbx
  artifactKey: Guid(f209cbcd4a67646489eca6ff46530479) Importer(2089858483,0ecaa5967403d082aa24f35e1b516d23)
Start importing Assets/sq_shooter/FPS/Art/Models/Mesh_Sun.fbx using Guid(f209cbcd4a67646489eca6ff46530479) Importer(2089858483,0ecaa5967403d082aa24f35e1b516d23)  -> (artifact id: '34f78a2d012bab25f9f9bbf9681cf692') in 0.014841 seconds
Number of updated asset objects reloaded before import = 0
Number of asset objects unloaded after import = 7
========================================================================
Received Import Request.
  Time since last request: 0.000043 seconds.
  path: Assets/sq_shooter/Plugins/CW/LeanTouch/LeanTouch.asmdef
  artifactKey: Guid(688cfbbe2a536604ab4aa06ececa1da3) Importer(2089858483,0ecaa5967403d082aa24f35e1b516d23)
Start importing Assets/sq_shooter/Plugins/CW/LeanTouch/LeanTouch.asmdef using Guid(688cfbbe2a536604ab4aa06ececa1da3) Importer(2089858483,0ecaa5967403d082aa24f35e1b516d23)  -> (artifact id: 'c7e40c7987e5f05bc34407389c217170') in 0.005199 seconds
Number of updated asset objects reloaded before import = 0
Number of asset objects unloaded after import = 1
========================================================================
Received Import Request.
  Time since last request: 0.000022 seconds.
  path: Assets/sq_shooter/FPS/Animation/HoverBot/HoverBot@Alerted.fbx
  artifactKey: Guid(d21446ed42271994d97223de428c84f6) Importer(2089858483,0ecaa5967403d082aa24f35e1b516d23)
Start importing Assets/sq_shooter/FPS/Animation/HoverBot/HoverBot@Alerted.fbx using Guid(d21446ed42271994d97223de428c84f6) Importer(2089858483,0ecaa5967403d082aa24f35e1b516d23)  -> (artifact id: '6f1def5fa57337efe4e6d316446d9ae7') in 0.026583 seconds
Number of updated asset objects reloaded before import = 0
Number of asset objects unloaded after import = 42
========================================================================
Received Import Request.
  Time since last request: 0.000028 seconds.
  path: Assets/sq_shooter/FPS/Tutorials/EditColors/03-Select-Material.asset
  artifactKey: Guid(96c72e8e33b114148b5acae2b12a90d8) Importer(2089858483,0ecaa5967403d082aa24f35e1b516d23)
Start importing Assets/sq_shooter/FPS/Tutorials/EditColors/03-Select-Material.asset using Guid(96c72e8e33b114148b5acae2b12a90d8) Importer(2089858483,0ecaa5967403d082aa24f35e1b516d23)  -> (artifact id: 'e495d2ef8ea40838b59e0bf7603f346c') in 0.019409 seconds
Number of updated asset objects reloaded before import = 0
Number of asset objects unloaded after import = 5
========================================================================
Received Import Request.
  Time since last request: 0.000035 seconds.
  path: Assets/sq_shooter/Plugins/CW/LeanTouch/Examples/07 Finger Tap.unity
  artifactKey: Guid(9288129b03a30fd4590f54bacfa4fc2b) Importer(2089858483,0ecaa5967403d082aa24f35e1b516d23)
Start importing Assets/sq_shooter/Plugins/CW/LeanTouch/Examples/07 Finger Tap.unity using Guid(9288129b03a30fd4590f54bacfa4fc2b) Importer(2089858483,0ecaa5967403d082aa24f35e1b516d23)  -> (artifact id: '47b2e9902bbb5bfaa5a4d20355c43935') in 0.009198 seconds
Number of updated asset objects reloaded before import = 0
Number of asset objects unloaded after import = 1
========================================================================
Received Import Request.
  Time since last request: 0.000073 seconds.
  path: Assets/sq_shooter/FPS/Prefabs/Level/MainLvl/Section2/Walls_Entry.prefab
  artifactKey: Guid(a33d95ac04c59de42a7a880bd53d42d8) Importer(2089858483,0ecaa5967403d082aa24f35e1b516d23)
Start importing Assets/sq_shooter/FPS/Prefabs/Level/MainLvl/Section2/Walls_Entry.prefab using Guid(a33d95ac04c59de42a7a880bd53d42d8) Importer(2089858483,0ecaa5967403d082aa24f35e1b516d23)  -> (artifact id: 'c8a89daea148312daf0fcf828ee0a1f6') in 0.015138 seconds
Number of updated asset objects reloaded before import = 0
Number of asset objects unloaded after import = 356
========================================================================
Received Import Request.
  Time since last request: 0.000028 seconds.
  path: Assets/sq_shooter/FPS/Prefabs/Weapons/Stylized Modular Weapons/Prefabs/Middle_Part_01.prefab
  artifactKey: Guid(ba5bd9cc6d29741f9a5b17e8c6d62d20) Importer(2089858483,0ecaa5967403d082aa24f35e1b516d23)
Start importing Assets/sq_shooter/FPS/Prefabs/Weapons/Stylized Modular Weapons/Prefabs/Middle_Part_01.prefab using Guid(ba5bd9cc6d29741f9a5b17e8c6d62d20) Importer(2089858483,0ecaa5967403d082aa24f35e1b516d23)  -> (artifact id: 'e4b119cf17e707f0d195bffcedab7c41') in 0.016701 seconds
Number of updated asset objects reloaded before import = 0
Number of asset objects unloaded after import = 7
========================================================================
Received Import Request.
  Time since last request: 0.000022 seconds.
  path: Assets/sq_shooter/Plugins/CW/Third-Party Notices.txt
  artifactKey: Guid(379dc9295e03f7a4b9bf1dc537cf6e49) Importer(2089858483,0ecaa5967403d082aa24f35e1b516d23)
Start importing Assets/sq_shooter/Plugins/CW/Third-Party Notices.txt using Guid(379dc9295e03f7a4b9bf1dc537cf6e49) Importer(2089858483,0ecaa5967403d082aa24f35e1b516d23)  -> (artifact id: '9b511aa6dd2344a556f2898d273c7375') in 0.005666 seconds
Number of updated asset objects reloaded before import = 0
Number of asset objects unloaded after import = 1
========================================================================
Received Import Request.
  Time since last request: 0.000024 seconds.
  path: Assets/sq_shooter/Plugins/CW/LeanCommon/Examples/Meshes/RoundedCube.obj
  artifactKey: Guid(f36c148914c8e05498dad1ca7becaa2e) Importer(2089858483,0ecaa5967403d082aa24f35e1b516d23)
Start importing Assets/sq_shooter/Plugins/CW/LeanCommon/Examples/Meshes/RoundedCube.obj using Guid(f36c148914c8e05498dad1ca7becaa2e) Importer(2089858483,0ecaa5967403d082aa24f35e1b516d23)  -> (artifact id: '789a9b61edd04c785a9fb2f7ac5c7a3f') in 0.015173 seconds
Number of updated asset objects reloaded before import = 0
Number of asset objects unloaded after import = 9
========================================================================
Received Import Request.
  Time since last request: 0.000078 seconds.
  path: Assets/sq_shooter/FPS/Prefabs/Weapons/Stylized Modular Weapons/Prefabs/Back_Part_04.prefab
  artifactKey: Guid(b15dc8f0aae3c4a0c8d590c6620cb3d7) Importer(2089858483,0ecaa5967403d082aa24f35e1b516d23)
Start importing Assets/sq_shooter/FPS/Prefabs/Weapons/Stylized Modular Weapons/Prefabs/Back_Part_04.prefab using Guid(b15dc8f0aae3c4a0c8d590c6620cb3d7) Importer(2089858483,0ecaa5967403d082aa24f35e1b516d23)  -> (artifact id: 'bfca2aeca8cccdd0d92fb10bcc4d8020') in 0.013040 seconds
Number of updated asset objects reloaded before import = 0
Number of asset objects unloaded after import = 7
========================================================================
Received Import Request.
  Time since last request: 0.000040 seconds.
  path: Assets/sq_shooter/FPS/Prefabs/Weapons/Stylized Modular Weapons/Prefabs/Muzzle_04.prefab
  artifactKey: Guid(dc4325c793bd740aab31b04f7fe11287) Importer(2089858483,0ecaa5967403d082aa24f35e1b516d23)
Start importing Assets/sq_shooter/FPS/Prefabs/Weapons/Stylized Modular Weapons/Prefabs/Muzzle_04.prefab using Guid(dc4325c793bd740aab31b04f7fe11287) Importer(2089858483,0ecaa5967403d082aa24f35e1b516d23)  -> (artifact id: 'd9c98e4b7b74b73495a5083a767a362f') in 0.011177 seconds
Number of updated asset objects reloaded before import = 0
Number of asset objects unloaded after import = 7
========================================================================
Received Import Request.
  Time since last request: 0.000060 seconds.
  path: Assets/sq_shooter/FPS/Prefabs/RootObjects/Ramp_4m.mtl
  artifactKey: Guid(9b6d41b2b08792245a06ac9160949a45) Importer(2089858483,0ecaa5967403d082aa24f35e1b516d23)
Start importing Assets/sq_shooter/FPS/Prefabs/RootObjects/Ramp_4m.mtl using Guid(9b6d41b2b08792245a06ac9160949a45) Importer(2089858483,0ecaa5967403d082aa24f35e1b516d23)  -> (artifact id: '69c64ce3d88e9a34732cb13ba4117758') in 0.004934 seconds
Number of updated asset objects reloaded before import = 0
Number of asset objects unloaded after import = 1
========================================================================
Received Import Request.
  Time since last request: 0.000021 seconds.
  path: Assets/sq_shooter/FPS/Tutorials/Playtest/04-Hierarchy-Intro.asset
  artifactKey: Guid(e834ab372a0a84d8f9a186ab06e88144) Importer(2089858483,0ecaa5967403d082aa24f35e1b516d23)
Start importing Assets/sq_shooter/FPS/Tutorials/Playtest/04-Hierarchy-Intro.asset using Guid(e834ab372a0a84d8f9a186ab06e88144) Importer(2089858483,0ecaa5967403d082aa24f35e1b516d23)  -> (artifact id: 'c5a87992b2551822bbebb1eef993ceae') in 0.011719 seconds
Number of updated asset objects reloaded before import = 0
Number of asset objects unloaded after import = 3
========================================================================
Received Import Request.
  Time since last request: 0.000048 seconds.
  path: Assets/StarterAssets/Environment/Prefabs/Stairs_200x100x200_Prefab.prefab
  artifactKey: Guid(466621a4836aa504c87c15d88722d465) Importer(2089858483,0ecaa5967403d082aa24f35e1b516d23)
Start importing Assets/StarterAssets/Environment/Prefabs/Stairs_200x100x200_Prefab.prefab using Guid(466621a4836aa504c87c15d88722d465) Importer(2089858483,0ecaa5967403d082aa24f35e1b516d23)  -> (artifact id: 'f476000de7ae166bb94bfef5dc31fec7') in 0.012695 seconds
Number of updated asset objects reloaded before import = 0
Number of asset objects unloaded after import = 9
========================================================================
Received Import Request.
  Time since last request: 0.000047 seconds.
  path: Assets/sq_shooter/FPS/Art/Materials/Level/Floor_DarkGrey_Transparent.mat
  artifactKey: Guid(f05e8e5444cff3449afff7ed27f6415e) Importer(2089858483,0ecaa5967403d082aa24f35e1b516d23)
Start importing Assets/sq_shooter/FPS/Art/Materials/Level/Floor_DarkGrey_Transparent.mat using Guid(f05e8e5444cff3449afff7ed27f6415e) Importer(2089858483,0ecaa5967403d082aa24f35e1b516d23)  -> (artifact id: '6700f10ddfb81f14942670fd86dbc926') in 0.008538 seconds
Number of updated asset objects reloaded before import = 0
Number of asset objects unloaded after import = 1
========================================================================
Received Import Request.
  Time since last request: 0.000029 seconds.
  path: Assets/StarterAssets/TutorialInfo
  artifactKey: Guid(d9b1ba53f81715d4a8405a40b0a1e2c1) Importer(2089858483,0ecaa5967403d082aa24f35e1b516d23)
Start importing Assets/StarterAssets/TutorialInfo using Guid(d9b1ba53f81715d4a8405a40b0a1e2c1) Importer(2089858483,0ecaa5967403d082aa24f35e1b516d23)  -> (artifact id: 'fc2c36f118400625a942408e0ff0391f') in 0.004794 seconds
Number of updated asset objects reloaded before import = 0
Number of asset objects unloaded after import = 1
========================================================================
Received Import Request.
  Time since last request: 0.000024 seconds.
  path: Assets/sq_shooter/FPS/Prefabs/Weapons/Stylized Modular Weapons/Settings/SMW_UniversalRP.asset
  artifactKey: Guid(338fafc7085f22f48a26aff298652982) Importer(2089858483,0ecaa5967403d082aa24f35e1b516d23)
Start importing Assets/sq_shooter/FPS/Prefabs/Weapons/Stylized Modular Weapons/Settings/SMW_UniversalRP.asset using Guid(338fafc7085f22f48a26aff298652982) Importer(2089858483,0ecaa5967403d082aa24f35e1b516d23)  -> (artifact id: '0e6528f69ff57b4ff6183b19cdd41525') in 0.034667 seconds
Number of updated asset objects reloaded before import = 0
Number of asset objects unloaded after import = 3
========================================================================
Received Import Request.
  Time since last request: 0.000029 seconds.
  path: Assets/sq_shooter/FPS/Prefabs/PBObjects/_ReadMe_PBObjects.txt
  artifactKey: Guid(a4970806df988044188ee710bbfffc16) Importer(2089858483,0ecaa5967403d082aa24f35e1b516d23)
Start importing Assets/sq_shooter/FPS/Prefabs/PBObjects/_ReadMe_PBObjects.txt using Guid(a4970806df988044188ee710bbfffc16) Importer(2089858483,0ecaa5967403d082aa24f35e1b516d23)  -> (artifact id: '216ba56685ec334f3f1e28d6ed709889') in 0.008982 seconds
Number of updated asset objects reloaded before import = 0
Number of asset objects unloaded after import = 1
========================================================================
Received Import Request.
  Time since last request: 0.000026 seconds.
  path: Assets/world
  artifactKey: Guid(3b7c144eb08eb994abe05010b5b171f3) Importer(2089858483,0ecaa5967403d082aa24f35e1b516d23)
Start importing Assets/world using Guid(3b7c144eb08eb994abe05010b5b171f3) Importer(2089858483,0ecaa5967403d082aa24f35e1b516d23)  -> (artifact id: 'f799cde53be7d3ec51961ac174187a66') in 0.005429 seconds
Number of updated asset objects reloaded before import = 0
Number of asset objects unloaded after import = 1
========================================================================
Received Import Request.
  Time since last request: 0.000025 seconds.
  path: Assets/sq_shooter/FPS/Prefabs/UI/NotificationToast.prefab
  artifactKey: Guid(791e30b832d8b814c82d519317a16e6d) Importer(2089858483,0ecaa5967403d082aa24f35e1b516d23)
Start importing Assets/sq_shooter/FPS/Prefabs/UI/NotificationToast.prefab using Guid(791e30b832d8b814c82d519317a16e6d) Importer(2089858483,0ecaa5967403d082aa24f35e1b516d23)  -> (artifact id: 'd7d85f1583a0c26923d686d770cefe59') in 0.018538 seconds
Number of updated asset objects reloaded before import = 0
Number of asset objects unloaded after import = 21
========================================================================
Received Import Request.
  Time since last request: 0.000021 seconds.
  path: Assets/sq_shooter/FPS/Art/Materials/VFX/Wireframe_Cage.mat
  artifactKey: Guid(d737cdf1ca21a1941a07c6b9a9b5f1d1) Importer(2089858483,0ecaa5967403d082aa24f35e1b516d23)
Start importing Assets/sq_shooter/FPS/Art/Materials/VFX/Wireframe_Cage.mat using Guid(d737cdf1ca21a1941a07c6b9a9b5f1d1) Importer(2089858483,0ecaa5967403d082aa24f35e1b516d23)  -> (artifact id: 'a850001db2efdf8e29e96cacffd2ce40') in 0.009964 seconds
Number of updated asset objects reloaded before import = 0
Number of asset objects unloaded after import = 2
========================================================================
Received Import Request.
  Time since last request: 0.000020 seconds.
  path: Assets/sq_shooter/FPS/Prefabs/Weapons/Stylized Modular Weapons/Prefabs/Bottom_Part_04.prefab
  artifactKey: Guid(6651b2127c86b44a2898a8b3a34db081) Importer(2089858483,0ecaa5967403d082aa24f35e1b516d23)
Start importing Assets/sq_shooter/FPS/Prefabs/Weapons/Stylized Modular Weapons/Prefabs/Bottom_Part_04.prefab using Guid(6651b2127c86b44a2898a8b3a34db081) Importer(2089858483,0ecaa5967403d082aa24f35e1b516d23)  -> (artifact id: '7dc75de5139f433ef969692b055f4809') in 0.008829 seconds
Number of updated asset objects reloaded before import = 0
Number of asset objects unloaded after import = 7
========================================================================
Received Import Request.
  Time since last request: 0.000041 seconds.
  path: Assets/sq_shooter/FPS/Animation/Controllers/Turret_AnimationController.controller
  artifactKey: Guid(d57ebae9f701b57448648b380d0beb65) Importer(2089858483,0ecaa5967403d082aa24f35e1b516d23)
Start importing Assets/sq_shooter/FPS/Animation/Controllers/Turret_AnimationController.controller using Guid(d57ebae9f701b57448648b380d0beb65) Importer(2089858483,0ecaa5967403d082aa24f35e1b516d23)  -> (artifact id: '347eb1b59be03a024e0ac6bf950a2223') in 0.011700 seconds
Number of updated asset objects reloaded before import = 0
Number of asset objects unloaded after import = 27
========================================================================
Received Import Request.
  Time since last request: 0.000029 seconds.
  path: Assets/sq_shooter/TextMesh Pro/Sprites/EmojiOne.json
  artifactKey: Guid(8f05276190cf498a8153f6cbe761d4e6) Importer(2089858483,0ecaa5967403d082aa24f35e1b516d23)
Start importing Assets/sq_shooter/TextMesh Pro/Sprites/EmojiOne.json using Guid(8f05276190cf498a8153f6cbe761d4e6) Importer(2089858483,0ecaa5967403d082aa24f35e1b516d23)  -> (artifact id: 'd704dfb2e3e5faa6f5aacaa0bde6aa84') in 0.003838 seconds
Number of updated asset objects reloaded before import = 0
Number of asset objects unloaded after import = 1
========================================================================
Received Import Request.
  Time since last request: 0.000038 seconds.
  path: Assets/sq_shooter/TextMesh Pro/Sprites/EmojiOne_License.txt
  artifactKey: Guid(906d2306b051fcb42a5779eb9c6d3e2b) Importer(2089858483,0ecaa5967403d082aa24f35e1b516d23)
Start importing Assets/sq_shooter/TextMesh Pro/Sprites/EmojiOne_License.txt using Guid(906d2306b051fcb42a5779eb9c6d3e2b) Importer(2089858483,0ecaa5967403d082aa24f35e1b516d23)  -> (artifact id: 'b953282e2f5b3bf5d7d0b84f1370145c') in 0.006763 seconds
Number of updated asset objects reloaded before import = 0
Number of asset objects unloaded after import = 1
========================================================================
Received Import Request.
  Time since last request: 0.000022 seconds.
  path: Assets/sq_shooter/FPS/Prefabs/Level/MainLvl/Section1/Observatory_Ramp.prefab
  artifactKey: Guid(cf150224d27671b43b579910ad5ce98c) Importer(2089858483,0ecaa5967403d082aa24f35e1b516d23)
Start importing Assets/sq_shooter/FPS/Prefabs/Level/MainLvl/Section1/Observatory_Ramp.prefab using Guid(cf150224d27671b43b579910ad5ce98c) Importer(2089858483,0ecaa5967403d082aa24f35e1b516d23)  -> (artifact id: '7337959a59b94cea6f566329f8db8940') in 0.012114 seconds
Number of updated asset objects reloaded before import = 0
Number of asset objects unloaded after import = 253
========================================================================
Received Import Request.
  Time since last request: 0.000094 seconds.
  path: Assets/sq_shooter/FPS/Prefabs/VFX/VFX_HoverBot_Explosion.prefab
  artifactKey: Guid(2a8f5052fe50f7b41b17149abb0f7414) Importer(2089858483,0ecaa5967403d082aa24f35e1b516d23)
Start importing Assets/sq_shooter/FPS/Prefabs/VFX/VFX_HoverBot_Explosion.prefab using Guid(2a8f5052fe50f7b41b17149abb0f7414) Importer(2089858483,0ecaa5967403d082aa24f35e1b516d23)  -> (artifact id: 'c778b38774cccb3a1558c03a540a285b') in 0.042458 seconds
Number of updated asset objects reloaded before import = 0
Number of asset objects unloaded after import = 22
========================================================================
Received Import Request.
  Time since last request: 0.000025 seconds.
  path: Assets/sq_shooter/ModAssets/Materials/Custom Materials/Basic Red.mat
  artifactKey: Guid(6487fdefd669d4dbc91709a177cd4b93) Importer(2089858483,0ecaa5967403d082aa24f35e1b516d23)
Start importing Assets/sq_shooter/ModAssets/Materials/Custom Materials/Basic Red.mat using Guid(6487fdefd669d4dbc91709a177cd4b93) Importer(2089858483,0ecaa5967403d082aa24f35e1b516d23)  -> (artifact id: '76115958b6973e16122c652a7c9ed117') in 0.007745 seconds
Number of updated asset objects reloaded before import = 0
Number of asset objects unloaded after import = 1
========================================================================
Received Import Request.
  Time since last request: 0.000144 seconds.
  path: Assets/sq_shooter/FPS/Prefabs/VFX/VFX_LazerSparksBlue 1.prefab
  artifactKey: Guid(e1c037dffdf203445b05f633ed858ca5) Importer(2089858483,0ecaa5967403d082aa24f35e1b516d23)
Start importing Assets/sq_shooter/FPS/Prefabs/VFX/VFX_LazerSparksBlue 1.prefab using Guid(e1c037dffdf203445b05f633ed858ca5) Importer(2089858483,0ecaa5967403d082aa24f35e1b516d23)  -> (artifact id: '6cdc0e8d8e195c83eb43b3b553a98a95') in 0.028188 seconds
Number of updated asset objects reloaded before import = 0
Number of asset objects unloaded after import = 6
========================================================================
Received Import Request.
  Time since last request: 0.000028 seconds.
  path: Assets/sq_shooter/ModAssets/Materials/Custom Materials/Metal Copper.mat
  artifactKey: Guid(e7c453d829e9a4662a456d2da16a7e42) Importer(2089858483,0ecaa5967403d082aa24f35e1b516d23)
Start importing Assets/sq_shooter/ModAssets/Materials/Custom Materials/Metal Copper.mat using Guid(e7c453d829e9a4662a456d2da16a7e42) Importer(2089858483,0ecaa5967403d082aa24f35e1b516d23)  -> (artifact id: 'ae1e11f9fc1de225d7a2e113d380e122') in 0.008493 seconds
Number of updated asset objects reloaded before import = 0
Number of asset objects unloaded after import = 1
========================================================================
Received Import Request.
  Time since last request: 0.000044 seconds.
  path: Assets/sq_shooter/FPS/Prefabs/UI/WinGameMessage.prefab
  artifactKey: Guid(f981094eb6c2a6f4f8a56f85c606e3d1) Importer(2089858483,0ecaa5967403d082aa24f35e1b516d23)
Start importing Assets/sq_shooter/FPS/Prefabs/UI/WinGameMessage.prefab using Guid(f981094eb6c2a6f4f8a56f85c606e3d1) Importer(2089858483,0ecaa5967403d082aa24f35e1b516d23)  -> (artifact id: '725f091b8ecb61487b9223870f5c61d9') in 0.011304 seconds
Number of updated asset objects reloaded before import = 0
Number of asset objects unloaded after import = 5
========================================================================
Received Import Request.
  Time since last request: 0.000024 seconds.
  path: Assets/sq_shooter/FPS/Art/Materials/Weapons/Gun.mat
  artifactKey: Guid(17a7e49545726f94f9d0b396b9b6d60b) Importer(2089858483,0ecaa5967403d082aa24f35e1b516d23)
Start importing Assets/sq_shooter/FPS/Art/Materials/Weapons/Gun.mat using Guid(17a7e49545726f94f9d0b396b9b6d60b) Importer(2089858483,0ecaa5967403d082aa24f35e1b516d23)  -> (artifact id: '6ebc5f2c3656e6f631c244b17d8cdbf5') in 0.012476 seconds
Number of updated asset objects reloaded before import = 0
Number of asset objects unloaded after import = 1
========================================================================
Received Import Request.
  Time since last request: 0.000037 seconds.
  path: Assets/sq_shooter/FPS/Tutorials/BuildAndPublish/Walkthrough7-010.asset
  artifactKey: Guid(fcca6e4cbcfd27e49bf16a7c3a6eb019) Importer(2089858483,0ecaa5967403d082aa24f35e1b516d23)
Start importing Assets/sq_shooter/FPS/Tutorials/BuildAndPublish/Walkthrough7-010.asset using Guid(fcca6e4cbcfd27e49bf16a7c3a6eb019) Importer(2089858483,0ecaa5967403d082aa24f35e1b516d23)  -> (artifact id: '94a6b93ac39caa63b1b6f4f9fa0eabe6') in 0.011139 seconds
Number of updated asset objects reloaded before import = 0
Number of asset objects unloaded after import = 5
========================================================================
Received Import Request.
  Time since last request: 0.000077 seconds.
  path: Assets/sq_shooter/Plugins/CW/LeanTouch/Examples/23    Transform Relative.unity
  artifactKey: Guid(ac9caf83cfcbe894eab16c237b2aeb74) Importer(2089858483,0ecaa5967403d082aa24f35e1b516d23)
Start importing Assets/sq_shooter/Plugins/CW/LeanTouch/Examples/23    Transform Relative.unity using Guid(ac9caf83cfcbe894eab16c237b2aeb74) Importer(2089858483,0ecaa5967403d082aa24f35e1b516d23)  -> (artifact id: '661c5853440559a3f7262a1d994e1221') in 0.004634 seconds
Number of updated asset objects reloaded before import = 0
Number of asset objects unloaded after import = 1
========================================================================
Received Import Request.
  Time since last request: 0.000077 seconds.
  path: Assets/sq_shooter/FPS/Prefabs/Level/Floors/Floor_18x18.prefab
  artifactKey: Guid(7042f8fe21debc944b5bdc894f478d63) Importer(2089858483,0ecaa5967403d082aa24f35e1b516d23)
Start importing Assets/sq_shooter/FPS/Prefabs/Level/Floors/Floor_18x18.prefab using Guid(7042f8fe21debc944b5bdc894f478d63) Importer(2089858483,0ecaa5967403d082aa24f35e1b516d23)  -> (artifact id: '40f2872ce88228e753d1213b0c83d000') in 0.037213 seconds
Number of updated asset objects reloaded before import = 0
Number of asset objects unloaded after import = 2361
========================================================================
Received Import Request.
  Time since last request: 0.000039 seconds.
  path: Assets/sq_shooter/FPS/Animation/Controllers/HoverBot_AnimationController.controller
  artifactKey: Guid(e029e430e913b374387843833ab0b593) Importer(2089858483,0ecaa5967403d082aa24f35e1b516d23)
Start importing Assets/sq_shooter/FPS/Animation/Controllers/HoverBot_AnimationController.controller using Guid(e029e430e913b374387843833ab0b593) Importer(2089858483,0ecaa5967403d082aa24f35e1b516d23)  -> (artifact id: '6b91e0007a322613e8b9a5f45d6d3134') in 0.015484 seconds
Number of updated asset objects reloaded before import = 0
Number of asset objects unloaded after import = 41
========================================================================
Received Import Request.
  Time since last request: 0.000099 seconds.
  path: Assets/sq_shooter/FPS/Prefabs/Enemies/Enemy_HoverBot.prefab
  artifactKey: Guid(25a1b0efadb966e44889fce712c8ff8d) Importer(2089858483,0ecaa5967403d082aa24f35e1b516d23)
Start importing Assets/sq_shooter/FPS/Prefabs/Enemies/Enemy_HoverBot.prefab using Guid(25a1b0efadb966e44889fce712c8ff8d) Importer(2089858483,0ecaa5967403d082aa24f35e1b516d23)  -> (artifact id: '420cb87f52ec093a74380ed0675a027e') in 0.149330 seconds
Number of updated asset objects reloaded before import = 0
Number of asset objects unloaded after import = 219
========================================================================
Received Import Request.
  Time since last request: 0.000046 seconds.
  path: Assets/sq_shooter/FPS/Prefabs/Weapons/Stylized Modular Weapons/Prefabs/Your Weapon Example 10.prefab
  artifactKey: Guid(334090f41fcc64272b664e23faebb220) Importer(2089858483,0ecaa5967403d082aa24f35e1b516d23)
Start importing Assets/sq_shooter/FPS/Prefabs/Weapons/Stylized Modular Weapons/Prefabs/Your Weapon Example 10.prefab using Guid(334090f41fcc64272b664e23faebb220) Importer(2089858483,0ecaa5967403d082aa24f35e1b516d23)  -> (artifact id: 'f99862e399624dac5c4e8aa3e138c453') in 0.013168 seconds
Number of updated asset objects reloaded before import = 0
Number of asset objects unloaded after import = 39
========================================================================
Received Import Request.
  Time since last request: 0.000043 seconds.
  path: Assets/sq_shooter/FPS/Prefabs/Weapons/Weapon_Blaster.prefab
  artifactKey: Guid(b318fabc73446b746a1005cede0c4ceb) Importer(2089858483,0ecaa5967403d082aa24f35e1b516d23)
Start importing Assets/sq_shooter/FPS/Prefabs/Weapons/Weapon_Blaster.prefab using Guid(b318fabc73446b746a1005cede0c4ceb) Importer(2089858483,0ecaa5967403d082aa24f35e1b516d23)  -> (artifact id: 'd8d561fdeec59ccbd8a216a165ffd297') in 0.048139 seconds
Number of updated asset objects reloaded before import = 0
Number of asset objects unloaded after import = 109
========================================================================
Received Import Request.
  Time since last request: 0.000025 seconds.
  path: Assets/sq_shooter/FPS/Prefabs/Level/Dungeon/Dun_Tower.prefab
  artifactKey: Guid(8417428a3ba2f8946ab5205bd869364b) Importer(2089858483,0ecaa5967403d082aa24f35e1b516d23)
Start importing Assets/sq_shooter/FPS/Prefabs/Level/Dungeon/Dun_Tower.prefab using Guid(8417428a3ba2f8946ab5205bd869364b) Importer(2089858483,0ecaa5967403d082aa24f35e1b516d23)  -> (artifact id: '79de06b3db9b2eedef505d7ff05b50e8') in 0.011517 seconds
Number of updated asset objects reloaded before import = 0
Number of asset objects unloaded after import = 181
========================================================================
Received Import Request.
  Time since last request: 0.000028 seconds.
  path: Assets/sq_shooter/FPS/Prefabs/Projectiles/Projectile_Blaster.prefab
  artifactKey: Guid(3c6b27d949cdda749892906e1f1d1b27) Importer(2089858483,0ecaa5967403d082aa24f35e1b516d23)
Start importing Assets/sq_shooter/FPS/Prefabs/Projectiles/Projectile_Blaster.prefab using Guid(3c6b27d949cdda749892906e1f1d1b27) Importer(2089858483,0ecaa5967403d082aa24f35e1b516d23)  -> (artifact id: 'a5977d91cdfd0ce0c235364d6fd9e30a') in 0.012334 seconds
Number of updated asset objects reloaded before import = 0
Number of asset objects unloaded after import = 17
========================================================================
Received Import Request.
  Time since last request: 0.000023 seconds.
  path: Assets/sq_shooter/FPS/Art/Materials/Enemies/HoverBot_Glass.mat
  artifactKey: Guid(e203bd207390a174692e7fe5d381d0aa) Importer(2089858483,0ecaa5967403d082aa24f35e1b516d23)
Start importing Assets/sq_shooter/FPS/Art/Materials/Enemies/HoverBot_Glass.mat using Guid(e203bd207390a174692e7fe5d381d0aa) Importer(2089858483,0ecaa5967403d082aa24f35e1b516d23)  -> (artifact id: 'dc7110a72a7b3d57e6ea650d1e009cbe') in 0.008260 seconds
Number of updated asset objects reloaded before import = 0
Number of asset objects unloaded after import = 3
========================================================================
Received Import Request.
  Time since last request: 0.000043 seconds.
  path: Assets/sq_shooter/FPS/Prefabs/Weapons/Stylized Modular Weapons/Geometry/Back_Part_01.fbx
  artifactKey: Guid(eaef9e82e1e6e4c9e87b93e19431b966) Importer(2089858483,0ecaa5967403d082aa24f35e1b516d23)
Start importing Assets/sq_shooter/FPS/Prefabs/Weapons/Stylized Modular Weapons/Geometry/Back_Part_01.fbx using Guid(eaef9e82e1e6e4c9e87b93e19431b966) Importer(2089858483,0ecaa5967403d082aa24f35e1b516d23)  -> (artifact id: '0d7cdd39bb060f45fb8790741773c7ea') in 0.024349 seconds
Number of updated asset objects reloaded before import = 0
Number of asset objects unloaded after import = 7
========================================================================
Received Import Request.
  Time since last request: 0.000033 seconds.
  path: Assets/sq_shooter/ModAssets/Fonts/PressStart2P-Regular SDF.asset
  artifactKey: Guid(88003508be39e449cb51c48494e680cf) Importer(2089858483,0ecaa5967403d082aa24f35e1b516d23)
Start importing Assets/sq_shooter/ModAssets/Fonts/PressStart2P-Regular SDF.asset using Guid(88003508be39e449cb51c48494e680cf) Importer(2089858483,0ecaa5967403d082aa24f35e1b516d23)  -> (artifact id: '8726a134c862d1c80c986da3bb22481a') in 0.031754 seconds
Number of updated asset objects reloaded before import = 0
Number of asset objects unloaded after import = 3
========================================================================
Received Import Request.
  Time since last request: 0.000023 seconds.
  path: Assets/sq_shooter/FPS/Prefabs/RootObjects/OBJFloor_Indented.obj
  artifactKey: Guid(2307b738aa8971a44852d5e80de915ff) Importer(2089858483,0ecaa5967403d082aa24f35e1b516d23)
Start importing Assets/sq_shooter/FPS/Prefabs/RootObjects/OBJFloor_Indented.obj using Guid(2307b738aa8971a44852d5e80de915ff) Importer(2089858483,0ecaa5967403d082aa24f35e1b516d23)  -> (artifact id: '26b4afada35087bb5782345ce9982dc4') in 0.016068 seconds
Number of updated asset objects reloaded before import = 0
Number of asset objects unloaded after import = 10
========================================================================
Received Import Request.
  Time since last request: 0.000033 seconds.
  path: Assets/sq_shooter/Plugins/CW/Shared/Common/Examples/Shaders/RimAlpha.shader
  artifactKey: Guid(0d949f33aae55df4d92d64ec31581556) Importer(2089858483,0ecaa5967403d082aa24f35e1b516d23)
Start importing Assets/sq_shooter/Plugins/CW/Shared/Common/Examples/Shaders/RimAlpha.shader using Guid(0d949f33aae55df4d92d64ec31581556) Importer(2089858483,0ecaa5967403d082aa24f35e1b516d23)  -> (artifact id: '4f3ac33bc6615e6551b8189ee19aa2b7') in 0.008914 seconds
Number of updated asset objects reloaded before import = 0
Number of asset objects unloaded after import = 1
========================================================================
Received Import Request.
  Time since last request: 0.000046 seconds.
  path: Assets/sq_shooter/FPS/Animation/Turret/Turret@AttackLoop.fbx
  artifactKey: Guid(8960478e18a418b4da048978e6a4b534) Importer(2089858483,0ecaa5967403d082aa24f35e1b516d23)
Start importing Assets/sq_shooter/FPS/Animation/Turret/Turret@AttackLoop.fbx using Guid(8960478e18a418b4da048978e6a4b534) Importer(2089858483,0ecaa5967403d082aa24f35e1b516d23)  -> (artifact id: 'fa8a6d0b0543953ec267d73b85f4376f') in 0.023727 seconds
Number of updated asset objects reloaded before import = 0
Number of asset objects unloaded after import = 20
========================================================================
Received Import Request.
  Time since last request: 0.000020 seconds.
  path: Assets/sq_shooter/FPS/Prefabs/VFX/VFX_Alert.prefab
  artifactKey: Guid(1bc9e4f49c67a6a41af3e7cb3d30bb43) Importer(2089858483,0ecaa5967403d082aa24f35e1b516d23)
Start importing Assets/sq_shooter/FPS/Prefabs/VFX/VFX_Alert.prefab using Guid(1bc9e4f49c67a6a41af3e7cb3d30bb43) Importer(2089858483,0ecaa5967403d082aa24f35e1b516d23)  -> (artifact id: '436da3d2f2fcaa5e30ea67aefb4f4f7e') in 0.030690 seconds
Number of updated asset objects reloaded before import = 0
Number of asset objects unloaded after import = 6
========================================================================
Received Import Request.
  Time since last request: 0.000033 seconds.
  path: Assets/sq_shooter/FPS/Prefabs/PBObjects/Ramps/PBRamp_8m.prefab
  artifactKey: Guid(f03291e8b6778d141b37da534b79e2b5) Importer(2089858483,0ecaa5967403d082aa24f35e1b516d23)
Start importing Assets/sq_shooter/FPS/Prefabs/PBObjects/Ramps/PBRamp_8m.prefab using Guid(f03291e8b6778d141b37da534b79e2b5) Importer(2089858483,0ecaa5967403d082aa24f35e1b516d23)  -> (artifact id: '82b5b8c94b0ffed14c846e2543de12c2') in 0.010320 seconds
Number of updated asset objects reloaded before import = 0
Number of asset objects unloaded after import = 8
========================================================================
Received Import Request.
  Time since last request: 0.000022 seconds.
  path: Assets/sq_shooter/FPS/Art/Materials/VFX/ImpactFlare.mat
  artifactKey: Guid(5e98ae3eabd1549449a0ae4409a21eff) Importer(2089858483,0ecaa5967403d082aa24f35e1b516d23)
Start importing Assets/sq_shooter/FPS/Art/Materials/VFX/ImpactFlare.mat using Guid(5e98ae3eabd1549449a0ae4409a21eff) Importer(2089858483,0ecaa5967403d082aa24f35e1b516d23)  -> (artifact id: 'b7c9d29a3559da1193f66e017b4195e6') in 0.013613 seconds
Number of updated asset objects reloaded before import = 0
Number of asset objects unloaded after import = 2
========================================================================
Received Import Request.
  Time since last request: 0.000020 seconds.
  path: Assets/sq_shooter/FPS/Tutorials/Tutorial Project Settings.asset
  artifactKey: Guid(82ccda3adf0ba49e1ba86e30edff0cc5) Importer(2089858483,0ecaa5967403d082aa24f35e1b516d23)
Start importing Assets/sq_shooter/FPS/Tutorials/Tutorial Project Settings.asset using Guid(82ccda3adf0ba49e1ba86e30edff0cc5) Importer(2089858483,0ecaa5967403d082aa24f35e1b516d23)  -> (artifact id: 'e0c1067f4ba1806abb0d3526f3ffaee9') in 0.286629 seconds
Number of updated asset objects reloaded before import = 0
Number of asset objects unloaded after import = 884
========================================================================
Received Import Request.
  Time since last request: 0.000049 seconds.
  path: Assets/sq_shooter/FPS/Prefabs/Level/MainLvl/Section2/Floors_Entry.prefab
  artifactKey: Guid(bd9186550cf002443b7b6c64c4f7a0b2) Importer(2089858483,0ecaa5967403d082aa24f35e1b516d23)
Start importing Assets/sq_shooter/FPS/Prefabs/Level/MainLvl/Section2/Floors_Entry.prefab using Guid(bd9186550cf002443b7b6c64c4f7a0b2) Importer(2089858483,0ecaa5967403d082aa24f35e1b516d23)  -> (artifact id: '80e8d0920f23701bca44aae60cfa6e89') in 0.010738 seconds
Number of updated asset objects reloaded before import = 0
Number of asset objects unloaded after import = 285
========================================================================
Received Import Request.
  Time since last request: 0.000041 seconds.
  path: Assets/sq_shooter/ModAssets/Materials/TrailMaterials/FireTrailMaterial.mat
  artifactKey: Guid(1cdc620dc87bd45acbd2dfd2cc6560eb) Importer(2089858483,0ecaa5967403d082aa24f35e1b516d23)
Start importing Assets/sq_shooter/ModAssets/Materials/TrailMaterials/FireTrailMaterial.mat using Guid(1cdc620dc87bd45acbd2dfd2cc6560eb) Importer(2089858483,0ecaa5967403d082aa24f35e1b516d23)  -> (artifact id: '033ade34be108098fdc222c7c28568a8') in 0.007931 seconds
Number of updated asset objects reloaded before import = 0
Number of asset objects unloaded after import = 1
========================================================================
Received Import Request.
  Time since last request: 0.000022 seconds.
  path: Assets/StarterAssets/Readme.asset
  artifactKey: Guid(4181bfe715a83e843b7538d750dc57cc) Importer(2089858483,0ecaa5967403d082aa24f35e1b516d23)
Start importing Assets/StarterAssets/Readme.asset using Guid(4181bfe715a83e843b7538d750dc57cc) Importer(2089858483,0ecaa5967403d082aa24f35e1b516d23)  -> (artifact id: '42c718af6556f643b9f0b7cbf6ba2de8') in 0.007193 seconds
Number of updated asset objects reloaded before import = 0
Number of asset objects unloaded after import = 2
========================================================================
Received Import Request.
  Time since last request: 0.000068 seconds.
  path: Assets/sq_shooter/FPS/Prefabs/Level/Dungeon/Dun_Cross.prefab
  artifactKey: Guid(a154559da8c0da24b98c1eaa7649c853) Importer(2089858483,0ecaa5967403d082aa24f35e1b516d23)
Start importing Assets/sq_shooter/FPS/Prefabs/Level/Dungeon/Dun_Cross.prefab using Guid(a154559da8c0da24b98c1eaa7649c853) Importer(2089858483,0ecaa5967403d082aa24f35e1b516d23)  -> (artifact id: '4e22f04274a0d13400fef741ff0963fc') in 0.011481 seconds
Number of updated asset objects reloaded before import = 0
Number of asset objects unloaded after import = 357
========================================================================
Received Import Request.
  Time since last request: 0.000026 seconds.
  path: Assets/sq_shooter/FPS/Prefabs/Weapons/Stylized Modular Weapons/Prefabs/Aim_02.prefab
  artifactKey: Guid(9fe5f5405afe24210a07d34d5dbdae5c) Importer(2089858483,0ecaa5967403d082aa24f35e1b516d23)
Start importing Assets/sq_shooter/FPS/Prefabs/Weapons/Stylized Modular Weapons/Prefabs/Aim_02.prefab using Guid(9fe5f5405afe24210a07d34d5dbdae5c) Importer(2089858483,0ecaa5967403d082aa24f35e1b516d23)  -> (artifact id: '82143877457d8a7a38187b6eb6be7cfc') in 0.013684 seconds
Number of updated asset objects reloaded before import = 0
Number of asset objects unloaded after import = 7
========================================================================
Received Import Request.
  Time since last request: 0.000021 seconds.
  path: Assets/sq_shooter/FPS/Prefabs/Weapons/Stylized Modular Weapons/Settings/SMW_UniversalRP_Renderer.asset
  artifactKey: Guid(df618337818a1564dbcb94a36697369d) Importer(2089858483,0ecaa5967403d082aa24f35e1b516d23)
Start importing Assets/sq_shooter/FPS/Prefabs/Weapons/Stylized Modular Weapons/Settings/SMW_UniversalRP_Renderer.asset using Guid(df618337818a1564dbcb94a36697369d) Importer(2089858483,0ecaa5967403d082aa24f35e1b516d23)  -> (artifact id: 'b66174f7d49fbea83e84483bf5a449d6') in 0.028731 seconds
Number of updated asset objects reloaded before import = 0
Number of asset objects unloaded after import = 2
========================================================================
Received Import Request.
  Time since last request: 0.000049 seconds.
  path: Assets/sq_shooter/FPS/Prefabs/Level/Stairwell/Stairwell_Small.prefab
  artifactKey: Guid(80158efd6c78bab4e9903f1286f5409d) Importer(2089858483,0ecaa5967403d082aa24f35e1b516d23)
Start importing Assets/sq_shooter/FPS/Prefabs/Level/Stairwell/Stairwell_Small.prefab using Guid(80158efd6c78bab4e9903f1286f5409d) Importer(2089858483,0ecaa5967403d082aa24f35e1b516d23)  -> (artifact id: '9d91e76260cbb1c0b2720979a3db7499') in 0.009975 seconds
Number of updated asset objects reloaded before import = 0
Number of asset objects unloaded after import = 173
========================================================================
Received Import Request.
  Time since last request: 0.000022 seconds.
  path: Assets/sq_shooter/FPS/Animation/Turret/Turret@AttackIn.fbx
  artifactKey: Guid(75ddbac7a55d2e94f9908caf1194a926) Importer(2089858483,0ecaa5967403d082aa24f35e1b516d23)
Start importing Assets/sq_shooter/FPS/Animation/Turret/Turret@AttackIn.fbx using Guid(75ddbac7a55d2e94f9908caf1194a926) Importer(2089858483,0ecaa5967403d082aa24f35e1b516d23)  -> (artifact id: 'ea188bae152389915ca3feb618b7e866') in 0.015005 seconds
Number of updated asset objects reloaded before import = 0
Number of asset objects unloaded after import = 20
========================================================================
Received Import Request.
  Time since last request: 0.000033 seconds.
  path: Assets/sq_shooter/FPS/Art/Materials/VFX/Projectile_green.mat
  artifactKey: Guid(e4d0ea9642095ef4cb76e9b3c9f91eef) Importer(2089858483,0ecaa5967403d082aa24f35e1b516d23)
Start importing Assets/sq_shooter/FPS/Art/Materials/VFX/Projectile_green.mat using Guid(e4d0ea9642095ef4cb76e9b3c9f91eef) Importer(2089858483,0ecaa5967403d082aa24f35e1b516d23)  -> (artifact id: '465b036a4e722bafb459385b0c47789c') in 0.009821 seconds
Number of updated asset objects reloaded before import = 0
Number of asset objects unloaded after import = 2
========================================================================
Received Import Request.
  Time since last request: 0.000042 seconds.
  path: Assets/StarterAssets/ThirdPersonController/Character/Textures/Armature_Legs_MetallicSmoothness.tif
  artifactKey: Guid(1c98c94efa7792645972ecf95e6f86c2) Importer(2089858483,0ecaa5967403d082aa24f35e1b516d23)
Start importing Assets/StarterAssets/ThirdPersonController/Character/Textures/Armature_Legs_MetallicSmoothness.tif using Guid(1c98c94efa7792645972ecf95e6f86c2) Importer(2089858483,0ecaa5967403d082aa24f35e1b516d23)  -> (artifact id: 'ede9f160c873ce2d3b7ee4bedba54db7') in 0.021513 seconds
Number of updated asset objects reloaded before import = 0
Number of asset objects unloaded after import = 1
========================================================================
Received Import Request.
  Time since last request: 0.000094 seconds.
  path: Assets/sq_shooter/FPS/Art/Materials/VFX/ExclamationMark.mat
  artifactKey: Guid(a0c4a8e5c3d13f04e8e43d7cb33d1ea4) Importer(2089858483,0ecaa5967403d082aa24f35e1b516d23)
Start importing Assets/sq_shooter/FPS/Art/Materials/VFX/ExclamationMark.mat using Guid(a0c4a8e5c3d13f04e8e43d7cb33d1ea4) Importer(2089858483,0ecaa5967403d082aa24f35e1b516d23)  -> (artifact id: 'bea764d9b49f2f8cc6eab996321f8ec8') in 0.013019 seconds
Number of updated asset objects reloaded before import = 0
Number of asset objects unloaded after import = 2
========================================================================
Received Import Request.
  Time since last request: 0.000044 seconds.
  path: Assets/sq_shooter/FPS/Prefabs/Level/Dungeon/Dun_Descent.prefab
  artifactKey: Guid(91e047326c7121248bcdf81ab6f4a6fa) Importer(2089858483,0ecaa5967403d082aa24f35e1b516d23)
Start importing Assets/sq_shooter/FPS/Prefabs/Level/Dungeon/Dun_Descent.prefab using Guid(91e047326c7121248bcdf81ab6f4a6fa) Importer(2089858483,0ecaa5967403d082aa24f35e1b516d23)  -> (artifact id: '65ae2f9e1fa38ddcaa844f3c146ff019') in 0.014553 seconds
Number of updated asset objects reloaded before import = 0
Number of asset objects unloaded after import = 542
========================================================================
Received Import Request.
  Time since last request: 0.000032 seconds.
  path: Assets/sq_shooter/Low Poly Fire/Materials/Fire Wood.mat
  artifactKey: Guid(f2d08b29abc444346916782c222f2c4a) Importer(2089858483,0ecaa5967403d082aa24f35e1b516d23)
Start importing Assets/sq_shooter/Low Poly Fire/Materials/Fire Wood.mat using Guid(f2d08b29abc444346916782c222f2c4a) Importer(2089858483,0ecaa5967403d082aa24f35e1b516d23)  -> (artifact id: '65d83f32ff27a510bcc2271f816abf95') in 0.008301 seconds
Number of updated asset objects reloaded before import = 0
Number of asset objects unloaded after import = 1
========================================================================
Received Import Request.
  Time since last request: 0.000040 seconds.
  path: Assets/sq_shooter/FPS/Tutorials/Playtest/05-Select-Object.asset
  artifactKey: Guid(2d1257a40bff04ff7b1c691749feedbb) Importer(2089858483,0ecaa5967403d082aa24f35e1b516d23)
Start importing Assets/sq_shooter/FPS/Tutorials/Playtest/05-Select-Object.asset using Guid(2d1257a40bff04ff7b1c691749feedbb) Importer(2089858483,0ecaa5967403d082aa24f35e1b516d23)  -> (artifact id: 'f5be8cea4cae0b33362f043ad1a314e2') in 0.013022 seconds
Number of updated asset objects reloaded before import = 0
Number of asset objects unloaded after import = 4
========================================================================
Received Import Request.
  Time since last request: 0.000035 seconds.
  path: Assets/sq_shooter/FPS/Prefabs/UI/GameMessageGeneric.prefab
  artifactKey: Guid(dbfc7742a2f49bf42a9a012e4ec4b773) Importer(2089858483,0ecaa5967403d082aa24f35e1b516d23)
Start importing Assets/sq_shooter/FPS/Prefabs/UI/GameMessageGeneric.prefab using Guid(dbfc7742a2f49bf42a9a012e4ec4b773) Importer(2089858483,0ecaa5967403d082aa24f35e1b516d23)  -> (artifact id: '3cdcd149ded3c3a20aa139aa93ad2b77') in 0.017496 seconds
Number of updated asset objects reloaded before import = 0
Number of asset objects unloaded after import = 19
========================================================================
Received Import Request.
  Time since last request: 0.000021 seconds.
  path: Assets/sq_shooter/Plugins/CW/LeanTouch/Examples/TouchEvents.unity
  artifactKey: Guid(8ac725435c4f16446b182ce8844aac54) Importer(2089858483,0ecaa5967403d082aa24f35e1b516d23)
Start importing Assets/sq_shooter/Plugins/CW/LeanTouch/Examples/TouchEvents.unity using Guid(8ac725435c4f16446b182ce8844aac54) Importer(2089858483,0ecaa5967403d082aa24f35e1b516d23)  -> (artifact id: '50b7d6f4ef0224deb904dd75ef425fb8') in 0.005943 seconds
Number of updated asset objects reloaded before import = 0
Number of asset objects unloaded after import = 1
========================================================================
Received Import Request.
  Time since last request: 0.000061 seconds.
  path: Assets/sq_shooter/FPS/Prefabs/Weapons/Stylized Modular Weapons/Geometry/Middle_Part_01.fbx
  artifactKey: Guid(61aedcec8b9ad4b11aa14f3be37b5937) Importer(2089858483,0ecaa5967403d082aa24f35e1b516d23)
Start importing Assets/sq_shooter/FPS/Prefabs/Weapons/Stylized Modular Weapons/Geometry/Middle_Part_01.fbx using Guid(61aedcec8b9ad4b11aa14f3be37b5937) Importer(2089858483,0ecaa5967403d082aa24f35e1b516d23)  -> (artifact id: '6bc3035d353e8b1c1c80cfe9d889ca0f') in 0.015869 seconds
Number of updated asset objects reloaded before import = 0
Number of asset objects unloaded after import = 7
========================================================================
Received Import Request.
  Time since last request: 0.000029 seconds.
  path: Assets/sq_shooter/FPS/Tutorials/AddARoom/09.asset
  artifactKey: Guid(d72f5b10e2e20420183526971d1a0afe) Importer(2089858483,0ecaa5967403d082aa24f35e1b516d23)
Start importing Assets/sq_shooter/FPS/Tutorials/AddARoom/09.asset using Guid(d72f5b10e2e20420183526971d1a0afe) Importer(2089858483,0ecaa5967403d082aa24f35e1b516d23)  -> (artifact id: 'f0a9eaaf9388551bc91868e6035c7706') in 0.023453 seconds
Number of updated asset objects reloaded before import = 0
Number of asset objects unloaded after import = 513
========================================================================
Received Import Request.
  Time since last request: 0.000029 seconds.
  path: Assets/sq_shooter/FPS/Prefabs/Level/Dungeon/Dun_BigDoor.prefab
  artifactKey: Guid(7bb3ef68f11ffa04fac728ad3fdaccc7) Importer(2089858483,0ecaa5967403d082aa24f35e1b516d23)
Start importing Assets/sq_shooter/FPS/Prefabs/Level/Dungeon/Dun_BigDoor.prefab using Guid(7bb3ef68f11ffa04fac728ad3fdaccc7) Importer(2089858483,0ecaa5967403d082aa24f35e1b516d23)  -> (artifact id: 'b5b995bb6e9eea43fc2e202d2618ef80') in 0.008716 seconds
Number of updated asset objects reloaded before import = 0
Number of asset objects unloaded after import = 10
========================================================================
Received Import Request.
  Time since last request: 0.000104 seconds.
  path: Assets/sq_shooter/FPS/Prefabs/VFX/Directional Light.prefab
  artifactKey: Guid(c1f95b2a073069e4091731002c38a3df) Importer(2089858483,0ecaa5967403d082aa24f35e1b516d23)
Start importing Assets/sq_shooter/FPS/Prefabs/VFX/Directional Light.prefab using Guid(c1f95b2a073069e4091731002c38a3df) Importer(2089858483,0ecaa5967403d082aa24f35e1b516d23)  -> (artifact id: 'd9758e3ab9e6dafe00f99a670bb90ce0') in 0.034193 seconds
Number of updated asset objects reloaded before import = 0
Number of asset objects unloaded after import = 12
========================================================================
Received Import Request.
  Time since last request: 0.000028 seconds.
  path: Assets/sq_shooter/FPS/Prefabs/Level/Catwalk/Cat_Hall_Window.prefab
  artifactKey: Guid(746c7d274c4ae2244a99432c3be5212a) Importer(2089858483,0ecaa5967403d082aa24f35e1b516d23)
Start importing Assets/sq_shooter/FPS/Prefabs/Level/Catwalk/Cat_Hall_Window.prefab using Guid(746c7d274c4ae2244a99432c3be5212a) Importer(2089858483,0ecaa5967403d082aa24f35e1b516d23)  -> (artifact id: '65d7ef8ff87b279d60931d8d8e2f86cf') in 0.011442 seconds
Number of updated asset objects reloaded before import = 0
Number of asset objects unloaded after import = 34
========================================================================
Received Import Request.
  Time since last request: 0.000021 seconds.
  path: Assets/StarterAssets/Mobile/UI/UI_Icon_Sprint.png
  artifactKey: Guid(b0fa70abd2a79904cb00b175dfd8ec7e) Importer(2089858483,0ecaa5967403d082aa24f35e1b516d23)
Start importing Assets/StarterAssets/Mobile/UI/UI_Icon_Sprint.png using Guid(b0fa70abd2a79904cb00b175dfd8ec7e) Importer(2089858483,0ecaa5967403d082aa24f35e1b516d23)  -> (artifact id: 'e8800ca86b32d24418fd0241545f2afe') in 0.019431 seconds
Number of updated asset objects reloaded before import = 0
Number of asset objects unloaded after import = 3
========================================================================
Received Import Request.
  Time since last request: 0.000033 seconds.
  path: Assets/sq_shooter/FPS/Prefabs/RootObjects/OBJWall_1m.obj
  artifactKey: Guid(045caaf225a94314da92f49a829f116c) Importer(2089858483,0ecaa5967403d082aa24f35e1b516d23)
Start importing Assets/sq_shooter/FPS/Prefabs/RootObjects/OBJWall_1m.obj using Guid(045caaf225a94314da92f49a829f116c) Importer(2089858483,0ecaa5967403d082aa24f35e1b516d23)  -> (artifact id: 'a0f253a519c0fe4706431303d0912dd1') in 0.016165 seconds
Number of updated asset objects reloaded before import = 0
Number of asset objects unloaded after import = 10
========================================================================
Received Import Request.
  Time since last request: 0.000023 seconds.
  path: Assets/sq_shooter/FPS/Prefabs/VFX/VFX_GunCylinder.prefab
  artifactKey: Guid(fa498bfcbbc9707458a2c75334b150c8) Importer(2089858483,0ecaa5967403d082aa24f35e1b516d23)
Start importing Assets/sq_shooter/FPS/Prefabs/VFX/VFX_GunCylinder.prefab using Guid(fa498bfcbbc9707458a2c75334b150c8) Importer(2089858483,0ecaa5967403d082aa24f35e1b516d23)  -> (artifact id: '8e76ae5c1871e8ad83beab1d658d97db') in 0.036023 seconds
Number of updated asset objects reloaded before import = 0
Number of asset objects unloaded after import = 6
========================================================================
Received Import Request.
  Time since last request: 0.000088 seconds.
  path: Assets/sq_shooter/FPS/Prefabs/VFX/VFX_MuzzleFlashRed.prefab
  artifactKey: Guid(3f5b545b9a1e74c418b061bba5bb9e2c) Importer(2089858483,0ecaa5967403d082aa24f35e1b516d23)
Start importing Assets/sq_shooter/FPS/Prefabs/VFX/VFX_MuzzleFlashRed.prefab using Guid(3f5b545b9a1e74c418b061bba5bb9e2c) Importer(2089858483,0ecaa5967403d082aa24f35e1b516d23)  -> (artifact id: 'c46b8ee41582b3268ab19843255272e9') in 0.028900 seconds
Number of updated asset objects reloaded before import = 0
Number of asset objects unloaded after import = 6
========================================================================
Received Import Request.
  Time since last request: 0.000025 seconds.
  path: Assets/sq_shooter/FPS/Art/Materials/Props/Jetpack.mat
  artifactKey: Guid(2163f1532b18af3478e39475952f1ae7) Importer(2089858483,0ecaa5967403d082aa24f35e1b516d23)
Start importing Assets/sq_shooter/FPS/Art/Materials/Props/Jetpack.mat using Guid(2163f1532b18af3478e39475952f1ae7) Importer(2089858483,0ecaa5967403d082aa24f35e1b516d23)  -> (artifact id: '5bd146bc6eb51d3e014bb7646f46ed02') in 0.012476 seconds
Number of updated asset objects reloaded before import = 0
Number of asset objects unloaded after import = 5
========================================================================
Received Import Request.
  Time since last request: 0.000064 seconds.
  path: Assets/sq_shooter/FPS/Prefabs/RootObjects/OBJWall_4m.obj
  artifactKey: Guid(3a5510c8020397346b8db5d31aed01ac) Importer(2089858483,0ecaa5967403d082aa24f35e1b516d23)
Start importing Assets/sq_shooter/FPS/Prefabs/RootObjects/OBJWall_4m.obj using Guid(3a5510c8020397346b8db5d31aed01ac) Importer(2089858483,0ecaa5967403d082aa24f35e1b516d23)  -> (artifact id: '1414f9303cb8638e13dbbb6a9ca8c051') in 0.022026 seconds
Number of updated asset objects reloaded before import = 0
Number of asset objects unloaded after import = 10
========================================================================
Received Import Request.
  Time since last request: 0.000032 seconds.
  path: Assets/sq_shooter/DelthorGames/AKM/Models/AKM.fbx
  artifactKey: Guid(99fcce1f10b2ebd4a8cd31a345f6bed8) Importer(2089858483,0ecaa5967403d082aa24f35e1b516d23)
Start importing Assets/sq_shooter/DelthorGames/AKM/Models/AKM.fbx using Guid(99fcce1f10b2ebd4a8cd31a345f6bed8) Importer(2089858483,0ecaa5967403d082aa24f35e1b516d23)  -> (artifact id: 'e9d4d2cf247641ccb304fcaf796e752f') in 0.081847 seconds
Number of updated asset objects reloaded before import = 0
Number of asset objects unloaded after import = 181
========================================================================
Received Import Request.
  Time since last request: 0.000024 seconds.
  path: Assets/sq_shooter/FPS/Prefabs/Weapons/Stylized Modular Weapons/Prefabs/Bottom_Part_02.prefab
  artifactKey: Guid(41b88f60823a04fa4a495cef888968e9) Importer(2089858483,0ecaa5967403d082aa24f35e1b516d23)
Start importing Assets/sq_shooter/FPS/Prefabs/Weapons/Stylized Modular Weapons/Prefabs/Bottom_Part_02.prefab using Guid(41b88f60823a04fa4a495cef888968e9) Importer(2089858483,0ecaa5967403d082aa24f35e1b516d23)  -> (artifact id: 'b0240ce0bac868ced9412c379d818613') in 0.010702 seconds
Number of updated asset objects reloaded before import = 0
Number of asset objects unloaded after import = 7
========================================================================
Received Import Request.
  Time since last request: 0.000053 seconds.
  path: Assets/sq_shooter/ModAssets/Fonts/Orbitron-Regular SDF.asset
  artifactKey: Guid(d393f12bd75574ef991a7a2c74b29c69) Importer(2089858483,0ecaa5967403d082aa24f35e1b516d23)
Start importing Assets/sq_shooter/ModAssets/Fonts/Orbitron-Regular SDF.asset using Guid(d393f12bd75574ef991a7a2c74b29c69) Importer(2089858483,0ecaa5967403d082aa24f35e1b516d23)  -> (artifact id: '73248016c666b270f399d5f300874c3c') in 0.028167 seconds
Number of updated asset objects reloaded before import = 0
Number of asset objects unloaded after import = 3
========================================================================
Received Import Request.
  Time since last request: 0.000042 seconds.
  path: Assets/sq_shooter/Plugins/CW/LeanTouch/Examples/21 Tap To Toggle.unity
  artifactKey: Guid(9b3bc245475ada847ab483d51b2d5d15) Importer(2089858483,0ecaa5967403d082aa24f35e1b516d23)
Start importing Assets/sq_shooter/Plugins/CW/LeanTouch/Examples/21 Tap To Toggle.unity using Guid(9b3bc245475ada847ab483d51b2d5d15) Importer(2089858483,0ecaa5967403d082aa24f35e1b516d23)  -> (artifact id: 'f6b13f6a64efd5b9d6a7be9f99eb291e') in 0.005354 seconds
Number of updated asset objects reloaded before import = 0
Number of asset objects unloaded after import = 1
========================================================================
Received Import Request.
  Time since last request: 0.000026 seconds.
  path: Assets/sq_shooter/FPS/Art/Materials/Level/Floor_Grey.mat
  artifactKey: Guid(993b4056d6b0f8441bc26fe63f4babd5) Importer(2089858483,0ecaa5967403d082aa24f35e1b516d23)
Start importing Assets/sq_shooter/FPS/Art/Materials/Level/Floor_Grey.mat using Guid(993b4056d6b0f8441bc26fe63f4babd5) Importer(2089858483,0ecaa5967403d082aa24f35e1b516d23)  -> (artifact id: '3bca34d0bb83f8688c341557bc1ca690') in 0.007588 seconds
Number of updated asset objects reloaded before import = 0
Number of asset objects unloaded after import = 1
========================================================================
Received Import Request.
  Time since last request: 0.000057 seconds.
  path: Assets/sq_shooter/Low Poly Fire/Materials/FireMaterial.mat
  artifactKey: Guid(ac37227b3ee4f8741834ba282afda443) Importer(2089858483,0ecaa5967403d082aa24f35e1b516d23)
Start importing Assets/sq_shooter/Low Poly Fire/Materials/FireMaterial.mat using Guid(ac37227b3ee4f8741834ba282afda443) Importer(2089858483,0ecaa5967403d082aa24f35e1b516d23)  -> (artifact id: '8dab258bb10cd724b594061be68139af') in 0.007305 seconds
Number of updated asset objects reloaded before import = 0
Number of asset objects unloaded after import = 1
========================================================================
Received Import Request.
  Time since last request: 0.000027 seconds.
  path: Assets/sq_shooter/FPS/Art/Materials/VFX/Spark.mat
  artifactKey: Guid(93c163e6f58fe2242964723bdb6ff7ef) Importer(2089858483,0ecaa5967403d082aa24f35e1b516d23)
Start importing Assets/sq_shooter/FPS/Art/Materials/VFX/Spark.mat using Guid(93c163e6f58fe2242964723bdb6ff7ef) Importer(2089858483,0ecaa5967403d082aa24f35e1b516d23)  -> (artifact id: '28e85013ec581f1dc835e675269e72d3') in 0.013730 seconds
Number of updated asset objects reloaded before import = 0
Number of asset objects unloaded after import = 1
========================================================================
Received Import Request.
  Time since last request: 0.000025 seconds.
  path: Assets/StarterAssets/Environment/Art/Models/Tunnel_Mesh.fbx
  artifactKey: Guid(f712806514868e54699156ec05dcb749) Importer(2089858483,0ecaa5967403d082aa24f35e1b516d23)
Start importing Assets/StarterAssets/Environment/Art/Models/Tunnel_Mesh.fbx using Guid(f712806514868e54699156ec05dcb749) Importer(2089858483,0ecaa5967403d082aa24f35e1b516d23)  -> (artifact id: 'f3514ae69b05aa31df58479cbc0fbf6f') in 0.022720 seconds
Number of updated asset objects reloaded before import = 0
Number of asset objects unloaded after import = 8
========================================================================
Received Import Request.
  Time since last request: 0.000029 seconds.
  path: Assets/sq_shooter/FPS/Prefabs/RootObjects/Wall_Door.mtl
  artifactKey: Guid(b64143a9f71422840b5b9e222f8fff5a) Importer(2089858483,0ecaa5967403d082aa24f35e1b516d23)
Start importing Assets/sq_shooter/FPS/Prefabs/RootObjects/Wall_Door.mtl using Guid(b64143a9f71422840b5b9e222f8fff5a) Importer(2089858483,0ecaa5967403d082aa24f35e1b516d23)  -> (artifact id: '7e5b938faed8649acade147d1745e395') in 0.004820 seconds
Number of updated asset objects reloaded before import = 0
Number of asset objects unloaded after import = 1
========================================================================
Received Import Request.
  Time since last request: 0.000021 seconds.
  path: Assets/sq_shooter/FPS/Animation/Rigs/Materials/Default_Material.mat
  artifactKey: Guid(583b4bf74e6c449468f55c754a692070) Importer(2089858483,0ecaa5967403d082aa24f35e1b516d23)
Start importing Assets/sq_shooter/FPS/Animation/Rigs/Materials/Default_Material.mat using Guid(583b4bf74e6c449468f55c754a692070) Importer(2089858483,0ecaa5967403d082aa24f35e1b516d23)  -> (artifact id: '028ad7cae95a7519fcad115768f71915') in 0.006385 seconds
Number of updated asset objects reloaded before import = 0
Number of asset objects unloaded after import = 1
========================================================================
Received Import Request.
  Time since last request: 0.000020 seconds.
  path: Assets/sq_shooter/FPS/Animation/HoverBot/HoverBot@Hurt.fbx
  artifactKey: Guid(d4c6e776733ed444c81b0b76a8610f82) Importer(2089858483,0ecaa5967403d082aa24f35e1b516d23)
Start importing Assets/sq_shooter/FPS/Animation/HoverBot/HoverBot@Hurt.fbx using Guid(d4c6e776733ed444c81b0b76a8610f82) Importer(2089858483,0ecaa5967403d082aa24f35e1b516d23)  -> (artifact id: 'ff4063228ff6faab9dc1d2f1030e1ba4') in 0.020576 seconds
Number of updated asset objects reloaded before import = 0
Number of asset objects unloaded after import = 42
========================================================================
Received Import Request.
  Time since last request: 0.000050 seconds.
  path: Assets/StarterAssets/ThirdPersonController/Character/Sfx/Player_Footstep_08.wav
  artifactKey: Guid(67c8b33e424ccdc4486edf538ab91c5a) Importer(2089858483,0ecaa5967403d082aa24f35e1b516d23)
Start importing Assets/StarterAssets/ThirdPersonController/Character/Sfx/Player_Footstep_08.wav using Guid(67c8b33e424ccdc4486edf538ab91c5a) Importer(2089858483,0ecaa5967403d082aa24f35e1b516d23)  -> (artifact id: '5a18b47a46bfe7505387a07445b8b97b') in 0.035636 seconds
Number of updated asset objects reloaded before import = 0
Number of asset objects unloaded after import = 1
========================================================================
Received Import Request.
  Time since last request: 0.000042 seconds.
  path: Assets/sq_shooter/Plugins/CW/LeanTouch/Required/Documentation.html
  artifactKey: Guid(798f690f309c3ff428933f2ca60759d0) Importer(2089858483,0ecaa5967403d082aa24f35e1b516d23)
Start importing Assets/sq_shooter/Plugins/CW/LeanTouch/Required/Documentation.html using Guid(798f690f309c3ff428933f2ca60759d0) Importer(2089858483,0ecaa5967403d082aa24f35e1b516d23)  -> (artifact id: '68f98abb37cd9d542fdc0920a209a6af') in 0.005696 seconds
Number of updated asset objects reloaded before import = 0
Number of asset objects unloaded after import = 1
========================================================================
Received Import Request.
  Time since last request: 0.000030 seconds.
  path: Assets/sq_shooter/Plugins/CW/LeanTouch/Examples/17    Limit = Deselect First.unity
  artifactKey: Guid(0ff9b8a646d45e64182dafde410dce07) Importer(2089858483,0ecaa5967403d082aa24f35e1b516d23)
Start importing Assets/sq_shooter/Plugins/CW/LeanTouch/Examples/17    Limit = Deselect First.unity using Guid(0ff9b8a646d45e64182dafde410dce07) Importer(2089858483,0ecaa5967403d082aa24f35e1b516d23)  -> (artifact id: '1eeabac6c69294bda91d39bc7538092e') in 0.005390 seconds
Number of updated asset objects reloaded before import = 0
Number of asset objects unloaded after import = 1
========================================================================
Received Import Request.
  Time since last request: 0.000030 seconds.
  path: Assets/sq_shooter/FPS/Prefabs/VFX/VFX_LazerSparksGreen.prefab
  artifactKey: Guid(a7d68b1a502e02a49b8efb1b86a8c931) Importer(2089858483,0ecaa5967403d082aa24f35e1b516d23)
Start importing Assets/sq_shooter/FPS/Prefabs/VFX/VFX_LazerSparksGreen.prefab using Guid(a7d68b1a502e02a49b8efb1b86a8c931) Importer(2089858483,0ecaa5967403d082aa24f35e1b516d23)  -> (artifact id: '16a3cf8ed50529053d9f2f137755af58') in 0.025595 seconds
Number of updated asset objects reloaded before import = 0
Number of asset objects unloaded after import = 6
========================================================================
Received Import Request.
  Time since last request: 0.000023 seconds.
  path: Assets/sq_shooter/FPS/Prefabs/Level/Rooms/Room_Altar.prefab
  artifactKey: Guid(115dbd335d944e049a14c0345b664cf6) Importer(2089858483,0ecaa5967403d082aa24f35e1b516d23)
Start importing Assets/sq_shooter/FPS/Prefabs/Level/Rooms/Room_Altar.prefab using Guid(115dbd335d944e049a14c0345b664cf6) Importer(2089858483,0ecaa5967403d082aa24f35e1b516d23)  -> (artifact id: '46115eca7c774ccab30bb632b96224e7') in 0.015516 seconds
Number of updated asset objects reloaded before import = 0
Number of asset objects unloaded after import = 510
========================================================================
Received Import Request.
  Time since last request: 0.000030 seconds.
  path: Assets/sq_shooter/FPS/Prefabs/Pickups/Pickup_Launcher.prefab
  artifactKey: Guid(a7fa348d53593bb42922672c6cf40651) Importer(2089858483,0ecaa5967403d082aa24f35e1b516d23)
Start importing Assets/sq_shooter/FPS/Prefabs/Pickups/Pickup_Launcher.prefab using Guid(a7fa348d53593bb42922672c6cf40651) Importer(2089858483,0ecaa5967403d082aa24f35e1b516d23)  -> (artifact id: '9212e73916ee13deca722813307c4ebe') in 0.059719 seconds
Number of updated asset objects reloaded before import = 0
Number of asset objects unloaded after import = 160
========================================================================
Received Import Request.
  Time since last request: 0.000026 seconds.
  path: Assets/StarterAssets/Mobile/UI/UI_Icon_Move.png
  artifactKey: Guid(ff7bfa7addf40784d86f62b8e4a034a6) Importer(2089858483,0ecaa5967403d082aa24f35e1b516d23)
Start importing Assets/StarterAssets/Mobile/UI/UI_Icon_Move.png using Guid(ff7bfa7addf40784d86f62b8e4a034a6) Importer(2089858483,0ecaa5967403d082aa24f35e1b516d23)  -> (artifact id: '89766d09f91267f50c6c40465aa5b3ff') in 0.019165 seconds
Number of updated asset objects reloaded before import = 0
Number of asset objects unloaded after import = 3
========================================================================
Received Import Request.
  Time since last request: 0.000025 seconds.
  path: Assets/sq_shooter/FPS/Art/Shaders/ProjectorMultiply.shader
  artifactKey: Guid(b5c648405f0127c4ba0b5b58cd987e57) Importer(2089858483,0ecaa5967403d082aa24f35e1b516d23)
Start importing Assets/sq_shooter/FPS/Art/Shaders/ProjectorMultiply.shader using Guid(b5c648405f0127c4ba0b5b58cd987e57) Importer(2089858483,0ecaa5967403d082aa24f35e1b516d23)  -> (artifact id: '4a690b65495c3d58466f650e7b35a4a3') in 0.005434 seconds
Number of updated asset objects reloaded before import = 0
Number of asset objects unloaded after import = 1
========================================================================
Received Import Request.
  Time since last request: 0.000040 seconds.
  path: Assets/sq_shooter/FPS/Tutorials/BuildAndPublish/Walkthrough7-020.asset
  artifactKey: Guid(6f964d3cc40f45747aebcf0c57f609ba) Importer(2089858483,0ecaa5967403d082aa24f35e1b516d23)
Start importing Assets/sq_shooter/FPS/Tutorials/BuildAndPublish/Walkthrough7-020.asset using Guid(6f964d3cc40f45747aebcf0c57f609ba) Importer(2089858483,0ecaa5967403d082aa24f35e1b516d23)  -> (artifact id: '0caa9b8a0c6ea1c479684cd0bd2c44ec') in 0.015154 seconds
Number of updated asset objects reloaded before import = 0
Number of asset objects unloaded after import = 6
========================================================================
Received Import Request.
  Time since last request: 0.000056 seconds.
  path: Assets/sq_shooter/FPS/Prefabs/VFX/VFX_Explosion.prefab
  artifactKey: Guid(45ce85b82008be84287f2c7e5bf07647) Importer(2089858483,0ecaa5967403d082aa24f35e1b516d23)
Start importing Assets/sq_shooter/FPS/Prefabs/VFX/VFX_Explosion.prefab using Guid(45ce85b82008be84287f2c7e5bf07647) Importer(2089858483,0ecaa5967403d082aa24f35e1b516d23)  -> (artifact id: 'e5c936d97391c214d3b8ba898bb52e71') in 0.043642 seconds
Number of updated asset objects reloaded before import = 0
Number of asset objects unloaded after import = 22
========================================================================
Received Import Request.
  Time since last request: 0.000110 seconds.
  path: Assets/sq_shooter/FPS/Art/Materials/Level/Sign_Orange_Transparent.mat
  artifactKey: Guid(f265aebb27994b642b7483b3ab817694) Importer(2089858483,0ecaa5967403d082aa24f35e1b516d23)
Start importing Assets/sq_shooter/FPS/Art/Materials/Level/Sign_Orange_Transparent.mat using Guid(f265aebb27994b642b7483b3ab817694) Importer(2089858483,0ecaa5967403d082aa24f35e1b516d23)  -> (artifact id: '247f5b4edda58cc480378cf3029ea629') in 0.006981 seconds
Number of updated asset objects reloaded before import = 0
Number of asset objects unloaded after import = 1
========================================================================
Received Import Request.
  Time since last request: 0.000026 seconds.
  path: Assets/sq_shooter/FPS/Prefabs/PBObjects/Ramps/PBRamp_4m.prefab
  artifactKey: Guid(a0e2ee208bb0e564493eaa5b31b76023) Importer(2089858483,0ecaa5967403d082aa24f35e1b516d23)
Start importing Assets/sq_shooter/FPS/Prefabs/PBObjects/Ramps/PBRamp_4m.prefab using Guid(a0e2ee208bb0e564493eaa5b31b76023) Importer(2089858483,0ecaa5967403d082aa24f35e1b516d23)  -> (artifact id: '65422d73e8ec7e24d54e5b95bbe724e1') in 0.016702 seconds
Number of updated asset objects reloaded before import = 0
Number of asset objects unloaded after import = 9
========================================================================
Received Import Request.
  Time since last request: 0.000050 seconds.
  path: Assets/sq_shooter/FPS/Prefabs/Level/BaseObjects/Floor_HalfIndented_Mesh.prefab
  artifactKey: Guid(d207437c57685d148828d9db69949ca2) Importer(2089858483,0ecaa5967403d082aa24f35e1b516d23)
Start importing Assets/sq_shooter/FPS/Prefabs/Level/BaseObjects/Floor_HalfIndented_Mesh.prefab using Guid(d207437c57685d148828d9db69949ca2) Importer(2089858483,0ecaa5967403d082aa24f35e1b516d23)  -> (artifact id: '8cc37a9b4e98b005dca092654370105b') in 0.021480 seconds
Number of updated asset objects reloaded before import = 0
Number of asset objects unloaded after import = 8
========================================================================
Received Import Request.
  Time since last request: 0.000054 seconds.
  path: Assets/sq_shooter/FPS/Tutorials/BuildAndPublish/Walkthrough7-025.asset
  artifactKey: Guid(9903de0d10380094eb753dcdac1f5e68) Importer(2089858483,0ecaa5967403d082aa24f35e1b516d23)
Start importing Assets/sq_shooter/FPS/Tutorials/BuildAndPublish/Walkthrough7-025.asset using Guid(9903de0d10380094eb753dcdac1f5e68) Importer(2089858483,0ecaa5967403d082aa24f35e1b516d23)  -> (artifact id: '229017b396ca0f8926aa00d648ebd47d') in 0.013946 seconds
Number of updated asset objects reloaded before import = 0
Number of asset objects unloaded after import = 6
========================================================================
Received Import Request.
  Time since last request: 0.000039 seconds.
  path: Assets/sq_shooter/FPS/Prefabs/Weapons/Stylized Modular Weapons/Geometry/Handle_01.fbx
  artifactKey: Guid(97a13085247354d8db236e16e3a22b97) Importer(2089858483,0ecaa5967403d082aa24f35e1b516d23)
Start importing Assets/sq_shooter/FPS/Prefabs/Weapons/Stylized Modular Weapons/Geometry/Handle_01.fbx using Guid(97a13085247354d8db236e16e3a22b97) Importer(2089858483,0ecaa5967403d082aa24f35e1b516d23)  -> (artifact id: '713c8f3aa29fd3030567248cfbc7c2c0') in 0.016626 seconds
Number of updated asset objects reloaded before import = 0
Number of asset objects unloaded after import = 7
========================================================================
Received Import Request.
  Time since last request: 0.000034 seconds.
  path: Assets/sq_shooter/FPS/Prefabs/Weapons/Stylized Modular Weapons/Geometry/Handle_02.fbx
  artifactKey: Guid(48fca7a124ff34b3da5b74ae5bc39ee7) Importer(2089858483,0ecaa5967403d082aa24f35e1b516d23)
Start importing Assets/sq_shooter/FPS/Prefabs/Weapons/Stylized Modular Weapons/Geometry/Handle_02.fbx using Guid(48fca7a124ff34b3da5b74ae5bc39ee7) Importer(2089858483,0ecaa5967403d082aa24f35e1b516d23)  -> (artifact id: 'e0631df63600bf3bddefddd6e25f9eb5') in 0.014888 seconds
Number of updated asset objects reloaded before import = 0
Number of asset objects unloaded after import = 7
========================================================================
Received Import Request.
  Time since last request: 0.000038 seconds.
  path: Assets/sq_shooter/TextMesh Pro/Fonts/LiberationSans - OFL.txt
  artifactKey: Guid(6e59c59b81ab47f9b6ec5781fa725d2c) Importer(2089858483,0ecaa5967403d082aa24f35e1b516d23)
Start importing Assets/sq_shooter/TextMesh Pro/Fonts/LiberationSans - OFL.txt using Guid(6e59c59b81ab47f9b6ec5781fa725d2c) Importer(2089858483,0ecaa5967403d082aa24f35e1b516d23)  -> (artifact id: '74ed7b366d4a41c906f08ce1e23e3122') in 0.005634 seconds
Number of updated asset objects reloaded before import = 0
Number of asset objects unloaded after import = 1
========================================================================
Received Import Request.
  Time since last request: 0.000031 seconds.
  path: Assets/sq_shooter/FPS/Prefabs/Level/Dungeon/Dun_Corner.prefab
  artifactKey: Guid(1357d534d67e44349a4b7c67840165c7) Importer(2089858483,0ecaa5967403d082aa24f35e1b516d23)
Start importing Assets/sq_shooter/FPS/Prefabs/Level/Dungeon/Dun_Corner.prefab using Guid(1357d534d67e44349a4b7c67840165c7) Importer(2089858483,0ecaa5967403d082aa24f35e1b516d23)  -> (artifact id: '3a6048901ff67ce848a547a2ddc94351') in 0.010292 seconds
Number of updated asset objects reloaded before import = 0
Number of asset objects unloaded after import = 93
========================================================================
Received Import Request.
  Time since last request: 0.000035 seconds.
  path: Assets/sq_shooter/FPS/Prefabs/Weapons/MgFPS_SniperRifle/Projectile_SniperRifle.prefab
  artifactKey: Guid(6bcd9b6efe0196243acd73cafc63f5ef) Importer(2089858483,0ecaa5967403d082aa24f35e1b516d23)
Start importing Assets/sq_shooter/FPS/Prefabs/Weapons/MgFPS_SniperRifle/Projectile_SniperRifle.prefab using Guid(6bcd9b6efe0196243acd73cafc63f5ef) Importer(2089858483,0ecaa5967403d082aa24f35e1b516d23)  -> (artifact id: 'f499f56a8eab9b5c9d0ae6f375a8dc42') in 0.017886 seconds
Number of updated asset objects reloaded before import = 0
Number of asset objects unloaded after import = 17
========================================================================
Received Import Request.
  Time since last request: 0.000033 seconds.
  path: Assets/sq_shooter/FPS/Prefabs/VFX/VFX_LazerSparksOrange.prefab
  artifactKey: Guid(358eca6adc32a89459c54b6b62d9c825) Importer(2089858483,0ecaa5967403d082aa24f35e1b516d23)
Start importing Assets/sq_shooter/FPS/Prefabs/VFX/VFX_LazerSparksOrange.prefab using Guid(358eca6adc32a89459c54b6b62d9c825) Importer(2089858483,0ecaa5967403d082aa24f35e1b516d23)  -> (artifact id: '2cedce0e53197fcdc6015fcc22c4da3b') in 0.064737 seconds
Number of updated asset objects reloaded before import = 0
Number of asset objects unloaded after import = 6
========================================================================
Received Import Request.
  Time since last request: 0.000086 seconds.
  path: Assets/sq_shooter/Plugins/CW/LeanCommon/Examples/Materials/Blue.mat
  artifactKey: Guid(69c3c648559bfd34eaae3ff327107596) Importer(2089858483,0ecaa5967403d082aa24f35e1b516d23)
Start importing Assets/sq_shooter/Plugins/CW/LeanCommon/Examples/Materials/Blue.mat using Guid(69c3c648559bfd34eaae3ff327107596) Importer(2089858483,0ecaa5967403d082aa24f35e1b516d23)  -> (artifact id: '8cb6bd0bf7e611c7d44eae29526d4941') in 0.009947 seconds
Number of updated asset objects reloaded before import = 0
Number of asset objects unloaded after import = 1
========================================================================
Received Import Request.
  Time since last request: 0.000034 seconds.
  path: Assets/sq_shooter/ModAssets/Fonts/Bangers-Regular SDF.asset
  artifactKey: Guid(0e141b3397d234c8685509c5d77ebcf1) Importer(2089858483,0ecaa5967403d082aa24f35e1b516d23)
Start importing Assets/sq_shooter/ModAssets/Fonts/Bangers-Regular SDF.asset using Guid(0e141b3397d234c8685509c5d77ebcf1) Importer(2089858483,0ecaa5967403d082aa24f35e1b516d23)  -> (artifact id: '8f6b56e7a53a1c334ce3f46e3161dd2e') in 0.028520 seconds
Number of updated asset objects reloaded before import = 0
Number of asset objects unloaded after import = 3
========================================================================
Received Prepare
Begin MonoManager ReloadAssembly
- Loaded All Assemblies, in  0.635 seconds
Refreshing native plugins compatible for Editor in 3.70 ms, found 3 plugins.
Native extension for WindowsStandalone target not found
Native extension for iOS target not found
Native extension for Android target not found
Native extension for WebGL target not found
[Package Manager] Server::EnsureServerProcessIsRunning -- launch failed, reason: Unity was launched with the -noUpm command-line argument
[Package Manager] UpmClient::Send -- Unable to send message (not connected to UPM process).
[Package Manager] Cannot connect to Unity Package Manager local server
Mono: successfully reloaded assembly
[Package Manager] Server::EnsureServerProcessIsRunning -- launch failed, reason: Unity was launched with the -noUpm command-line argument
[Package Manager] UpmClient::Send -- Unable to send message (not connected to UPM process).
[Package Manager] Cannot connect to Unity Package Manager local server
- Finished resetting the current domain, in  1.687 seconds
Domain Reload Profiling: 2318ms
	BeginReloadAssembly (239ms)
		ExecutionOrderSort (0ms)
		DisableScriptedObjects (6ms)
		BackupInstance (0ms)
		ReleaseScriptingObjects (0ms)
		CreateAndSetChildDomain (99ms)
	RebuildCommonClasses (44ms)
	RebuildNativeTypeToScriptingClass (11ms)
	initialDomainReloadingComplete (32ms)
	LoadAllAssembliesAndSetupDomain (304ms)
		LoadAssemblies (361ms)
		RebuildTransferFunctionScriptingTraits (0ms)
		AnalyzeDomain (32ms)
			TypeCache.Refresh (11ms)
				TypeCache.ScanAssembly (0ms)
			ScanForSourceGeneratedMonoScriptInfo (0ms)
			ResolveRequiredComponents (19ms)
	FinalizeReload (1688ms)
		ReleaseScriptCaches (0ms)
		RebuildScriptCaches (0ms)
		SetupLoadedEditorAssemblies (910ms)
			LogAssemblyErrors (0ms)
			InitializePlatformSupportModulesInManaged (44ms)
			SetLoadedEditorAssemblies (7ms)
			RefreshPlugins (0ms)
			BeforeProcessingInitializeOnLoad (103ms)
			ProcessInitializeOnLoadAttributes (606ms)
			ProcessInitializeOnLoadMethodAttributes (136ms)
			AfterProcessingInitializeOnLoad (13ms)
			EditorAssembliesLoaded (0ms)
		ExecutionOrderSort2 (0ms)
		AwakeInstancesAfterBackupRestoration (40ms)
Refreshing native plugins compatible for Editor in 7.86 ms, found 3 plugins.
Preloading 0 native plugins for Editor in 0.00 ms.
Unloading 6351 Unused Serialized files (Serialized files now loaded: 0)
Unloading 54 unused Assets / (463.3 KB). Loaded Objects now: 7110.
Memory consumption went from 227.6 MB to 227.1 MB.
Total: 8.239000 ms (FindLiveObjects: 1.047300 ms CreateObjectMapping: 1.485400 ms MarkObjects: 4.999000 ms  DeleteObjects: 0.705500 ms)

Prepare: number of updated asset objects reloaded= 0
AssetImportParameters requested are different than current active one (requested -> active):
  custom:container-demuxer-ogg: 62fdf1f143b41e24485cea50d1cbac27 -> 
  custom:framework-win-MediaFoundation: 216162199b28c13a410421893ffa2e32 -> 
  custom:container-muxer-webm: aa71ff27fc2769a1b78a27578f13a17b -> 
  custom:video-decoder-webm-vp8: 9c59270c3fd7afecdb556c50c9e8de78 -> 
  custom:SearchIndexIgnoredProperties: e643bd26f0fe6173181afceb89e7c659 -> 
  custom:AudioImporter_EditorPlatform: d09bf68614088b80899f8185d706f6e7 -> 
  custom:audio-decoder-ogg-vorbis: bf7c407c2cedff20999df2af8eb42d56 -> 
  custom:audio-encoder-webm-vorbis: bf7c407c2cedff20999df2af8eb42d56 -> 
  custom:video-codec-MediaFoundation-h265: 746d11721c4dcdbdad8f713fa42b33f4 -> 
  custom:video-decoder-ogg-theora: a1e56fd34408186e4bbccfd4996cb3dc -> 
  custom:CustomObjectIndexerAttribute: 72b91833f83ae208fae7752999fa3104 -> 
  custom:container-demuxer-webm: 4f35f7cbe854078d1ac9338744f61a02 -> 
  custom:video-encoder-webm-vp8: eb34c28f22e8b96e1ab97ce403110664 -> 
========================================================================
Received Prepare
Begin MonoManager ReloadAssembly
- Loaded All Assemblies, in  0.577 seconds
Refreshing native plugins compatible for Editor in 3.52 ms, found 3 plugins.
Native extension for WindowsStandalone target not found
Native extension for iOS target not found
Native extension for Android target not found
Native extension for WebGL target not found
[Package Manager] Server::EnsureServerProcessIsRunning -- launch failed, reason: Unity was launched with the -noUpm command-line argument
[Package Manager] UpmClient::Send -- Unable to send message (not connected to UPM process).
[Package Manager] Cannot connect to Unity Package Manager local server
Mono: successfully reloaded assembly
[Package Manager] Server::EnsureServerProcessIsRunning -- launch failed, reason: Unity was launched with the -noUpm command-line argument
[Package Manager] UpmClient::Send -- Unable to send message (not connected to UPM process).
[Package Manager] Cannot connect to Unity Package Manager local server
- Finished resetting the current domain, in  1.548 seconds
Domain Reload Profiling: 2122ms
	BeginReloadAssembly (184ms)
		ExecutionOrderSort (0ms)
		DisableScriptedObjects (5ms)
		BackupInstance (0ms)
		ReleaseScriptingObjects (0ms)
		CreateAndSetChildDomain (52ms)
	RebuildCommonClasses (37ms)
	RebuildNativeTypeToScriptingClass (11ms)
	initialDomainReloadingComplete (37ms)
	LoadAllAssembliesAndSetupDomain (303ms)
		LoadAssemblies (365ms)
		RebuildTransferFunctionScriptingTraits (0ms)
		AnalyzeDomain (28ms)
			TypeCache.Refresh (9ms)
				TypeCache.ScanAssembly (0ms)
			ScanForSourceGeneratedMonoScriptInfo (0ms)
			ResolveRequiredComponents (18ms)
	FinalizeReload (1549ms)
		ReleaseScriptCaches (0ms)
		RebuildScriptCaches (0ms)
		SetupLoadedEditorAssemblies (802ms)
			LogAssemblyErrors (0ms)
			InitializePlatformSupportModulesInManaged (46ms)
			SetLoadedEditorAssemblies (7ms)
			RefreshPlugins (0ms)
			BeforeProcessingInitializeOnLoad (107ms)
			ProcessInitializeOnLoadAttributes (511ms)
			ProcessInitializeOnLoadMethodAttributes (114ms)
			AfterProcessingInitializeOnLoad (17ms)
			EditorAssembliesLoaded (0ms)
		ExecutionOrderSort2 (0ms)
		AwakeInstancesAfterBackupRestoration (36ms)
Refreshing native plugins compatible for Editor in 12.07 ms, found 3 plugins.
Preloading 0 native plugins for Editor in 0.00 ms.
Unloading 6351 Unused Serialized files (Serialized files now loaded: 0)
Unloading 50 unused Assets / (459.5 KB). Loaded Objects now: 7126.
Memory consumption went from 227.6 MB to 227.1 MB.
Total: 7.218000 ms (FindLiveObjects: 0.819400 ms CreateObjectMapping: 1.041400 ms MarkObjects: 4.941700 ms  DeleteObjects: 0.413800 ms)

Prepare: number of updated asset objects reloaded= 0
AssetImportParameters requested are different than current active one (requested -> active):
  custom:container-demuxer-ogg: 62fdf1f143b41e24485cea50d1cbac27 -> 
  custom:framework-win-MediaFoundation: 216162199b28c13a410421893ffa2e32 -> 
  custom:container-muxer-webm: aa71ff27fc2769a1b78a27578f13a17b -> 
  custom:video-decoder-webm-vp8: 9c59270c3fd7afecdb556c50c9e8de78 -> 
  custom:SearchIndexIgnoredProperties: e643bd26f0fe6173181afceb89e7c659 -> 
  custom:AudioImporter_EditorPlatform: d09bf68614088b80899f8185d706f6e7 -> 
  custom:audio-decoder-ogg-vorbis: bf7c407c2cedff20999df2af8eb42d56 -> 
  custom:audio-encoder-webm-vorbis: bf7c407c2cedff20999df2af8eb42d56 -> 
  custom:video-codec-MediaFoundation-h265: 746d11721c4dcdbdad8f713fa42b33f4 -> 
  custom:video-decoder-ogg-theora: a1e56fd34408186e4bbccfd4996cb3dc -> 
  custom:CustomObjectIndexerAttribute: 72b91833f83ae208fae7752999fa3104 -> 
  custom:container-demuxer-webm: 4f35f7cbe854078d1ac9338744f61a02 -> 
  custom:video-encoder-webm-vp8: eb34c28f22e8b96e1ab97ce403110664 -> 
========================================================================
Received Prepare
Begin MonoManager ReloadAssembly
- Loaded All Assemblies, in  0.599 seconds
Refreshing native plugins compatible for Editor in 4.18 ms, found 3 plugins.
Native extension for WindowsStandalone target not found
Native extension for iOS target not found
Native extension for Android target not found
Native extension for WebGL target not found
[Package Manager] Server::EnsureServerProcessIsRunning -- launch failed, reason: Unity was launched with the -noUpm command-line argument
[Package Manager] UpmClient::Send -- Unable to send message (not connected to UPM process).
[Package Manager] Cannot connect to Unity Package Manager local server
Mono: successfully reloaded assembly
[Package Manager] Server::EnsureServerProcessIsRunning -- launch failed, reason: Unity was launched with the -noUpm command-line argument
[Package Manager] UpmClient::Send -- Unable to send message (not connected to UPM process).
[Package Manager] Cannot connect to Unity Package Manager local server
- Finished resetting the current domain, in  1.559 seconds
Domain Reload Profiling: 2154ms
	BeginReloadAssembly (195ms)
		ExecutionOrderSort (0ms)
		DisableScriptedObjects (5ms)
		BackupInstance (0ms)
		ReleaseScriptingObjects (0ms)
		CreateAndSetChildDomain (52ms)
	RebuildCommonClasses (33ms)
	RebuildNativeTypeToScriptingClass (12ms)
	initialDomainReloadingComplete (33ms)
	LoadAllAssembliesAndSetupDomain (321ms)
		LoadAssemblies (392ms)
		RebuildTransferFunctionScriptingTraits (0ms)
		AnalyzeDomain (31ms)
			TypeCache.Refresh (10ms)
				TypeCache.ScanAssembly (0ms)
			ScanForSourceGeneratedMonoScriptInfo (0ms)
			ResolveRequiredComponents (19ms)
	FinalizeReload (1559ms)
		ReleaseScriptCaches (0ms)
		RebuildScriptCaches (0ms)
		SetupLoadedEditorAssemblies (787ms)
			LogAssemblyErrors (0ms)
			InitializePlatformSupportModulesInManaged (42ms)
			SetLoadedEditorAssemblies (7ms)
			RefreshPlugins (0ms)
			BeforeProcessingInitializeOnLoad (103ms)
			ProcessInitializeOnLoadAttributes (518ms)
			ProcessInitializeOnLoadMethodAttributes (101ms)
			AfterProcessingInitializeOnLoad (15ms)
			EditorAssembliesLoaded (1ms)
		ExecutionOrderSort2 (0ms)
		AwakeInstancesAfterBackupRestoration (42ms)
Refreshing native plugins compatible for Editor in 10.95 ms, found 3 plugins.
Preloading 0 native plugins for Editor in 0.00 ms.
Unloading 6351 Unused Serialized files (Serialized files now loaded: 0)
Unloading 50 unused Assets / (451.1 KB). Loaded Objects now: 7142.
Memory consumption went from 227.6 MB to 227.1 MB.
Total: 5.867000 ms (FindLiveObjects: 0.699800 ms CreateObjectMapping: 0.756400 ms MarkObjects: 4.111200 ms  DeleteObjects: 0.298000 ms)

Prepare: number of updated asset objects reloaded= 0
AssetImportParameters requested are different than current active one (requested -> active):
  custom:container-demuxer-ogg: 62fdf1f143b41e24485cea50d1cbac27 -> 
  custom:framework-win-MediaFoundation: 216162199b28c13a410421893ffa2e32 -> 
  custom:container-muxer-webm: aa71ff27fc2769a1b78a27578f13a17b -> 
  custom:video-decoder-webm-vp8: 9c59270c3fd7afecdb556c50c9e8de78 -> 
  custom:SearchIndexIgnoredProperties: e643bd26f0fe6173181afceb89e7c659 -> 
  custom:AudioImporter_EditorPlatform: d09bf68614088b80899f8185d706f6e7 -> 
  custom:audio-decoder-ogg-vorbis: bf7c407c2cedff20999df2af8eb42d56 -> 
  custom:audio-encoder-webm-vorbis: bf7c407c2cedff20999df2af8eb42d56 -> 
  custom:video-codec-MediaFoundation-h265: 746d11721c4dcdbdad8f713fa42b33f4 -> 
  custom:video-decoder-ogg-theora: a1e56fd34408186e4bbccfd4996cb3dc -> 
  custom:CustomObjectIndexerAttribute: 72b91833f83ae208fae7752999fa3104 -> 
  custom:container-demuxer-webm: 4f35f7cbe854078d1ac9338744f61a02 -> 
  custom:video-encoder-webm-vp8: eb34c28f22e8b96e1ab97ce403110664 -> 
========================================================================
Received Prepare
Begin MonoManager ReloadAssembly
- Loaded All Assemblies, in  0.593 seconds
Refreshing native plugins compatible for Editor in 3.46 ms, found 3 plugins.
Native extension for WindowsStandalone target not found
Native extension for iOS target not found
Native extension for Android target not found
Native extension for WebGL target not found
[Package Manager] Server::EnsureServerProcessIsRunning -- launch failed, reason: Unity was launched with the -noUpm command-line argument
[Package Manager] UpmClient::Send -- Unable to send message (not connected to UPM process).
[Package Manager] Cannot connect to Unity Package Manager local server
Mono: successfully reloaded assembly
[Package Manager] Server::EnsureServerProcessIsRunning -- launch failed, reason: Unity was launched with the -noUpm command-line argument
[Package Manager] UpmClient::Send -- Unable to send message (not connected to UPM process).
[Package Manager] Cannot connect to Unity Package Manager local server
- Finished resetting the current domain, in  1.711 seconds
Domain Reload Profiling: 2303ms
	BeginReloadAssembly (207ms)
		ExecutionOrderSort (0ms)
		DisableScriptedObjects (7ms)
		BackupInstance (0ms)
		ReleaseScriptingObjects (0ms)
		CreateAndSetChildDomain (56ms)
	RebuildCommonClasses (41ms)
	RebuildNativeTypeToScriptingClass (13ms)
	initialDomainReloadingComplete (33ms)
	LoadAllAssembliesAndSetupDomain (296ms)
		LoadAssemblies (368ms)
		RebuildTransferFunctionScriptingTraits (0ms)
		AnalyzeDomain (29ms)
			TypeCache.Refresh (10ms)
				TypeCache.ScanAssembly (0ms)
			ScanForSourceGeneratedMonoScriptInfo (0ms)
			ResolveRequiredComponents (18ms)
	FinalizeReload (1713ms)
		ReleaseScriptCaches (0ms)
		RebuildScriptCaches (0ms)
		SetupLoadedEditorAssemblies (938ms)
			LogAssemblyErrors (0ms)
			InitializePlatformSupportModulesInManaged (48ms)
			SetLoadedEditorAssemblies (6ms)
			RefreshPlugins (0ms)
			BeforeProcessingInitializeOnLoad (119ms)
			ProcessInitializeOnLoadAttributes (605ms)
			ProcessInitializeOnLoadMethodAttributes (143ms)
			AfterProcessingInitializeOnLoad (16ms)
			EditorAssembliesLoaded (1ms)
		ExecutionOrderSort2 (0ms)
		AwakeInstancesAfterBackupRestoration (41ms)
Refreshing native plugins compatible for Editor in 7.50 ms, found 3 plugins.
Preloading 0 native plugins for Editor in 0.00 ms.
Unloading 6351 Unused Serialized files (Serialized files now loaded: 0)
Unloading 50 unused Assets / (467.4 KB). Loaded Objects now: 7158.
Memory consumption went from 227.6 MB to 227.1 MB.
Total: 11.916000 ms (FindLiveObjects: 1.921500 ms CreateObjectMapping: 2.470000 ms MarkObjects: 7.030000 ms  DeleteObjects: 0.490400 ms)

Prepare: number of updated asset objects reloaded= 0
AssetImportParameters requested are different than current active one (requested -> active):
  custom:container-demuxer-ogg: 62fdf1f143b41e24485cea50d1cbac27 -> 
  custom:framework-win-MediaFoundation: 216162199b28c13a410421893ffa2e32 -> 
  custom:container-muxer-webm: aa71ff27fc2769a1b78a27578f13a17b -> 
  custom:video-decoder-webm-vp8: 9c59270c3fd7afecdb556c50c9e8de78 -> 
  custom:SearchIndexIgnoredProperties: e643bd26f0fe6173181afceb89e7c659 -> 
  custom:AudioImporter_EditorPlatform: d09bf68614088b80899f8185d706f6e7 -> 
  custom:audio-decoder-ogg-vorbis: bf7c407c2cedff20999df2af8eb42d56 -> 
  custom:audio-encoder-webm-vorbis: bf7c407c2cedff20999df2af8eb42d56 -> 
  custom:video-codec-MediaFoundation-h265: 746d11721c4dcdbdad8f713fa42b33f4 -> 
  custom:video-decoder-ogg-theora: a1e56fd34408186e4bbccfd4996cb3dc -> 
  custom:CustomObjectIndexerAttribute: 72b91833f83ae208fae7752999fa3104 -> 
  custom:container-demuxer-webm: 4f35f7cbe854078d1ac9338744f61a02 -> 
  custom:video-encoder-webm-vp8: eb34c28f22e8b96e1ab97ce403110664 -> 
========================================================================
Received Prepare
Begin MonoManager ReloadAssembly
- Loaded All Assemblies, in  0.612 seconds
Refreshing native plugins compatible for Editor in 3.49 ms, found 3 plugins.
Native extension for WindowsStandalone target not found
Native extension for iOS target not found
Native extension for Android target not found
Native extension for WebGL target not found
[Package Manager] Server::EnsureServerProcessIsRunning -- launch failed, reason: Unity was launched with the -noUpm command-line argument
[Package Manager] UpmClient::Send -- Unable to send message (not connected to UPM process).
[Package Manager] Cannot connect to Unity Package Manager local server
Mono: successfully reloaded assembly
[Package Manager] Server::EnsureServerProcessIsRunning -- launch failed, reason: Unity was launched with the -noUpm command-line argument
[Package Manager] UpmClient::Send -- Unable to send message (not connected to UPM process).
[Package Manager] Cannot connect to Unity Package Manager local server
- Finished resetting the current domain, in  1.744 seconds
Domain Reload Profiling: 2352ms
	BeginReloadAssembly (191ms)
		ExecutionOrderSort (0ms)
		DisableScriptedObjects (6ms)
		BackupInstance (0ms)
		ReleaseScriptingObjects (0ms)
		CreateAndSetChildDomain (60ms)
	RebuildCommonClasses (37ms)
	RebuildNativeTypeToScriptingClass (17ms)
	initialDomainReloadingComplete (49ms)
	LoadAllAssembliesAndSetupDomain (312ms)
		LoadAssemblies (372ms)
		RebuildTransferFunctionScriptingTraits (0ms)
		AnalyzeDomain (26ms)
			TypeCache.Refresh (8ms)
				TypeCache.ScanAssembly (0ms)
			ScanForSourceGeneratedMonoScriptInfo (0ms)
			ResolveRequiredComponents (16ms)
	FinalizeReload (1746ms)
		ReleaseScriptCaches (0ms)
		RebuildScriptCaches (0ms)
		SetupLoadedEditorAssemblies (949ms)
			LogAssemblyErrors (0ms)
			InitializePlatformSupportModulesInManaged (42ms)
			SetLoadedEditorAssemblies (7ms)
			RefreshPlugins (0ms)
			BeforeProcessingInitializeOnLoad (112ms)
			ProcessInitializeOnLoadAttributes (633ms)
			ProcessInitializeOnLoadMethodAttributes (138ms)
			AfterProcessingInitializeOnLoad (17ms)
			EditorAssembliesLoaded (1ms)
		ExecutionOrderSort2 (0ms)
		AwakeInstancesAfterBackupRestoration (39ms)
Refreshing native plugins compatible for Editor in 9.10 ms, found 3 plugins.
Preloading 0 native plugins for Editor in 0.00 ms.
Unloading 6351 Unused Serialized files (Serialized files now loaded: 0)
Unloading 50 unused Assets / (467.3 KB). Loaded Objects now: 7174.
Memory consumption went from 227.6 MB to 227.1 MB.
Total: 9.390900 ms (FindLiveObjects: 0.835100 ms CreateObjectMapping: 1.294100 ms MarkObjects: 6.464400 ms  DeleteObjects: 0.795000 ms)

Prepare: number of updated asset objects reloaded= 0
AssetImportParameters requested are different than current active one (requested -> active):
  custom:container-demuxer-ogg: 62fdf1f143b41e24485cea50d1cbac27 -> 
  custom:framework-win-MediaFoundation: 216162199b28c13a410421893ffa2e32 -> 
  custom:container-muxer-webm: aa71ff27fc2769a1b78a27578f13a17b -> 
  custom:video-decoder-webm-vp8: 9c59270c3fd7afecdb556c50c9e8de78 -> 
  custom:SearchIndexIgnoredProperties: e643bd26f0fe6173181afceb89e7c659 -> 
  custom:AudioImporter_EditorPlatform: d09bf68614088b80899f8185d706f6e7 -> 
  custom:audio-decoder-ogg-vorbis: bf7c407c2cedff20999df2af8eb42d56 -> 
  custom:audio-encoder-webm-vorbis: bf7c407c2cedff20999df2af8eb42d56 -> 
  custom:video-codec-MediaFoundation-h265: 746d11721c4dcdbdad8f713fa42b33f4 -> 
  custom:video-decoder-ogg-theora: a1e56fd34408186e4bbccfd4996cb3dc -> 
  custom:CustomObjectIndexerAttribute: 72b91833f83ae208fae7752999fa3104 -> 
  custom:container-demuxer-webm: 4f35f7cbe854078d1ac9338744f61a02 -> 
  custom:video-encoder-webm-vp8: eb34c28f22e8b96e1ab97ce403110664 -> 
========================================================================
Received Prepare
Begin MonoManager ReloadAssembly
- Loaded All Assemblies, in  0.583 seconds
Refreshing native plugins compatible for Editor in 5.07 ms, found 3 plugins.
Native extension for WindowsStandalone target not found
Native extension for iOS target not found
Native extension for Android target not found
Native extension for WebGL target not found
[Package Manager] Server::EnsureServerProcessIsRunning -- launch failed, reason: Unity was launched with the -noUpm command-line argument
[Package Manager] UpmClient::Send -- Unable to send message (not connected to UPM process).
[Package Manager] Cannot connect to Unity Package Manager local server
Mono: successfully reloaded assembly
[Package Manager] Server::EnsureServerProcessIsRunning -- launch failed, reason: Unity was launched with the -noUpm command-line argument
[Package Manager] UpmClient::Send -- Unable to send message (not connected to UPM process).
[Package Manager] Cannot connect to Unity Package Manager local server
- Finished resetting the current domain, in  1.777 seconds
Domain Reload Profiling: 2357ms
	BeginReloadAssembly (199ms)
		ExecutionOrderSort (0ms)
		DisableScriptedObjects (5ms)
		BackupInstance (0ms)
		ReleaseScriptingObjects (0ms)
		CreateAndSetChildDomain (57ms)
	RebuildCommonClasses (35ms)
	RebuildNativeTypeToScriptingClass (11ms)
	initialDomainReloadingComplete (33ms)
	LoadAllAssembliesAndSetupDomain (300ms)
		LoadAssemblies (373ms)
		RebuildTransferFunctionScriptingTraits (0ms)
		AnalyzeDomain (27ms)
			TypeCache.Refresh (8ms)
				TypeCache.ScanAssembly (0ms)
			ScanForSourceGeneratedMonoScriptInfo (0ms)
			ResolveRequiredComponents (18ms)
	FinalizeReload (1778ms)
		ReleaseScriptCaches (0ms)
		RebuildScriptCaches (0ms)
		SetupLoadedEditorAssemblies (988ms)
			LogAssemblyErrors (0ms)
			InitializePlatformSupportModulesInManaged (46ms)
			SetLoadedEditorAssemblies (8ms)
			RefreshPlugins (0ms)
			BeforeProcessingInitializeOnLoad (102ms)
			ProcessInitializeOnLoadAttributes (665ms)
			ProcessInitializeOnLoadMethodAttributes (147ms)
			AfterProcessingInitializeOnLoad (20ms)
			EditorAssembliesLoaded (0ms)
		ExecutionOrderSort2 (0ms)
		AwakeInstancesAfterBackupRestoration (45ms)
Refreshing native plugins compatible for Editor in 9.51 ms, found 3 plugins.
Preloading 0 native plugins for Editor in 0.00 ms.
Unloading 6351 Unused Serialized files (Serialized files now loaded: 0)
Unloading 50 unused Assets / (467.7 KB). Loaded Objects now: 7190.
Memory consumption went from 227.6 MB to 227.1 MB.
Total: 9.195900 ms (FindLiveObjects: 0.672400 ms CreateObjectMapping: 1.551300 ms MarkObjects: 6.311100 ms  DeleteObjects: 0.658000 ms)

Prepare: number of updated asset objects reloaded= 0
AssetImportParameters requested are different than current active one (requested -> active):
  custom:container-demuxer-ogg: 62fdf1f143b41e24485cea50d1cbac27 -> 
  custom:framework-win-MediaFoundation: 216162199b28c13a410421893ffa2e32 -> 
  custom:container-muxer-webm: aa71ff27fc2769a1b78a27578f13a17b -> 
  custom:video-decoder-webm-vp8: 9c59270c3fd7afecdb556c50c9e8de78 -> 
  custom:SearchIndexIgnoredProperties: e643bd26f0fe6173181afceb89e7c659 -> 
  custom:AudioImporter_EditorPlatform: d09bf68614088b80899f8185d706f6e7 -> 
  custom:audio-decoder-ogg-vorbis: bf7c407c2cedff20999df2af8eb42d56 -> 
  custom:audio-encoder-webm-vorbis: bf7c407c2cedff20999df2af8eb42d56 -> 
  custom:video-codec-MediaFoundation-h265: 746d11721c4dcdbdad8f713fa42b33f4 -> 
  custom:video-decoder-ogg-theora: a1e56fd34408186e4bbccfd4996cb3dc -> 
  custom:CustomObjectIndexerAttribute: 72b91833f83ae208fae7752999fa3104 -> 
  custom:container-demuxer-webm: 4f35f7cbe854078d1ac9338744f61a02 -> 
  custom:video-encoder-webm-vp8: eb34c28f22e8b96e1ab97ce403110664 -> 
========================================================================
Received Import Request.
  Time since last request: 1279.258877 seconds.
  path: Assets/StarterAssets
  artifactKey: Guid(3397cd14c28cccf47b097769f7817a19) Importer(815301076,1909f56bfc062723c751e8b465ee728b)
Start importing Assets/StarterAssets using Guid(3397cd14c28cccf47b097769f7817a19) Importer(815301076,1909f56bfc062723c751e8b465ee728b)  -> (artifact id: 'dcf32169b41e8bcbfe698b975137fd5d') in 0.003896 seconds
Number of updated asset objects reloaded before import = 0
Number of asset objects unloaded after import = 0
========================================================================
Received Import Request.
  Time since last request: 6.485393 seconds.
  path: Assets/StarterAssets/New Material.mat
  artifactKey: Guid(ad8e46f5d5cbf134caf9def9ee78503b) Importer(815301076,1909f56bfc062723c751e8b465ee728b)
Start importing Assets/StarterAssets/New Material.mat using Guid(ad8e46f5d5cbf134caf9def9ee78503b) Importer(815301076,1909f56bfc062723c751e8b465ee728b)  -> (artifact id: 'fb254e87883dd649b4b3102f42128d5c') in 0.434574 seconds
Number of updated asset objects reloaded before import = 0
Number of asset objects unloaded after import = 20
========================================================================
Received Import Request.
  Time since last request: 517.153088 seconds.
  path: Assets/StarterAssets/New Material.mat
  artifactKey: Guid(ad8e46f5d5cbf134caf9def9ee78503b) Importer(815301076,1909f56bfc062723c751e8b465ee728b)
Start importing Assets/StarterAssets/New Material.mat using Guid(ad8e46f5d5cbf134caf9def9ee78503b) Importer(815301076,1909f56bfc062723c751e8b465ee728b)  -> (artifact id: '01f2cfffc5c933befa5f365a444f86aa') in 2.218425 seconds
Number of updated asset objects reloaded before import = 0
Number of asset objects unloaded after import = 2
========================================================================
Received Import Request.
  Time since last request: 30.693547 seconds.
  path: Assets/world/Arcade Machines - PolyPack
  artifactKey: Guid(a22f601c65f37184580cce4bd4953d77) Importer(815301076,1909f56bfc062723c751e8b465ee728b)
Start importing Assets/world/Arcade Machines - PolyPack using Guid(a22f601c65f37184580cce4bd4953d77) Importer(815301076,1909f56bfc062723c751e8b465ee728b)  -> (artifact id: 'df59625c40d44fd57178a5e27baa56b2') in 0.001298 seconds
Number of updated asset objects reloaded before import = 0
Number of asset objects unloaded after import = 0
========================================================================
Received Import Request.
  Time since last request: 14.497966 seconds.
  path: Assets/world/Arcade Machines - PolyPack/Models
  artifactKey: Guid(e0c0192a93a4fc4478a9490ce824d906) Importer(815301076,1909f56bfc062723c751e8b465ee728b)
Start importing Assets/world/Arcade Machines - PolyPack/Models using Guid(e0c0192a93a4fc4478a9490ce824d906) Importer(815301076,1909f56bfc062723c751e8b465ee728b)  -> (artifact id: 'a9190e5d89f68a5e7eef331e01b6c093') in 0.001721 seconds
Number of updated asset objects reloaded before import = 0
Number of asset objects unloaded after import = 0
========================================================================
Received Import Request.
  Time since last request: 1.216262 seconds.
  path: Assets/world/Arcade Machines - PolyPack/Prefabs
  artifactKey: Guid(624d8ca9446b6f94595964914ada7801) Importer(815301076,1909f56bfc062723c751e8b465ee728b)
Start importing Assets/world/Arcade Machines - PolyPack/Prefabs using Guid(624d8ca9446b6f94595964914ada7801) Importer(815301076,1909f56bfc062723c751e8b465ee728b)  -> (artifact id: 'dcd4f43460e0d9b109f8ffe8cf4e1fca') in 0.000612 seconds
Number of updated asset objects reloaded before import = 0
Number of asset objects unloaded after import = 0
========================================================================
Received Import Request.
  Time since last request: 0.079426 seconds.
  path: Assets/world/Arcade Machines - PolyPack/Prefabs/ArcadeMachineV1.prefab
  artifactKey: Guid(56c8dae64d3bec446853710a45df2cf6) Importer(815301076,1909f56bfc062723c751e8b465ee728b)
Start importing Assets/world/Arcade Machines - PolyPack/Prefabs/ArcadeMachineV1.prefab using Guid(56c8dae64d3bec446853710a45df2cf6) Importer(815301076,1909f56bfc062723c751e8b465ee728b)  -> (artifact id: '260ec909130c489cfe82313d77431b12') in 0.058498 seconds
Number of updated asset objects reloaded before import = 0
Number of asset objects unloaded after import = 12
========================================================================
Received Import Request.
  Time since last request: 0.000043 seconds.
  path: Assets/world/Arcade Machines - PolyPack/Prefabs/ArcadeMachineV4.prefab
  artifactKey: Guid(867e6bc493b0510469a23a5629a6ee06) Importer(815301076,1909f56bfc062723c751e8b465ee728b)
Start importing Assets/world/Arcade Machines - PolyPack/Prefabs/ArcadeMachineV4.prefab using Guid(867e6bc493b0510469a23a5629a6ee06) Importer(815301076,1909f56bfc062723c751e8b465ee728b)  -> (artifact id: '1af9bd7a23ffffe68c20744401983682') in 0.039355 seconds
Number of updated asset objects reloaded before import = 0
Number of asset objects unloaded after import = 12
========================================================================
Received Import Request.
  Time since last request: 0.000044 seconds.
  path: Assets/world/Arcade Machines - PolyPack/Prefabs/ArcadeMachineV3.prefab
  artifactKey: Guid(09c5e99668f3fd1458b27251bf645589) Importer(815301076,1909f56bfc062723c751e8b465ee728b)
Start importing Assets/world/Arcade Machines - PolyPack/Prefabs/ArcadeMachineV3.prefab using Guid(09c5e99668f3fd1458b27251bf645589) Importer(815301076,1909f56bfc062723c751e8b465ee728b)  -> (artifact id: '12ba5c610fc6c96e574be9d6b6dff93a') in 0.022454 seconds
Number of updated asset objects reloaded before import = 0
Number of asset objects unloaded after import = 12
========================================================================
Received Import Request.
  Time since last request: 0.000080 seconds.
  path: Assets/world/Arcade Machines - PolyPack/Prefabs/PinballMachineV1_WO_Glass.prefab
  artifactKey: Guid(3fc3d5ff0909ae646976cfab7c018c06) Importer(815301076,1909f56bfc062723c751e8b465ee728b)
Start importing Assets/world/Arcade Machines - PolyPack/Prefabs/PinballMachineV1_WO_Glass.prefab using Guid(3fc3d5ff0909ae646976cfab7c018c06) Importer(815301076,1909f56bfc062723c751e8b465ee728b)  -> (artifact id: 'a5eb82328b64cb49d3daecb92ea62f20') in 0.019713 seconds
Number of updated asset objects reloaded before import = 0
Number of asset objects unloaded after import = 12
========================================================================
Received Import Request.
  Time since last request: 0.000088 seconds.
  path: Assets/world/Arcade Machines - PolyPack/Prefabs/PinballMachineV1.prefab
  artifactKey: Guid(8e80ec2670dd6ca4c9e6790492919033) Importer(815301076,1909f56bfc062723c751e8b465ee728b)
Start importing Assets/world/Arcade Machines - PolyPack/Prefabs/PinballMachineV1.prefab using Guid(8e80ec2670dd6ca4c9e6790492919033) Importer(815301076,1909f56bfc062723c751e8b465ee728b)  -> (artifact id: '112b3685bebe8cc4d7907ac16e29de60') in 0.077762 seconds
Number of updated asset objects reloaded before import = 0
Number of asset objects unloaded after import = 13
========================================================================
Received Import Request.
  Time since last request: 13.814823 seconds.
  path: Assets/world/Arcade Machines - PolyPack/Materials/Glass.mat
  artifactKey: Guid(70ba8b8319e7552408d09e754824f471) Importer(815301076,1909f56bfc062723c751e8b465ee728b)
Start importing Assets/world/Arcade Machines - PolyPack/Materials/Glass.mat using Guid(70ba8b8319e7552408d09e754824f471) Importer(815301076,1909f56bfc062723c751e8b465ee728b)  -> (artifact id: 'ec797e44330199641ad77c35a715c987') in 0.018509 seconds
Number of updated asset objects reloaded before import = 0
Number of asset objects unloaded after import = 2
========================================================================
Received Import Request.
  Time since last request: 0.000038 seconds.
  path: Assets/world/Arcade Machines - PolyPack/Materials/ObjectAccent.mat
  artifactKey: Guid(a39da91b8903d084ab6e550b722becb5) Importer(815301076,1909f56bfc062723c751e8b465ee728b)
Start importing Assets/world/Arcade Machines - PolyPack/Materials/ObjectAccent.mat using Guid(a39da91b8903d084ab6e550b722becb5) Importer(815301076,1909f56bfc062723c751e8b465ee728b)  -> (artifact id: '42bd8b9ffc1e29ed8bf811c727067676') in 0.013527 seconds
Number of updated asset objects reloaded before import = 0
Number of asset objects unloaded after import = 2
========================================================================
Received Import Request.
  Time since last request: 14.148531 seconds.
  path: Assets/world/Arcade Machines - PolyPack/Texture/PolyPack_Main1.png
  artifactKey: Guid(9547c445c41da2f4a94c6a7e04d06de0) Importer(815301076,1909f56bfc062723c751e8b465ee728b)
Start importing Assets/world/Arcade Machines - PolyPack/Texture/PolyPack_Main1.png using Guid(9547c445c41da2f4a94c6a7e04d06de0) Importer(815301076,1909f56bfc062723c751e8b465ee728b)  -> (artifact id: '393abf28ab3e3f63442989c7d97ef1c6') in 0.033160 seconds
Number of updated asset objects reloaded before import = 0
Number of asset objects unloaded after import = 2
========================================================================
Received Import Request.
  Time since last request: 40.189189 seconds.
  path: Assets/world/Arcade Machines - PolyPack/Prefabs/PinballMachineV1.prefab
  artifactKey: Guid(8e80ec2670dd6ca4c9e6790492919033) Importer(815301076,1909f56bfc062723c751e8b465ee728b)
Start importing Assets/world/Arcade Machines - PolyPack/Prefabs/PinballMachineV1.prefab using Guid(8e80ec2670dd6ca4c9e6790492919033) Importer(815301076,1909f56bfc062723c751e8b465ee728b)  -> (artifact id: '0efc811dc92e6236af5d03f3e8fbc766') in 0.013365 seconds
Number of updated asset objects reloaded before import = 0
Number of asset objects unloaded after import = 13
