# Blender 4.1.1
# www.blender.org
mtllib aimpoint_s.mtl
o Cube
v 1.046165 1.037486 -0.638683
v 1.138688 -1.179203 -0.929291
v 1.046165 1.051653 0.558860
v 1.064107 -1.135037 0.558860
v -1.064796 1.164055 -0.638683
v -1.139377 -1.179203 -0.929291
v -1.064796 1.164055 0.558860
v -1.064796 -1.135037 0.558860
v -1.064796 -1.135037 -0.039911
v -0.000344 -1.181281 -0.917649
v 1.064107 -0.027952 -0.638683
v -1.064796 -0.027952 0.558860
v 1.064107 -0.027952 0.558860
v -1.064796 -0.027952 -0.638683
v -0.000344 1.079134 0.558860
v 1.046165 1.051653 -0.039911
v -0.000344 -1.135037 0.558860
v -1.064796 1.164055 -0.039911
v -0.000344 1.079134 -0.638683
v 1.064107 -1.135037 -0.039911
v 1.064107 -0.027952 -0.039911
v -1.064796 -0.027952 -0.039911
v -0.000344 1.079134 -0.039911
v -1.064796 -1.135037 0.259474
v -0.532570 -1.181281 -0.917649
v 1.064107 -0.581494 -0.638683
v -1.064796 0.525591 0.558860
v 1.064107 -0.581494 0.558860
v -1.064796 -0.581494 -0.638683
v -0.532570 1.079134 0.558860
v 1.046165 1.076457 0.259474
v 0.531881 -1.135037 0.558860
v -1.064796 1.164055 -0.339297
v 0.531881 1.079134 -0.638683
v 1.064107 -1.135037 -0.339297
v -1.064796 -1.135037 -0.339297
v 0.531881 -1.181281 -0.917649
v 1.064107 0.525591 -0.638683
v -1.064796 -0.581494 0.558860
v 1.064107 0.525591 0.558860
v -1.064796 0.525591 -0.638683
v 0.531881 1.079134 0.558860
v 1.046165 1.051653 -0.339297
v -0.532570 -1.135037 0.558860
v -1.064796 1.164055 0.259474
v -0.532570 1.079134 -0.638683
v 1.064107 -1.135037 0.259474
v 1.064107 -0.027952 0.259474
v 1.064107 -0.027952 -0.339297
v 1.064107 -0.581494 -0.039911
v 1.064107 0.525591 -0.039911
v -1.064796 -0.027952 -0.339297
v -1.064796 -0.027952 0.259474
v -1.064796 -0.581494 -0.039911
v -1.064796 0.525591 -0.039911
v -0.000344 1.079134 0.259474
v -0.000344 1.079134 -0.339297
v 0.531881 1.079134 -0.039911
v -0.532570 1.079134 -0.039911
v -0.532570 1.079134 -0.339297
v 0.531881 1.079134 -0.339297
v 0.531881 1.079134 0.259474
v -1.064796 0.525591 0.259474
v -1.064796 -0.581494 0.259474
v -1.064796 -0.581494 -0.339297
v 1.064107 0.525591 -0.339297
v 1.064107 -0.581494 -0.339297
v 1.064107 -0.581494 0.259474
v 1.064107 0.525591 0.259474
v -1.064796 0.525591 -0.339297
v -0.532570 1.079134 0.259474
v -1.064796 -1.135037 0.409167
v -0.798683 -1.181281 -0.917649
v 1.064107 -0.858266 -0.638683
v -1.064796 0.802362 0.558860
v 1.064107 -0.858266 0.558860
v -1.064796 -0.858266 -0.638683
v -0.798683 1.079134 0.558860
v 1.046165 1.076457 0.409167
v 0.797994 -1.135037 0.558860
v -1.064796 1.164055 -0.488990
v 0.797994 1.079134 -0.638683
v 1.064107 -1.135037 -0.488990
v -1.064796 -1.135037 -0.189604
v 0.265768 -1.181281 -0.917649
v 1.064107 0.248820 -0.638683
v -1.064796 -0.304723 0.558860
v 1.064107 0.248820 0.558860
v -1.064796 0.248820 -0.638683
v 0.265768 1.079134 0.558860
v 1.046165 1.051653 -0.189604
v -0.266457 -1.135037 0.558860
v -1.064796 1.164055 0.109781
v -0.266457 1.079134 -0.638683
v 1.064107 -1.135037 0.109781
v -0.000344 -0.858266 -0.638677
v 1.064107 -0.027952 0.409167
v 1.064107 -0.027952 -0.189604
v 1.064107 -0.858266 -0.039911
v 1.064107 0.248820 -0.039911
v -1.064796 -0.027952 -0.488990
v -1.064796 -0.027952 0.109781
v -1.064796 -0.858266 -0.039911
v -1.064796 0.248820 -0.039911
v -0.000344 -0.858266 0.558860
v -0.000344 1.079134 0.409167
v -0.000344 1.079134 -0.189604
v 0.797994 1.079134 -0.039911
v -0.266457 1.079134 -0.039911
v -1.064796 -1.135037 0.109781
v -0.266457 -1.181281 -0.917649
v 1.064107 -0.304723 -0.638683
v -1.064796 0.248820 0.558860
v 1.064107 -0.304723 0.558860
v -1.064796 -0.304723 -0.638683
v -0.266457 1.079134 0.558860
v 1.046165 1.051653 0.109781
v 0.265768 -1.135037 0.558860
v -1.064796 1.164055 -0.189604
v 0.265768 1.079134 -0.638683
v 1.064107 -1.135037 -0.189604
v -1.064796 -1.135037 -0.488990
v 0.797994 -1.181281 -0.917649
v 1.046165 0.774882 -0.638683
v -1.064796 -0.858266 0.558860
v 1.046165 0.774882 0.558860
v -1.064796 0.802362 -0.638683
v 0.797994 1.079134 0.558860
v 1.046165 1.051653 -0.488990
v -0.798683 -1.135037 0.558860
v -1.064796 1.164055 0.409167
v -0.798683 1.079134 -0.638683
v 1.064107 -1.135037 0.409167
v 1.064107 -0.027952 0.109781
v 1.064107 -0.027952 -0.488990
v 1.064107 -0.304723 -0.039911
v 1.046165 0.774882 -0.039911
v -1.064796 -0.027952 -0.189604
v -1.064796 -0.027952 0.409167
v -1.064796 -0.304723 -0.039911
v -1.064796 0.802362 -0.039911
v -0.000344 1.079134 0.109781
v -0.000344 1.079134 -0.488990
v 0.265768 1.079134 -0.039911
v -0.798683 1.079134 -0.039911
v -0.532570 1.079134 -0.189604
v -0.532570 1.079134 -0.488990
v -0.266457 1.079134 -0.339297
v -0.798683 1.079134 -0.339297
v 0.531881 1.079134 -0.189604
v 0.531881 1.079134 -0.488990
v 0.797994 1.079134 -0.339297
v 0.265768 1.079134 -0.339297
v 0.531881 1.079134 0.409167
v 0.531881 1.079134 0.109781
v 0.797994 1.079134 0.259474
v 0.265768 1.079134 0.259474
v 0.531881 -0.858266 0.558860
v -0.532570 -0.858266 0.558860
v -1.064796 0.525591 0.109781
v -1.064796 0.525591 0.409167
v -1.064796 0.248820 0.259474
v -1.064796 0.802362 0.259474
v -1.064796 -0.581494 0.109781
v -1.064796 -0.581494 0.409167
v -1.064796 -0.858266 0.259474
v -1.064796 -0.304723 0.259474
v -1.064796 -0.581494 -0.488990
v -1.064796 -0.581494 -0.189604
v -1.064796 -0.858266 -0.339297
v -1.064796 -0.304723 -0.339297
v 1.064107 0.525591 -0.189604
v 1.064107 0.525591 -0.488990
v 1.064107 0.248820 -0.339297
v 1.046165 0.774882 -0.339297
v 1.064107 -0.581494 -0.189604
v 1.064107 -0.581494 -0.488990
v 1.064107 -0.858266 -0.339297
v 1.064107 -0.304723 -0.339297
v 1.064107 -0.581494 0.409167
v 1.064107 -0.581494 0.109781
v 1.064107 -0.858266 0.259474
v 1.064107 -0.304723 0.259474
v -0.532570 -0.858266 -0.638677
v 0.531881 -0.858266 -0.638677
v 1.064107 0.525591 0.409167
v 1.064107 0.525591 0.109781
v 1.064107 0.248820 0.259474
v 1.046165 0.774882 0.259474
v -1.064796 0.525591 -0.488990
v -1.064796 0.525591 -0.189604
v -1.064796 0.248820 -0.339297
v -1.064796 0.802362 -0.339297
v -0.532570 1.079134 0.409167
v -0.532570 1.079134 0.109781
v -0.266457 1.079134 0.259474
v -0.798683 1.079134 0.259474
v -0.798683 1.079134 0.109781
v -0.266457 1.079134 0.109781
v -0.266457 1.079134 0.409167
v -1.064796 0.802362 -0.189604
v -1.064796 0.248820 -0.189604
v -1.064796 0.248820 -0.488990
v 1.046165 0.774882 0.109781
v 1.064107 0.248820 0.109781
v 1.064107 0.248820 0.409167
v 0.265768 -0.858266 -0.638677
v 0.797994 -0.858266 -0.638677
v -0.798683 -0.858266 -0.638677
v -0.266457 -0.858266 -0.638677
v 1.064107 -0.304723 0.109781
v 1.064107 -0.858266 0.109781
v 1.064107 -0.858266 0.409167
v 1.064107 -0.304723 -0.488990
v 1.064107 -0.858266 -0.488990
v 1.064107 -0.858266 -0.189604
v 1.046165 0.774882 -0.488990
v 1.064107 0.248820 -0.488990
v 1.064107 0.248820 -0.189604
v -1.064796 -0.304723 -0.189604
v -1.064796 -0.858266 -0.189604
v -1.064796 -0.858266 -0.488990
v -1.064796 -0.304723 0.409167
v -1.064796 -0.858266 0.409167
v -1.064796 -0.858266 0.109781
v -1.064796 0.802362 0.409167
v -1.064796 0.248820 0.409167
v -1.064796 0.248820 0.109781
v -0.266457 -0.858266 0.558860
v -0.798683 -0.858266 0.558860
v 0.797994 -0.858266 0.558860
v 0.265768 -0.858266 0.558860
v 0.265768 1.079134 0.109781
v 0.797994 1.079134 0.109781
v 0.797994 1.079134 0.409167
v 0.265768 1.079134 -0.488990
v 0.797994 1.079134 -0.488990
v 0.797994 1.079134 -0.189604
v -0.798683 1.079134 -0.488990
v -0.266457 1.079134 -0.488990
v -0.266457 1.079134 -0.189604
v -0.798683 1.079134 -0.189604
v 0.265768 1.079134 -0.189604
v 0.265768 1.079134 0.409167
v -1.064796 0.802362 0.109781
v -1.064796 -0.304723 0.109781
v -1.064796 -0.304723 -0.488990
v 1.046165 0.774882 -0.189604
v 1.064107 -0.304723 -0.189604
v 1.064107 -0.304723 0.409167
v 1.046165 0.774882 0.409167
v -1.064796 0.802362 -0.488990
v -0.798683 1.079134 0.409167
v -1.064796 -1.135037 0.484013
v -0.931739 -1.181281 -0.917649
v 1.064107 -0.996651 -0.638683
v -1.064796 1.025670 0.558860
v 1.064107 -0.996651 0.558860
v -1.064796 -0.996651 -0.638683
v -0.931739 1.164055 0.558860
v 1.046165 1.076457 0.484013
v 0.931051 -1.135037 0.558860
v -1.064796 1.164055 -0.563836
v 0.913108 1.037486 -0.638683
v 1.064107 -1.135037 -0.563836
v -1.064796 -1.135037 -0.114758
v 0.132712 -1.181281 -0.917649
v 1.064107 0.110434 -0.638683
v -1.064796 -0.166337 0.558860
v 1.064107 0.110434 0.558860
v -1.064796 0.110434 -0.638683
v 0.132712 1.079134 0.558860
v 1.046165 1.051653 -0.114758
v -0.133401 -1.135037 0.558860
v -1.064796 1.164055 0.034935
v -0.133401 1.079134 -0.638683
v 1.064107 -1.135037 0.034935
v 0.931051 -0.027952 -0.638683
v -0.000344 -0.996651 -0.638683
v 1.064107 -0.027952 0.484013
v 1.064107 -0.027952 -0.114758
v 1.064107 -0.996651 -0.039911
v 1.064107 0.110434 -0.039911
v -1.064796 -0.027952 -0.563836
v -1.064796 -0.027952 0.034935
v -1.064796 -0.996651 -0.039911
v -1.064796 0.110434 -0.039911
v -0.931739 -0.027952 0.558860
v -0.000344 -0.996651 0.558860
v -0.000344 1.079134 0.484013
v -0.000344 1.079134 -0.114758
v 0.913108 1.051653 -0.039911
v -0.133401 1.079134 -0.039911
v -1.064796 -1.135037 0.184628
v -0.399514 -1.181281 -0.917649
v 1.064107 -0.443109 -0.638683
v -1.064796 0.387205 0.558860
v 1.064107 -0.443109 0.558860
v -1.064796 -0.443109 -0.638683
v -0.399514 1.079134 0.558860
v 1.046165 1.051653 0.184628
v 0.398825 -1.135037 0.558860
v -1.064796 1.164055 -0.264451
v 0.398825 1.079134 -0.638683
v 1.064107 -1.135037 -0.264451
v -1.064796 -1.135037 -0.414143
v 0.664938 -1.181281 -0.917649
v 1.064107 0.663977 -0.638683
v -1.064796 -0.719880 0.558860
v 1.064107 0.663977 0.558860
v -1.064796 0.663977 -0.638683
v 0.664938 1.079134 0.558860
v 1.046165 1.051653 -0.414143
v -0.665627 -1.135037 0.558860
v -1.064796 1.164055 0.334321
v -0.665627 1.079134 -0.638683
v 1.064107 -1.135037 0.334321
v 1.064107 -0.027952 0.184628
v 1.064107 -0.027952 -0.414143
v 1.064107 -0.443109 -0.039911
v 1.064107 0.663977 -0.039911
v -1.064796 -0.027952 -0.264451
v -1.064796 -0.027952 0.334321
v -1.064796 -0.443109 -0.039911
v -1.064796 0.663977 -0.039911
v -0.000344 1.079134 0.184628
v -0.000344 1.079134 -0.414143
v 0.398825 1.079134 -0.039911
v -0.665627 1.079134 -0.039911
v -0.532570 1.079134 -0.114758
v -0.532570 1.079134 -0.414143
v -0.133401 1.079134 -0.339297
v -0.665627 1.079134 -0.339297
v 0.531881 1.079134 -0.114758
v 0.531881 1.079134 -0.414143
v 0.913108 1.051653 -0.339297
v 0.398825 1.079134 -0.339297
v 0.531881 1.079134 0.484013
v 0.531881 1.079134 0.184628
v 0.913108 1.076457 0.259474
v 0.398825 1.079134 0.259474
v 0.531881 -0.996651 0.558860
v -0.931739 -0.581494 0.558860
v -0.532570 -0.996651 0.558860
v -1.064796 0.525591 0.034935
v -1.064796 0.525591 0.334321
v -1.064796 0.110434 0.259474
v -1.064796 0.663977 0.259474
v -1.064796 -0.581494 0.034935
v -1.064796 -0.581494 0.334321
v -1.064796 -0.996651 0.259474
v -1.064796 -0.443109 0.259474
v -1.064796 -0.581494 -0.563836
v -1.064796 -0.581494 -0.264451
v -1.064796 -0.996651 -0.339297
v -1.064796 -0.443109 -0.339297
v 1.064107 0.525591 -0.114758
v 1.064107 0.525591 -0.414143
v 1.064107 0.110434 -0.339297
v 1.064107 0.663977 -0.339297
v 1.064107 -0.581494 -0.114758
v 1.064107 -0.581494 -0.414143
v 1.064107 -0.996651 -0.339297
v 1.064107 -0.443109 -0.339297
v 1.064107 -0.581494 0.484013
v 1.064107 -0.581494 0.184628
v 1.064107 -0.996651 0.259474
v 1.064107 -0.443109 0.259474
v -0.532570 -0.996651 -0.638683
v 0.931051 -0.581494 -0.638683
v 0.531881 -0.996651 -0.638683
v 0.931051 0.525591 -0.638683
v 1.064107 0.525591 0.484013
v 1.064107 0.525591 0.184628
v 1.064107 0.110434 0.259474
v 1.064107 0.663977 0.259474
v -1.064796 0.525591 -0.563836
v -1.064796 0.525591 -0.264451
v -1.064796 0.110434 -0.339297
v -1.064796 0.663977 -0.339297
v -0.931739 0.525591 0.558860
v -0.532570 1.079134 0.484013
v -0.532570 1.079134 0.184628
v -0.133401 1.079134 0.259474
v -0.665627 1.079134 0.259474
v -1.064796 -1.135037 0.334321
v -0.665627 -1.181281 -0.917649
v 1.064107 -0.719880 -0.638683
v -1.064796 0.663977 0.558860
v 1.064107 -0.719880 0.558860
v -1.064796 -0.719880 -0.638683
v -0.665627 1.079134 0.558860
v 1.046165 1.076457 0.334321
v 0.664938 -1.135037 0.558860
v -1.064796 1.164055 -0.414143
v 0.664938 1.079134 -0.638683
v 1.064107 -1.135037 -0.414143
v -1.064796 -1.135037 -0.264451
v 0.398825 -1.181281 -0.917649
v 1.064107 0.387205 -0.638683
v -1.064796 -0.443109 0.558860
v 1.064107 0.387205 0.558860
v -1.064796 0.387205 -0.638683
v 0.398825 1.079134 0.558860
v 1.046165 1.051653 -0.264451
v -0.399514 -1.135037 0.558860
v -1.064796 1.164055 0.184628
v -0.399514 1.079134 -0.638683
v 1.064107 -1.135037 0.184628
v 1.064107 -0.027952 0.334321
v 1.064107 -0.027952 -0.264451
v 1.064107 -0.719880 -0.039911
v 1.064107 0.387205 -0.039911
v -1.064796 -0.027952 -0.414143
v -1.064796 -0.027952 0.184628
v -1.064796 -0.719880 -0.039911
v -1.064796 0.387205 -0.039911
v -0.000344 -0.719880 0.558860
v -0.000344 1.079134 0.334321
v -0.000344 1.079134 -0.264451
v 0.664938 1.079134 -0.039911
v -0.399514 1.079134 -0.039911
v -1.064796 -1.135037 0.034935
v -0.133401 -1.181281 -0.917649
v 1.064107 -0.166337 -0.638683
v -1.064796 0.110434 0.558860
v 1.064107 -0.166337 0.558860
v -1.064796 -0.166337 -0.638683
v -0.133401 1.079134 0.558860
v 1.046165 1.051653 0.034935
v 0.132712 -1.135037 0.558860
v -1.064796 1.164055 -0.114758
v 0.132712 1.079134 -0.638683
v 1.064107 -1.135037 -0.114758
v -1.064796 -1.135037 -0.563836
v 0.931051 -1.181281 -0.917649
v 1.046165 0.913267 -0.638683
v -1.064796 -0.996651 0.558860
v 1.046165 0.913267 0.558860
v -1.064796 1.025670 -0.638683
v 0.913108 1.051653 0.558860
v 1.046165 1.037486 -0.563836
v -0.931739 -1.135037 0.558860
v -1.064796 1.164055 0.484013
v -0.931739 1.164055 -0.638683
v 1.064107 -1.135037 0.484013
v -0.931739 -0.027952 -0.638683
v -0.000344 0.940748 -0.638677
v 1.064107 -0.027952 0.034935
v 1.064107 -0.027952 -0.563836
v 1.064107 -0.166337 -0.039911
v 1.046165 0.913267 -0.039911
v -1.064796 -0.027952 -0.114758
v -1.064796 -0.027952 0.484013
v -1.064796 -0.166337 -0.039911
v -1.064796 1.025670 -0.039911
v 0.931051 -0.027952 0.558860
v -0.000344 0.940748 0.558860
v -0.000344 1.079134 0.034935
v -0.000344 1.079134 -0.563836
v 0.132712 1.079134 -0.039911
v -0.931739 1.164055 -0.039911
v -0.532570 1.079134 -0.264451
v -0.532570 1.079134 -0.563836
v -0.399514 1.079134 -0.339297
v -0.931739 1.164055 -0.339297
v 0.531881 1.079134 -0.264451
v 0.531881 1.079134 -0.563836
v 0.664938 1.079134 -0.339297
v 0.132712 1.079134 -0.339297
v 0.531881 1.079134 0.334321
v 0.531881 1.079134 0.034935
v 0.664938 1.079134 0.259474
v 0.132712 1.079134 0.259474
v 0.931051 0.525591 0.558860
v 0.531881 0.940748 0.558860
v 0.931051 -0.581494 0.558860
v 0.531881 -0.719880 0.558860
v -0.532570 -0.719880 0.558860
v -1.064796 0.525591 0.184628
v -1.064796 0.525591 0.484013
v -1.064796 0.387205 0.259474
v -1.064796 1.025670 0.259474
v -1.064796 -0.581494 0.184628
v -1.064796 -0.581494 0.484013
v -1.064796 -0.719880 0.259474
v -1.064796 -0.166337 0.259474
v -1.064796 -0.581494 -0.414143
v -1.064796 -0.581494 -0.114758
v -1.064796 -0.719880 -0.339297
v -1.064796 -0.166337 -0.339297
v 1.064107 0.525591 -0.264451
v 1.064107 0.525591 -0.563836
v 1.064107 0.387205 -0.339297
v 1.046165 0.913267 -0.339297
v 1.064107 -0.581494 -0.264451
v 1.064107 -0.581494 -0.563836
v 1.064107 -0.719880 -0.339297
v 1.064107 -0.166337 -0.339297
v 1.064107 -0.581494 0.334321
v 1.064107 -0.581494 0.034935
v 1.064107 -0.719880 0.259474
v 1.064107 -0.166337 0.259474
v -0.931739 0.525591 -0.638683
v -0.532570 0.940748 -0.638677
v -0.931739 -0.581494 -0.638683
v 0.531881 0.940748 -0.638677
v 1.064107 0.525591 0.334321
v 1.064107 0.525591 0.034935
v 1.064107 0.387205 0.259474
v 1.046165 0.913267 0.259474
v -1.064796 0.525591 -0.414143
v -1.064796 0.525591 -0.114758
v -1.064796 0.387205 -0.339297
v -1.064796 1.025670 -0.339297
v -0.532570 0.940748 0.558860
v -0.532570 1.079134 0.334321
v -0.532570 1.079134 0.034935
v -0.399514 1.079134 0.259474
v -0.931739 1.164055 0.259474
v -0.798683 1.079134 0.184628
v -0.798683 1.079134 0.034935
v -0.665627 1.079134 0.109781
v -0.931739 1.164055 0.109781
v -0.266457 1.079134 0.184628
v -0.266457 1.079134 0.034935
v -0.133401 1.079134 0.109781
v -0.399514 1.079134 0.109781
v -0.266457 1.079134 0.484013
v -0.266457 1.079134 0.334321
v -0.133401 1.079134 0.409167
v -0.399514 1.079134 0.409167
v -0.266457 0.940748 0.558860
v -0.931739 0.248820 0.558860
v -1.064796 0.802362 -0.264451
v -1.064796 0.802362 -0.114758
v -1.064796 0.663977 -0.189604
v -1.064796 1.025670 -0.189604
v -1.064796 0.248820 -0.264451
v -1.064796 0.248820 -0.114758
v -1.064796 0.110434 -0.189604
v -1.064796 0.387205 -0.189604
v -1.064796 0.248820 -0.563836
v -1.064796 0.248820 -0.414143
v -1.064796 0.110434 -0.488990
v -1.064796 0.387205 -0.488990
v 1.046165 0.774882 0.184628
v 1.046165 0.774882 0.034935
v 1.064107 0.663977 0.109781
v 1.046165 0.913267 0.109781
v 1.064107 0.248820 0.184628
v 1.064107 0.248820 0.034935
v 1.064107 0.110434 0.109781
v 1.064107 0.387205 0.109781
v 1.064107 0.248820 0.484013
v 1.064107 0.248820 0.334321
v 1.064107 0.110434 0.409167
v 1.064107 0.387205 0.409167
v 0.265768 0.940748 -0.638677
v 0.931051 0.248820 -0.638683
v 0.398825 -0.858266 -0.638677
v 0.132712 -0.858266 -0.638677
v 0.265768 -0.996651 -0.638683
v 0.931051 -0.858266 -0.638683
v 0.664938 -0.858266 -0.638677
v 0.797994 -0.996651 -0.638683
v -0.931739 -0.304723 -0.638683
v -0.665627 -0.858266 -0.638677
v -0.931739 -0.858266 -0.638683
v -0.798683 -0.996651 -0.638683
v -0.133401 -0.858266 -0.638677
v -0.399514 -0.858266 -0.638677
v -0.266457 -0.996651 -0.638683
v -0.931739 0.802362 -0.638683
v -0.798683 0.940748 -0.638677
v -0.931739 0.248820 -0.638683
v 1.064107 -0.304723 0.184628
v 1.064107 -0.304723 0.034935
v 1.064107 -0.443109 0.109781
v 1.064107 -0.166337 0.109781
v 1.064107 -0.858266 0.184628
v 1.064107 -0.858266 0.034935
v 1.064107 -0.996651 0.109781
v 1.064107 -0.719880 0.109781
v 1.064107 -0.858266 0.484013
v 1.064107 -0.858266 0.334321
v 1.064107 -0.996651 0.409167
v 1.064107 -0.719880 0.409167
v 1.064107 -0.304723 -0.414143
v 1.064107 -0.304723 -0.563836
v 1.064107 -0.443109 -0.488990
v 1.064107 -0.166337 -0.488990
v 1.064107 -0.858266 -0.414143
v 1.064107 -0.858266 -0.563836
v 1.064107 -0.996651 -0.488990
v 1.064107 -0.719880 -0.488990
v 1.064107 -0.858266 -0.114758
v 1.064107 -0.858266 -0.264451
v 1.064107 -0.996651 -0.189604
v 1.064107 -0.719880 -0.189604
v 1.046165 0.774882 -0.414143
v 1.046165 0.774882 -0.563836
v 1.064107 0.663977 -0.488990
v 1.046165 0.913267 -0.488990
v 1.064107 0.248820 -0.414143
v 1.064107 0.248820 -0.563836
v 1.064107 0.110434 -0.488990
v 1.064107 0.387205 -0.488990
v 1.064107 0.248820 -0.114758
v 1.064107 0.248820 -0.264451
v 1.064107 0.110434 -0.189604
v 1.064107 0.387205 -0.189604
v -1.064796 -0.304723 -0.264451
v -1.064796 -0.304723 -0.114758
v -1.064796 -0.443109 -0.189604
v -1.064796 -0.166337 -0.189604
v -1.064796 -0.858266 -0.264451
v -1.064796 -0.858266 -0.114758
v -1.064796 -0.996651 -0.189604
v -1.064796 -0.719880 -0.189604
v -1.064796 -0.858266 -0.563836
v -1.064796 -0.858266 -0.414143
v -1.064796 -0.996651 -0.488990
v -1.064796 -0.719880 -0.488990
v -1.064796 -0.304723 0.334321
v -1.064796 -0.304723 0.484013
v -1.064796 -0.443109 0.409167
v -1.064796 -0.166337 0.409167
v -1.064796 -0.858266 0.334321
v -1.064796 -0.858266 0.484013
v -1.064796 -0.996651 0.409167
v -1.064796 -0.719880 0.409167
v -1.064796 -0.858266 0.034935
v -1.064796 -0.858266 0.184628
v -1.064796 -0.996651 0.109781
v -1.064796 -0.719880 0.109781
v -1.064796 0.802362 0.334321
v -1.064796 0.802362 0.484013
v -1.064796 0.663977 0.409167
v -1.064796 1.025670 0.409167
v -1.064796 0.248820 0.334321
v -1.064796 0.248820 0.484013
v -1.064796 0.110434 0.409167
v -1.064796 0.387205 0.409167
v -1.064796 0.248820 0.034935
v -1.064796 0.248820 0.184628
v -1.064796 0.110434 0.109781
v -1.064796 0.387205 0.109781
v -0.399514 -0.858266 0.558860
v -0.133401 -0.858266 0.558860
v -0.266457 -0.996651 0.558860
v -0.266457 -0.719880 0.558860
v -0.931739 -0.858266 0.558860
v -0.665627 -0.858266 0.558860
v -0.798683 -0.996651 0.558860
v -0.798683 -0.719880 0.558860
v 0.931051 -0.304723 0.558860
v 0.664938 -0.858266 0.558860
v 0.931051 -0.858266 0.558860
v 0.797994 -0.996651 0.558860
v 0.797994 -0.719880 0.558860
v 0.132712 -0.858266 0.558860
v 0.398825 -0.858266 0.558860
v 0.265768 -0.996651 0.558860
v 0.265768 -0.719880 0.558860
v 0.931051 0.802362 0.558860
v 0.797994 0.940748 0.558860
v 0.931051 0.248820 0.558860
v 0.265768 1.079134 0.184628
v 0.265768 1.079134 0.034935
v 0.398825 1.079134 0.109781
v 0.132712 1.079134 0.109781
v 0.797994 1.079134 0.184628
v 0.797994 1.079134 0.034935
v 0.913108 1.051653 0.109781
v 0.664938 1.079134 0.109781
v 0.797994 1.079134 0.484013
v 0.797994 1.079134 0.334321
v 0.913108 1.076457 0.409167
v 0.664938 1.079134 0.409167
v 0.265768 1.079134 -0.414143
v 0.265768 1.079134 -0.563836
v 0.398825 1.079134 -0.488990
v 0.132712 1.079134 -0.488990
v 0.797994 1.079134 -0.414143
v 0.797994 1.079134 -0.563836
v 0.913108 1.051653 -0.488990
v 0.664938 1.079134 -0.488990
v 0.797994 1.079134 -0.114758
v 0.797994 1.079134 -0.264451
v 0.913108 1.051653 -0.189604
v 0.664938 1.079134 -0.189604
v -0.798683 1.079134 -0.414143
v -0.798683 1.079134 -0.563836
v -0.665627 1.079134 -0.488990
v -0.931739 1.164055 -0.488990
v -0.266457 1.079134 -0.414143
v -0.266457 1.079134 -0.563836
v -0.133401 1.079134 -0.488990
v -0.399514 1.079134 -0.488990
v -0.266457 1.079134 -0.114758
v -0.266457 1.079134 -0.264451
v -0.133401 1.079134 -0.189604
v -0.399514 1.079134 -0.189604
v -0.798683 1.079134 -0.114758
v -0.798683 1.079134 -0.264451
v -0.665627 1.079134 -0.189604
v -0.931739 1.164055 -0.189604
v 0.265768 1.079134 -0.114758
v 0.265768 1.079134 -0.264451
v 0.398825 1.079134 -0.189604
v 0.132712 1.079134 -0.189604
v 0.265768 1.079134 0.484013
v 0.265768 1.079134 0.334321
v 0.398825 1.079134 0.409167
v 0.132712 1.079134 0.409167
v 0.265768 0.940748 0.558860
v -0.931739 -0.304723 0.558860
v -1.064796 0.802362 0.034935
v -1.064796 0.802362 0.184628
v -1.064796 0.663977 0.109781
v -1.064796 1.025670 0.109781
v -1.064796 -0.304723 0.034935
v -1.064796 -0.304723 0.184628
v -1.064796 -0.443109 0.109781
v -1.064796 -0.166337 0.109781
v -1.064796 -0.304723 -0.563836
v -1.064796 -0.304723 -0.414143
v -1.064796 -0.443109 -0.488990
v -1.064796 -0.166337 -0.488990
v 1.046165 0.774882 -0.114758
v 1.046165 0.774882 -0.264451
v 1.064107 0.663977 -0.189604
v 1.046165 0.913267 -0.189604
v 1.064107 -0.304723 -0.114758
v 1.064107 -0.304723 -0.264451
v 1.064107 -0.443109 -0.189604
v 1.064107 -0.166337 -0.189604
v 1.064107 -0.304723 0.484013
v 1.064107 -0.304723 0.334321
v 1.064107 -0.443109 0.409167
v 1.064107 -0.166337 0.409167
v -0.266457 0.940748 -0.638677
v 0.931051 -0.304723 -0.638683
v 0.931051 0.802362 -0.638683
v 0.797994 0.940748 -0.638677
v 1.046165 0.774882 0.484013
v 1.046165 0.774882 0.334321
v 1.064107 0.663977 0.409167
v 1.046165 0.913267 0.409167
v -1.064796 0.802362 -0.563836
v -1.064796 0.802362 -0.414143
v -1.064796 0.663977 -0.488990
v -1.064796 1.025670 -0.488990
v -0.931739 0.802362 0.558860
v -0.798683 0.940748 0.558860
v -0.798683 1.079134 0.484013
v -0.798683 1.079134 0.334321
v -0.665627 1.079134 0.409167
v -0.931739 1.164055 0.409167
v -0.931739 1.164055 0.334321
v -0.665627 1.079134 0.334321
v -0.665627 1.079134 0.484013
v -0.665627 0.940748 0.558860
v -0.931739 0.663977 0.558860
v -1.064796 1.025670 -0.414143
v -1.064796 0.663977 -0.414143
v -1.064796 0.663977 -0.563836
v 1.046165 0.913267 0.334321
v 1.064107 0.663977 0.334321
v 1.064107 0.663977 0.484013
v 0.664938 0.940748 -0.638677
v 0.931051 0.663977 -0.638683
v 0.931051 -0.443109 -0.638683
v -0.399514 0.940748 -0.638677
v 1.064107 -0.166337 0.334321
v 1.064107 -0.443109 0.334321
v 1.064107 -0.443109 0.484013
v 1.064107 -0.166337 -0.264451
v 1.064107 -0.443109 -0.264451
v 1.064107 -0.443109 -0.114758
v 1.046165 0.913267 -0.264451
v 1.064107 0.663977 -0.264451
v 1.064107 0.663977 -0.114758
v -1.064796 -0.166337 -0.414143
v -1.064796 -0.443109 -0.414143
v -1.064796 -0.443109 -0.563836
v -1.064796 -0.166337 0.184628
v -1.064796 -0.443109 0.184628
v -1.064796 -0.443109 0.034935
v -1.064796 1.025670 0.184628
v -1.064796 0.663977 0.184628
v -1.064796 0.663977 0.034935
v -0.931739 -0.443109 0.558860
v 0.398825 0.940748 0.558860
v 0.132712 1.079134 0.334321
v 0.398825 1.079134 0.334321
v 0.398825 1.079134 0.484013
v 0.132712 1.079134 -0.264451
v 0.398825 1.079134 -0.264451
v 0.398825 1.079134 -0.114758
v -0.931739 1.164055 -0.264451
v -0.665627 1.079134 -0.264451
v -0.665627 1.079134 -0.114758
v -0.399514 1.079134 -0.264451
v -0.133401 1.079134 -0.264451
v -0.133401 1.079134 -0.114758
v -0.399514 1.079134 -0.563836
v -0.133401 1.079134 -0.563836
v -0.133401 1.079134 -0.414143
v -0.931739 1.164055 -0.563836
v -0.665627 1.079134 -0.563836
v -0.665627 1.079134 -0.414143
v 0.664938 1.079134 -0.264451
v 0.913108 1.051653 -0.264451
v 0.913108 1.051653 -0.114758
v 0.664938 1.079134 -0.563836
v 0.913108 1.037486 -0.563836
v 0.913108 1.051653 -0.414143
v 0.132712 1.079134 -0.563836
v 0.398825 1.079134 -0.563836
v 0.398825 1.079134 -0.414143
v 0.664938 1.079134 0.334321
v 0.913108 1.076457 0.334321
v 0.913108 1.076457 0.484013
v 0.664938 1.079134 0.034935
v 0.913108 1.051653 0.034935
v 0.913108 1.051653 0.184628
v 0.132712 1.079134 0.034935
v 0.398825 1.079134 0.034935
v 0.398825 1.079134 0.184628
v 0.931051 0.387205 0.558860
v 0.931051 0.110434 0.558860
v 0.931051 0.940748 0.558860
v 0.931051 0.663977 0.558860
v 0.398825 -0.719880 0.558860
v 0.398825 -0.996651 0.558860
v 0.132712 -0.996651 0.558860
v 0.931051 -0.719880 0.558860
v 0.931051 -0.996651 0.558860
v 0.664938 -0.996651 0.558860
v 0.931051 -0.166337 0.558860
v 0.931051 -0.443109 0.558860
v -0.665627 -0.719880 0.558860
v -0.665627 -0.996651 0.558860
v -0.931739 -0.996651 0.558860
v -0.133401 -0.719880 0.558860
v -0.133401 -0.996651 0.558860
v -0.399514 -0.996651 0.558860
v -1.064796 0.387205 0.184628
v -1.064796 0.110434 0.184628
v -1.064796 0.110434 0.034935
v -1.064796 0.387205 0.484013
v -1.064796 0.110434 0.484013
v -1.064796 0.110434 0.334321
v -1.064796 1.025670 0.484013
v -1.064796 0.663977 0.484013
v -1.064796 0.663977 0.334321
v -1.064796 -0.719880 0.184628
v -1.064796 -0.996651 0.184628
v -1.064796 -0.996651 0.034935
v -1.064796 -0.719880 0.484013
v -1.064796 -0.996651 0.484013
v -1.064796 -0.996651 0.334321
v -1.064796 -0.166337 0.484013
v -1.064796 -0.443109 0.484013
v -1.064796 -0.443109 0.334321
v -1.064796 -0.719880 -0.414143
v -1.064796 -0.996651 -0.414143
v -1.064796 -0.996651 -0.563836
v -1.064796 -0.719880 -0.114758
v -1.064796 -0.996651 -0.114758
v -1.064796 -0.996651 -0.264451
v -1.064796 -0.166337 -0.114758
v -1.064796 -0.443109 -0.114758
v -1.064796 -0.443109 -0.264451
v 1.064107 0.387205 -0.264451
v 1.064107 0.110434 -0.264451
v 1.064107 0.110434 -0.114758
v 1.064107 0.387205 -0.563836
v 1.064107 0.110434 -0.563836
v 1.064107 0.110434 -0.414143
v 1.046165 0.913267 -0.563836
v 1.064107 0.663977 -0.563836
v 1.064107 0.663977 -0.414143
v 1.064107 -0.719880 -0.264451
v 1.064107 -0.996651 -0.264451
v 1.064107 -0.996651 -0.114758
v 1.064107 -0.719880 -0.563836
v 1.064107 -0.996651 -0.563836
v 1.064107 -0.996651 -0.414143
v 1.064107 -0.166337 -0.563836
v 1.064107 -0.443109 -0.563836
v 1.064107 -0.443109 -0.414143
v 1.064107 -0.719880 0.334321
v 1.064107 -0.996651 0.334321
v 1.064107 -0.996651 0.484013
v 1.064107 -0.719880 0.034935
v 1.064107 -0.996651 0.034935
v 1.064107 -0.996651 0.184628
v 1.064107 -0.166337 0.034935
v 1.064107 -0.443109 0.034935
v 1.064107 -0.443109 0.184628
v -0.931739 0.387205 -0.638683
v -0.931739 0.110434 -0.638683
v -0.931739 1.025670 -0.638683
v -0.931739 0.663977 -0.638683
v -0.399514 -0.996651 -0.638683
v -0.133401 -0.996651 -0.638683
v -0.931739 -0.719880 -0.638683
v -0.931739 -0.996651 -0.638683
v -0.665627 -0.996651 -0.638683
v -0.931739 -0.166337 -0.638683
v -0.931739 -0.443109 -0.638683
v 0.664938 -0.996651 -0.638683
v 0.931051 -0.996651 -0.638683
v 0.132712 -0.996651 -0.638683
v 0.398825 -0.996651 -0.638683
v 0.931051 0.110434 -0.638683
v 0.132712 0.940748 -0.638677
v 1.064107 0.387205 0.334321
v 1.064107 0.110434 0.334321
v 1.064107 0.110434 0.484013
v 1.064107 0.387205 0.034935
v 1.064107 0.110434 0.034935
v 1.064107 0.110434 0.184628
v 1.046165 0.913267 0.034935
v 1.064107 0.663977 0.034935
v 1.064107 0.663977 0.184628
v -1.064796 0.387205 -0.414143
v -1.064796 0.110434 -0.414143
v -1.064796 0.110434 -0.563836
v -1.064796 0.387205 -0.114758
v -1.064796 0.110434 -0.114758
v -1.064796 0.110434 -0.264451
v -1.064796 1.025670 -0.114758
v -1.064796 0.663977 -0.114758
v -1.064796 0.663977 -0.264451
v -0.931739 0.110434 0.558860
v -0.133401 0.940748 0.558860
v -0.399514 1.079134 0.334321
v -0.133401 1.079134 0.334321
v -0.133401 1.079134 0.484013
v -0.399514 1.079134 0.034935
v -0.133401 1.079134 0.034935
v -0.133401 1.079134 0.184628
v -0.931739 1.164055 0.034935
v -0.665627 1.079134 0.034935
v -0.665627 1.079134 0.184628
v -0.931739 1.164055 0.184628
v -0.399514 1.079134 0.184628
v -0.399514 1.079134 0.484013
v -0.399514 0.940748 0.558860
v -0.931739 0.387205 0.558860
v -1.064796 1.025670 -0.264451
v -1.064796 0.387205 -0.264451
v -1.064796 0.387205 -0.563836
v 1.046165 0.913267 0.184628
v 1.064107 0.387205 0.184628
v 1.064107 0.387205 0.484013
v 0.398825 0.940748 -0.638677
v 0.931051 0.387205 -0.638683
v 0.931051 -0.719880 -0.638683
v -0.665627 0.940748 -0.638677
v 1.064107 -0.166337 0.184628
v 1.064107 -0.719880 0.184628
v 1.064107 -0.719880 0.484013
v 1.064107 -0.166337 -0.414143
v 1.064107 -0.719880 -0.414143
v 1.064107 -0.719880 -0.114758
v 1.046165 0.913267 -0.414143
v 1.064107 0.387205 -0.414143
v 1.064107 0.387205 -0.114758
v -1.064796 -0.166337 -0.264451
v -1.064796 -0.719880 -0.264451
v -1.064796 -0.719880 -0.563836
v -1.064796 -0.166337 0.334321
v -1.064796 -0.719880 0.334321
v -1.064796 -0.719880 0.034935
v -1.064796 1.025670 0.334321
v -1.064796 0.387205 0.334321
v -1.064796 0.387205 0.034935
v -0.399514 -0.719880 0.558860
v -0.931739 -0.719880 0.558860
v 0.664938 -0.719880 0.558860
v 0.132712 -0.719880 0.558860
v 0.664938 0.940748 0.558860
v 0.132712 1.079134 0.184628
v 0.664938 1.079134 0.184628
v 0.664938 1.079134 0.484013
v 0.132712 1.079134 -0.414143
v 0.664938 1.079134 -0.414143
v 0.664938 1.079134 -0.114758
v -0.931739 1.164055 -0.414143
v -0.399514 1.079134 -0.414143
v -0.399514 1.079134 -0.114758
v -0.931739 1.164055 -0.114758
v 0.132712 1.079134 -0.114758
v 0.132712 1.079134 0.484013
v 0.132712 0.940748 0.558860
v -0.931739 -0.166337 0.558860
v -1.064796 1.025670 0.034935
v -1.064796 -0.166337 0.034935
v -1.064796 -0.166337 -0.563836
v 1.046165 0.913267 -0.114758
v 1.064107 -0.166337 -0.114758
v 1.064107 -0.166337 0.484013
v -0.133401 0.940748 -0.638677
v 0.931051 -0.166337 -0.638683
v 0.931051 0.940748 -0.638683
v 1.046165 0.913267 0.484013
v -1.064796 1.025670 -0.563836
v -0.931739 1.025670 0.558860
v -0.931739 1.164055 0.484013
v -1.064796 -1.135037 0.521437
v -0.998268 -1.181281 -0.917649
v 1.138688 -1.055678 -0.630779
v -1.064796 1.094863 0.558860
v 1.064107 -1.065844 0.558860
v -1.139377 -1.055678 -0.630779
v -0.998268 1.164055 0.558860
v 1.046165 1.051653 0.521437
v 0.997579 -1.135037 0.558860
v -1.064796 1.164055 -0.601259
v 0.979636 1.037486 -0.638683
v 1.138688 -1.129719 -0.590734
v -1.064796 -1.135037 -0.077335
v 0.066184 -1.181281 -0.917649
v 1.064107 0.041241 -0.638683
v -1.064796 -0.097144 0.558860
v 1.064107 0.041241 0.558860
v -1.064796 0.041241 -0.638683
v 0.066184 1.079134 0.558860
v 1.046165 1.051653 -0.077335
v -0.066873 -1.135037 0.558860
v -1.064796 1.164055 -0.002488
v -0.066873 1.079134 -0.638683
v 1.064107 -1.135037 -0.002488
v 0.997579 -0.027952 -0.638683
v -0.000344 -1.065844 -0.638683
v 1.064107 -0.027952 0.521437
v 1.064107 -0.027952 -0.077335
v 1.064107 -1.065844 -0.039911
v 1.064107 0.041241 -0.039911
v -1.064796 -0.027952 -0.601259
v -1.064796 -0.027952 -0.002488
v -1.064796 -1.065844 -0.039911
v -1.064796 0.041241 -0.039911
v -0.998268 -0.027952 0.558860
v -0.000344 -1.065844 0.558860
v -0.000344 1.079134 0.521437
v -0.000344 1.079134 -0.077335
v 0.979636 1.051653 -0.039911
v -0.066873 1.079134 -0.039911
v -1.064796 -1.135037 0.222051
v -0.466042 -1.181281 -0.917649
v 1.064107 -0.512302 -0.638683
v -1.064796 0.456398 0.558860
v 1.064107 -0.512302 0.558860
v -1.064796 -0.512302 -0.638683
v -0.466042 1.079134 0.558860
v 1.046165 1.076457 0.222051
v 0.465353 -1.135037 0.558860
v -1.064796 1.164055 -0.301874
v 0.465353 1.079134 -0.638683
v 1.064107 -1.135037 -0.301874
v -1.064796 -1.135037 -0.376720
v 0.598409 -1.181281 -0.917649
v 1.064107 0.594784 -0.638683
v -1.064796 -0.650687 0.558860
v 1.064107 0.594784 0.558860
v -1.064796 0.594784 -0.638683
v 0.598409 1.079134 0.558860
v 1.046165 1.051653 -0.376720
v -0.599098 -1.135037 0.558860
v -1.064796 1.164055 0.296897
v -0.599098 1.079134 -0.638683
v 1.064107 -1.135037 0.296897
v 1.064107 -0.027952 0.222051
v 1.064107 -0.027952 -0.376720
v 1.064107 -0.512302 -0.039911
v 1.064107 0.594784 -0.039911
v -1.064796 -0.027952 -0.301874
v -1.064796 -0.027952 0.296897
v -1.064796 -0.512302 -0.039911
v -1.064796 0.594784 -0.039911
v -0.000344 1.079134 0.222051
v -0.000344 1.079134 -0.376720
v 0.465353 1.079134 -0.039911
v -0.599098 1.079134 -0.039911
v -0.532570 1.079134 -0.077335
v -0.532570 1.079134 -0.376720
v -0.066873 1.079134 -0.339297
v -0.599098 1.079134 -0.339297
v 0.531881 1.079134 -0.077335
v 0.531881 1.079134 -0.376720
v 0.979636 1.051653 -0.339297
v 0.465353 1.079134 -0.339297
v 0.531881 1.079134 0.521437
v 0.531881 1.079134 0.222051
v 0.979636 1.076457 0.259474
v 0.465353 1.079134 0.259474
v 0.531881 -1.065844 0.558860
v -0.998268 -0.581494 0.558860
v -0.532570 -1.065844 0.558860
v -1.064796 0.525591 -0.002488
v -1.064796 0.525591 0.296897
v -1.064796 0.041241 0.259474
v -1.064796 0.594784 0.259474
v -1.064796 -0.581494 -0.002488
v -1.064796 -0.581494 0.296897
v -1.064796 -1.065844 0.259474
v -1.064796 -0.512302 0.259474
v -1.064796 -0.581494 -0.601259
v -1.064796 -0.581494 -0.301874
v -1.064796 -1.065844 -0.339297
v -1.064796 -0.512302 -0.339297
v 1.064107 0.525591 -0.077335
v 1.064107 0.525591 -0.376720
v 1.064107 0.041241 -0.339297
v 1.064107 0.594784 -0.339297
v 1.064107 -0.581494 -0.077335
v 1.064107 -0.581494 -0.376720
v 1.064107 -1.065844 -0.339297
v 1.064107 -0.512302 -0.339297
v 1.064107 -0.581494 0.521437
v 1.064107 -0.581494 0.222051
v 1.064107 -1.065844 0.259474
v 1.064107 -0.512302 0.259474
v -0.532570 -1.065844 -0.638683
v 0.997579 -0.581494 -0.638683
v 0.531881 -1.065844 -0.638683
v 0.997579 0.525591 -0.638683
v 1.064107 0.525591 0.521437
v 1.064107 0.525591 0.222051
v 1.064107 0.041241 0.259474
v 1.064107 0.594784 0.259474
v -1.064796 0.525591 -0.601259
v -1.064796 0.525591 -0.301874
v -1.064796 0.041241 -0.339297
v -1.064796 0.594784 -0.339297
v -0.998268 0.525591 0.558860
v -0.532570 1.079134 0.521437
v -0.532570 1.079134 0.222051
v -0.066873 1.079134 0.259474
v -0.599098 1.079134 0.259474
v -1.064796 -1.135037 0.371744
v -0.732155 -1.181281 -0.917649
v 1.064107 -0.789073 -0.638683
v -1.064796 0.733170 0.558860
v 1.064107 -0.789073 0.558860
v -1.064796 -0.789073 -0.638683
v -0.732155 1.079134 0.558860
v 1.046165 1.076457 0.371744
v 0.731466 -1.135037 0.558860
v -1.064796 1.164055 -0.451567
v 0.731466 1.079134 -0.638683
v 1.064107 -1.135037 -0.451567
v -1.064796 -1.135037 -0.227027
v 0.332297 -1.181281 -0.917649
v 1.064107 0.318013 -0.638683
v -1.064796 -0.373916 0.558860
v 1.064107 0.318013 0.558860
v -1.064796 0.318013 -0.638683
v 0.332297 1.079134 0.558860
v 1.046165 1.051653 -0.227027
v -0.332985 -1.135037 0.558860
v -1.064796 1.164055 0.147205
v -0.332985 1.079134 -0.638683
v 1.064107 -1.135037 0.147205
v 1.064107 -0.027952 0.371744
v 1.064107 -0.027952 -0.227027
v 1.064107 -0.789073 -0.039911
v 1.064107 0.318013 -0.039911
v -1.064796 -0.027952 -0.451567
v -1.064796 -0.027952 0.147205
v -1.064796 -0.789073 -0.039911
v -1.064796 0.318013 -0.039911
v -0.000344 -0.789073 0.558860
v -0.000344 1.079134 0.371744
v -0.000344 1.079134 -0.227027
v 0.731466 1.079134 -0.039911
v -0.332985 1.079134 -0.039911
v -1.064796 -1.135037 0.072358
v -0.199929 -1.181281 -0.917649
v 1.064107 -0.235530 -0.638683
v -1.064796 0.179627 0.558860
v 1.064107 -0.235530 0.558860
v -1.064796 -0.235530 -0.638683
v -0.199929 1.079134 0.558860
v 1.046165 1.051653 0.072358
v 0.199240 -1.135037 0.558860
v -1.064796 1.164055 -0.152181
v 0.199240 1.079134 -0.638683
v 1.064107 -1.135037 -0.152181
v -1.064796 -1.135037 -0.526413
v 0.864522 -1.181281 -0.917649
v 1.046165 0.844074 -0.638683
v -1.064796 -0.927459 0.558860
v 1.046165 0.844074 0.558860
v -1.064796 0.871555 -0.638683
v 0.846580 1.051653 0.558860
v 1.046165 1.037486 -0.526413
v -0.865211 -1.135037 0.558860
v -1.064796 1.164055 0.446590
v -0.865211 1.079134 -0.638683
v 1.064107 -1.135037 0.446590
v -0.865211 -0.027952 -0.638677
v 1.064107 -0.027952 0.072358
v 1.064107 -0.027952 -0.526413
v 1.064107 -0.235530 -0.039911
v 1.046165 0.844074 -0.039911
v -1.064796 -0.027952 -0.152181
v -1.064796 -0.027952 0.446590
v -1.064796 -0.235530 -0.039911
v -1.064796 0.871555 -0.039911
v 0.864522 -0.027952 0.558860
v -0.000344 1.079134 0.072358
v -0.000344 1.079134 -0.526413
v 0.199240 1.079134 -0.039911
v -0.865211 1.079134 -0.039911
v -0.532570 1.079134 -0.227027
v -0.532570 1.079134 -0.526413
v -0.332985 1.079134 -0.339297
v -0.865211 1.079134 -0.339297
v 0.531881 1.079134 -0.227027
v 0.531881 1.079134 -0.526413
v 0.731466 1.079134 -0.339297
v 0.199240 1.079134 -0.339297
v 0.531881 1.079134 0.371744
v 0.531881 1.079134 0.072358
v 0.731466 1.079134 0.259474
v 0.199240 1.079134 0.259474
v 0.864522 0.525591 0.558860
v 0.864522 -0.581494 0.558860
v 0.531881 -0.789073 0.558860
v -0.532570 -0.789073 0.558860
v -1.064796 0.525591 0.147205
v -1.064796 0.525591 0.446590
v -1.064796 0.318013 0.259474
v -1.064796 0.871555 0.259474
v -1.064796 -0.581494 0.147205
v -1.064796 -0.581494 0.446590
v -1.064796 -0.789073 0.259474
v -1.064796 -0.235530 0.259474
v -1.064796 -0.581494 -0.451567
v -1.064796 -0.581494 -0.152181
v -1.064796 -0.789073 -0.339297
v -1.064796 -0.235530 -0.339297
v 1.064107 0.525591 -0.227027
v 1.064107 0.525591 -0.526413
v 1.064107 0.318013 -0.339297
v 1.046165 0.844074 -0.339297
v 1.064107 -0.581494 -0.227027
v 1.064107 -0.581494 -0.526413
v 1.064107 -0.789073 -0.339297
v 1.064107 -0.235530 -0.339297
v 1.064107 -0.581494 0.371744
v 1.064107 -0.581494 0.072358
v 1.064107 -0.789073 0.259474
v 1.064107 -0.235530 0.259474
v -0.865211 0.525591 -0.638677
v -0.865211 -0.581494 -0.638677
v 1.064107 0.525591 0.371744
v 1.064107 0.525591 0.072358
v 1.064107 0.318013 0.259474
v 1.046165 0.844074 0.259474
v -1.064796 0.525591 -0.451567
v -1.064796 0.525591 -0.152181
v -1.064796 0.318013 -0.339297
v -1.064796 0.871555 -0.339297
v -0.532570 1.079134 0.371744
v -0.532570 1.079134 0.072358
v -0.332985 1.079134 0.259474
v -0.865211 1.079134 0.259474
v -0.798683 1.079134 0.222051
v -0.798683 1.079134 0.072358
v -0.599098 1.079134 0.109781
v -0.865211 1.079134 0.109781
v -0.266457 1.079134 0.222051
v -0.266457 1.079134 0.072358
v -0.066873 1.079134 0.109781
v -0.332985 1.079134 0.109781
v -0.266457 1.079134 0.521437
v -0.266457 1.079134 0.371744
v -0.066873 1.079134 0.409167
v -0.332985 1.079134 0.409167
v -0.998268 0.248820 0.558860
v -1.064796 0.802362 -0.301874
v -1.064796 0.802362 -0.152181
v -1.064796 0.594784 -0.189604
v -1.064796 0.871555 -0.189604
v -1.064796 0.248820 -0.301874
v -1.064796 0.248820 -0.152181
v -1.064796 0.041241 -0.189604
v -1.064796 0.318013 -0.189604
v -1.064796 0.248820 -0.601259
v -1.064796 0.248820 -0.451567
v -1.064796 0.041241 -0.488990
v -1.064796 0.318013 -0.488990
v 1.046165 0.774882 0.222051
v 1.046165 0.774882 0.072358
v 1.064107 0.594784 0.109781
v 1.046165 0.844074 0.109781
v 1.064107 0.248820 0.222051
v 1.064107 0.248820 0.072358
v 1.064107 0.041241 0.109781
v 1.064107 0.318013 0.109781
v 1.064107 0.248820 0.521437
v 1.064107 0.248820 0.371744
v 1.064107 0.041241 0.409167
v 1.064107 0.318013 0.409167
v 0.997579 0.248820 -0.638683
v 0.465353 -0.858266 -0.638677
v 0.199240 -0.858266 -0.638677
v 0.265768 -1.065844 -0.638683
v 0.997579 -0.858266 -0.638683
v 0.731466 -0.858266 -0.638677
v 0.797994 -1.065844 -0.638683
v -0.865211 -0.304723 -0.638677
v -0.599098 -0.858266 -0.638677
v -0.865211 -0.858266 -0.638677
v -0.798683 -1.065844 -0.638683
v -0.066873 -0.858266 -0.638677
v -0.332985 -0.858266 -0.638677
v -0.266457 -1.065844 -0.638683
v -0.865211 0.802362 -0.638677
v -0.865211 0.248820 -0.638677
v 1.064107 -0.304723 0.222051
v 1.064107 -0.304723 0.072358
v 1.064107 -0.512302 0.109781
v 1.064107 -0.235530 0.109781
v 1.064107 -0.858266 0.222051
v 1.064107 -0.858266 0.072358
v 1.064107 -1.065844 0.109781
v 1.064107 -0.789073 0.109781
v 1.064107 -0.858266 0.521437
v 1.064107 -0.858266 0.371744
v 1.064107 -1.065844 0.409167
v 1.064107 -0.789073 0.409167
v 1.064107 -0.304723 -0.376720
v 1.064107 -0.304723 -0.526413
v 1.064107 -0.512302 -0.488990
v 1.064107 -0.235530 -0.488990
v 1.064107 -0.858266 -0.376720
v 1.064107 -0.858266 -0.526413
v 1.064107 -1.065844 -0.488990
v 1.064107 -0.789073 -0.488990
v 1.064107 -0.858266 -0.077335
v 1.064107 -0.858266 -0.227027
v 1.064107 -1.065844 -0.189604
v 1.064107 -0.789073 -0.189604
v 1.046165 0.774882 -0.376720
v 1.046165 0.774882 -0.526413
v 1.064107 0.594784 -0.488990
v 1.046165 0.844074 -0.488990
v 1.064107 0.248820 -0.376720
v 1.064107 0.248820 -0.526413
v 1.064107 0.041241 -0.488990
v 1.064107 0.318013 -0.488990
v 1.064107 0.248820 -0.077335
v 1.064107 0.248820 -0.227027
v 1.064107 0.041241 -0.189604
v 1.064107 0.318013 -0.189604
v -1.064796 -0.304723 -0.301874
v -1.064796 -0.304723 -0.152181
v -1.064796 -0.512302 -0.189604
v -1.064796 -0.235530 -0.189604
v -1.064796 -0.858266 -0.301874
v -1.064796 -0.858266 -0.152181
v -1.064796 -1.065844 -0.189604
v -1.064796 -0.789073 -0.189604
v -1.064796 -0.858266 -0.601259
v -1.064796 -0.858266 -0.451567
v -1.064796 -1.065844 -0.488990
v -1.064796 -0.789073 -0.488990
v -1.064796 -0.304723 0.296897
v -1.064796 -0.304723 0.446590
v -1.064796 -0.512302 0.409167
v -1.064796 -0.235530 0.409167
v -1.064796 -0.858266 0.296897
v -1.064796 -0.858266 0.446590
v -1.064796 -1.065844 0.409167
v -1.064796 -0.789073 0.409167
v -1.064796 -0.858266 -0.002488
v -1.064796 -0.858266 0.147205
v -1.064796 -1.065844 0.109781
v -1.064796 -0.789073 0.109781
v -1.064796 0.802362 0.296897
v -1.064796 0.802362 0.446590
v -1.064796 0.594784 0.409167
v -1.064796 0.871555 0.409167
v -1.064796 0.248820 0.296897
v -1.064796 0.248820 0.446590
v -1.064796 0.041241 0.409167
v -1.064796 0.318013 0.409167
v -1.064796 0.248820 -0.002488
v -1.064796 0.248820 0.147205
v -1.064796 0.041241 0.109781
v -1.064796 0.318013 0.109781
v -0.466042 -0.858266 0.558860
v -0.199929 -0.858266 0.558860
v -0.266457 -1.065844 0.558860
v -0.266457 -0.789073 0.558860
v -0.998268 -0.858266 0.558860
v -0.732155 -0.858266 0.558860
v -0.798683 -1.065844 0.558860
v -0.798683 -0.789073 0.558860
v 0.864522 -0.304723 0.558860
v 0.598409 -0.858266 0.558860
v 0.864522 -0.858266 0.558860
v 0.797994 -1.065844 0.558860
v 0.797994 -0.789073 0.558860
v 0.066184 -0.858266 0.558860
v 0.332297 -0.858266 0.558860
v 0.265768 -1.065844 0.558860
v 0.265768 -0.789073 0.558860
v 0.864522 0.802362 0.558860
v 0.864522 0.248820 0.558860
v 0.265768 1.079134 0.222051
v 0.265768 1.079134 0.072358
v 0.465353 1.079134 0.109781
v 0.199240 1.079134 0.109781
v 0.797994 1.079134 0.222051
v 0.797994 1.079134 0.072358
v 0.979636 1.051653 0.109781
v 0.731466 1.079134 0.109781
v 0.797994 1.079134 0.521437
v 0.797994 1.079134 0.371744
v 0.979636 1.076457 0.409167
v 0.731466 1.079134 0.409167
v 0.265768 1.079134 -0.376720
v 0.265768 1.079134 -0.526413
v 0.465353 1.079134 -0.488990
v 0.199240 1.079134 -0.488990
v 0.797994 1.079134 -0.376720
v 0.797994 1.079134 -0.526413
v 0.979636 1.051653 -0.488990
v 0.731466 1.079134 -0.488990
v 0.797994 1.079134 -0.077335
v 0.797994 1.079134 -0.227027
v 0.979636 1.051653 -0.189604
v 0.731466 1.079134 -0.189604
v -0.798683 1.079134 -0.376720
v -0.798683 1.079134 -0.526413
v -0.599098 1.079134 -0.488990
v -0.865211 1.079134 -0.488990
v -0.266457 1.079134 -0.376720
v -0.266457 1.079134 -0.526413
v -0.066873 1.079134 -0.488990
v -0.332985 1.079134 -0.488990
v -0.266457 1.079134 -0.077335
v -0.266457 1.079134 -0.227027
v -0.066873 1.079134 -0.189604
v -0.332985 1.079134 -0.189604
v -0.798683 1.079134 -0.077335
v -0.798683 1.079134 -0.227027
v -0.599098 1.079134 -0.189604
v -0.865211 1.079134 -0.189604
v 0.265768 1.079134 -0.077335
v 0.265768 1.079134 -0.227027
v 0.465353 1.079134 -0.189604
v 0.199240 1.079134 -0.189604
v 0.265768 1.079134 0.521437
v 0.265768 1.079134 0.371744
v 0.465353 1.079134 0.409167
v 0.199240 1.079134 0.409167
v -0.998268 -0.304723 0.558860
v -1.064796 0.802362 -0.002488
v -1.064796 0.802362 0.147205
v -1.064796 0.594784 0.109781
v -1.064796 0.871555 0.109781
v -1.064796 -0.304723 -0.002488
v -1.064796 -0.304723 0.147205
v -1.064796 -0.512302 0.109781
v -1.064796 -0.235530 0.109781
v -1.064796 -0.304723 -0.601259
v -1.064796 -0.304723 -0.451567
v -1.064796 -0.512302 -0.488990
v -1.064796 -0.235530 -0.488990
v 1.046165 0.774882 -0.077335
v 1.046165 0.774882 -0.227027
v 1.064107 0.594784 -0.189604
v 1.046165 0.844074 -0.189604
v 1.064107 -0.304723 -0.077335
v 1.064107 -0.304723 -0.227027
v 1.064107 -0.512302 -0.189604
v 1.064107 -0.235530 -0.189604
v 1.064107 -0.304723 0.521437
v 1.064107 -0.304723 0.371744
v 1.064107 -0.512302 0.409167
v 1.064107 -0.235530 0.409167
v 0.997579 -0.304723 -0.638683
v 0.997579 0.802362 -0.638683
v 1.046165 0.774882 0.521437
v 1.046165 0.774882 0.371744
v 1.064107 0.594784 0.409167
v 1.046165 0.844074 0.409167
v -1.064796 0.802362 -0.601259
v -1.064796 0.802362 -0.451567
v -1.064796 0.594784 -0.488990
v -1.064796 0.871555 -0.488990
v -0.998268 0.802362 0.558860
v -0.798683 1.079134 0.521437
v -0.798683 1.079134 0.371744
v -0.599098 1.079134 0.409167
v -0.865211 1.079134 0.409167
v -1.064796 -1.135037 0.446590
v -0.865211 -1.181281 -0.917649
v 1.064107 -0.927459 -0.638683
v -1.064796 0.871555 0.558860
v 1.064107 -0.927459 0.558860
v -1.064796 -0.927459 -0.638683
v -0.865211 1.079134 0.558860
v 1.046165 1.076457 0.446590
v 0.864522 -1.135037 0.558860
v -1.064796 1.164055 -0.526413
v 0.846580 1.051653 -0.638683
v 1.064107 -1.135037 -0.526413
v -1.064796 -1.135037 -0.152181
v 0.199240 -1.181281 -0.917649
v 1.064107 0.179627 -0.638683
v -1.064796 -0.235530 0.558860
v 1.064107 0.179627 0.558860
v -1.064796 0.179627 -0.638683
v 0.199240 1.079134 0.558860
v 1.046165 1.051653 -0.152181
v -0.199929 -1.135037 0.558860
v -1.064796 1.164055 0.072358
v -0.199929 1.079134 -0.638683
v 1.064107 -1.135037 0.072358
v 0.864522 -0.027952 -0.638677
v -0.000344 -0.927459 -0.638683
v 1.064107 -0.027952 0.446590
v 1.064107 -0.027952 -0.152181
v 1.064107 -0.927459 -0.039911
v 1.064107 0.179627 -0.039911
v -1.064796 -0.027952 -0.526413
v -1.064796 -0.027952 0.072358
v -1.064796 -0.927459 -0.039911
v -1.064796 0.179627 -0.039911
v -0.865211 -0.027952 0.558860
v -0.000344 -0.927459 0.558860
v -0.000344 1.079134 0.446590
v -0.000344 1.079134 -0.152181
v 0.846580 1.051653 -0.039911
v -0.199929 1.079134 -0.039911
v -1.064796 -1.135037 0.147205
v -0.332985 -1.181281 -0.917649
v 1.064107 -0.373916 -0.638683
v -1.064796 0.318013 0.558860
v 1.064107 -0.373916 0.558860
v -1.064796 -0.373916 -0.638683
v -0.332985 1.079134 0.558860
v 1.046165 1.051653 0.147205
v 0.332297 -1.135037 0.558860
v -1.064796 1.164055 -0.227027
v 0.332297 1.079134 -0.638683
v 1.064107 -1.135037 -0.227027
v -1.064796 -1.135037 -0.451567
v 0.731466 -1.181281 -0.917649
v 1.046165 0.705689 -0.638683
v -1.064796 -0.789073 0.558860
v 1.046165 0.705689 0.558860
v -1.064796 0.733170 -0.638683
v 0.731466 1.079134 0.558860
v 1.046165 1.051653 -0.451567
v -0.732155 -1.135037 0.558860
v -1.064796 1.164055 0.371744
v -0.732155 1.079134 -0.638683
v 1.064107 -1.135037 0.371744
v 1.064107 -0.027952 0.147205
v 1.064107 -0.027952 -0.451567
v 1.064107 -0.373916 -0.039911
v 1.046165 0.705689 -0.039911
v -1.064796 -0.027952 -0.227027
v -1.064796 -0.027952 0.371744
v -1.064796 -0.373916 -0.039911
v -1.064796 0.733170 -0.039911
v -0.000344 1.079134 0.147205
v -0.000344 1.079134 -0.451567
v 0.332297 1.079134 -0.039911
v -0.732155 1.079134 -0.039911
v -0.532570 1.079134 -0.152181
v -0.532570 1.079134 -0.451567
v -0.199929 1.079134 -0.339297
v -0.732155 1.079134 -0.339297
v 0.531881 1.079134 -0.152181
v 0.531881 1.079134 -0.451567
v 0.846580 1.051653 -0.339297
v 0.332297 1.079134 -0.339297
v 0.531881 1.079134 0.446590
v 0.531881 1.079134 0.147205
v 0.846580 1.051653 0.259474
v 0.332297 1.079134 0.259474
v 0.531881 -0.927459 0.558860
v -0.865211 -0.581494 0.558860
v -0.532570 -0.927459 0.558860
v -1.064796 0.525591 0.072358
v -1.064796 0.525591 0.371744
v -1.064796 0.179627 0.259474
v -1.064796 0.733170 0.259474
v -1.064796 -0.581494 0.072358
v -1.064796 -0.581494 0.371744
v -1.064796 -0.927459 0.259474
v -1.064796 -0.373916 0.259474
v -1.064796 -0.581494 -0.526413
v -1.064796 -0.581494 -0.227027
v -1.064796 -0.927459 -0.339297
v -1.064796 -0.373916 -0.339297
v 1.064107 0.525591 -0.152181
v 1.064107 0.525591 -0.451567
v 1.064107 0.179627 -0.339297
v 1.046165 0.705689 -0.339297
v 1.064107 -0.581494 -0.152181
v 1.064107 -0.581494 -0.451567
v 1.064107 -0.927459 -0.339297
v 1.064107 -0.373916 -0.339297
v 1.064107 -0.581494 0.446590
v 1.064107 -0.581494 0.147205
v 1.064107 -0.927459 0.259474
v 1.064107 -0.373916 0.259474
v -0.532570 -0.927459 -0.638683
v 0.864522 -0.581494 -0.638677
v 0.531881 -0.927459 -0.638683
v 0.864522 0.525591 -0.638677
v 1.064107 0.525591 0.446590
v 1.064107 0.525591 0.147205
v 1.064107 0.179627 0.259474
v 1.046165 0.705689 0.259474
v -1.064796 0.525591 -0.526413
v -1.064796 0.525591 -0.227027
v -1.064796 0.179627 -0.339297
v -1.064796 0.733170 -0.339297
v -0.865211 0.525591 0.558860
v -0.532570 1.079134 0.446590
v -0.532570 1.079134 0.147205
v -0.199929 1.079134 0.259474
v -0.732155 1.079134 0.259474
v -1.064796 -1.135037 0.296897
v -0.599098 -1.181281 -0.917649
v 1.064107 -0.650687 -0.638683
v -1.064796 0.594784 0.558860
v 1.064107 -0.650687 0.558860
v -1.064796 -0.650687 -0.638683
v -0.599098 1.079134 0.558860
v 1.046165 1.076457 0.296897
v 0.598409 -1.135037 0.558860
v -1.064796 1.164055 -0.376720
v 0.598409 1.079134 -0.638683
v 1.064107 -1.135037 -0.376720
v -1.064796 -1.135037 -0.301874
v 0.465353 -1.181281 -0.917649
v 1.064107 0.456398 -0.638683
v -1.064796 -0.512302 0.558860
v 1.064107 0.456398 0.558860
v -1.064796 0.456398 -0.638683
v 0.465353 1.079134 0.558860
v 1.046165 1.051653 -0.301874
v -0.466042 -1.135037 0.558860
v -1.064796 1.164055 0.222051
v -0.466042 1.079134 -0.638683
v 1.064107 -1.135037 0.222051
v 1.064107 -0.027952 0.296897
v 1.064107 -0.027952 -0.301874
v 1.064107 -0.650687 -0.039911
v 1.064107 0.456398 -0.039911
v -1.064796 -0.027952 -0.376720
v -1.064796 -0.027952 0.222051
v -1.064796 -0.650687 -0.039911
v -1.064796 0.456398 -0.039911
v -0.000344 1.079134 0.296897
v -0.000344 1.079134 -0.301874
v 0.598409 1.079134 -0.039911
v -0.466042 1.079134 -0.039911
v -1.064796 -1.135037 -0.002488
v -0.066873 -1.181281 -0.917649
v 1.064107 -0.097144 -0.638683
v -1.064796 0.041241 0.558860
v 1.064107 -0.097144 0.558860
v -1.064796 -0.097144 -0.638683
v -0.066873 1.079134 0.558860
v 1.046165 1.051653 -0.002488
v 0.066184 -1.135037 0.558860
v -1.064796 1.164055 -0.077335
v 0.066184 1.079134 -0.638683
v 1.064107 -1.135037 -0.077335
v -1.139377 -1.129719 -0.590734
v 0.997579 -1.181281 -0.917649
v 1.046165 0.982460 -0.638683
v -1.064796 -1.065844 0.558860
v 1.046165 0.982460 0.558860
v -1.064796 1.094863 -0.638683
v 0.979636 1.051653 0.558860
v 1.046165 1.037486 -0.601259
v -0.998268 -1.135037 0.558860
v -1.064796 1.164055 0.521437
v -0.998268 1.164055 -0.638683
v 1.064107 -1.135037 0.521437
v -0.998268 -0.027952 -0.638683
v -0.000344 1.009941 -0.638683
v 1.064107 -0.027952 -0.002488
v 1.064107 -0.027952 -0.601259
v 1.064107 -0.097144 -0.039911
v 1.046165 0.982460 -0.039911
v -1.064796 -0.027952 -0.077335
v -1.064796 -0.027952 0.521437
v -1.064796 -0.097144 -0.039911
v -1.064796 1.094863 -0.039911
v 0.997579 -0.027952 0.558860
v -0.000344 1.009941 0.558860
v -0.000344 1.079134 -0.002488
v -0.000344 1.079134 -0.601259
v 0.066184 1.079134 -0.039911
v -0.998268 1.164055 -0.039911
v -0.532570 1.079134 -0.301874
v -0.532570 1.079134 -0.601259
v -0.466042 1.079134 -0.339297
v -0.998268 1.164055 -0.339297
v 0.531881 1.079134 -0.301874
v 0.531881 1.079134 -0.601259
v 0.598409 1.079134 -0.339297
v 0.066184 1.079134 -0.339297
v 0.531881 1.079134 0.296897
v 0.531881 1.079134 -0.002488
v 0.598409 1.079134 0.259474
v 0.066184 1.079134 0.259474
v 0.997579 0.525591 0.558860
v 0.531881 1.009941 0.558860
v 0.997579 -0.581494 0.558860
v -1.064796 0.525591 0.222051
v -1.064796 0.525591 0.521437
v -1.064796 0.456398 0.259474
v -1.064796 1.094863 0.259474
v -1.064796 -0.581494 0.222051
v -1.064796 -0.581494 0.521437
v -1.064796 -0.650687 0.259474
v -1.064796 -0.097144 0.259474
v -1.064796 -0.581494 -0.376720
v -1.064796 -0.581494 -0.077335
v -1.064796 -0.650687 -0.339297
v -1.064796 -0.097144 -0.339297
v 1.064107 0.525591 -0.301874
v 1.064107 0.525591 -0.601259
v 1.064107 0.456398 -0.339297
v 1.046165 0.982460 -0.339297
v 1.064107 -0.581494 -0.301874
v 1.064107 -0.581494 -0.601259
v 1.064107 -0.650687 -0.339297
v 1.064107 -0.097144 -0.339297
v 1.064107 -0.581494 0.296897
v 1.064107 -0.581494 -0.002488
v 1.064107 -0.650687 0.259474
v 1.064107 -0.097144 0.259474
v -0.998268 0.525591 -0.638683
v -0.532570 1.009941 -0.638683
v -0.998268 -0.581494 -0.638683
v 0.531881 1.009941 -0.638683
v 1.064107 0.525591 0.296897
v 1.064107 0.525591 -0.002488
v 1.064107 0.456398 0.259474
v 1.046165 0.982460 0.259474
v -1.064796 0.525591 -0.376720
v -1.064796 0.525591 -0.077335
v -1.064796 0.456398 -0.339297
v -1.064796 1.094863 -0.339297
v -0.532570 1.009941 0.558860
v -0.532570 1.079134 0.296897
v -0.532570 1.079134 -0.002488
v -0.466042 1.079134 0.259474
v -0.998268 1.164055 0.259474
v -0.798683 1.079134 0.147205
v -0.798683 1.079134 -0.002488
v -0.732155 1.079134 0.109781
v -0.998268 1.164055 0.109781
v -0.266457 1.079134 0.147205
v -0.266457 1.079134 -0.002488
v -0.199929 1.079134 0.109781
v -0.466042 1.079134 0.109781
v -0.266457 1.079134 0.446590
v -0.266457 1.079134 0.296897
v -0.199929 1.079134 0.409167
v -0.466042 1.079134 0.409167
v -0.266457 1.009941 0.558860
v -0.865211 0.248820 0.558860
v -1.064796 0.802362 -0.227027
v -1.064796 0.802362 -0.077335
v -1.064796 0.733170 -0.189604
v -1.064796 1.094863 -0.189604
v -1.064796 0.248820 -0.227027
v -1.064796 0.248820 -0.077335
v -1.064796 0.179627 -0.189604
v -1.064796 0.456398 -0.189604
v -1.064796 0.248820 -0.526413
v -1.064796 0.248820 -0.376720
v -1.064796 0.179627 -0.488990
v -1.064796 0.456398 -0.488990
v 1.046165 0.774882 0.147205
v 1.046165 0.774882 -0.002488
v 1.046165 0.705689 0.109781
v 1.046165 0.982460 0.109781
v 1.064107 0.248820 0.147205
v 1.064107 0.248820 -0.002488
v 1.064107 0.179627 0.109781
v 1.064107 0.456398 0.109781
v 1.064107 0.248820 0.446590
v 1.064107 0.248820 0.296897
v 1.064107 0.179627 0.409167
v 1.064107 0.456398 0.409167
v 0.265768 1.009941 -0.638683
v 0.864522 0.248820 -0.638677
v 0.332297 -0.858266 -0.638677
v 0.066184 -0.858266 -0.638677
v 0.265768 -0.927459 -0.638683
v 0.864522 -0.858266 -0.638677
v 0.598409 -0.858266 -0.638677
v 0.797994 -0.927459 -0.638683
v -0.998268 -0.304723 -0.638683
v -0.732155 -0.858266 -0.638677
v -0.998268 -0.858266 -0.638683
v -0.798683 -0.927459 -0.638683
v -0.199929 -0.858266 -0.638677
v -0.466042 -0.858266 -0.638677
v -0.266457 -0.927459 -0.638683
v -0.998268 0.802362 -0.638683
v -0.798683 1.009941 -0.638683
v -0.998268 0.248820 -0.638683
v 1.064107 -0.304723 0.147205
v 1.064107 -0.304723 -0.002488
v 1.064107 -0.373916 0.109781
v 1.064107 -0.097144 0.109781
v 1.064107 -0.858266 0.147205
v 1.064107 -0.858266 -0.002488
v 1.064107 -0.927459 0.109781
v 1.064107 -0.650687 0.109781
v 1.064107 -0.858266 0.446590
v 1.064107 -0.858266 0.296897
v 1.064107 -0.927459 0.409167
v 1.064107 -0.650687 0.409167
v 1.064107 -0.304723 -0.451567
v 1.064107 -0.304723 -0.601259
v 1.064107 -0.373916 -0.488990
v 1.064107 -0.097144 -0.488990
v 1.064107 -0.858266 -0.451567
v 1.064107 -0.858266 -0.601259
v 1.064107 -0.927459 -0.488990
v 1.064107 -0.650687 -0.488990
v 1.064107 -0.858266 -0.152181
v 1.064107 -0.858266 -0.301874
v 1.064107 -0.927459 -0.189604
v 1.064107 -0.650687 -0.189604
v 1.046165 0.774882 -0.451567
v 1.046165 0.774882 -0.601259
v 1.046165 0.705689 -0.488990
v 1.046165 0.982460 -0.488990
v 1.064107 0.248820 -0.451567
v 1.064107 0.248820 -0.601259
v 1.064107 0.179627 -0.488990
v 1.064107 0.456398 -0.488990
v 1.064107 0.248820 -0.152181
v 1.064107 0.248820 -0.301874
v 1.064107 0.179627 -0.189604
v 1.064107 0.456398 -0.189604
v -1.064796 -0.304723 -0.227027
v -1.064796 -0.304723 -0.077335
v -1.064796 -0.373916 -0.189604
v -1.064796 -0.097144 -0.189604
v -1.064796 -0.858266 -0.227027
v -1.064796 -0.858266 -0.077335
v -1.064796 -0.927459 -0.189604
v -1.064796 -0.650687 -0.189604
v -1.064796 -0.858266 -0.526413
v -1.064796 -0.858266 -0.376720
v -1.064796 -0.927459 -0.488990
v -1.064796 -0.650687 -0.488990
v -1.064796 -0.304723 0.371744
v -1.064796 -0.304723 0.521437
v -1.064796 -0.373916 0.409167
v -1.064796 -0.097144 0.409167
v -1.064796 -0.858266 0.371744
v -1.064796 -0.858266 0.521437
v -1.064796 -0.927459 0.409167
v -1.064796 -0.650687 0.409167
v -1.064796 -0.858266 0.072358
v -1.064796 -0.858266 0.222051
v -1.064796 -0.927459 0.109781
v -1.064796 -0.650687 0.109781
v -1.064796 0.802362 0.371744
v -1.064796 0.802362 0.521437
v -1.064796 0.733170 0.409167
v -1.064796 1.094863 0.409167
v -1.064796 0.248820 0.371744
v -1.064796 0.248820 0.521437
v -1.064796 0.179627 0.409167
v -1.064796 0.456398 0.409167
v -1.064796 0.248820 0.072358
v -1.064796 0.248820 0.222051
v -1.064796 0.179627 0.109781
v -1.064796 0.456398 0.109781
v -0.332985 -0.858266 0.558860
v -0.066873 -0.858266 0.558860
v -0.266457 -0.927459 0.558860
v -0.865211 -0.858266 0.558860
v -0.599098 -0.858266 0.558860
v -0.798683 -0.927459 0.558860
v 0.997579 -0.304723 0.558860
v 0.731466 -0.858266 0.558860
v 0.997579 -0.858266 0.558860
v 0.797994 -0.927459 0.558860
v 0.199240 -0.858266 0.558860
v 0.465353 -0.858266 0.558860
v 0.265768 -0.927459 0.558860
v 0.997579 0.802362 0.558860
v 0.797994 1.009941 0.558860
v 0.997579 0.248820 0.558860
v 0.265768 1.079134 0.147205
v 0.265768 1.079134 -0.002488
v 0.332297 1.079134 0.109781
v 0.066184 1.079134 0.109781
v 0.797994 1.079134 0.147205
v 0.797994 1.079134 -0.002488
v 0.846580 1.051653 0.109781
v 0.598409 1.079134 0.109781
v 0.797994 1.079134 0.446590
v 0.797994 1.079134 0.296897
v 0.846580 1.051653 0.409167
v 0.598409 1.079134 0.409167
v 0.265768 1.079134 -0.451567
v 0.265768 1.079134 -0.601259
v 0.332297 1.079134 -0.488990
v 0.066184 1.079134 -0.488990
v 0.797994 1.079134 -0.451567
v 0.797994 1.079134 -0.601259
v 0.846580 1.051653 -0.488990
v 0.598409 1.079134 -0.488990
v 0.797994 1.079134 -0.152181
v 0.797994 1.079134 -0.301874
v 0.846580 1.051653 -0.189604
v 0.598409 1.079134 -0.189604
v -0.798683 1.079134 -0.451567
v -0.798683 1.079134 -0.601259
v -0.732155 1.079134 -0.488990
v -0.998268 1.164055 -0.488990
v -0.266457 1.079134 -0.451567
v -0.266457 1.079134 -0.601259
v -0.199929 1.079134 -0.488990
v -0.466042 1.079134 -0.488990
v -0.266457 1.079134 -0.152181
v -0.266457 1.079134 -0.301874
v -0.199929 1.079134 -0.189604
v -0.466042 1.079134 -0.189604
v -0.798683 1.079134 -0.152181
v -0.798683 1.079134 -0.301874
v -0.732155 1.079134 -0.189604
v -0.998268 1.164055 -0.189604
v 0.265768 1.079134 -0.152181
v 0.265768 1.079134 -0.301874
v 0.332297 1.079134 -0.189604
v 0.066184 1.079134 -0.189604
v 0.265768 1.079134 0.446590
v 0.265768 1.079134 0.296897
v 0.332297 1.079134 0.409167
v 0.066184 1.079134 0.409167
v 0.265768 1.009941 0.558860
v -0.865211 -0.304723 0.558860
v -1.064796 0.802362 0.072358
v -1.064796 0.802362 0.222051
v -1.064796 0.733170 0.109781
v -1.064796 1.094863 0.109781
v -1.064796 -0.304723 0.072358
v -1.064796 -0.304723 0.222051
v -1.064796 -0.373916 0.109781
v -1.064796 -0.097144 0.109781
v -1.064796 -0.304723 -0.526413
v -1.064796 -0.304723 -0.376720
v -1.064796 -0.373916 -0.488990
v -1.064796 -0.097144 -0.488990
v 1.046165 0.774882 -0.152181
v 1.046165 0.774882 -0.301874
v 1.046165 0.705689 -0.189604
v 1.046165 0.982460 -0.189604
v 1.064107 -0.304723 -0.152181
v 1.064107 -0.304723 -0.301874
v 1.064107 -0.373916 -0.189604
v 1.064107 -0.097144 -0.189604
v 1.064107 -0.304723 0.446590
v 1.064107 -0.304723 0.296897
v 1.064107 -0.373916 0.409167
v 1.064107 -0.097144 0.409167
v -0.266457 1.009941 -0.638683
v 0.864522 -0.304723 -0.638677
v 0.864522 0.802362 -0.638677
v 0.797994 1.009941 -0.638683
v 1.046165 0.774882 0.446590
v 1.046165 0.774882 0.296897
v 1.046165 0.705689 0.409167
v 1.046165 0.982460 0.409167
v -1.064796 0.802362 -0.526413
v -1.064796 0.802362 -0.376720
v -1.064796 0.733170 -0.488990
v -1.064796 1.094863 -0.488990
v -0.865211 0.802362 0.558860
v -0.798683 1.009941 0.558860
v -0.798683 1.079134 0.446590
v -0.798683 1.079134 0.296897
v -0.732155 1.079134 0.409167
v -0.998268 1.164055 0.409167
v -0.931739 1.164055 0.371744
v -0.931739 1.164055 0.296897
v -0.865211 1.079134 0.334321
v -0.998268 1.164055 0.334321
v -0.665627 1.079134 0.371744
v -0.665627 1.079134 0.296897
v -0.599098 1.079134 0.334321
v -0.732155 1.079134 0.334321
v -0.665627 1.079134 0.521437
v -0.665627 1.079134 0.446590
v -0.599098 1.079134 0.484013
v -0.732155 1.079134 0.484013
v -0.732155 0.940748 0.558860
v -0.599098 0.940748 0.558860
v -0.665627 1.009941 0.558860
v -0.998268 0.663977 0.558860
v -0.865211 0.663977 0.558860
v -0.931739 0.594784 0.558860
v -0.931739 0.733170 0.558860
v -1.064796 1.025670 -0.451567
v -1.064796 1.025670 -0.376720
v -1.064796 0.871555 -0.414143
v -1.064796 1.094863 -0.414143
v -1.064796 0.663977 -0.451567
v -1.064796 0.663977 -0.376720
v -1.064796 0.594784 -0.414143
v -1.064796 0.733170 -0.414143
v -1.064796 0.663977 -0.601259
v -1.064796 0.663977 -0.526413
v -1.064796 0.594784 -0.563836
v -1.064796 0.733170 -0.563836
v 1.046165 0.913267 0.371744
v 1.046165 0.913267 0.296897
v 1.046165 0.844074 0.334321
v 1.046165 0.982460 0.334321
v 1.064107 0.663977 0.371744
v 1.064107 0.663977 0.296897
v 1.064107 0.594784 0.334321
v 1.046165 0.705689 0.334321
v 1.064107 0.663977 0.521437
v 1.064107 0.663977 0.446590
v 1.064107 0.594784 0.484013
v 1.046165 0.705689 0.484013
v 0.731466 0.940748 -0.638677
v 0.598409 0.940748 -0.638677
v 0.664938 1.009941 -0.638683
v 0.997579 0.663977 -0.638683
v 0.864522 0.663977 -0.638677
v 0.931051 0.594784 -0.638683
v 0.931051 0.733170 -0.638683
v 0.997579 -0.443109 -0.638683
v 0.864522 -0.443109 -0.638677
v 0.931051 -0.512302 -0.638683
v 0.931051 -0.373916 -0.638683
v -0.332985 0.940748 -0.638677
v -0.466042 0.940748 -0.638677
v -0.399514 1.009941 -0.638683
v 1.064107 -0.166337 0.371744
v 1.064107 -0.166337 0.296897
v 1.064107 -0.235530 0.334321
v 1.064107 -0.097144 0.334321
v 1.064107 -0.443109 0.371744
v 1.064107 -0.443109 0.296897
v 1.064107 -0.512302 0.334321
v 1.064107 -0.373916 0.334321
v 1.064107 -0.443109 0.521437
v 1.064107 -0.443109 0.446590
v 1.064107 -0.512302 0.484013
v 1.064107 -0.373916 0.484013
v 1.064107 -0.166337 -0.227027
v 1.064107 -0.166337 -0.301874
v 1.064107 -0.235530 -0.264451
v 1.064107 -0.097144 -0.264451
v 1.064107 -0.443109 -0.227027
v 1.064107 -0.443109 -0.301874
v 1.064107 -0.512302 -0.264451
v 1.064107 -0.373916 -0.264451
v 1.064107 -0.443109 -0.077335
v 1.064107 -0.443109 -0.152181
v 1.064107 -0.512302 -0.114758
v 1.064107 -0.373916 -0.114758
v 1.046165 0.913267 -0.227027
v 1.046165 0.913267 -0.301874
v 1.046165 0.844074 -0.264451
v 1.046165 0.982460 -0.264451
v 1.064107 0.663977 -0.227027
v 1.064107 0.663977 -0.301874
v 1.064107 0.594784 -0.264451
v 1.046165 0.705689 -0.264451
v 1.064107 0.663977 -0.077335
v 1.064107 0.663977 -0.152181
v 1.064107 0.594784 -0.114758
v 1.046165 0.705689 -0.114758
v -1.064796 -0.166337 -0.451567
v -1.064796 -0.166337 -0.376720
v -1.064796 -0.235530 -0.414143
v -1.064796 -0.097144 -0.414143
v -1.064796 -0.443109 -0.451567
v -1.064796 -0.443109 -0.376720
v -1.064796 -0.512302 -0.414143
v -1.064796 -0.373916 -0.414143
v -1.064796 -0.443109 -0.601259
v -1.064796 -0.443109 -0.526413
v -1.064796 -0.512302 -0.563836
v -1.064796 -0.373916 -0.563836
v -1.064796 -0.166337 0.147205
v -1.064796 -0.166337 0.222051
v -1.064796 -0.235530 0.184628
v -1.064796 -0.097144 0.184628
v -1.064796 -0.443109 0.147205
v -1.064796 -0.443109 0.222051
v -1.064796 -0.512302 0.184628
v -1.064796 -0.373916 0.184628
v -1.064796 -0.443109 -0.002488
v -1.064796 -0.443109 0.072358
v -1.064796 -0.512302 0.034935
v -1.064796 -0.373916 0.034935
v -1.064796 1.025670 0.147205
v -1.064796 1.025670 0.222051
v -1.064796 0.871555 0.184628
v -1.064796 1.094863 0.184628
v -1.064796 0.663977 0.147205
v -1.064796 0.663977 0.222051
v -1.064796 0.594784 0.184628
v -1.064796 0.733170 0.184628
v -1.064796 0.663977 -0.002488
v -1.064796 0.663977 0.072358
v -1.064796 0.594784 0.034935
v -1.064796 0.733170 0.034935
v -0.998268 -0.443109 0.558860
v -0.865211 -0.443109 0.558860
v -0.931739 -0.512302 0.558860
v -0.931739 -0.373916 0.558860
v 0.332297 0.940748 0.558860
v 0.465353 0.940748 0.558860
v 0.398825 1.009941 0.558860
v 0.132712 1.079134 0.371744
v 0.132712 1.079134 0.296897
v 0.199240 1.079134 0.334321
v 0.066184 1.079134 0.334321
v 0.398825 1.079134 0.371744
v 0.398825 1.079134 0.296897
v 0.465353 1.079134 0.334321
v 0.332297 1.079134 0.334321
v 0.398825 1.079134 0.521437
v 0.398825 1.079134 0.446590
v 0.465353 1.079134 0.484013
v 0.332297 1.079134 0.484013
v 0.132712 1.079134 -0.227027
v 0.132712 1.079134 -0.301874
v 0.199240 1.079134 -0.264451
v 0.066184 1.079134 -0.264451
v 0.398825 1.079134 -0.227027
v 0.398825 1.079134 -0.301874
v 0.465353 1.079134 -0.264451
v 0.332297 1.079134 -0.264451
v 0.398825 1.079134 -0.077335
v 0.398825 1.079134 -0.152181
v 0.465353 1.079134 -0.114758
v 0.332297 1.079134 -0.114758
v -0.931739 1.164055 -0.227027
v -0.931739 1.164055 -0.301874
v -0.865211 1.079134 -0.264451
v -0.998268 1.164055 -0.264451
v -0.665627 1.079134 -0.227027
v -0.665627 1.079134 -0.301874
v -0.599098 1.079134 -0.264451
v -0.732155 1.079134 -0.264451
v -0.665627 1.079134 -0.077335
v -0.665627 1.079134 -0.152181
v -0.599098 1.079134 -0.114758
v -0.732155 1.079134 -0.114758
v -0.399514 1.079134 -0.227027
v -0.399514 1.079134 -0.301874
v -0.332985 1.079134 -0.264451
v -0.466042 1.079134 -0.264451
v -0.133401 1.079134 -0.227027
v -0.133401 1.079134 -0.301874
v -0.066873 1.079134 -0.264451
v -0.199929 1.079134 -0.264451
v -0.133401 1.079134 -0.077335
v -0.133401 1.079134 -0.152181
v -0.066873 1.079134 -0.114758
v -0.199929 1.079134 -0.114758
v -0.399514 1.079134 -0.526413
v -0.399514 1.079134 -0.601259
v -0.332985 1.079134 -0.563836
v -0.466042 1.079134 -0.563836
v -0.133401 1.079134 -0.526413
v -0.133401 1.079134 -0.601259
v -0.066873 1.079134 -0.563836
v -0.199929 1.079134 -0.563836
v -0.133401 1.079134 -0.376720
v -0.133401 1.079134 -0.451567
v -0.066873 1.079134 -0.414143
v -0.199929 1.079134 -0.414143
v -0.931739 1.164055 -0.526413
v -0.931739 1.164055 -0.601259
v -0.865211 1.079134 -0.563836
v -0.998268 1.164055 -0.563836
v -0.665627 1.079134 -0.526413
v -0.665627 1.079134 -0.601259
v -0.599098 1.079134 -0.563836
v -0.732155 1.079134 -0.563836
v -0.665627 1.079134 -0.376720
v -0.665627 1.079134 -0.451567
v -0.599098 1.079134 -0.414143
v -0.732155 1.079134 -0.414143
v 0.664938 1.079134 -0.227027
v 0.664938 1.079134 -0.301874
v 0.731466 1.079134 -0.264451
v 0.598409 1.079134 -0.264451
v 0.913108 1.051653 -0.227027
v 0.913108 1.051653 -0.301874
v 0.979636 1.051653 -0.264451
v 0.846580 1.051653 -0.264451
v 0.913108 1.051653 -0.077335
v 0.913108 1.051653 -0.152181
v 0.979636 1.051653 -0.114758
v 0.846580 1.051653 -0.114758
v 0.664938 1.079134 -0.526413
v 0.664938 1.079134 -0.601259
v 0.731466 1.079134 -0.563836
v 0.598409 1.079134 -0.563836
v 0.913108 1.037486 -0.526413
v 0.913108 1.037486 -0.601259
v 0.979636 1.037486 -0.563836
v 0.846580 1.051653 -0.563836
v 0.913108 1.051653 -0.376720
v 0.913108 1.051653 -0.451567
v 0.979636 1.051653 -0.414143
v 0.846580 1.051653 -0.414143
v 0.132712 1.079134 -0.526413
v 0.132712 1.079134 -0.601259
v 0.199240 1.079134 -0.563836
v 0.066184 1.079134 -0.563836
v 0.398825 1.079134 -0.526413
v 0.398825 1.079134 -0.601259
v 0.465353 1.079134 -0.563836
v 0.332297 1.079134 -0.563836
v 0.398825 1.079134 -0.376720
v 0.398825 1.079134 -0.451567
v 0.465353 1.079134 -0.414143
v 0.332297 1.079134 -0.414143
v 0.664938 1.079134 0.371744
v 0.664938 1.079134 0.296897
v 0.731466 1.079134 0.334321
v 0.598409 1.079134 0.334321
v 0.913108 1.076457 0.371744
v 0.913108 1.076457 0.296897
v 0.979636 1.076457 0.334321
v 0.846580 1.051653 0.334321
v 0.913108 1.051653 0.521437
v 0.913108 1.076457 0.446590
v 0.979636 1.076457 0.484013
v 0.846580 1.051653 0.484013
v 0.664938 1.079134 0.072358
v 0.664938 1.079134 -0.002488
v 0.731466 1.079134 0.034935
v 0.598409 1.079134 0.034935
v 0.913108 1.051653 0.072358
v 0.913108 1.051653 -0.002488
v 0.979636 1.051653 0.034935
v 0.846580 1.051653 0.034935
v 0.913108 1.076457 0.222051
v 0.913108 1.051653 0.147205
v 0.979636 1.051653 0.184628
v 0.846580 1.051653 0.184628
v 0.132712 1.079134 0.072358
v 0.132712 1.079134 -0.002488
v 0.199240 1.079134 0.034935
v 0.066184 1.079134 0.034935
v 0.398825 1.079134 0.072358
v 0.398825 1.079134 -0.002488
v 0.465353 1.079134 0.034935
v 0.332297 1.079134 0.034935
v 0.398825 1.079134 0.222051
v 0.398825 1.079134 0.147205
v 0.465353 1.079134 0.184628
v 0.332297 1.079134 0.184628
v 0.864522 0.387205 0.558860
v 0.997579 0.387205 0.558860
v 0.931051 0.318013 0.558860
v 0.931051 0.456398 0.558860
v 0.864522 0.110434 0.558860
v 0.997579 0.110434 0.558860
v 0.931051 0.041241 0.558860
v 0.931051 0.179627 0.558860
v 0.864522 0.940748 0.558860
v 0.997579 0.940748 0.558860
v 0.931051 0.871555 0.558860
v 0.931051 1.009941 0.558860
v 0.864522 0.663977 0.558860
v 0.997579 0.663977 0.558860
v 0.931051 0.594784 0.558860
v 0.931051 0.733170 0.558860
v 0.332297 -0.719880 0.558860
v 0.465353 -0.719880 0.558860
v 0.398825 -0.789073 0.558860
v 0.332297 -0.996651 0.558860
v 0.465353 -0.996651 0.558860
v 0.398825 -1.065844 0.558860
v 0.398825 -0.927459 0.558860
v 0.066184 -0.996651 0.558860
v 0.199240 -0.996651 0.558860
v 0.132712 -1.065844 0.558860
v 0.132712 -0.927459 0.558860
v 0.864522 -0.719880 0.558860
v 0.997579 -0.719880 0.558860
v 0.931051 -0.789073 0.558860
v 0.931051 -0.650687 0.558860
v 0.864522 -0.996651 0.558860
v 0.997579 -0.996651 0.558860
v 0.931051 -1.065844 0.558860
v 0.931051 -0.927459 0.558860
v 0.598409 -0.996651 0.558860
v 0.731466 -0.996651 0.558860
v 0.664938 -1.065844 0.558860
v 0.664938 -0.927459 0.558860
v 0.864522 -0.166337 0.558860
v 0.997579 -0.166337 0.558860
v 0.931051 -0.235530 0.558860
v 0.931051 -0.097144 0.558860
v 0.864522 -0.443109 0.558860
v 0.997579 -0.443109 0.558860
v 0.931051 -0.512302 0.558860
v 0.931051 -0.373916 0.558860
v -0.732155 -0.719880 0.558860
v -0.599098 -0.719880 0.558860
v -0.665627 -0.789073 0.558860
v -0.732155 -0.996651 0.558860
v -0.599098 -0.996651 0.558860
v -0.665627 -1.065844 0.558860
v -0.665627 -0.927459 0.558860
v -0.998268 -0.996651 0.558860
v -0.865211 -0.996651 0.558860
v -0.931739 -1.065844 0.558860
v -0.931739 -0.927459 0.558860
v -0.199929 -0.719880 0.558860
v -0.066873 -0.719880 0.558860
v -0.133401 -0.789073 0.558860
v -0.199929 -0.996651 0.558860
v -0.066873 -0.996651 0.558860
v -0.133401 -1.065844 0.558860
v -0.133401 -0.927459 0.558860
v -0.466042 -0.996651 0.558860
v -0.332985 -0.996651 0.558860
v -0.399514 -1.065844 0.558860
v -0.399514 -0.927459 0.558860
v -1.064796 0.387205 0.147205
v -1.064796 0.387205 0.222051
v -1.064796 0.318013 0.184628
v -1.064796 0.456398 0.184628
v -1.064796 0.110434 0.147205
v -1.064796 0.110434 0.222051
v -1.064796 0.041241 0.184628
v -1.064796 0.179627 0.184628
v -1.064796 0.110434 -0.002488
v -1.064796 0.110434 0.072358
v -1.064796 0.041241 0.034935
v -1.064796 0.179627 0.034935
v -1.064796 0.387205 0.446590
v -1.064796 0.387205 0.521437
v -1.064796 0.318013 0.484013
v -1.064796 0.456398 0.484013
v -1.064796 0.110434 0.446590
v -1.064796 0.110434 0.521437
v -1.064796 0.041241 0.484013
v -1.064796 0.179627 0.484013
v -1.064796 0.110434 0.296897
v -1.064796 0.110434 0.371744
v -1.064796 0.041241 0.334321
v -1.064796 0.179627 0.334321
v -1.064796 1.025670 0.446590
v -1.064796 1.025670 0.521437
v -1.064796 0.871555 0.484013
v -1.064796 1.094863 0.484013
v -1.064796 0.663977 0.446590
v -1.064796 0.663977 0.521437
v -1.064796 0.594784 0.484013
v -1.064796 0.733170 0.484013
v -1.064796 0.663977 0.296897
v -1.064796 0.663977 0.371744
v -1.064796 0.594784 0.334321
v -1.064796 0.733170 0.334321
v -1.064796 -0.719880 0.147205
v -1.064796 -0.719880 0.222051
v -1.064796 -0.789073 0.184628
v -1.064796 -0.650687 0.184628
v -1.064796 -0.996651 0.147205
v -1.064796 -0.996651 0.222051
v -1.064796 -1.065844 0.184628
v -1.064796 -0.927459 0.184628
v -1.064796 -0.996651 -0.002488
v -1.064796 -0.996651 0.072358
v -1.064796 -1.065844 0.034935
v -1.064796 -0.927459 0.034935
v -1.064796 -0.719880 0.446590
v -1.064796 -0.719880 0.521437
v -1.064796 -0.789073 0.484013
v -1.064796 -0.650687 0.484013
v -1.064796 -0.996651 0.446590
v -1.064796 -0.996651 0.521437
v -1.064796 -1.065844 0.484013
v -1.064796 -0.927459 0.484013
v -1.064796 -0.996651 0.296897
v -1.064796 -0.996651 0.371744
v -1.064796 -1.065844 0.334321
v -1.064796 -0.927459 0.334321
v -1.064796 -0.166337 0.446590
v -1.064796 -0.166337 0.521437
v -1.064796 -0.235530 0.484013
v -1.064796 -0.097144 0.484013
v -1.064796 -0.443109 0.446590
v -1.064796 -0.443109 0.521437
v -1.064796 -0.512302 0.484013
v -1.064796 -0.373916 0.484013
v -1.064796 -0.443109 0.296897
v -1.064796 -0.443109 0.371744
v -1.064796 -0.512302 0.334321
v -1.064796 -0.373916 0.334321
v -1.064796 -0.719880 -0.451567
v -1.064796 -0.719880 -0.376720
v -1.064796 -0.789073 -0.414143
v -1.064796 -0.650687 -0.414143
v -1.064796 -0.996651 -0.451567
v -1.064796 -0.996651 -0.376720
v -1.064796 -1.065844 -0.414143
v -1.064796 -0.927459 -0.414143
v -1.064796 -0.996651 -0.601259
v -1.064796 -0.996651 -0.526413
v -1.064796 -1.065844 -0.563836
v -1.064796 -0.927459 -0.563836
v -1.064796 -0.719880 -0.152181
v -1.064796 -0.719880 -0.077335
v -1.064796 -0.789073 -0.114758
v -1.064796 -0.650687 -0.114758
v -1.064796 -0.996651 -0.152181
v -1.064796 -0.996651 -0.077335
v -1.064796 -1.065844 -0.114758
v -1.064796 -0.927459 -0.114758
v -1.064796 -0.996651 -0.301874
v -1.064796 -0.996651 -0.227027
v -1.064796 -1.065844 -0.264451
v -1.064796 -0.927459 -0.264451
v -1.064796 -0.166337 -0.152181
v -1.064796 -0.166337 -0.077335
v -1.064796 -0.235530 -0.114758
v -1.064796 -0.097144 -0.114758
v -1.064796 -0.443109 -0.152181
v -1.064796 -0.443109 -0.077335
v -1.064796 -0.512302 -0.114758
v -1.064796 -0.373916 -0.114758
v -1.064796 -0.443109 -0.301874
v -1.064796 -0.443109 -0.227027
v -1.064796 -0.512302 -0.264451
v -1.064796 -0.373916 -0.264451
v 1.064107 0.387205 -0.227027
v 1.064107 0.387205 -0.301874
v 1.064107 0.318013 -0.264451
v 1.064107 0.456398 -0.264451
v 1.064107 0.110434 -0.227027
v 1.064107 0.110434 -0.301874
v 1.064107 0.041241 -0.264451
v 1.064107 0.179627 -0.264451
v 1.064107 0.110434 -0.077335
v 1.064107 0.110434 -0.152181
v 1.064107 0.041241 -0.114758
v 1.064107 0.179627 -0.114758
v 1.064107 0.387205 -0.526413
v 1.064107 0.387205 -0.601259
v 1.064107 0.318013 -0.563836
v 1.064107 0.456398 -0.563836
v 1.064107 0.110434 -0.526413
v 1.064107 0.110434 -0.601259
v 1.064107 0.041241 -0.563836
v 1.064107 0.179627 -0.563836
v 1.064107 0.110434 -0.376720
v 1.064107 0.110434 -0.451567
v 1.064107 0.041241 -0.414143
v 1.064107 0.179627 -0.414143
v 1.046165 0.913267 -0.526413
v 1.046165 0.913267 -0.601259
v 1.046165 0.844074 -0.563836
v 1.046165 0.982460 -0.563836
v 1.064107 0.663977 -0.526413
v 1.064107 0.663977 -0.601259
v 1.064107 0.594784 -0.563836
v 1.046165 0.705689 -0.563836
v 1.064107 0.663977 -0.376720
v 1.064107 0.663977 -0.451567
v 1.064107 0.594784 -0.414143
v 1.046165 0.705689 -0.414143
v 1.064107 -0.719880 -0.227027
v 1.064107 -0.719880 -0.301874
v 1.064107 -0.789073 -0.264451
v 1.064107 -0.650687 -0.264451
v 1.064107 -0.996651 -0.227027
v 1.064107 -0.996651 -0.301874
v 1.064107 -1.065844 -0.264451
v 1.064107 -0.927459 -0.264451
v 1.064107 -0.996651 -0.077335
v 1.064107 -0.996651 -0.152181
v 1.064107 -1.065844 -0.114758
v 1.064107 -0.927459 -0.114758
v 1.064107 -0.719880 -0.526413
v 1.064107 -0.719880 -0.601259
v 1.064107 -0.789073 -0.563836
v 1.064107 -0.650687 -0.563836
v 1.064107 -0.996651 -0.526413
v 1.064107 -0.996651 -0.601259
v 1.064107 -1.065844 -0.563836
v 1.064107 -0.927459 -0.563836
v 1.064107 -0.996651 -0.376720
v 1.064107 -0.996651 -0.451567
v 1.064107 -1.065844 -0.414143
v 1.064107 -0.927459 -0.414143
v 1.064107 -0.166337 -0.526413
v 1.064107 -0.166337 -0.601259
v 1.064107 -0.235530 -0.563836
v 1.064107 -0.097144 -0.563836
v 1.064107 -0.443109 -0.526413
v 1.064107 -0.443109 -0.601259
v 1.064107 -0.512302 -0.563836
v 1.064107 -0.373916 -0.563836
v 1.064107 -0.443109 -0.376720
v 1.064107 -0.443109 -0.451567
v 1.064107 -0.512302 -0.414143
v 1.064107 -0.373916 -0.414143
v 1.064107 -0.719880 0.371744
v 1.064107 -0.719880 0.296897
v 1.064107 -0.789073 0.334321
v 1.064107 -0.650687 0.334321
v 1.064107 -0.996651 0.371744
v 1.064107 -0.996651 0.296897
v 1.064107 -1.065844 0.334321
v 1.064107 -0.927459 0.334321
v 1.064107 -0.996651 0.521437
v 1.064107 -0.996651 0.446590
v 1.064107 -1.065844 0.484013
v 1.064107 -0.927459 0.484013
v 1.064107 -0.719880 0.072358
v 1.064107 -0.719880 -0.002488
v 1.064107 -0.789073 0.034935
v 1.064107 -0.650687 0.034935
v 1.064107 -0.996651 0.072358
v 1.064107 -0.996651 -0.002488
v 1.064107 -1.065844 0.034935
v 1.064107 -0.927459 0.034935
v 1.064107 -0.996651 0.222051
v 1.064107 -0.996651 0.147205
v 1.064107 -1.065844 0.184628
v 1.064107 -0.927459 0.184628
v 1.064107 -0.166337 0.072358
v 1.064107 -0.166337 -0.002488
v 1.064107 -0.235530 0.034935
v 1.064107 -0.097144 0.034935
v 1.064107 -0.443109 0.072358
v 1.064107 -0.443109 -0.002488
v 1.064107 -0.512302 0.034935
v 1.064107 -0.373916 0.034935
v 1.064107 -0.443109 0.222051
v 1.064107 -0.443109 0.147205
v 1.064107 -0.512302 0.184628
v 1.064107 -0.373916 0.184628
v -0.865211 0.387205 -0.638677
v -0.998268 0.387205 -0.638683
v -0.931739 0.318013 -0.638683
v -0.931739 0.456398 -0.638683
v -0.865211 0.110434 -0.638677
v -0.998268 0.110434 -0.638683
v -0.931739 0.041241 -0.638683
v -0.931739 0.179627 -0.638683
v -0.865211 0.940748 -0.638677
v -0.998268 1.025670 -0.638683
v -0.931739 0.871555 -0.638683
v -0.931739 1.094863 -0.638683
v -0.865211 0.663977 -0.638677
v -0.998268 0.663977 -0.638683
v -0.931739 0.594784 -0.638683
v -0.931739 0.733170 -0.638683
v -0.332985 -0.996651 -0.638683
v -0.466042 -0.996651 -0.638683
v -0.399514 -1.065844 -0.638683
v -0.399514 -0.927459 -0.638683
v -0.066873 -0.996651 -0.638683
v -0.199929 -0.996651 -0.638683
v -0.133401 -1.065844 -0.638683
v -0.133401 -0.927459 -0.638683
v -0.865211 -0.719880 -0.638677
v -0.998268 -0.719880 -0.638683
v -0.931739 -0.789073 -0.638683
v -0.931739 -0.650687 -0.638683
v -0.865211 -0.996651 -0.638683
v -0.998268 -0.996651 -0.638683
v -0.931739 -1.065844 -0.638683
v -0.931739 -0.927459 -0.638683
v -0.599098 -0.996651 -0.638683
v -0.732155 -0.996651 -0.638683
v -0.665627 -1.065844 -0.638683
v -0.665627 -0.927459 -0.638683
v -0.865211 -0.166337 -0.638677
v -0.998268 -0.166337 -0.638683
v -0.931739 -0.235530 -0.638683
v -0.931739 -0.097144 -0.638683
v -0.865211 -0.443109 -0.638677
v -0.998268 -0.443109 -0.638683
v -0.931739 -0.512302 -0.638683
v -0.931739 -0.373916 -0.638683
v 0.731466 -0.996651 -0.638683
v 0.598409 -0.996651 -0.638683
v 0.664938 -1.065844 -0.638683
v 0.664938 -0.927459 -0.638683
v 0.997579 -0.996651 -0.638683
v 0.864522 -0.996651 -0.638683
v 0.931051 -1.065844 -0.638683
v 0.931051 -0.927459 -0.638683
v 0.199240 -0.996651 -0.638683
v 0.066184 -0.996651 -0.638683
v 0.132712 -1.065844 -0.638683
v 0.132712 -0.927459 -0.638683
v 0.465353 -0.996651 -0.638683
v 0.332297 -0.996651 -0.638683
v 0.398825 -1.065844 -0.638683
v 0.398825 -0.927459 -0.638683
v 0.997579 0.110434 -0.638683
v 0.864522 0.110434 -0.638677
v 0.931051 0.041241 -0.638683
v 0.931051 0.179627 -0.638683
v 0.199240 0.940748 -0.638677
v 0.066184 0.940748 -0.638677
v 0.132712 1.009941 -0.638683
v 1.064107 0.387205 0.371744
v 1.064107 0.387205 0.296897
v 1.064107 0.318013 0.334321
v 1.064107 0.456398 0.334321
v 1.064107 0.110434 0.371744
v 1.064107 0.110434 0.296897
v 1.064107 0.041241 0.334321
v 1.064107 0.179627 0.334321
v 1.064107 0.110434 0.521437
v 1.064107 0.110434 0.446590
v 1.064107 0.041241 0.484013
v 1.064107 0.179627 0.484013
v 1.064107 0.387205 0.072358
v 1.064107 0.387205 -0.002488
v 1.064107 0.318013 0.034935
v 1.064107 0.456398 0.034935
v 1.064107 0.110434 0.072358
v 1.064107 0.110434 -0.002488
v 1.064107 0.041241 0.034935
v 1.064107 0.179627 0.034935
v 1.064107 0.110434 0.222051
v 1.064107 0.110434 0.147205
v 1.064107 0.041241 0.184628
v 1.064107 0.179627 0.184628
v 1.046165 0.913267 0.072358
v 1.046165 0.913267 -0.002488
v 1.046165 0.844074 0.034935
v 1.046165 0.982460 0.034935
v 1.064107 0.663977 0.072358
v 1.064107 0.663977 -0.002488
v 1.064107 0.594784 0.034935
v 1.046165 0.705689 0.034935
v 1.064107 0.663977 0.222051
v 1.064107 0.663977 0.147205
v 1.064107 0.594784 0.184628
v 1.046165 0.705689 0.184628
v -1.064796 0.387205 -0.451567
v -1.064796 0.387205 -0.376720
v -1.064796 0.318013 -0.414143
v -1.064796 0.456398 -0.414143
v -1.064796 0.110434 -0.451567
v -1.064796 0.110434 -0.376720
v -1.064796 0.041241 -0.414143
v -1.064796 0.179627 -0.414143
v -1.064796 0.110434 -0.601259
v -1.064796 0.110434 -0.526413
v -1.064796 0.041241 -0.563836
v -1.064796 0.179627 -0.563836
v -1.064796 0.387205 -0.152181
v -1.064796 0.387205 -0.077335
v -1.064796 0.318013 -0.114758
v -1.064796 0.456398 -0.114758
v -1.064796 0.110434 -0.152181
v -1.064796 0.110434 -0.077335
v -1.064796 0.041241 -0.114758
v -1.064796 0.179627 -0.114758
v -1.064796 0.110434 -0.301874
v -1.064796 0.110434 -0.227027
v -1.064796 0.041241 -0.264451
v -1.064796 0.179627 -0.264451
v -1.064796 1.025670 -0.152181
v -1.064796 1.025670 -0.077335
v -1.064796 0.871555 -0.114758
v -1.064796 1.094863 -0.114758
v -1.064796 0.663977 -0.152181
v -1.064796 0.663977 -0.077335
v -1.064796 0.594784 -0.114758
v -1.064796 0.733170 -0.114758
v -1.064796 0.663977 -0.301874
v -1.064796 0.663977 -0.227027
v -1.064796 0.594784 -0.264451
v -1.064796 0.733170 -0.264451
v -0.998268 0.110434 0.558860
v -0.865211 0.110434 0.558860
v -0.931739 0.041241 0.558860
v -0.931739 0.179627 0.558860
v -0.199929 0.940748 0.558860
v -0.066873 0.940748 0.558860
v -0.133401 1.009941 0.558860
v -0.399514 1.079134 0.371744
v -0.399514 1.079134 0.296897
v -0.332985 1.079134 0.334321
v -0.466042 1.079134 0.334321
v -0.133401 1.079134 0.371744
v -0.133401 1.079134 0.296897
v -0.066873 1.079134 0.334321
v -0.199929 1.079134 0.334321
v -0.133401 1.079134 0.521437
v -0.133401 1.079134 0.446590
v -0.066873 1.079134 0.484013
v -0.199929 1.079134 0.484013
v -0.399514 1.079134 0.072358
v -0.399514 1.079134 -0.002488
v -0.332985 1.079134 0.034935
v -0.466042 1.079134 0.034935
v -0.133401 1.079134 0.072358
v -0.133401 1.079134 -0.002488
v -0.066873 1.079134 0.034935
v -0.199929 1.079134 0.034935
v -0.133401 1.079134 0.222051
v -0.133401 1.079134 0.147205
v -0.066873 1.079134 0.184628
v -0.199929 1.079134 0.184628
v -0.931739 1.164055 0.072358
v -0.931739 1.164055 -0.002488
v -0.865211 1.079134 0.034935
v -0.998268 1.164055 0.034935
v -0.665627 1.079134 0.072358
v -0.665627 1.079134 -0.002488
v -0.599098 1.079134 0.034935
v -0.732155 1.079134 0.034935
v -0.665627 1.079134 0.222051
v -0.665627 1.079134 0.147205
v -0.599098 1.079134 0.184628
v -0.732155 1.079134 0.184628
v -0.931739 1.164055 0.222051
v -0.931739 1.164055 0.147205
v -0.865211 1.079134 0.184628
v -0.998268 1.164055 0.184628
v -0.399514 1.079134 0.222051
v -0.399514 1.079134 0.147205
v -0.332985 1.079134 0.184628
v -0.466042 1.079134 0.184628
v -0.399514 1.079134 0.521437
v -0.399514 1.079134 0.446590
v -0.332985 1.079134 0.484013
v -0.466042 1.079134 0.484013
v -0.466042 0.940748 0.558860
v -0.332985 0.940748 0.558860
v -0.399514 1.009941 0.558860
v -0.998268 0.387205 0.558860
v -0.865211 0.387205 0.558860
v -0.931739 0.318013 0.558860
v -0.931739 0.456398 0.558860
v -1.064796 1.025670 -0.301874
v -1.064796 1.025670 -0.227027
v -1.064796 0.871555 -0.264451
v -1.064796 1.094863 -0.264451
v -1.064796 0.387205 -0.301874
v -1.064796 0.387205 -0.227027
v -1.064796 0.318013 -0.264451
v -1.064796 0.456398 -0.264451
v -1.064796 0.387205 -0.601259
v -1.064796 0.387205 -0.526413
v -1.064796 0.318013 -0.563836
v -1.064796 0.456398 -0.563836
v 1.046165 0.913267 0.222051
v 1.046165 0.913267 0.147205
v 1.046165 0.844074 0.184628
v 1.046165 0.982460 0.184628
v 1.064107 0.387205 0.222051
v 1.064107 0.387205 0.147205
v 1.064107 0.318013 0.184628
v 1.064107 0.456398 0.184628
v 1.064107 0.387205 0.521437
v 1.064107 0.387205 0.446590
v 1.064107 0.318013 0.484013
v 1.064107 0.456398 0.484013
v 0.465353 0.940748 -0.638677
v 0.332297 0.940748 -0.638677
v 0.398825 1.009941 -0.638683
v 0.997579 0.387205 -0.638683
v 0.864522 0.387205 -0.638677
v 0.931051 0.318013 -0.638683
v 0.931051 0.456398 -0.638683
v 0.997579 -0.719880 -0.638683
v 0.864522 -0.719880 -0.638677
v 0.931051 -0.789073 -0.638683
v 0.931051 -0.650687 -0.638683
v -0.599098 0.940748 -0.638677
v -0.732155 0.940748 -0.638677
v -0.665627 1.009941 -0.638683
v 1.064107 -0.166337 0.222051
v 1.064107 -0.166337 0.147205
v 1.064107 -0.235530 0.184628
v 1.064107 -0.097144 0.184628
v 1.064107 -0.719880 0.222051
v 1.064107 -0.719880 0.147205
v 1.064107 -0.789073 0.184628
v 1.064107 -0.650687 0.184628
v 1.064107 -0.719880 0.521437
v 1.064107 -0.719880 0.446590
v 1.064107 -0.789073 0.484013
v 1.064107 -0.650687 0.484013
v 1.064107 -0.166337 -0.376720
v 1.064107 -0.166337 -0.451567
v 1.064107 -0.235530 -0.414143
v 1.064107 -0.097144 -0.414143
v 1.064107 -0.719880 -0.376720
v 1.064107 -0.719880 -0.451567
v 1.064107 -0.789073 -0.414143
v 1.064107 -0.650687 -0.414143
v 1.064107 -0.719880 -0.077335
v 1.064107 -0.719880 -0.152181
v 1.064107 -0.789073 -0.114758
v 1.064107 -0.650687 -0.114758
v 1.046165 0.913267 -0.376720
v 1.046165 0.913267 -0.451567
v 1.046165 0.844074 -0.414143
v 1.046165 0.982460 -0.414143
v 1.064107 0.387205 -0.376720
v 1.064107 0.387205 -0.451567
v 1.064107 0.318013 -0.414143
v 1.064107 0.456398 -0.414143
v 1.064107 0.387205 -0.077335
v 1.064107 0.387205 -0.152181
v 1.064107 0.318013 -0.114758
v 1.064107 0.456398 -0.114758
v -1.064796 -0.166337 -0.301874
v -1.064796 -0.166337 -0.227027
v -1.064796 -0.235530 -0.264451
v -1.064796 -0.097144 -0.264451
v -1.064796 -0.719880 -0.301874
v -1.064796 -0.719880 -0.227027
v -1.064796 -0.789073 -0.264451
v -1.064796 -0.650687 -0.264451
v -1.064796 -0.719880 -0.601259
v -1.064796 -0.719880 -0.526413
v -1.064796 -0.789073 -0.563836
v -1.064796 -0.650687 -0.563836
v -1.064796 -0.166337 0.296897
v -1.064796 -0.166337 0.371744
v -1.064796 -0.235530 0.334321
v -1.064796 -0.097144 0.334321
v -1.064796 -0.719880 0.296897
v -1.064796 -0.719880 0.371744
v -1.064796 -0.789073 0.334321
v -1.064796 -0.650687 0.334321
v -1.064796 -0.719880 -0.002488
v -1.064796 -0.719880 0.072358
v -1.064796 -0.789073 0.034935
v -1.064796 -0.650687 0.034935
v -1.064796 1.025670 0.296897
v -1.064796 1.025670 0.371744
v -1.064796 0.871555 0.334321
v -1.064796 1.094863 0.334321
v -1.064796 0.387205 0.296897
v -1.064796 0.387205 0.371744
v -1.064796 0.318013 0.334321
v -1.064796 0.456398 0.334321
v -1.064796 0.387205 -0.002488
v -1.064796 0.387205 0.072358
v -1.064796 0.318013 0.034935
v -1.064796 0.456398 0.034935
v -0.466042 -0.719880 0.558860
v -0.332985 -0.719880 0.558860
v -0.399514 -0.789073 0.558860
v -0.998268 -0.719880 0.558860
v -0.865211 -0.719880 0.558860
v -0.931739 -0.789073 0.558860
v -0.931739 -0.650687 0.558860
v 0.598409 -0.719880 0.558860
v 0.731466 -0.719880 0.558860
v 0.664938 -0.789073 0.558860
v 0.066184 -0.719880 0.558860
v 0.199240 -0.719880 0.558860
v 0.132712 -0.789073 0.558860
v 0.598409 0.940748 0.558860
v 0.731466 0.940748 0.558860
v 0.664938 1.009941 0.558860
v 0.132712 1.079134 0.222051
v 0.132712 1.079134 0.147205
v 0.199240 1.079134 0.184628
v 0.066184 1.079134 0.184628
v 0.664938 1.079134 0.222051
v 0.664938 1.079134 0.147205
v 0.731466 1.079134 0.184628
v 0.598409 1.079134 0.184628
v 0.664938 1.079134 0.521437
v 0.664938 1.079134 0.446590
v 0.731466 1.079134 0.484013
v 0.598409 1.079134 0.484013
v 0.132712 1.079134 -0.376720
v 0.132712 1.079134 -0.451567
v 0.199240 1.079134 -0.414143
v 0.066184 1.079134 -0.414143
v 0.664938 1.079134 -0.376720
v 0.664938 1.079134 -0.451567
v 0.731466 1.079134 -0.414143
v 0.598409 1.079134 -0.414143
v 0.664938 1.079134 -0.077335
v 0.664938 1.079134 -0.152181
v 0.731466 1.079134 -0.114758
v 0.598409 1.079134 -0.114758
v -0.931739 1.164055 -0.376720
v -0.931739 1.164055 -0.451567
v -0.865211 1.079134 -0.414143
v -0.998268 1.164055 -0.414143
v -0.399514 1.079134 -0.376720
v -0.399514 1.079134 -0.451567
v -0.332985 1.079134 -0.414143
v -0.466042 1.079134 -0.414143
v -0.399514 1.079134 -0.077335
v -0.399514 1.079134 -0.152181
v -0.332985 1.079134 -0.114758
v -0.466042 1.079134 -0.114758
v -0.931739 1.164055 -0.077335
v -0.931739 1.164055 -0.152181
v -0.865211 1.079134 -0.114758
v -0.998268 1.164055 -0.114758
v 0.132712 1.079134 -0.077335
v 0.132712 1.079134 -0.152181
v 0.199240 1.079134 -0.114758
v 0.066184 1.079134 -0.114758
v 0.132712 1.079134 0.521437
v 0.132712 1.079134 0.446590
v 0.199240 1.079134 0.484013
v 0.066184 1.079134 0.484013
v 0.066184 0.940748 0.558860
v 0.199240 0.940748 0.558860
v 0.132712 1.009941 0.558860
v -0.998268 -0.166337 0.558860
v -0.865211 -0.166337 0.558860
v -0.931739 -0.235530 0.558860
v -0.931739 -0.097144 0.558860
v -1.064796 1.025670 -0.002488
v -1.064796 1.025670 0.072358
v -1.064796 0.871555 0.034935
v -1.064796 1.094863 0.034935
v -1.064796 -0.166337 -0.002488
v -1.064796 -0.166337 0.072358
v -1.064796 -0.235530 0.034935
v -1.064796 -0.097144 0.034935
v -1.064796 -0.166337 -0.601259
v -1.064796 -0.166337 -0.526413
v -1.064796 -0.235530 -0.563836
v -1.064796 -0.097144 -0.563836
v 1.046165 0.913267 -0.077335
v 1.046165 0.913267 -0.152181
v 1.046165 0.844074 -0.114758
v 1.046165 0.982460 -0.114758
v 1.064107 -0.166337 -0.077335
v 1.064107 -0.166337 -0.152181
v 1.064107 -0.235530 -0.114758
v 1.064107 -0.097144 -0.114758
v 1.064107 -0.166337 0.521437
v 1.064107 -0.166337 0.446590
v 1.064107 -0.235530 0.484013
v 1.064107 -0.097144 0.484013
v -0.066873 0.940748 -0.638677
v -0.199929 0.940748 -0.638677
v -0.133401 1.009941 -0.638683
v 0.997579 -0.166337 -0.638683
v 0.864522 -0.166337 -0.638677
v 0.931051 -0.235530 -0.638683
v 0.931051 -0.097144 -0.638683
v 0.997579 0.940748 -0.638683
v 0.864522 0.940748 -0.638677
v 0.931051 0.871555 -0.638683
v 0.931051 1.009941 -0.638683
v 1.046165 0.913267 0.521437
v 1.046165 0.913267 0.446590
v 1.046165 0.844074 0.484013
v 1.046165 0.982460 0.484013
v -1.064796 1.025670 -0.601259
v -1.064796 1.025670 -0.526413
v -1.064796 0.871555 -0.563836
v -1.064796 1.094863 -0.563836
v -0.998268 1.025670 0.558860
v -0.865211 0.940748 0.558860
v -0.931739 0.871555 0.558860
v -0.931739 1.094863 0.558860
v -0.931739 1.164055 0.521437
v -0.931739 1.164055 0.446590
v -0.865211 1.079134 0.484013
v -0.998268 1.164055 0.484013
v -0.998268 1.164055 0.446590
v -0.865211 1.079134 0.446590
v -0.865211 1.079134 0.521437
v -0.865211 1.009941 0.558860
v -0.865211 0.871555 0.558860
v -0.998268 0.871555 0.558860
v -1.064796 1.094863 -0.526413
v -1.064796 0.871555 -0.526413
v -1.064796 0.871555 -0.601259
v 1.046165 0.982460 0.446590
v 1.046165 0.844074 0.446590
v 1.046165 0.844074 0.521437
v 0.864522 1.009941 -0.638683
v 0.864522 0.871555 -0.638677
v 0.997579 0.871555 -0.638683
v 0.864522 -0.097144 -0.638677
v 0.864522 -0.235530 -0.638677
v 0.997579 -0.235530 -0.638683
v -0.199929 1.009941 -0.638683
v 1.064107 -0.097144 0.446590
v 1.064107 -0.235530 0.446590
v 1.064107 -0.235530 0.521437
v 1.064107 -0.097144 -0.152181
v 1.064107 -0.235530 -0.152181
v 1.064107 -0.235530 -0.077335
v 1.046165 0.982460 -0.152181
v 1.046165 0.844074 -0.152181
v 1.046165 0.844074 -0.077335
v -1.064796 -0.097144 -0.526413
v -1.064796 -0.235530 -0.526413
v -1.064796 -0.235530 -0.601259
v -1.064796 -0.097144 0.072358
v -1.064796 -0.235530 0.072358
v -1.064796 -0.235530 -0.002488
v -1.064796 1.094863 0.072358
v -1.064796 0.871555 0.072358
v -1.064796 0.871555 -0.002488
v -0.865211 -0.097144 0.558860
v -0.865211 -0.235530 0.558860
v -0.998268 -0.235530 0.558860
v 0.199240 1.009941 0.558860
v 0.066184 1.079134 0.446590
v 0.199240 1.079134 0.446590
v 0.199240 1.079134 0.521437
v 0.066184 1.079134 -0.152181
v 0.199240 1.079134 -0.152181
v 0.199240 1.079134 -0.077335
v -0.998268 1.164055 -0.152181
v -0.865211 1.079134 -0.152181
v -0.865211 1.079134 -0.077335
v -0.466042 1.079134 -0.152181
v -0.332985 1.079134 -0.152181
v -0.332985 1.079134 -0.077335
v -0.466042 1.079134 -0.451567
v -0.332985 1.079134 -0.451567
v -0.332985 1.079134 -0.376720
v -0.998268 1.164055 -0.451567
v -0.865211 1.079134 -0.451567
v -0.865211 1.079134 -0.376720
v 0.598409 1.079134 -0.152181
v 0.731466 1.079134 -0.152181
v 0.731466 1.079134 -0.077335
v 0.598409 1.079134 -0.451567
v 0.731466 1.079134 -0.451567
v 0.731466 1.079134 -0.376720
v 0.066184 1.079134 -0.451567
v 0.199240 1.079134 -0.451567
v 0.199240 1.079134 -0.376720
v 0.598409 1.079134 0.446590
v 0.731466 1.079134 0.446590
v 0.731466 1.079134 0.521437
v 0.598409 1.079134 0.147205
v 0.731466 1.079134 0.147205
v 0.731466 1.079134 0.222051
v 0.066184 1.079134 0.147205
v 0.199240 1.079134 0.147205
v 0.199240 1.079134 0.222051
v 0.731466 1.009941 0.558860
v 0.199240 -0.789073 0.558860
v 0.066184 -0.789073 0.558860
v 0.731466 -0.789073 0.558860
v 0.598409 -0.789073 0.558860
v -0.865211 -0.650687 0.558860
v -0.865211 -0.789073 0.558860
v -0.998268 -0.789073 0.558860
v -0.332985 -0.789073 0.558860
v -0.466042 -0.789073 0.558860
v -1.064796 0.456398 0.072358
v -1.064796 0.318013 0.072358
v -1.064796 0.318013 -0.002488
v -1.064796 0.456398 0.371744
v -1.064796 0.318013 0.371744
v -1.064796 0.318013 0.296897
v -1.064796 1.094863 0.371744
v -1.064796 0.871555 0.371744
v -1.064796 0.871555 0.296897
v -1.064796 -0.650687 0.072358
v -1.064796 -0.789073 0.072358
v -1.064796 -0.789073 -0.002488
v -1.064796 -0.650687 0.371744
v -1.064796 -0.789073 0.371744
v -1.064796 -0.789073 0.296897
v -1.064796 -0.097144 0.371744
v -1.064796 -0.235530 0.371744
v -1.064796 -0.235530 0.296897
v -1.064796 -0.650687 -0.526413
v -1.064796 -0.789073 -0.526413
v -1.064796 -0.789073 -0.601259
v -1.064796 -0.650687 -0.227027
v -1.064796 -0.789073 -0.227027
v -1.064796 -0.789073 -0.301874
v -1.064796 -0.097144 -0.227027
v -1.064796 -0.235530 -0.227027
v -1.064796 -0.235530 -0.301874
v 1.064107 0.456398 -0.152181
v 1.064107 0.318013 -0.152181
v 1.064107 0.318013 -0.077335
v 1.064107 0.456398 -0.451567
v 1.064107 0.318013 -0.451567
v 1.064107 0.318013 -0.376720
v 1.046165 0.982460 -0.451567
v 1.046165 0.844074 -0.451567
v 1.046165 0.844074 -0.376720
v 1.064107 -0.650687 -0.152181
v 1.064107 -0.789073 -0.152181
v 1.064107 -0.789073 -0.077335
v 1.064107 -0.650687 -0.451567
v 1.064107 -0.789073 -0.451567
v 1.064107 -0.789073 -0.376720
v 1.064107 -0.097144 -0.451567
v 1.064107 -0.235530 -0.451567
v 1.064107 -0.235530 -0.376720
v 1.064107 -0.650687 0.446590
v 1.064107 -0.789073 0.446590
v 1.064107 -0.789073 0.521437
v 1.064107 -0.650687 0.147205
v 1.064107 -0.789073 0.147205
v 1.064107 -0.789073 0.222051
v 1.064107 -0.097144 0.147205
v 1.064107 -0.235530 0.147205
v 1.064107 -0.235530 0.222051
v -0.732155 1.009941 -0.638683
v 0.864522 -0.650687 -0.638677
v 0.864522 -0.789073 -0.638677
v 0.997579 -0.789073 -0.638683
v 0.864522 0.456398 -0.638677
v 0.864522 0.318013 -0.638677
v 0.997579 0.318013 -0.638683
v 0.332297 1.009941 -0.638683
v 1.064107 0.456398 0.446590
v 1.064107 0.318013 0.446590
v 1.064107 0.318013 0.521437
v 1.064107 0.456398 0.147205
v 1.064107 0.318013 0.147205
v 1.064107 0.318013 0.222051
v 1.046165 0.982460 0.147205
v 1.046165 0.844074 0.147205
v 1.046165 0.844074 0.222051
v -1.064796 0.456398 -0.526413
v -1.064796 0.318013 -0.526413
v -1.064796 0.318013 -0.601259
v -1.064796 0.456398 -0.227027
v -1.064796 0.318013 -0.227027
v -1.064796 0.318013 -0.301874
v -1.064796 1.094863 -0.227027
v -1.064796 0.871555 -0.227027
v -1.064796 0.871555 -0.301874
v -0.865211 0.456398 0.558860
v -0.865211 0.318013 0.558860
v -0.998268 0.318013 0.558860
v -0.332985 1.009941 0.558860
v -0.466042 1.079134 0.446590
v -0.332985 1.079134 0.446590
v -0.332985 1.079134 0.521437
v -0.466042 1.079134 0.147205
v -0.332985 1.079134 0.147205
v -0.332985 1.079134 0.222051
v -0.998268 1.164055 0.147205
v -0.865211 1.079134 0.147205
v -0.865211 1.079134 0.222051
v -0.732155 1.079134 0.147205
v -0.599098 1.079134 0.147205
v -0.599098 1.079134 0.222051
v -0.732155 1.079134 -0.002488
v -0.599098 1.079134 -0.002488
v -0.599098 1.079134 0.072358
v -0.998268 1.164055 -0.002488
v -0.865211 1.079134 -0.002488
v -0.865211 1.079134 0.072358
v -0.199929 1.079134 0.147205
v -0.066873 1.079134 0.147205
v -0.066873 1.079134 0.222051
v -0.199929 1.079134 -0.002488
v -0.066873 1.079134 -0.002488
v -0.066873 1.079134 0.072358
v -0.466042 1.079134 -0.002488
v -0.332985 1.079134 -0.002488
v -0.332985 1.079134 0.072358
v -0.199929 1.079134 0.446590
v -0.066873 1.079134 0.446590
v -0.066873 1.079134 0.521437
v -0.199929 1.079134 0.296897
v -0.066873 1.079134 0.296897
v -0.066873 1.079134 0.371744
v -0.466042 1.079134 0.296897
v -0.332985 1.079134 0.296897
v -0.332985 1.079134 0.371744
v -0.066873 1.009941 0.558860
v -0.865211 0.179627 0.558860
v -0.865211 0.041241 0.558860
v -0.998268 0.041241 0.558860
v -1.064796 0.733170 -0.227027
v -1.064796 0.594784 -0.227027
v -1.064796 0.594784 -0.301874
v -1.064796 0.733170 -0.077335
v -1.064796 0.594784 -0.077335
v -1.064796 0.594784 -0.152181
v -1.064796 1.094863 -0.077335
v -1.064796 0.871555 -0.077335
v -1.064796 0.871555 -0.152181
v -1.064796 0.179627 -0.227027
v -1.064796 0.041241 -0.227027
v -1.064796 0.041241 -0.301874
v -1.064796 0.179627 -0.077335
v -1.064796 0.041241 -0.077335
v -1.064796 0.041241 -0.152181
v -1.064796 0.456398 -0.077335
v -1.064796 0.318013 -0.077335
v -1.064796 0.318013 -0.152181
v -1.064796 0.179627 -0.526413
v -1.064796 0.041241 -0.526413
v -1.064796 0.041241 -0.601259
v -1.064796 0.179627 -0.376720
v -1.064796 0.041241 -0.376720
v -1.064796 0.041241 -0.451567
v -1.064796 0.456398 -0.376720
v -1.064796 0.318013 -0.376720
v -1.064796 0.318013 -0.451567
v 1.046165 0.705689 0.147205
v 1.064107 0.594784 0.147205
v 1.064107 0.594784 0.222051
v 1.046165 0.705689 -0.002488
v 1.064107 0.594784 -0.002488
v 1.064107 0.594784 0.072358
v 1.046165 0.982460 -0.002488
v 1.046165 0.844074 -0.002488
v 1.046165 0.844074 0.072358
v 1.064107 0.179627 0.147205
v 1.064107 0.041241 0.147205
v 1.064107 0.041241 0.222051
v 1.064107 0.179627 -0.002488
v 1.064107 0.041241 -0.002488
v 1.064107 0.041241 0.072358
v 1.064107 0.456398 -0.002488
v 1.064107 0.318013 -0.002488
v 1.064107 0.318013 0.072358
v 1.064107 0.179627 0.446590
v 1.064107 0.041241 0.446590
v 1.064107 0.041241 0.521437
v 1.064107 0.179627 0.296897
v 1.064107 0.041241 0.296897
v 1.064107 0.041241 0.371744
v 1.064107 0.456398 0.296897
v 1.064107 0.318013 0.296897
v 1.064107 0.318013 0.371744
v 0.066184 1.009941 -0.638683
v 0.864522 0.179627 -0.638677
v 0.864522 0.041241 -0.638677
v 0.997579 0.041241 -0.638683
v 0.332297 -0.927459 -0.638683
v 0.332297 -1.065844 -0.638683
v 0.465353 -1.065844 -0.638683
v 0.066184 -0.927459 -0.638683
v 0.066184 -1.065844 -0.638683
v 0.199240 -1.065844 -0.638683
v 0.864522 -0.927459 -0.638683
v 0.864522 -1.065844 -0.638683
v 0.997579 -1.065844 -0.638683
v 0.598409 -0.927459 -0.638683
v 0.598409 -1.065844 -0.638683
v 0.731466 -1.065844 -0.638683
v -0.998268 -0.373916 -0.638683
v -0.998268 -0.512302 -0.638683
v -0.865211 -0.512302 -0.638677
v -0.998268 -0.097144 -0.638683
v -0.998268 -0.235530 -0.638683
v -0.865211 -0.235530 -0.638677
v -0.732155 -0.927459 -0.638683
v -0.732155 -1.065844 -0.638683
v -0.599098 -1.065844 -0.638683
v -0.998268 -0.927459 -0.638683
v -0.998268 -1.065844 -0.638683
v -0.865211 -1.065844 -0.638683
v -0.998268 -0.650687 -0.638683
v -0.998268 -0.789073 -0.638683
v -0.865211 -0.789073 -0.638677
v -0.199929 -0.927459 -0.638683
v -0.199929 -1.065844 -0.638683
v -0.066873 -1.065844 -0.638683
v -0.466042 -0.927459 -0.638683
v -0.466042 -1.065844 -0.638683
v -0.332985 -1.065844 -0.638683
v -0.998268 0.733170 -0.638683
v -0.998268 0.594784 -0.638683
v -0.865211 0.594784 -0.638677
v -0.998268 1.094863 -0.638683
v -0.998268 0.871555 -0.638683
v -0.865211 0.871555 -0.638677
v -0.998268 0.179627 -0.638683
v -0.998268 0.041241 -0.638683
v -0.865211 0.041241 -0.638677
v -0.998268 0.456398 -0.638683
v -0.998268 0.318013 -0.638683
v -0.865211 0.318013 -0.638677
v 1.064107 -0.373916 0.147205
v 1.064107 -0.512302 0.147205
v 1.064107 -0.512302 0.222051
v 1.064107 -0.373916 -0.002488
v 1.064107 -0.512302 -0.002488
v 1.064107 -0.512302 0.072358
v 1.064107 -0.097144 -0.002488
v 1.064107 -0.235530 -0.002488
v 1.064107 -0.235530 0.072358
v 1.064107 -0.927459 0.147205
v 1.064107 -1.065844 0.147205
v 1.064107 -1.065844 0.222051
v 1.064107 -0.927459 -0.002488
v 1.064107 -1.065844 -0.002488
v 1.064107 -1.065844 0.072358
v 1.064107 -0.650687 -0.002488
v 1.064107 -0.789073 -0.002488
v 1.064107 -0.789073 0.072358
v 1.064107 -0.927459 0.446590
v 1.064107 -1.065844 0.446590
v 1.064107 -1.065844 0.521437
v 1.064107 -0.927459 0.296897
v 1.064107 -1.065844 0.296897
v 1.064107 -1.065844 0.371744
v 1.064107 -0.650687 0.296897
v 1.064107 -0.789073 0.296897
v 1.064107 -0.789073 0.371744
v 1.064107 -0.373916 -0.451567
v 1.064107 -0.512302 -0.451567
v 1.064107 -0.512302 -0.376720
v 1.064107 -0.373916 -0.601259
v 1.064107 -0.512302 -0.601259
v 1.064107 -0.512302 -0.526413
v 1.064107 -0.097144 -0.601259
v 1.064107 -0.235530 -0.601259
v 1.064107 -0.235530 -0.526413
v 1.064107 -0.927459 -0.451567
v 1.064107 -1.065844 -0.451567
v 1.064107 -1.065844 -0.376720
v 1.064107 -0.927459 -0.601259
v 1.138688 -1.055678 -0.590734
v 1.064107 -1.065844 -0.526413
v 1.064107 -0.650687 -0.601259
v 1.064107 -0.789073 -0.601259
v 1.064107 -0.789073 -0.526413
v 1.064107 -0.927459 -0.152181
v 1.064107 -1.065844 -0.152181
v 1.064107 -1.065844 -0.077335
v 1.064107 -0.927459 -0.301874
v 1.064107 -1.065844 -0.301874
v 1.064107 -1.065844 -0.227027
v 1.064107 -0.650687 -0.301874
v 1.064107 -0.789073 -0.301874
v 1.064107 -0.789073 -0.227027
v 1.046165 0.705689 -0.451567
v 1.064107 0.594784 -0.451567
v 1.064107 0.594784 -0.376720
v 1.046165 0.705689 -0.601259
v 1.064107 0.594784 -0.601259
v 1.064107 0.594784 -0.526413
v 1.046165 0.982460 -0.601259
v 1.046165 0.844074 -0.601259
v 1.046165 0.844074 -0.526413
v 1.064107 0.179627 -0.451567
v 1.064107 0.041241 -0.451567
v 1.064107 0.041241 -0.376720
v 1.064107 0.179627 -0.601259
v 1.064107 0.041241 -0.601259
v 1.064107 0.041241 -0.526413
v 1.064107 0.456398 -0.601259
v 1.064107 0.318013 -0.601259
v 1.064107 0.318013 -0.526413
v 1.064107 0.179627 -0.152181
v 1.064107 0.041241 -0.152181
v 1.064107 0.041241 -0.077335
v 1.064107 0.179627 -0.301874
v 1.064107 0.041241 -0.301874
v 1.064107 0.041241 -0.227027
v 1.064107 0.456398 -0.301874
v 1.064107 0.318013 -0.301874
v 1.064107 0.318013 -0.227027
v -1.064796 -0.373916 -0.227027
v -1.064796 -0.512302 -0.227027
v -1.064796 -0.512302 -0.301874
v -1.064796 -0.373916 -0.077335
v -1.064796 -0.512302 -0.077335
v -1.064796 -0.512302 -0.152181
v -1.064796 -0.097144 -0.077335
v -1.064796 -0.235530 -0.077335
v -1.064796 -0.235530 -0.152181
v -1.064796 -0.927459 -0.227027
v -1.064796 -1.065844 -0.227027
v -1.064796 -1.065844 -0.301874
v -1.064796 -0.927459 -0.077335
v -1.064796 -1.065844 -0.077335
v -1.064796 -1.065844 -0.152181
v -1.064796 -0.650687 -0.077335
v -1.064796 -0.789073 -0.077335
v -1.064796 -0.789073 -0.152181
v -1.064796 -0.927459 -0.526413
v -1.064796 -1.065844 -0.526413
v -1.139377 -1.055678 -0.590734
v -1.064796 -0.927459 -0.376720
v -1.064796 -1.065844 -0.376720
v -1.064796 -1.065844 -0.451567
v -1.064796 -0.650687 -0.376720
v -1.064796 -0.789073 -0.376720
v -1.064796 -0.789073 -0.451567
v -1.064796 -0.373916 0.371744
v -1.064796 -0.512302 0.371744
v -1.064796 -0.512302 0.296897
v -1.064796 -0.373916 0.521437
v -1.064796 -0.512302 0.521437
v -1.064796 -0.512302 0.446590
v -1.064796 -0.097144 0.521437
v -1.064796 -0.235530 0.521437
v -1.064796 -0.235530 0.446590
v -1.064796 -0.927459 0.371744
v -1.064796 -1.065844 0.371744
v -1.064796 -1.065844 0.296897
v -1.064796 -0.927459 0.521437
v -1.064796 -1.065844 0.521437
v -1.064796 -1.065844 0.446590
v -1.064796 -0.650687 0.521437
v -1.064796 -0.789073 0.521437
v -1.064796 -0.789073 0.446590
v -1.064796 -0.927459 0.072358
v -1.064796 -1.065844 0.072358
v -1.064796 -1.065844 -0.002488
v -1.064796 -0.927459 0.222051
v -1.064796 -1.065844 0.222051
v -1.064796 -1.065844 0.147205
v -1.064796 -0.650687 0.222051
v -1.064796 -0.789073 0.222051
v -1.064796 -0.789073 0.147205
v -1.064796 0.733170 0.371744
v -1.064796 0.594784 0.371744
v -1.064796 0.594784 0.296897
v -1.064796 0.733170 0.521437
v -1.064796 0.594784 0.521437
v -1.064796 0.594784 0.446590
v -1.064796 1.094863 0.521437
v -1.064796 0.871555 0.521437
v -1.064796 0.871555 0.446590
v -1.064796 0.179627 0.371744
v -1.064796 0.041241 0.371744
v -1.064796 0.041241 0.296897
v -1.064796 0.179627 0.521437
v -1.064796 0.041241 0.521437
v -1.064796 0.041241 0.446590
v -1.064796 0.456398 0.521437
v -1.064796 0.318013 0.521437
v -1.064796 0.318013 0.446590
v -1.064796 0.179627 0.072358
v -1.064796 0.041241 0.072358
v -1.064796 0.041241 -0.002488
v -1.064796 0.179627 0.222051
v -1.064796 0.041241 0.222051
v -1.064796 0.041241 0.147205
v -1.064796 0.456398 0.222051
v -1.064796 0.318013 0.222051
v -1.064796 0.318013 0.147205
v -0.332985 -0.927459 0.558860
v -0.332985 -1.065844 0.558860
v -0.466042 -1.065844 0.558860
v -0.066873 -0.927459 0.558860
v -0.066873 -1.065844 0.558860
v -0.199929 -1.065844 0.558860
v -0.066873 -0.789073 0.558860
v -0.199929 -0.789073 0.558860
v -0.865211 -0.927459 0.558860
v -0.865211 -1.065844 0.558860
v -0.998268 -1.065844 0.558860
v -0.599098 -0.927459 0.558860
v -0.599098 -1.065844 0.558860
v -0.732155 -1.065844 0.558860
v -0.599098 -0.789073 0.558860
v -0.732155 -0.789073 0.558860
v 0.997579 -0.373916 0.558860
v 0.997579 -0.512302 0.558860
v 0.864522 -0.512302 0.558860
v 0.997579 -0.097144 0.558860
v 0.997579 -0.235530 0.558860
v 0.864522 -0.235530 0.558860
v 0.731466 -0.927459 0.558860
v 0.731466 -1.065844 0.558860
v 0.598409 -1.065844 0.558860
v 0.997579 -0.927459 0.558860
v 0.997579 -1.065844 0.558860
v 0.864522 -1.065844 0.558860
v 0.997579 -0.650687 0.558860
v 0.997579 -0.789073 0.558860
v 0.864522 -0.789073 0.558860
v 0.199240 -0.927459 0.558860
v 0.199240 -1.065844 0.558860
v 0.066184 -1.065844 0.558860
v 0.465353 -0.927459 0.558860
v 0.465353 -1.065844 0.558860
v 0.332297 -1.065844 0.558860
v 0.465353 -0.789073 0.558860
v 0.332297 -0.789073 0.558860
v 0.997579 0.733170 0.558860
v 0.997579 0.594784 0.558860
v 0.864522 0.594784 0.558860
v 0.997579 1.009941 0.558860
v 0.997579 0.871555 0.558860
v 0.864522 0.871555 0.558860
v 0.997579 0.179627 0.558860
v 0.997579 0.041241 0.558860
v 0.864522 0.041241 0.558860
v 0.997579 0.456398 0.558860
v 0.997579 0.318013 0.558860
v 0.864522 0.318013 0.558860
v 0.332297 1.079134 0.147205
v 0.465353 1.079134 0.147205
v 0.465353 1.079134 0.222051
v 0.332297 1.079134 -0.002488
v 0.465353 1.079134 -0.002488
v 0.465353 1.079134 0.072358
v 0.066184 1.079134 -0.002488
v 0.199240 1.079134 -0.002488
v 0.199240 1.079134 0.072358
v 0.846580 1.051653 0.147205
v 0.979636 1.051653 0.147205
v 0.979636 1.076457 0.222051
v 0.846580 1.051653 -0.002488
v 0.979636 1.051653 -0.002488
v 0.979636 1.051653 0.072358
v 0.598409 1.079134 -0.002488
v 0.731466 1.079134 -0.002488
v 0.731466 1.079134 0.072358
v 0.846580 1.051653 0.446590
v 0.979636 1.076457 0.446590
v 0.979636 1.051653 0.521437
v 0.846580 1.051653 0.296897
v 0.979636 1.076457 0.296897
v 0.979636 1.076457 0.371744
v 0.598409 1.079134 0.296897
v 0.731466 1.079134 0.296897
v 0.731466 1.079134 0.371744
v 0.332297 1.079134 -0.451567
v 0.465353 1.079134 -0.451567
v 0.465353 1.079134 -0.376720
v 0.332297 1.079134 -0.601259
v 0.465353 1.079134 -0.601259
v 0.465353 1.079134 -0.526413
v 0.066184 1.079134 -0.601259
v 0.199240 1.079134 -0.601259
v 0.199240 1.079134 -0.526413
v 0.846580 1.051653 -0.451567
v 0.979636 1.051653 -0.451567
v 0.979636 1.051653 -0.376720
v 0.846580 1.051653 -0.601259
v 0.979636 1.037486 -0.601259
v 0.979636 1.037486 -0.526413
v 0.598409 1.079134 -0.601259
v 0.731466 1.079134 -0.601259
v 0.731466 1.079134 -0.526413
v 0.846580 1.051653 -0.152181
v 0.979636 1.051653 -0.152181
v 0.979636 1.051653 -0.077335
v 0.846580 1.051653 -0.301874
v 0.979636 1.051653 -0.301874
v 0.979636 1.051653 -0.227027
v 0.598409 1.079134 -0.301874
v 0.731466 1.079134 -0.301874
v 0.731466 1.079134 -0.227027
v -0.732155 1.079134 -0.451567
v -0.599098 1.079134 -0.451567
v -0.599098 1.079134 -0.376720
v -0.732155 1.079134 -0.601259
v -0.599098 1.079134 -0.601259
v -0.599098 1.079134 -0.526413
v -0.998268 1.164055 -0.601259
v -0.865211 1.079134 -0.601259
v -0.865211 1.079134 -0.526413
v -0.199929 1.079134 -0.451567
v -0.066873 1.079134 -0.451567
v -0.066873 1.079134 -0.376720
v -0.199929 1.079134 -0.601259
v -0.066873 1.079134 -0.601259
v -0.066873 1.079134 -0.526413
v -0.466042 1.079134 -0.601259
v -0.332985 1.079134 -0.601259
v -0.332985 1.079134 -0.526413
v -0.199929 1.079134 -0.152181
v -0.066873 1.079134 -0.152181
v -0.066873 1.079134 -0.077335
v -0.199929 1.079134 -0.301874
v -0.066873 1.079134 -0.301874
v -0.066873 1.079134 -0.227027
v -0.466042 1.079134 -0.301874
v -0.332985 1.079134 -0.301874
v -0.332985 1.079134 -0.227027
v -0.732155 1.079134 -0.152181
v -0.599098 1.079134 -0.152181
v -0.599098 1.079134 -0.077335
v -0.732155 1.079134 -0.301874
v -0.599098 1.079134 -0.301874
v -0.599098 1.079134 -0.227027
v -0.998268 1.164055 -0.301874
v -0.865211 1.079134 -0.301874
v -0.865211 1.079134 -0.227027
v 0.332297 1.079134 -0.152181
v 0.465353 1.079134 -0.152181
v 0.465353 1.079134 -0.077335
v 0.332297 1.079134 -0.301874
v 0.465353 1.079134 -0.301874
v 0.465353 1.079134 -0.227027
v 0.066184 1.079134 -0.301874
v 0.199240 1.079134 -0.301874
v 0.199240 1.079134 -0.227027
v 0.332297 1.079134 0.446590
v 0.465353 1.079134 0.446590
v 0.465353 1.079134 0.521437
v 0.332297 1.079134 0.296897
v 0.465353 1.079134 0.296897
v 0.465353 1.079134 0.371744
v 0.066184 1.079134 0.296897
v 0.199240 1.079134 0.296897
v 0.199240 1.079134 0.371744
v 0.465353 1.009941 0.558860
v -0.865211 -0.373916 0.558860
v -0.865211 -0.512302 0.558860
v -0.998268 -0.512302 0.558860
v -1.064796 0.733170 0.072358
v -1.064796 0.594784 0.072358
v -1.064796 0.594784 -0.002488
v -1.064796 0.733170 0.222051
v -1.064796 0.594784 0.222051
v -1.064796 0.594784 0.147205
v -1.064796 1.094863 0.222051
v -1.064796 0.871555 0.222051
v -1.064796 0.871555 0.147205
v -1.064796 -0.373916 0.072358
v -1.064796 -0.512302 0.072358
v -1.064796 -0.512302 -0.002488
v -1.064796 -0.373916 0.222051
v -1.064796 -0.512302 0.222051
v -1.064796 -0.512302 0.147205
v -1.064796 -0.097144 0.222051
v -1.064796 -0.235530 0.222051
v -1.064796 -0.235530 0.147205
v -1.064796 -0.373916 -0.526413
v -1.064796 -0.512302 -0.526413
v -1.064796 -0.512302 -0.601259
v -1.064796 -0.373916 -0.376720
v -1.064796 -0.512302 -0.376720
v -1.064796 -0.512302 -0.451567
v -1.064796 -0.097144 -0.376720
v -1.064796 -0.235530 -0.376720
v -1.064796 -0.235530 -0.451567
v 1.046165 0.705689 -0.152181
v 1.064107 0.594784 -0.152181
v 1.064107 0.594784 -0.077335
v 1.046165 0.705689 -0.301874
v 1.064107 0.594784 -0.301874
v 1.064107 0.594784 -0.227027
v 1.046165 0.982460 -0.301874
v 1.046165 0.844074 -0.301874
v 1.046165 0.844074 -0.227027
v 1.064107 -0.373916 -0.152181
v 1.064107 -0.512302 -0.152181
v 1.064107 -0.512302 -0.077335
v 1.064107 -0.373916 -0.301874
v 1.064107 -0.512302 -0.301874
v 1.064107 -0.512302 -0.227027
v 1.064107 -0.097144 -0.301874
v 1.064107 -0.235530 -0.301874
v 1.064107 -0.235530 -0.227027
v 1.064107 -0.373916 0.446590
v 1.064107 -0.512302 0.446590
v 1.064107 -0.512302 0.521437
v 1.064107 -0.373916 0.296897
v 1.064107 -0.512302 0.296897
v 1.064107 -0.512302 0.371744
v 1.064107 -0.097144 0.296897
v 1.064107 -0.235530 0.296897
v 1.064107 -0.235530 0.371744
v -0.466042 1.009941 -0.638683
v 0.864522 -0.373916 -0.638677
v 0.864522 -0.512302 -0.638677
v 0.997579 -0.512302 -0.638683
v 0.864522 0.733170 -0.638677
v 0.864522 0.594784 -0.638677
v 0.997579 0.594784 -0.638683
v 0.598409 1.009941 -0.638683
v 1.046165 0.705689 0.446590
v 1.064107 0.594784 0.446590
v 1.064107 0.594784 0.521437
v 1.046165 0.705689 0.296897
v 1.064107 0.594784 0.296897
v 1.064107 0.594784 0.371744
v 1.046165 0.982460 0.296897
v 1.046165 0.844074 0.296897
v 1.046165 0.844074 0.371744
v -1.064796 0.733170 -0.526413
v -1.064796 0.594784 -0.526413
v -1.064796 0.594784 -0.601259
v -1.064796 0.733170 -0.376720
v -1.064796 0.594784 -0.376720
v -1.064796 0.594784 -0.451567
v -1.064796 1.094863 -0.376720
v -1.064796 0.871555 -0.376720
v -1.064796 0.871555 -0.451567
v -0.865211 0.733170 0.558860
v -0.865211 0.594784 0.558860
v -0.998268 0.594784 0.558860
v -0.599098 1.009941 0.558860
v -0.732155 1.079134 0.446590
v -0.599098 1.079134 0.446590
v -0.599098 1.079134 0.521437
v -0.732155 1.079134 0.296897
v -0.599098 1.079134 0.296897
v -0.599098 1.079134 0.371744
v -0.998268 1.164055 0.296897
v -0.865211 1.079134 0.296897
v -0.865211 1.079134 0.371744
v -0.998268 1.164055 0.371744
v -0.732155 1.079134 0.371744
v -0.732155 1.079134 0.521437
v -0.732155 1.009941 0.558860
v -0.998268 0.733170 0.558860
v -1.064796 1.094863 -0.451567
v -1.064796 0.733170 -0.451567
v -1.064796 0.733170 -0.601259
v 1.046165 0.982460 0.371744
v 1.046165 0.705689 0.371744
v 1.046165 0.705689 0.521437
v 0.731466 1.009941 -0.638683
v 0.997579 0.733170 -0.638683
v 0.997579 -0.373916 -0.638683
v -0.332985 1.009941 -0.638683
v 1.064107 -0.097144 0.371744
v 1.064107 -0.373916 0.371744
v 1.064107 -0.373916 0.521437
v 1.064107 -0.097144 -0.227027
v 1.064107 -0.373916 -0.227027
v 1.064107 -0.373916 -0.077335
v 1.046165 0.982460 -0.227027
v 1.046165 0.705689 -0.227027
v 1.046165 0.705689 -0.077335
v -1.064796 -0.097144 -0.451567
v -1.064796 -0.373916 -0.451567
v -1.064796 -0.373916 -0.601259
v -1.064796 -0.097144 0.147205
v -1.064796 -0.373916 0.147205
v -1.064796 -0.373916 -0.002488
v -1.064796 1.094863 0.147205
v -1.064796 0.733170 0.147205
v -1.064796 0.733170 -0.002488
v -0.998268 -0.373916 0.558860
v 0.332297 1.009941 0.558860
v 0.066184 1.079134 0.371744
v 0.332297 1.079134 0.371744
v 0.332297 1.079134 0.521437
v 0.066184 1.079134 -0.227027
v 0.332297 1.079134 -0.227027
v 0.332297 1.079134 -0.077335
v -0.998268 1.164055 -0.227027
v -0.732155 1.079134 -0.227027
v -0.732155 1.079134 -0.077335
v -0.466042 1.079134 -0.227027
v -0.199929 1.079134 -0.227027
v -0.199929 1.079134 -0.077335
v -0.466042 1.079134 -0.526413
v -0.199929 1.079134 -0.526413
v -0.199929 1.079134 -0.376720
v -0.998268 1.164055 -0.526413
v -0.732155 1.079134 -0.526413
v -0.732155 1.079134 -0.376720
v 0.598409 1.079134 -0.227027
v 0.846580 1.051653 -0.227027
v 0.846580 1.051653 -0.077335
v 0.598409 1.079134 -0.526413
v 0.846580 1.051653 -0.526413
v 0.846580 1.051653 -0.376720
v 0.066184 1.079134 -0.526413
v 0.332297 1.079134 -0.526413
v 0.332297 1.079134 -0.376720
v 0.598409 1.079134 0.371744
v 0.846580 1.051653 0.371744
v 0.846580 1.051653 0.521437
v 0.598409 1.079134 0.072358
v 0.846580 1.051653 0.072358
v 0.846580 1.051653 0.222051
v 0.066184 1.079134 0.072358
v 0.332297 1.079134 0.072358
v 0.332297 1.079134 0.222051
v 0.864522 0.456398 0.558860
v 0.864522 0.179627 0.558860
v 0.864522 1.009941 0.558860
v 0.864522 0.733170 0.558860
v 0.332297 -0.927459 0.558860
v 0.066184 -0.927459 0.558860
v 0.864522 -0.650687 0.558860
v 0.864522 -0.927459 0.558860
v 0.598409 -0.927459 0.558860
v 0.864522 -0.097144 0.558860
v 0.864522 -0.373916 0.558860
v -0.732155 -0.927459 0.558860
v -0.998268 -0.927459 0.558860
v -0.199929 -0.927459 0.558860
v -0.466042 -0.927459 0.558860
v -1.064796 0.456398 0.147205
v -1.064796 0.179627 0.147205
v -1.064796 0.179627 -0.002488
v -1.064796 0.456398 0.446590
v -1.064796 0.179627 0.446590
v -1.064796 0.179627 0.296897
v -1.064796 1.094863 0.446590
v -1.064796 0.733170 0.446590
v -1.064796 0.733170 0.296897
v -1.064796 -0.650687 0.147205
v -1.064796 -0.927459 0.147205
v -1.064796 -0.927459 -0.002488
v -1.064796 -0.650687 0.446590
v -1.064796 -0.927459 0.446590
v -1.064796 -0.927459 0.296897
v -1.064796 -0.097144 0.446590
v -1.064796 -0.373916 0.446590
v -1.064796 -0.373916 0.296897
v -1.064796 -0.650687 -0.451567
v -1.064796 -0.927459 -0.451567
v -1.064796 -0.927459 -0.601259
v -1.064796 -0.650687 -0.152181
v -1.064796 -0.927459 -0.152181
v -1.064796 -0.927459 -0.301874
v -1.064796 -0.097144 -0.152181
v -1.064796 -0.373916 -0.152181
v -1.064796 -0.373916 -0.301874
v 1.064107 0.456398 -0.227027
v 1.064107 0.179627 -0.227027
v 1.064107 0.179627 -0.077335
v 1.064107 0.456398 -0.526413
v 1.064107 0.179627 -0.526413
v 1.064107 0.179627 -0.376720
v 1.046165 0.982460 -0.526413
v 1.046165 0.705689 -0.526413
v 1.046165 0.705689 -0.376720
v 1.064107 -0.650687 -0.227027
v 1.064107 -0.927459 -0.227027
v 1.064107 -0.927459 -0.077335
v 1.064107 -0.650687 -0.526413
v 1.064107 -0.927459 -0.526413
v 1.064107 -0.927459 -0.376720
v 1.064107 -0.097144 -0.526413
v 1.064107 -0.373916 -0.526413
v 1.064107 -0.373916 -0.376720
v 1.064107 -0.650687 0.371744
v 1.064107 -0.927459 0.371744
v 1.064107 -0.927459 0.521437
v 1.064107 -0.650687 0.072358
v 1.064107 -0.927459 0.072358
v 1.064107 -0.927459 0.222051
v 1.064107 -0.097144 0.072358
v 1.064107 -0.373916 0.072358
v 1.064107 -0.373916 0.222051
v -0.865211 0.456398 -0.638677
v -0.865211 0.179627 -0.638677
v -0.865211 1.009941 -0.638683
v -0.865211 0.733170 -0.638677
v -0.332985 -0.927459 -0.638683
v -0.066873 -0.927459 -0.638683
v -0.865211 -0.650687 -0.638677
v -0.865211 -0.927459 -0.638683
v -0.599098 -0.927459 -0.638683
v -0.865211 -0.097144 -0.638677
v -0.865211 -0.373916 -0.638677
v 0.731466 -0.927459 -0.638683
v 0.997579 -0.927459 -0.638683
v 0.199240 -0.927459 -0.638683
v 0.465353 -0.927459 -0.638683
v 0.997579 0.179627 -0.638683
v 0.199240 1.009941 -0.638683
v 1.064107 0.456398 0.371744
v 1.064107 0.179627 0.371744
v 1.064107 0.179627 0.521437
v 1.064107 0.456398 0.072358
v 1.064107 0.179627 0.072358
v 1.064107 0.179627 0.222051
v 1.046165 0.982460 0.072358
v 1.046165 0.705689 0.072358
v 1.046165 0.705689 0.222051
v -1.064796 0.456398 -0.451567
v -1.064796 0.179627 -0.451567
v -1.064796 0.179627 -0.601259
v -1.064796 0.456398 -0.152181
v -1.064796 0.179627 -0.152181
v -1.064796 0.179627 -0.301874
v -1.064796 1.094863 -0.152181
v -1.064796 0.733170 -0.152181
v -1.064796 0.733170 -0.301874
v -0.998268 0.179627 0.558860
v -0.199929 1.009941 0.558860
v -0.466042 1.079134 0.371744
v -0.199929 1.079134 0.371744
v -0.199929 1.079134 0.521437
v -0.466042 1.079134 0.072358
v -0.199929 1.079134 0.072358
v -0.199929 1.079134 0.222051
v -0.998268 1.164055 0.072358
v -0.732155 1.079134 0.072358
v -0.732155 1.079134 0.222051
v -0.998268 1.164055 0.222051
v -0.466042 1.079134 0.222051
v -0.466042 1.079134 0.521437
v -0.466042 1.009941 0.558860
v -0.998268 0.456398 0.558860
v -1.064796 1.094863 -0.301874
v -1.064796 0.456398 -0.301874
v -1.064796 0.456398 -0.601259
v 1.046165 0.982460 0.222051
v 1.064107 0.456398 0.222051
v 1.064107 0.456398 0.521437
v 0.465353 1.009941 -0.638683
v 0.997579 0.456398 -0.638683
v 0.997579 -0.650687 -0.638683
v -0.599098 1.009941 -0.638683
v 1.064107 -0.097144 0.222051
v 1.064107 -0.650687 0.222051
v 1.064107 -0.650687 0.521437
v 1.064107 -0.097144 -0.376720
v 1.064107 -0.650687 -0.376720
v 1.064107 -0.650687 -0.077335
v 1.046165 0.982460 -0.376720
v 1.064107 0.456398 -0.376720
v 1.064107 0.456398 -0.077335
v -1.064796 -0.097144 -0.301874
v -1.064796 -0.650687 -0.301874
v -1.064796 -0.650687 -0.601259
v -1.064796 -0.097144 0.296897
v -1.064796 -0.650687 0.296897
v -1.064796 -0.650687 -0.002488
v -1.064796 1.094863 0.296897
v -1.064796 0.456398 0.296897
v -1.064796 0.456398 -0.002488
v -0.998268 -0.650687 0.558860
v 0.598409 1.009941 0.558860
v 0.066184 1.079134 0.222051
v 0.598409 1.079134 0.222051
v 0.598409 1.079134 0.521437
v 0.066184 1.079134 -0.376720
v 0.598409 1.079134 -0.376720
v 0.598409 1.079134 -0.077335
v -0.998268 1.164055 -0.376720
v -0.466042 1.079134 -0.376720
v -0.466042 1.079134 -0.077335
v -0.998268 1.164055 -0.077335
v 0.066184 1.079134 -0.077335
v 0.066184 1.079134 0.521437
v 0.066184 1.009941 0.558860
v -0.998268 -0.097144 0.558860
v -1.064796 1.094863 -0.002488
v -1.064796 -0.097144 -0.002488
v -1.064796 -0.097144 -0.601259
v 1.046165 0.982460 -0.077335
v 1.064107 -0.097144 -0.077335
v 1.064107 -0.097144 0.521437
v -0.066873 1.009941 -0.638683
v 0.997579 -0.097144 -0.638683
v 0.997579 1.009941 -0.638683
v 1.046165 0.982460 0.521437
v -1.064796 1.094863 -0.601259
v -0.998268 1.094863 0.558860
v -0.998268 1.164055 0.521437
v -0.000344 -0.719880 -0.080974
v -0.000344 0.940748 -0.080974
v 0.531881 0.940748 -0.080974
v 0.531881 -0.719880 -0.080974
v -0.532570 -0.719880 -0.080974
v -0.532570 0.940748 -0.080974
v -0.266457 0.940748 -0.080974
v -0.266457 -0.719880 -0.080974
v -0.798683 -0.719880 -0.080974
v 0.797994 -0.719880 -0.080974
v 0.265768 -0.719880 -0.080974
v 0.797994 0.940748 -0.080974
v 0.265768 0.940748 -0.080974
v -0.798683 0.940748 -0.080974
v -0.665627 0.940748 -0.080974
v 0.398825 0.940748 -0.080974
v 0.398825 -0.719880 -0.080974
v -0.665627 -0.719880 -0.080974
v -0.133401 -0.719880 -0.080974
v -0.133401 0.940748 -0.080974
v -0.399514 0.940748 -0.080974
v -0.399514 -0.719880 -0.080974
v 0.664938 -0.719880 -0.080974
v 0.132712 -0.719880 -0.080974
v 0.664938 0.940748 -0.080974
v 0.132712 0.940748 -0.080974
v 0.864522 -0.027952 -0.080974
v 0.864522 0.525591 -0.080974
v 0.864522 -0.581494 -0.080974
v 0.864522 -0.304723 -0.080974
v 0.864522 0.802362 -0.080974
v 0.864522 0.248820 -0.080974
v -0.865211 -0.027952 -0.080974
v -0.865211 -0.581494 -0.080974
v -0.865211 0.525591 -0.080974
v -0.865211 0.248820 -0.080974
v -0.865211 -0.304723 -0.080974
v -0.865211 0.802362 -0.080974
v -0.732155 0.940748 -0.080974
v -0.599098 0.940748 -0.080974
v -0.865211 0.663977 -0.080974
v -0.865211 -0.443109 -0.080974
v 0.332297 0.940748 -0.080974
v 0.465353 0.940748 -0.080974
v 0.864522 0.387205 -0.080974
v 0.864522 0.110434 -0.080974
v 0.864522 0.940748 -0.080974
v 0.864522 0.663977 -0.080974
v 0.332297 -0.719880 -0.080974
v 0.465353 -0.719880 -0.080974
v 0.864522 -0.719880 -0.080974
v 0.864522 -0.166337 -0.080974
v 0.864522 -0.443109 -0.080974
v -0.732155 -0.719880 -0.080974
v -0.599098 -0.719880 -0.080974
v -0.199929 -0.719880 -0.080974
v -0.066873 -0.719880 -0.080974
v -0.865211 0.110434 -0.080974
v -0.199929 0.940748 -0.080974
v -0.066873 0.940748 -0.080974
v -0.466042 0.940748 -0.080974
v -0.332985 0.940748 -0.080974
v -0.865211 0.387205 -0.080974
v -0.466042 -0.719880 -0.080974
v -0.332985 -0.719880 -0.080974
v -0.865211 -0.719880 -0.080974
v 0.598409 -0.719880 -0.080974
v 0.731466 -0.719880 -0.080974
v 0.066184 -0.719880 -0.080974
v 0.199240 -0.719880 -0.080974
v 0.598409 0.940748 -0.080974
v 0.731466 0.940748 -0.080974
v 0.066184 0.940748 -0.080974
v 0.199240 0.940748 -0.080974
v -0.865211 -0.166337 -0.080974
v -0.865211 0.940748 -0.080974
v -0.865211 0.871555 -0.080974
v -0.865211 -0.097144 -0.080974
v -0.865211 -0.235530 -0.080974
v -0.865211 -0.650687 -0.080974
v -0.865211 0.456398 -0.080974
v -0.865211 0.318013 -0.080974
v -0.865211 0.179627 -0.080974
v -0.865211 0.041241 -0.080974
v 0.864522 -0.512302 -0.080974
v 0.864522 -0.235530 -0.080974
v 0.864522 0.594784 -0.080974
v 0.864522 0.871555 -0.080974
v 0.864522 0.041241 -0.080974
v 0.864522 0.318013 -0.080974
v -0.865211 -0.373916 -0.080974
v -0.865211 -0.512302 -0.080974
v -0.865211 0.733170 -0.080974
v -0.865211 0.594784 -0.080974
v 0.864522 0.456398 -0.080974
v 0.864522 0.179627 -0.080974
v 0.864522 0.733170 -0.080974
v 0.864522 -0.650687 -0.080974
v 0.864522 -0.097144 -0.080974
v 0.864522 -0.373916 -0.080974
v -0.000344 -0.858266 -0.175937
v -0.532570 -0.858266 -0.175937
v 0.531881 -0.858266 -0.175937
v 0.265768 -0.858266 -0.175937
v 0.797994 -0.858266 -0.175937
v -0.798683 -0.858266 -0.175937
v -0.266457 -0.858266 -0.175937
v -0.000344 0.940748 -0.175937
v -0.532570 0.940748 -0.175937
v 0.531881 0.940748 -0.175937
v 0.265768 0.940748 -0.175937
v 0.398825 -0.858266 -0.175937
v 0.132712 -0.858266 -0.175937
v 0.664938 -0.858266 -0.175937
v -0.665627 -0.858266 -0.175937
v -0.133401 -0.858266 -0.175937
v -0.399514 -0.858266 -0.175937
v -0.798683 0.940748 -0.175937
v -0.266457 0.940748 -0.175937
v 0.797994 0.940748 -0.175937
v 0.664938 0.940748 -0.175937
v -0.399514 0.940748 -0.175937
v 0.132712 0.940748 -0.175937
v 0.398825 0.940748 -0.175937
v -0.665627 0.940748 -0.175937
v -0.133401 0.940748 -0.175937
v -0.865211 -0.027952 -0.175937
v -0.865211 0.525591 -0.175937
v -0.865211 -0.581494 -0.175937
v 0.465353 -0.858266 -0.175937
v 0.199240 -0.858266 -0.175937
v 0.731466 -0.858266 -0.175937
v -0.865211 -0.304723 -0.175937
v -0.599098 -0.858266 -0.175937
v -0.865211 -0.858266 -0.175937
v -0.066873 -0.858266 -0.175937
v -0.332985 -0.858266 -0.175937
v -0.865211 0.802362 -0.175937
v -0.865211 0.248820 -0.175937
v 0.864522 -0.027952 -0.175937
v 0.864522 -0.581494 -0.175937
v 0.864522 0.525591 -0.175937
v 0.864522 0.248820 -0.175937
v 0.332297 -0.858266 -0.175937
v 0.066184 -0.858266 -0.175937
v 0.864522 -0.858266 -0.175937
v 0.598409 -0.858266 -0.175937
v -0.732155 -0.858266 -0.175937
v -0.199929 -0.858266 -0.175937
v -0.466042 -0.858266 -0.175937
v 0.864522 -0.304723 -0.175937
v 0.864522 0.802362 -0.175937
v 0.731466 0.940748 -0.175937
v 0.598409 0.940748 -0.175937
v 0.864522 0.663977 -0.175937
v 0.864522 -0.443109 -0.175937
v -0.332985 0.940748 -0.175937
v -0.466042 0.940748 -0.175937
v -0.865211 0.387205 -0.175937
v -0.865211 0.110434 -0.175937
v -0.865211 0.940748 -0.175937
v -0.865211 0.663977 -0.175937
v -0.865211 -0.719880 -0.175937
v -0.865211 -0.166337 -0.175937
v -0.865211 -0.443109 -0.175937
v 0.864522 0.110434 -0.175937
v 0.199240 0.940748 -0.175937
v 0.066184 0.940748 -0.175937
v 0.465353 0.940748 -0.175937
v 0.332297 0.940748 -0.175937
v 0.864522 0.387205 -0.175937
v 0.864522 -0.719880 -0.175937
v -0.599098 0.940748 -0.175937
v -0.732155 0.940748 -0.175937
v -0.066873 0.940748 -0.175937
v -0.199929 0.940748 -0.175937
v 0.864522 -0.166337 -0.175937
v 0.864522 0.940748 -0.175937
v 0.864522 0.871555 -0.175937
v 0.864522 -0.097144 -0.175937
v 0.864522 -0.235530 -0.175937
v 0.864522 -0.650687 -0.175937
v 0.864522 -0.789073 -0.175937
v 0.864522 0.456398 -0.175937
v 0.864522 0.318013 -0.175937
v 0.864522 0.179627 -0.175937
v 0.864522 0.041241 -0.175937
v -0.865211 -0.512302 -0.175937
v -0.865211 -0.235530 -0.175937
v -0.865211 -0.789073 -0.175937
v -0.865211 0.594784 -0.175937
v -0.865211 0.871555 -0.175937
v -0.865211 0.041241 -0.175937
v -0.865211 0.318013 -0.175937
v 0.864522 -0.373916 -0.175937
v 0.864522 -0.512302 -0.175937
v 0.864522 0.733170 -0.175937
v 0.864522 0.594784 -0.175937
v -0.865211 0.456398 -0.175937
v -0.865211 0.179627 -0.175937
v -0.865211 0.733170 -0.175937
v -0.865211 -0.650687 -0.175937
v -0.865211 -0.097144 -0.175937
v -0.865211 -0.373916 -0.175937
v 1.138688 -1.429036 -0.978467
v 1.064107 -1.414756 0.558860
v -1.139377 -1.429036 -0.978467
v -1.064796 -1.414756 0.558860
v -1.064796 -1.414756 -0.039911
v -0.000344 -1.414756 -0.963605
v -0.000344 -1.414756 0.558860
v 1.064107 -1.414756 -0.039911
v -0.000344 -1.414756 -0.039911
v -1.064796 -1.414756 0.259474
v -0.532570 -1.414756 -0.963605
v 0.531881 -1.414756 0.558860
v 1.064107 -1.414756 -0.339297
v -1.064796 -1.414756 -0.339297
v 0.531881 -1.414756 -0.963605
v -0.532570 -1.414756 0.558860
v 1.064107 -1.414756 0.259474
v -0.000344 -1.414756 0.259474
v -0.000344 -1.414756 -0.339297
v -0.532570 -1.414756 -0.039911
v 0.531881 -1.414756 -0.039911
v 0.531881 -1.414756 -0.339297
v -0.532570 -1.414756 -0.339297
v -0.532570 -1.414756 0.259474
v 0.531881 -1.414756 0.259474
v -1.064796 -1.414756 0.409167
v -0.798683 -1.414756 -0.963605
v 0.797994 -1.414756 0.558860
v 1.064107 -1.414756 -0.488990
v -1.064796 -1.414756 -0.189604
v 0.265768 -1.414756 -0.963605
v -0.266457 -1.414756 0.558860
v 1.064107 -1.414756 0.109781
v -0.000344 -1.414756 0.409167
v -0.000344 -1.414756 -0.189604
v -0.798683 -1.414756 -0.039911
v 0.265768 -1.414756 -0.039911
v -1.064796 -1.414756 0.109781
v -0.266457 -1.414756 -0.963605
v 0.265768 -1.414756 0.558860
v 1.064107 -1.414756 -0.189604
v -1.064796 -1.414756 -0.488990
v 0.797994 -1.414756 -0.963605
v -0.798683 -1.414756 0.558860
v 1.064107 -1.414756 0.409167
v -0.000344 -1.414756 0.109781
v -0.000344 -1.414756 -0.488990
v -0.266457 -1.414756 -0.039911
v 0.797994 -1.414756 -0.039911
v 0.531881 -1.414756 -0.189604
v 0.531881 -1.414756 -0.488990
v 0.265768 -1.414756 -0.339297
v 0.797994 -1.414756 -0.339297
v -0.532570 -1.414756 -0.189604
v -0.532570 -1.414756 -0.488990
v -0.798683 -1.414756 -0.339297
v -0.266457 -1.414756 -0.339297
v -0.532570 -1.414756 0.409167
v -0.532570 -1.414756 0.109781
v -0.798683 -1.414756 0.259474
v -0.266457 -1.414756 0.259474
v 0.531881 -1.414756 0.409167
v 0.531881 -1.414756 0.109781
v 0.265768 -1.414756 0.259474
v 0.797994 -1.414756 0.259474
v 0.797994 -1.414756 0.109781
v 0.265768 -1.414756 0.109781
v 0.265768 -1.414756 0.409167
v -0.266457 -1.414756 0.109781
v -0.798683 -1.414756 0.109781
v -0.798683 -1.414756 0.409167
v -0.266457 -1.414756 -0.488990
v -0.798683 -1.414756 -0.488990
v -0.798683 -1.414756 -0.189604
v 0.797994 -1.414756 -0.488990
v 0.265768 -1.414756 -0.488990
v 0.265768 -1.414756 -0.189604
v 0.797994 -1.414756 -0.189604
v -0.266457 -1.414756 -0.189604
v -0.266457 -1.414756 0.409167
v 0.797994 -1.414756 0.409167
v -1.064796 -1.414756 0.484013
v -0.931739 -1.414756 -0.963605
v 0.931051 -1.414756 0.558860
v 1.064107 -1.414756 -0.563836
v -1.064796 -1.414756 -0.114758
v 0.132712 -1.414756 -0.963605
v -0.133401 -1.414756 0.558860
v 1.064107 -1.414756 0.034935
v -0.000344 -1.414756 0.484013
v -0.000344 -1.414756 -0.114758
v -0.931739 -1.414756 -0.039911
v 0.132712 -1.414756 -0.039911
v -1.064796 -1.414756 0.184628
v -0.399514 -1.414756 -0.963605
v 0.398825 -1.414756 0.558860
v 1.064107 -1.414756 -0.264451
v -1.064796 -1.414756 -0.414143
v 0.664938 -1.414756 -0.963605
v -0.665627 -1.414756 0.558860
v 1.064107 -1.414756 0.334321
v -0.000344 -1.414756 0.184628
v -0.000344 -1.414756 -0.414143
v -0.399514 -1.414756 -0.039911
v 0.664938 -1.414756 -0.039911
v 0.531881 -1.414756 -0.114758
v 0.531881 -1.414756 -0.414143
v 0.132712 -1.414756 -0.339297
v 0.664938 -1.414756 -0.339297
v -0.532570 -1.414756 -0.114758
v -0.532570 -1.414756 -0.414143
v -0.931739 -1.414756 -0.339297
v -0.399514 -1.414756 -0.339297
v -0.532570 -1.414756 0.484013
v -0.532570 -1.414756 0.184628
v -0.931739 -1.414756 0.259474
v -0.399514 -1.414756 0.259474
v 0.531881 -1.414756 0.484013
v 0.531881 -1.414756 0.184628
v 0.132712 -1.414756 0.259474
v 0.664938 -1.414756 0.259474
v -1.064796 -1.414756 0.334321
v -0.665627 -1.414756 -0.963605
v 0.664938 -1.414756 0.558860
v 1.064107 -1.414756 -0.414143
v -1.064796 -1.414756 -0.264451
v 0.398825 -1.414756 -0.963605
v -0.399514 -1.414756 0.558860
v 1.064107 -1.414756 0.184628
v -0.000344 -1.414756 0.334321
v -0.000344 -1.414756 -0.264451
v -0.665627 -1.414756 -0.039911
v 0.398825 -1.414756 -0.039911
v -1.064796 -1.414756 0.034935
v -0.133401 -1.414756 -0.963605
v 0.132712 -1.414756 0.558860
v 1.064107 -1.414756 -0.114758
v -1.064796 -1.414756 -0.563836
v 0.931051 -1.414756 -0.963605
v -0.931739 -1.414756 0.558860
v 1.064107 -1.414756 0.484013
v -0.000344 -1.414756 0.034935
v -0.000344 -1.414756 -0.563836
v -0.133401 -1.414756 -0.039911
v 0.931051 -1.414756 -0.039911
v 0.531881 -1.414756 -0.264451
v 0.531881 -1.414756 -0.563836
v 0.398825 -1.414756 -0.339297
v 0.931051 -1.414756 -0.339297
v -0.532570 -1.414756 -0.264451
v -0.532570 -1.414756 -0.563836
v -0.665627 -1.414756 -0.339297
v -0.133401 -1.414756 -0.339297
v -0.532570 -1.414756 0.334321
v -0.532570 -1.414756 0.034935
v -0.665627 -1.414756 0.259474
v -0.133401 -1.414756 0.259474
v 0.531881 -1.414756 0.334321
v 0.531881 -1.414756 0.034935
v 0.398825 -1.414756 0.259474
v 0.931051 -1.414756 0.259474
v 0.797994 -1.414756 0.184628
v 0.797994 -1.414756 0.034935
v 0.664938 -1.414756 0.109781
v 0.931051 -1.414756 0.109781
v 0.265768 -1.414756 0.184628
v 0.265768 -1.414756 0.034935
v 0.132712 -1.414756 0.109781
v 0.398825 -1.414756 0.109781
v 0.265768 -1.414756 0.484013
v 0.265768 -1.414756 0.334321
v 0.132712 -1.414756 0.409167
v 0.398825 -1.414756 0.409167
v -0.266457 -1.414756 0.184628
v -0.266457 -1.414756 0.034935
v -0.399514 -1.414756 0.109781
v -0.133401 -1.414756 0.109781
v -0.798683 -1.414756 0.184628
v -0.798683 -1.414756 0.034935
v -0.931739 -1.414756 0.109781
v -0.665627 -1.414756 0.109781
v -0.798683 -1.414756 0.484013
v -0.798683 -1.414756 0.334321
v -0.931739 -1.414756 0.409167
v -0.665627 -1.414756 0.409167
v -0.266457 -1.414756 -0.414143
v -0.266457 -1.414756 -0.563836
v -0.399514 -1.414756 -0.488990
v -0.133401 -1.414756 -0.488990
v -0.798683 -1.414756 -0.414143
v -0.798683 -1.414756 -0.563836
v -0.931739 -1.414756 -0.488990
v -0.665627 -1.414756 -0.488990
v -0.798683 -1.414756 -0.114758
v -0.798683 -1.414756 -0.264451
v -0.931739 -1.414756 -0.189604
v -0.665627 -1.414756 -0.189604
v 0.797994 -1.414756 -0.414143
v 0.797994 -1.414756 -0.563836
v 0.664938 -1.414756 -0.488990
v 0.931051 -1.414756 -0.488990
v 0.265768 -1.414756 -0.414143
v 0.265768 -1.414756 -0.563836
v 0.132712 -1.414756 -0.488990
v 0.398825 -1.414756 -0.488990
v 0.265768 -1.414756 -0.114758
v 0.265768 -1.414756 -0.264451
v 0.132712 -1.414756 -0.189604
v 0.398825 -1.414756 -0.189604
v 0.797994 -1.414756 -0.114758
v 0.797994 -1.414756 -0.264451
v 0.664938 -1.414756 -0.189604
v 0.931051 -1.414756 -0.189604
v -0.266457 -1.414756 -0.114758
v -0.266457 -1.414756 -0.264451
v -0.399514 -1.414756 -0.189604
v -0.133401 -1.414756 -0.189604
v -0.266457 -1.414756 0.484013
v -0.266457 -1.414756 0.334321
v -0.399514 -1.414756 0.409167
v -0.133401 -1.414756 0.409167
v 0.797994 -1.414756 0.484013
v 0.797994 -1.414756 0.334321
v 0.664938 -1.414756 0.409167
v 0.931051 -1.414756 0.409167
v 0.931051 -1.414756 0.334321
v 0.664938 -1.414756 0.334321
v 0.664938 -1.414756 0.484013
v -0.133401 -1.414756 0.334321
v -0.399514 -1.414756 0.334321
v -0.399514 -1.414756 0.484013
v -0.133401 -1.414756 -0.264451
v -0.399514 -1.414756 -0.264451
v -0.399514 -1.414756 -0.114758
v 0.931051 -1.414756 -0.264451
v 0.664938 -1.414756 -0.264451
v 0.664938 -1.414756 -0.114758
v 0.398825 -1.414756 -0.264451
v 0.132712 -1.414756 -0.264451
v 0.132712 -1.414756 -0.114758
v 0.398825 -1.414756 -0.563836
v 0.132712 -1.414756 -0.563836
v 0.132712 -1.414756 -0.414143
v 0.931051 -1.414756 -0.563836
v 0.664938 -1.414756 -0.563836
v 0.664938 -1.414756 -0.414143
v -0.665627 -1.414756 -0.264451
v -0.931739 -1.414756 -0.264451
v -0.931739 -1.414756 -0.114758
v -0.665627 -1.414756 -0.563836
v -0.931739 -1.414756 -0.563836
v -0.931739 -1.414756 -0.414143
v -0.133401 -1.414756 -0.563836
v -0.399514 -1.414756 -0.563836
v -0.399514 -1.414756 -0.414143
v -0.665627 -1.414756 0.334321
v -0.931739 -1.414756 0.334321
v -0.931739 -1.414756 0.484013
v -0.665627 -1.414756 0.034935
v -0.931739 -1.414756 0.034935
v -0.931739 -1.414756 0.184628
v -0.133401 -1.414756 0.034935
v -0.399514 -1.414756 0.034935
v -0.399514 -1.414756 0.184628
v 0.398825 -1.414756 0.334321
v 0.132712 -1.414756 0.334321
v 0.132712 -1.414756 0.484013
v 0.398825 -1.414756 0.034935
v 0.132712 -1.414756 0.034935
v 0.132712 -1.414756 0.184628
v 0.931051 -1.414756 0.034935
v 0.664938 -1.414756 0.034935
v 0.664938 -1.414756 0.184628
v 0.931051 -1.414756 0.184628
v 0.398825 -1.414756 0.184628
v 0.398825 -1.414756 0.484013
v -0.133401 -1.414756 0.184628
v -0.665627 -1.414756 0.184628
v -0.665627 -1.414756 0.484013
v -0.133401 -1.414756 -0.414143
v -0.665627 -1.414756 -0.414143
v -0.665627 -1.414756 -0.114758
v 0.931051 -1.414756 -0.414143
v 0.398825 -1.414756 -0.414143
v 0.398825 -1.414756 -0.114758
v 0.931051 -1.414756 -0.114758
v -0.133401 -1.414756 -0.114758
v -0.133401 -1.414756 0.484013
v 0.931051 -1.414756 0.484013
v -1.064796 -1.414756 0.521437
v -0.998268 -1.414756 -0.963605
v 0.997579 -1.414756 0.558860
v 1.138688 -1.429036 -0.590734
v -1.064796 -1.414756 -0.077335
v 0.066184 -1.414756 -0.963605
v -0.066873 -1.414756 0.558860
v 1.064107 -1.414756 -0.002488
v -0.000344 -1.414756 0.521437
v -0.000344 -1.414756 -0.077335
v -0.998268 -1.414756 -0.039911
v 0.066184 -1.414756 -0.039911
v -1.064796 -1.414756 0.222051
v -0.466042 -1.414756 -0.963605
v 0.465353 -1.414756 0.558860
v 1.064107 -1.414756 -0.301874
v -1.064796 -1.414756 -0.376720
v 0.598409 -1.414756 -0.963605
v -0.599098 -1.414756 0.558860
v 1.064107 -1.414756 0.296897
v -0.000344 -1.414756 0.222051
v -0.000344 -1.414756 -0.376720
v -0.466042 -1.414756 -0.039911
v 0.598409 -1.414756 -0.039911
v 0.531881 -1.414756 -0.077335
v 0.531881 -1.414756 -0.376720
v 0.066184 -1.414756 -0.339297
v 0.598409 -1.414756 -0.339297
v -0.532570 -1.414756 -0.077335
v -0.532570 -1.414756 -0.376720
v -0.998268 -1.414756 -0.339297
v -0.466042 -1.414756 -0.339297
v -0.532570 -1.414756 0.521437
v -0.532570 -1.414756 0.222051
v -0.998268 -1.414756 0.259474
v -0.466042 -1.414756 0.259474
v 0.531881 -1.414756 0.521437
v 0.531881 -1.414756 0.222051
v 0.066184 -1.414756 0.259474
v 0.598409 -1.414756 0.259474
v -1.064796 -1.414756 0.371744
v -0.732155 -1.414756 -0.963605
v 0.731466 -1.414756 0.558860
v 1.064107 -1.414756 -0.451567
v -1.064796 -1.414756 -0.227027
v 0.332297 -1.414756 -0.963605
v -0.332985 -1.414756 0.558860
v 1.064107 -1.414756 0.147205
v -0.000344 -1.414756 0.371744
v -0.000344 -1.414756 -0.227027
v -0.732155 -1.414756 -0.039911
v 0.332297 -1.414756 -0.039911
v -1.064796 -1.414756 0.072358
v -0.199929 -1.414756 -0.963605
v 0.199240 -1.414756 0.558860
v 1.064107 -1.414756 -0.152181
v -1.064796 -1.414756 -0.526413
v 0.864522 -1.414756 -0.963605
v -0.865211 -1.414756 0.558860
v 1.064107 -1.414756 0.446590
v -0.000344 -1.414756 0.072358
v -0.000344 -1.414756 -0.526413
v -0.199929 -1.414756 -0.039911
v 0.864522 -1.414756 -0.039911
v 0.531881 -1.414756 -0.227027
v 0.531881 -1.414756 -0.526413
v 0.332297 -1.414756 -0.339297
v 0.864522 -1.414756 -0.339297
v -0.532570 -1.414756 -0.227027
v -0.532570 -1.414756 -0.526413
v -0.732155 -1.414756 -0.339297
v -0.199929 -1.414756 -0.339297
v -0.532570 -1.414756 0.371744
v -0.532570 -1.414756 0.072358
v -0.732155 -1.414756 0.259474
v -0.199929 -1.414756 0.259474
v 0.531881 -1.414756 0.371744
v 0.531881 -1.414756 0.072358
v 0.332297 -1.414756 0.259474
v 0.864522 -1.414756 0.259474
v 0.797994 -1.414756 0.222051
v 0.797994 -1.414756 0.072358
v 0.598409 -1.414756 0.109781
v 0.864522 -1.414756 0.109781
v 0.265768 -1.414756 0.222051
v 0.265768 -1.414756 0.072358
v 0.066184 -1.414756 0.109781
v 0.332297 -1.414756 0.109781
v 0.265768 -1.414756 0.521437
v 0.265768 -1.414756 0.371744
v 0.066184 -1.414756 0.409167
v 0.332297 -1.414756 0.409167
v -0.266457 -1.414756 0.222051
v -0.266457 -1.414756 0.072358
v -0.466042 -1.414756 0.109781
v -0.199929 -1.414756 0.109781
v -0.798683 -1.414756 0.222051
v -0.798683 -1.414756 0.072358
v -0.998268 -1.414756 0.109781
v -0.732155 -1.414756 0.109781
v -0.798683 -1.414756 0.521437
v -0.798683 -1.414756 0.371744
v -0.998268 -1.414756 0.409167
v -0.732155 -1.414756 0.409167
v -0.266457 -1.414756 -0.376720
v -0.266457 -1.414756 -0.526413
v -0.466042 -1.414756 -0.488990
v -0.199929 -1.414756 -0.488990
v -0.798683 -1.414756 -0.376720
v -0.798683 -1.414756 -0.526413
v -0.998268 -1.414756 -0.488990
v -0.732155 -1.414756 -0.488990
v -0.798683 -1.414756 -0.077335
v -0.798683 -1.414756 -0.227027
v -0.998268 -1.414756 -0.189604
v -0.732155 -1.414756 -0.189604
v 0.797994 -1.414756 -0.376720
v 0.797994 -1.414756 -0.526413
v 0.598409 -1.414756 -0.488990
v 0.864522 -1.414756 -0.488990
v 0.265768 -1.414756 -0.376720
v 0.265768 -1.414756 -0.526413
v 0.066184 -1.414756 -0.488990
v 0.332297 -1.414756 -0.488990
v 0.265768 -1.414756 -0.077335
v 0.265768 -1.414756 -0.227027
v 0.066184 -1.414756 -0.189604
v 0.332297 -1.414756 -0.189604
v 0.797994 -1.414756 -0.077335
v 0.797994 -1.414756 -0.227027
v 0.598409 -1.414756 -0.189604
v 0.864522 -1.414756 -0.189604
v -0.266457 -1.414756 -0.077335
v -0.266457 -1.414756 -0.227027
v -0.466042 -1.414756 -0.189604
v -0.199929 -1.414756 -0.189604
v -0.266457 -1.414756 0.521437
v -0.266457 -1.414756 0.371744
v -0.466042 -1.414756 0.409167
v -0.199929 -1.414756 0.409167
v 0.797994 -1.414756 0.521437
v 0.797994 -1.414756 0.371744
v 0.598409 -1.414756 0.409167
v 0.864522 -1.414756 0.409167
v -1.064796 -1.414756 0.446590
v -0.865211 -1.414756 -0.963605
v 0.864522 -1.414756 0.558860
v 1.064107 -1.414756 -0.526413
v -1.064796 -1.414756 -0.152181
v 0.199240 -1.414756 -0.963605
v -0.199929 -1.414756 0.558860
v 1.064107 -1.414756 0.072358
v -0.000344 -1.414756 0.446590
v -0.000344 -1.414756 -0.152181
v -0.865211 -1.414756 -0.039911
v 0.199240 -1.414756 -0.039911
v -1.064796 -1.414756 0.147205
v -0.332985 -1.414756 -0.963605
v 0.332297 -1.414756 0.558860
v 1.064107 -1.414756 -0.227027
v -1.064796 -1.414756 -0.451567
v 0.731466 -1.414756 -0.963605
v -0.732155 -1.414756 0.558860
v 1.064107 -1.414756 0.371744
v -0.000344 -1.414756 0.147205
v -0.000344 -1.414756 -0.451567
v -0.332985 -1.414756 -0.039911
v 0.731466 -1.414756 -0.039911
v 0.531881 -1.414756 -0.152181
v 0.531881 -1.414756 -0.451567
v 0.199240 -1.414756 -0.339297
v 0.731466 -1.414756 -0.339297
v -0.532570 -1.414756 -0.152181
v -0.532570 -1.414756 -0.451567
v -0.865211 -1.414756 -0.339297
v -0.332985 -1.414756 -0.339297
v -0.532570 -1.414756 0.446590
v -0.532570 -1.414756 0.147205
v -0.865211 -1.414756 0.259474
v -0.332985 -1.414756 0.259474
v 0.531881 -1.414756 0.446590
v 0.531881 -1.414756 0.147205
v 0.199240 -1.414756 0.259474
v 0.731466 -1.414756 0.259474
v -1.064796 -1.414756 0.296897
v -0.599098 -1.414756 -0.963605
v 0.598409 -1.414756 0.558860
v 1.064107 -1.414756 -0.376720
v -1.064796 -1.414756 -0.301874
v 0.465353 -1.414756 -0.963605
v -0.466042 -1.414756 0.558860
v 1.064107 -1.414756 0.222051
v -0.000344 -1.414756 0.296897
v -0.000344 -1.414756 -0.301874
v -0.599098 -1.414756 -0.039911
v 0.465353 -1.414756 -0.039911
v -1.064796 -1.414756 -0.002488
v -0.066873 -1.414756 -0.963605
v 0.066184 -1.414756 0.558860
v 1.064107 -1.414756 -0.077335
v -1.139377 -1.429036 -0.590734
v 0.997579 -1.414756 -0.963605
v -0.998268 -1.414756 0.558860
v 1.064107 -1.414756 0.521437
v -0.000344 -1.414756 -0.002488
v -0.000344 -1.414756 -0.601259
v -0.066873 -1.414756 -0.039911
v 0.997579 -1.414756 -0.039911
v 0.531881 -1.414756 -0.301874
v 0.531881 -1.414756 -0.601259
v 0.465353 -1.414756 -0.339297
v 0.997579 -1.414756 -0.339297
v -0.532570 -1.414756 -0.301874
v -0.532570 -1.414756 -0.601259
v -0.599098 -1.414756 -0.339297
v -0.066873 -1.414756 -0.339297
v -0.532570 -1.414756 0.296897
v -0.532570 -1.414756 -0.002488
v -0.599098 -1.414756 0.259474
v -0.066873 -1.414756 0.259474
v 0.531881 -1.414756 0.296897
v 0.531881 -1.414756 -0.002488
v 0.465353 -1.414756 0.259474
v 0.997579 -1.414756 0.259474
v 0.797994 -1.414756 0.147205
v 0.797994 -1.414756 -0.002488
v 0.731466 -1.414756 0.109781
v 0.997579 -1.414756 0.109781
v 0.265768 -1.414756 0.147205
v 0.265768 -1.414756 -0.002488
v 0.199240 -1.414756 0.109781
v 0.465353 -1.414756 0.109781
v 0.265768 -1.414756 0.446590
v 0.265768 -1.414756 0.296897
v 0.199240 -1.414756 0.409167
v 0.465353 -1.414756 0.409167
v -0.266457 -1.414756 0.147205
v -0.266457 -1.414756 -0.002488
v -0.332985 -1.414756 0.109781
v -0.066873 -1.414756 0.109781
v -0.798683 -1.414756 0.147205
v -0.798683 -1.414756 -0.002488
v -0.865211 -1.414756 0.109781
v -0.599098 -1.414756 0.109781
v -0.798683 -1.414756 0.446590
v -0.798683 -1.414756 0.296897
v -0.865211 -1.414756 0.409167
v -0.599098 -1.414756 0.409167
v -0.266457 -1.414756 -0.451567
v -0.266457 -1.414756 -0.601259
v -0.332985 -1.414756 -0.488990
v -0.066873 -1.414756 -0.488990
v -0.798683 -1.414756 -0.451567
v -0.798683 -1.414756 -0.601259
v -0.865211 -1.414756 -0.488990
v -0.599098 -1.414756 -0.488990
v -0.798683 -1.414756 -0.152181
v -0.798683 -1.414756 -0.301874
v -0.865211 -1.414756 -0.189604
v -0.599098 -1.414756 -0.189604
v 0.797994 -1.414756 -0.451567
v 0.797994 -1.414756 -0.601259
v 0.731466 -1.414756 -0.488990
v 0.997579 -1.414756 -0.488990
v 0.265768 -1.414756 -0.451567
v 0.265768 -1.414756 -0.601259
v 0.199240 -1.414756 -0.488990
v 0.465353 -1.414756 -0.488990
v 0.265768 -1.414756 -0.152181
v 0.265768 -1.414756 -0.301874
v 0.199240 -1.414756 -0.189604
v 0.465353 -1.414756 -0.189604
v 0.797994 -1.414756 -0.152181
v 0.797994 -1.414756 -0.301874
v 0.731466 -1.414756 -0.189604
v 0.997579 -1.414756 -0.189604
v -0.266457 -1.414756 -0.152181
v -0.266457 -1.414756 -0.301874
v -0.332985 -1.414756 -0.189604
v -0.066873 -1.414756 -0.189604
v -0.266457 -1.414756 0.446590
v -0.266457 -1.414756 0.296897
v -0.332985 -1.414756 0.409167
v -0.066873 -1.414756 0.409167
v 0.797994 -1.414756 0.446590
v 0.797994 -1.414756 0.296897
v 0.731466 -1.414756 0.409167
v 0.997579 -1.414756 0.409167
v 0.931051 -1.414756 0.371744
v 0.931051 -1.414756 0.296897
v 0.864522 -1.414756 0.334321
v 0.997579 -1.414756 0.334321
v 0.664938 -1.414756 0.371744
v 0.664938 -1.414756 0.296897
v 0.598409 -1.414756 0.334321
v 0.731466 -1.414756 0.334321
v 0.664938 -1.414756 0.521437
v 0.664938 -1.414756 0.446590
v 0.598409 -1.414756 0.484013
v 0.731466 -1.414756 0.484013
v -0.133401 -1.414756 0.371744
v -0.133401 -1.414756 0.296897
v -0.199929 -1.414756 0.334321
v -0.066873 -1.414756 0.334321
v -0.399514 -1.414756 0.371744
v -0.399514 -1.414756 0.296897
v -0.466042 -1.414756 0.334321
v -0.332985 -1.414756 0.334321
v -0.399514 -1.414756 0.521437
v -0.399514 -1.414756 0.446590
v -0.466042 -1.414756 0.484013
v -0.332985 -1.414756 0.484013
v -0.133401 -1.414756 -0.227027
v -0.133401 -1.414756 -0.301874
v -0.199929 -1.414756 -0.264451
v -0.066873 -1.414756 -0.264451
v -0.399514 -1.414756 -0.227027
v -0.399514 -1.414756 -0.301874
v -0.466042 -1.414756 -0.264451
v -0.332985 -1.414756 -0.264451
v -0.399514 -1.414756 -0.077335
v -0.399514 -1.414756 -0.152181
v -0.466042 -1.414756 -0.114758
v -0.332985 -1.414756 -0.114758
v 0.931051 -1.414756 -0.227027
v 0.931051 -1.414756 -0.301874
v 0.864522 -1.414756 -0.264451
v 0.997579 -1.414756 -0.264451
v 0.664938 -1.414756 -0.227027
v 0.664938 -1.414756 -0.301874
v 0.598409 -1.414756 -0.264451
v 0.731466 -1.414756 -0.264451
v 0.664938 -1.414756 -0.077335
v 0.664938 -1.414756 -0.152181
v 0.598409 -1.414756 -0.114758
v 0.731466 -1.414756 -0.114758
v 0.398825 -1.414756 -0.227027
v 0.398825 -1.414756 -0.301874
v 0.332297 -1.414756 -0.264451
v 0.465353 -1.414756 -0.264451
v 0.132712 -1.414756 -0.227027
v 0.132712 -1.414756 -0.301874
v 0.066184 -1.414756 -0.264451
v 0.199240 -1.414756 -0.264451
v 0.132712 -1.414756 -0.077335
v 0.132712 -1.414756 -0.152181
v 0.066184 -1.414756 -0.114758
v 0.199240 -1.414756 -0.114758
v 0.398825 -1.414756 -0.526413
v 0.398825 -1.414756 -0.601259
v 0.332297 -1.414756 -0.563836
v 0.465353 -1.414756 -0.563836
v 0.132712 -1.414756 -0.526413
v 0.132712 -1.414756 -0.601259
v 0.066184 -1.414756 -0.563836
v 0.199240 -1.414756 -0.563836
v 0.132712 -1.414756 -0.376720
v 0.132712 -1.414756 -0.451567
v 0.066184 -1.414756 -0.414143
v 0.199240 -1.414756 -0.414143
v 0.931051 -1.414756 -0.526413
v 0.931051 -1.414756 -0.601259
v 0.864522 -1.414756 -0.563836
v 0.997579 -1.414756 -0.563836
v 0.664938 -1.414756 -0.526413
v 0.664938 -1.414756 -0.601259
v 0.598409 -1.414756 -0.563836
v 0.731466 -1.414756 -0.563836
v 0.664938 -1.414756 -0.376720
v 0.664938 -1.414756 -0.451567
v 0.598409 -1.414756 -0.414143
v 0.731466 -1.414756 -0.414143
v -0.665627 -1.414756 -0.227027
v -0.665627 -1.414756 -0.301874
v -0.732155 -1.414756 -0.264451
v -0.599098 -1.414756 -0.264451
v -0.931739 -1.414756 -0.227027
v -0.931739 -1.414756 -0.301874
v -0.998268 -1.414756 -0.264451
v -0.865211 -1.414756 -0.264451
v -0.931739 -1.414756 -0.077335
v -0.931739 -1.414756 -0.152181
v -0.998268 -1.414756 -0.114758
v -0.865211 -1.414756 -0.114758
v -0.665627 -1.414756 -0.526413
v -0.665627 -1.414756 -0.601259
v -0.732155 -1.414756 -0.563836
v -0.599098 -1.414756 -0.563836
v -0.931739 -1.414756 -0.526413
v -0.931739 -1.414756 -0.601259
v -0.998268 -1.414756 -0.563836
v -0.865211 -1.414756 -0.563836
v -0.931739 -1.414756 -0.376720
v -0.931739 -1.414756 -0.451567
v -0.998268 -1.414756 -0.414143
v -0.865211 -1.414756 -0.414143
v -0.133401 -1.414756 -0.526413
v -0.133401 -1.414756 -0.601259
v -0.199929 -1.414756 -0.563836
v -0.066873 -1.414756 -0.563836
v -0.399514 -1.414756 -0.526413
v -0.399514 -1.414756 -0.601259
v -0.466042 -1.414756 -0.563836
v -0.332985 -1.414756 -0.563836
v -0.399514 -1.414756 -0.376720
v -0.399514 -1.414756 -0.451567
v -0.466042 -1.414756 -0.414143
v -0.332985 -1.414756 -0.414143
v -0.665627 -1.414756 0.371744
v -0.665627 -1.414756 0.296897
v -0.732155 -1.414756 0.334321
v -0.599098 -1.414756 0.334321
v -0.931739 -1.414756 0.371744
v -0.931739 -1.414756 0.296897
v -0.998268 -1.414756 0.334321
v -0.865211 -1.414756 0.334321
v -0.931739 -1.414756 0.521437
v -0.931739 -1.414756 0.446590
v -0.998268 -1.414756 0.484013
v -0.865211 -1.414756 0.484013
v -0.665627 -1.414756 0.072358
v -0.665627 -1.414756 -0.002488
v -0.732155 -1.414756 0.034935
v -0.599098 -1.414756 0.034935
v -0.931739 -1.414756 0.072358
v -0.931739 -1.414756 -0.002488
v -0.998268 -1.414756 0.034935
v -0.865211 -1.414756 0.034935
v -0.931739 -1.414756 0.222051
v -0.931739 -1.414756 0.147205
v -0.998268 -1.414756 0.184628
v -0.865211 -1.414756 0.184628
v -0.133401 -1.414756 0.072358
v -0.133401 -1.414756 -0.002488
v -0.199929 -1.414756 0.034935
v -0.066873 -1.414756 0.034935
v -0.399514 -1.414756 0.072358
v -0.399514 -1.414756 -0.002488
v -0.466042 -1.414756 0.034935
v -0.332985 -1.414756 0.034935
v -0.399514 -1.414756 0.222051
v -0.399514 -1.414756 0.147205
v -0.466042 -1.414756 0.184628
v -0.332985 -1.414756 0.184628
v 0.398825 -1.414756 0.371744
v 0.398825 -1.414756 0.296897
v 0.332297 -1.414756 0.334321
v 0.465353 -1.414756 0.334321
v 0.132712 -1.414756 0.371744
v 0.132712 -1.414756 0.296897
v 0.066184 -1.414756 0.334321
v 0.199240 -1.414756 0.334321
v 0.132712 -1.414756 0.521437
v 0.132712 -1.414756 0.446590
v 0.066184 -1.414756 0.484013
v 0.199240 -1.414756 0.484013
v 0.398825 -1.414756 0.072358
v 0.398825 -1.414756 -0.002488
v 0.332297 -1.414756 0.034935
v 0.465353 -1.414756 0.034935
v 0.132712 -1.414756 0.072358
v 0.132712 -1.414756 -0.002488
v 0.066184 -1.414756 0.034935
v 0.199240 -1.414756 0.034935
v 0.132712 -1.414756 0.222051
v 0.132712 -1.414756 0.147205
v 0.066184 -1.414756 0.184628
v 0.199240 -1.414756 0.184628
v 0.931051 -1.414756 0.072358
v 0.931051 -1.414756 -0.002488
v 0.864522 -1.414756 0.034935
v 0.997579 -1.414756 0.034935
v 0.664938 -1.414756 0.072358
v 0.664938 -1.414756 -0.002488
v 0.598409 -1.414756 0.034935
v 0.731466 -1.414756 0.034935
v 0.664938 -1.414756 0.222051
v 0.664938 -1.414756 0.147205
v 0.598409 -1.414756 0.184628
v 0.731466 -1.414756 0.184628
v 0.931051 -1.414756 0.222051
v 0.931051 -1.414756 0.147205
v 0.864522 -1.414756 0.184628
v 0.997579 -1.414756 0.184628
v 0.398825 -1.414756 0.222051
v 0.398825 -1.414756 0.147205
v 0.332297 -1.414756 0.184628
v 0.465353 -1.414756 0.184628
v 0.398825 -1.414756 0.521437
v 0.398825 -1.414756 0.446590
v 0.332297 -1.414756 0.484013
v 0.465353 -1.414756 0.484013
v -0.133401 -1.414756 0.222051
v -0.133401 -1.414756 0.147205
v -0.199929 -1.414756 0.184628
v -0.066873 -1.414756 0.184628
v -0.665627 -1.414756 0.222051
v -0.665627 -1.414756 0.147205
v -0.732155 -1.414756 0.184628
v -0.599098 -1.414756 0.184628
v -0.665627 -1.414756 0.521437
v -0.665627 -1.414756 0.446590
v -0.732155 -1.414756 0.484013
v -0.599098 -1.414756 0.484013
v -0.133401 -1.414756 -0.376720
v -0.133401 -1.414756 -0.451567
v -0.199929 -1.414756 -0.414143
v -0.066873 -1.414756 -0.414143
v -0.665627 -1.414756 -0.376720
v -0.665627 -1.414756 -0.451567
v -0.732155 -1.414756 -0.414143
v -0.599098 -1.414756 -0.414143
v -0.665627 -1.414756 -0.077335
v -0.665627 -1.414756 -0.152181
v -0.732155 -1.414756 -0.114758
v -0.599098 -1.414756 -0.114758
v 0.931051 -1.414756 -0.376720
v 0.931051 -1.414756 -0.451567
v 0.864522 -1.414756 -0.414143
v 0.997579 -1.414756 -0.414143
v 0.398825 -1.414756 -0.376720
v 0.398825 -1.414756 -0.451567
v 0.332297 -1.414756 -0.414143
v 0.465353 -1.414756 -0.414143
v 0.398825 -1.414756 -0.077335
v 0.398825 -1.414756 -0.152181
v 0.332297 -1.414756 -0.114758
v 0.465353 -1.414756 -0.114758
v 0.931051 -1.414756 -0.077335
v 0.931051 -1.414756 -0.152181
v 0.864522 -1.414756 -0.114758
v 0.997579 -1.414756 -0.114758
v -0.133401 -1.414756 -0.077335
v -0.133401 -1.414756 -0.152181
v -0.199929 -1.414756 -0.114758
v -0.066873 -1.414756 -0.114758
v -0.133401 -1.414756 0.521437
v -0.133401 -1.414756 0.446590
v -0.199929 -1.414756 0.484013
v -0.066873 -1.414756 0.484013
v 0.931051 -1.414756 0.521437
v 0.931051 -1.414756 0.446590
v 0.864522 -1.414756 0.484013
v 0.997579 -1.414756 0.484013
v 0.997579 -1.414756 0.446590
v 0.864522 -1.414756 0.446590
v 0.864522 -1.414756 0.521437
v -0.066873 -1.414756 0.446590
v -0.199929 -1.414756 0.446590
v -0.199929 -1.414756 0.521437
v -0.066873 -1.414756 -0.152181
v -0.199929 -1.414756 -0.152181
v -0.199929 -1.414756 -0.077335
v 0.997579 -1.414756 -0.152181
v 0.864522 -1.414756 -0.152181
v 0.864522 -1.414756 -0.077335
v 0.465353 -1.414756 -0.152181
v 0.332297 -1.414756 -0.152181
v 0.332297 -1.414756 -0.077335
v 0.465353 -1.414756 -0.451567
v 0.332297 -1.414756 -0.451567
v 0.332297 -1.414756 -0.376720
v 0.997579 -1.414756 -0.451567
v 0.864522 -1.414756 -0.451567
v 0.864522 -1.414756 -0.376720
v -0.599098 -1.414756 -0.152181
v -0.732155 -1.414756 -0.152181
v -0.732155 -1.414756 -0.077335
v -0.599098 -1.414756 -0.451567
v -0.732155 -1.414756 -0.451567
v -0.732155 -1.414756 -0.376720
v -0.066873 -1.414756 -0.451567
v -0.199929 -1.414756 -0.451567
v -0.199929 -1.414756 -0.376720
v -0.599098 -1.414756 0.446590
v -0.732155 -1.414756 0.446590
v -0.732155 -1.414756 0.521437
v -0.599098 -1.414756 0.147205
v -0.732155 -1.414756 0.147205
v -0.732155 -1.414756 0.222051
v -0.066873 -1.414756 0.147205
v -0.199929 -1.414756 0.147205
v -0.199929 -1.414756 0.222051
v 0.465353 -1.414756 0.446590
v 0.332297 -1.414756 0.446590
v 0.332297 -1.414756 0.521437
v 0.465353 -1.414756 0.147205
v 0.332297 -1.414756 0.147205
v 0.332297 -1.414756 0.222051
v 0.997579 -1.414756 0.147205
v 0.864522 -1.414756 0.147205
v 0.864522 -1.414756 0.222051
v 0.731466 -1.414756 0.147205
v 0.598409 -1.414756 0.147205
v 0.598409 -1.414756 0.222051
v 0.731466 -1.414756 -0.002488
v 0.598409 -1.414756 -0.002488
v 0.598409 -1.414756 0.072358
v 0.997579 -1.414756 -0.002488
v 0.864522 -1.414756 -0.002488
v 0.864522 -1.414756 0.072358
v 0.199240 -1.414756 0.147205
v 0.066184 -1.414756 0.147205
v 0.066184 -1.414756 0.222051
v 0.199240 -1.414756 -0.002488
v 0.066184 -1.414756 -0.002488
v 0.066184 -1.414756 0.072358
v 0.465353 -1.414756 -0.002488
v 0.332297 -1.414756 -0.002488
v 0.332297 -1.414756 0.072358
v 0.199240 -1.414756 0.446590
v 0.066184 -1.414756 0.446590
v 0.066184 -1.414756 0.521437
v 0.199240 -1.414756 0.296897
v 0.066184 -1.414756 0.296897
v 0.066184 -1.414756 0.371744
v 0.465353 -1.414756 0.296897
v 0.332297 -1.414756 0.296897
v 0.332297 -1.414756 0.371744
v -0.332985 -1.414756 0.147205
v -0.466042 -1.414756 0.147205
v -0.466042 -1.414756 0.222051
v -0.332985 -1.414756 -0.002488
v -0.466042 -1.414756 -0.002488
v -0.466042 -1.414756 0.072358
v -0.066873 -1.414756 -0.002488
v -0.199929 -1.414756 -0.002488
v -0.199929 -1.414756 0.072358
v -0.865211 -1.414756 0.147205
v -0.998268 -1.414756 0.147205
v -0.998268 -1.414756 0.222051
v -0.865211 -1.414756 -0.002488
v -0.998268 -1.414756 -0.002488
v -0.998268 -1.414756 0.072358
v -0.599098 -1.414756 -0.002488
v -0.732155 -1.414756 -0.002488
v -0.732155 -1.414756 0.072358
v -0.865211 -1.414756 0.446590
v -0.998268 -1.414756 0.446590
v -0.998268 -1.414756 0.521437
v -0.865211 -1.414756 0.296897
v -0.998268 -1.414756 0.296897
v -0.998268 -1.414756 0.371744
v -0.599098 -1.414756 0.296897
v -0.732155 -1.414756 0.296897
v -0.732155 -1.414756 0.371744
v -0.332985 -1.414756 -0.451567
v -0.466042 -1.414756 -0.451567
v -0.466042 -1.414756 -0.376720
v -0.332985 -1.414756 -0.601259
v -0.466042 -1.414756 -0.601259
v -0.466042 -1.414756 -0.526413
v -0.066873 -1.414756 -0.601259
v -0.199929 -1.414756 -0.601259
v -0.199929 -1.414756 -0.526413
v -0.865211 -1.414756 -0.451567
v -0.998268 -1.414756 -0.451567
v -0.998268 -1.414756 -0.376720
v -0.865211 -1.414756 -0.601259
v -0.998268 -1.414756 -0.601259
v -0.998268 -1.414756 -0.526413
v -0.599098 -1.414756 -0.601259
v -0.732155 -1.414756 -0.601259
v -0.732155 -1.414756 -0.526413
v -0.865211 -1.414756 -0.152181
v -0.998268 -1.414756 -0.152181
v -0.998268 -1.414756 -0.077335
v -0.865211 -1.414756 -0.301874
v -0.998268 -1.414756 -0.301874
v -0.998268 -1.414756 -0.227027
v -0.599098 -1.414756 -0.301874
v -0.732155 -1.414756 -0.301874
v -0.732155 -1.414756 -0.227027
v 0.731466 -1.414756 -0.451567
v 0.598409 -1.414756 -0.451567
v 0.598409 -1.414756 -0.376720
v 0.731466 -1.414756 -0.601259
v 0.598409 -1.414756 -0.601259
v 0.598409 -1.414756 -0.526413
v 0.997579 -1.414756 -0.601259
v 0.864522 -1.414756 -0.601259
v 0.864522 -1.414756 -0.526413
v 0.199240 -1.414756 -0.451567
v 0.066184 -1.414756 -0.451567
v 0.066184 -1.414756 -0.376720
v 0.199240 -1.414756 -0.601259
v 0.066184 -1.414756 -0.601259
v 0.066184 -1.414756 -0.526413
v 0.465353 -1.414756 -0.601259
v 0.332297 -1.414756 -0.601259
v 0.332297 -1.414756 -0.526413
v 0.199240 -1.414756 -0.152181
v 0.066184 -1.414756 -0.152181
v 0.066184 -1.414756 -0.077335
v 0.199240 -1.414756 -0.301874
v 0.066184 -1.414756 -0.301874
v 0.066184 -1.414756 -0.227027
v 0.465353 -1.414756 -0.301874
v 0.332297 -1.414756 -0.301874
v 0.332297 -1.414756 -0.227027
v 0.731466 -1.414756 -0.152181
v 0.598409 -1.414756 -0.152181
v 0.598409 -1.414756 -0.077335
v 0.731466 -1.414756 -0.301874
v 0.598409 -1.414756 -0.301874
v 0.598409 -1.414756 -0.227027
v 0.997579 -1.414756 -0.301874
v 0.864522 -1.414756 -0.301874
v 0.864522 -1.414756 -0.227027
v -0.332985 -1.414756 -0.152181
v -0.466042 -1.414756 -0.152181
v -0.466042 -1.414756 -0.077335
v -0.332985 -1.414756 -0.301874
v -0.466042 -1.414756 -0.301874
v -0.466042 -1.414756 -0.227027
v -0.066873 -1.414756 -0.301874
v -0.199929 -1.414756 -0.301874
v -0.199929 -1.414756 -0.227027
v -0.332985 -1.414756 0.446590
v -0.466042 -1.414756 0.446590
v -0.466042 -1.414756 0.521437
v -0.332985 -1.414756 0.296897
v -0.466042 -1.414756 0.296897
v -0.466042 -1.414756 0.371744
v -0.066873 -1.414756 0.296897
v -0.199929 -1.414756 0.296897
v -0.199929 -1.414756 0.371744
v 0.731466 -1.414756 0.446590
v 0.598409 -1.414756 0.446590
v 0.598409 -1.414756 0.521437
v 0.731466 -1.414756 0.296897
v 0.598409 -1.414756 0.296897
v 0.598409 -1.414756 0.371744
v 0.997579 -1.414756 0.296897
v 0.864522 -1.414756 0.296897
v 0.864522 -1.414756 0.371744
v 0.997579 -1.414756 0.371744
v 0.731466 -1.414756 0.371744
v 0.731466 -1.414756 0.521437
v -0.066873 -1.414756 0.371744
v -0.332985 -1.414756 0.371744
v -0.332985 -1.414756 0.521437
v -0.066873 -1.414756 -0.227027
v -0.332985 -1.414756 -0.227027
v -0.332985 -1.414756 -0.077335
v 0.997579 -1.414756 -0.227027
v 0.731466 -1.414756 -0.227027
v 0.731466 -1.414756 -0.077335
v 0.465353 -1.414756 -0.227027
v 0.199240 -1.414756 -0.227027
v 0.199240 -1.414756 -0.077335
v 0.465353 -1.414756 -0.526413
v 0.199240 -1.414756 -0.526413
v 0.199240 -1.414756 -0.376720
v 0.997579 -1.414756 -0.526413
v 0.731466 -1.414756 -0.526413
v 0.731466 -1.414756 -0.376720
v -0.599098 -1.414756 -0.227027
v -0.865211 -1.414756 -0.227027
v -0.865211 -1.414756 -0.077335
v -0.599098 -1.414756 -0.526413
v -0.865211 -1.414756 -0.526413
v -0.865211 -1.414756 -0.376720
v -0.066873 -1.414756 -0.526413
v -0.332985 -1.414756 -0.526413
v -0.332985 -1.414756 -0.376720
v -0.599098 -1.414756 0.371744
v -0.865211 -1.414756 0.371744
v -0.865211 -1.414756 0.521437
v -0.599098 -1.414756 0.072358
v -0.865211 -1.414756 0.072358
v -0.865211 -1.414756 0.222051
v -0.066873 -1.414756 0.072358
v -0.332985 -1.414756 0.072358
v -0.332985 -1.414756 0.222051
v 0.465353 -1.414756 0.371744
v 0.199240 -1.414756 0.371744
v 0.199240 -1.414756 0.521437
v 0.465353 -1.414756 0.072358
v 0.199240 -1.414756 0.072358
v 0.199240 -1.414756 0.222051
v 0.997579 -1.414756 0.072358
v 0.731466 -1.414756 0.072358
v 0.731466 -1.414756 0.222051
v 0.997579 -1.414756 0.222051
v 0.465353 -1.414756 0.222051
v 0.465353 -1.414756 0.521437
v -0.066873 -1.414756 0.222051
v -0.599098 -1.414756 0.222051
v -0.599098 -1.414756 0.521437
v -0.066873 -1.414756 -0.376720
v -0.599098 -1.414756 -0.376720
v -0.599098 -1.414756 -0.077335
v 0.997579 -1.414756 -0.376720
v 0.465353 -1.414756 -0.376720
v 0.465353 -1.414756 -0.077335
v 0.997579 -1.414756 -0.077335
v -0.066873 -1.414756 -0.077335
v -0.066873 -1.414756 0.521437
v 0.997579 -1.414756 0.521437
v 0.498617 -0.858266 -0.638677
v 0.232504 -0.858266 -0.638677
v 0.764730 -0.858266 -0.638677
v -0.565834 -0.858266 -0.638677
v -0.831947 -0.858266 -0.638677
v -0.033609 -0.858266 -0.638677
v -0.299721 -0.858266 -0.638677
v 0.365561 -0.858266 -0.638677
v 0.099448 -0.858266 -0.638677
v 0.631674 -0.858266 -0.638677
v -0.698891 -0.858266 -0.638677
v -0.166665 -0.858266 -0.638677
v -0.432778 -0.858266 -0.638677
v 0.764730 0.940748 -0.638677
v 0.631674 0.940748 -0.638677
v -0.299721 0.940748 -0.638677
v -0.432778 0.940748 -0.638677
v -0.831947 0.940748 -0.638677
v 0.232504 0.940748 -0.638677
v 0.099448 0.940748 -0.638677
v 0.498617 0.940748 -0.638677
v 0.365561 0.940748 -0.638677
v -0.565834 0.940748 -0.638677
v -0.698891 0.940748 -0.638677
v -0.033609 0.940748 -0.638677
v -0.166665 0.940748 -0.638677
v 0.432089 -0.858266 -0.638677
v 0.165976 -0.858266 -0.638677
v 0.698202 -0.858266 -0.638677
v -0.632362 -0.858266 -0.638677
v -0.100137 -0.858266 -0.638677
v -0.366250 -0.858266 -0.638677
v 0.299033 -0.858266 -0.638677
v 0.032920 -0.858266 -0.638677
v 0.831258 -0.858266 -0.638677
v 0.565145 -0.858266 -0.638677
v -0.765419 -0.858266 -0.638677
v -0.233193 -0.858266 -0.638677
v -0.499306 -0.858266 -0.638677
v 0.698202 0.940748 -0.638677
v 0.565145 0.940748 -0.638677
v -0.366250 0.940748 -0.638677
v -0.499306 0.940748 -0.638677
v 0.165976 0.940748 -0.638677
v 0.032920 0.940748 -0.638677
v 0.432089 0.940748 -0.638677
v 0.299033 0.940748 -0.638677
v -0.632362 0.940748 -0.638677
v -0.765419 0.940748 -0.638677
v -0.100137 0.940748 -0.638677
v -0.233193 0.940748 -0.638677
v 0.831258 0.940748 -0.638677
v 0.864522 0.836959 -0.638677
v 0.864522 0.906152 -0.638677
v 0.864522 -0.131741 -0.638677
v 0.864522 -0.062548 -0.638677
v 0.864522 -0.270127 -0.638677
v 0.864522 -0.200934 -0.638677
v 0.864522 -0.685284 -0.638677
v 0.864522 -0.616091 -0.638677
v 0.864522 -0.823669 -0.638677
v 0.864522 -0.754477 -0.638677
v 0.864522 0.421802 -0.638677
v 0.864522 0.490995 -0.638677
v 0.864522 0.283416 -0.638677
v 0.864522 0.352609 -0.638677
v 0.864522 0.145030 -0.638677
v 0.864522 0.214223 -0.638677
v 0.864522 0.006645 -0.638677
v 0.864522 0.075838 -0.638677
v -0.865211 -0.546898 -0.638677
v -0.865211 -0.477705 -0.638677
v -0.865211 -0.270127 -0.638677
v -0.865211 -0.200934 -0.638677
v -0.865211 -0.823669 -0.638677
v -0.865211 -0.754477 -0.638677
v -0.865211 0.560188 -0.638677
v -0.865211 0.629380 -0.638677
v -0.865211 0.836959 -0.638677
v -0.865211 0.906152 -0.638677
v -0.865211 0.006645 -0.638677
v -0.865211 0.075838 -0.638677
v -0.865211 0.283416 -0.638677
v -0.865211 0.352609 -0.638677
v 0.864522 -0.408512 -0.638677
v 0.864522 -0.339319 -0.638677
v 0.864522 -0.546898 -0.638677
v 0.864522 -0.477705 -0.638677
v 0.864522 0.698573 -0.638677
v 0.864522 0.767766 -0.638677
v 0.864522 0.560188 -0.638677
v 0.864522 0.629380 -0.638677
v -0.865211 0.421802 -0.638677
v -0.865211 0.490995 -0.638677
v -0.865211 0.145030 -0.638677
v -0.865211 0.214223 -0.638677
v -0.732155 0.940748 -0.407307
v -0.665627 0.940748 -0.407307
v -0.599098 0.940748 -0.407307
v -0.865211 0.940748 -0.407307
v -0.798683 0.940748 -0.407307
v -0.865211 0.698573 -0.638677
v -0.865211 0.767766 -0.638677
v -0.865211 0.871555 -0.407307
v 0.598409 0.940748 -0.407307
v 0.864522 -0.789073 -0.407307
v 0.664938 0.940748 -0.407307
v 0.731466 0.940748 -0.407307
v 0.864522 -0.650687 -0.407307
v 0.864522 -0.719880 -0.407307
v -0.865211 -0.235530 -0.407307
v -0.466042 -0.858266 -0.407307
v -0.865211 -0.685284 -0.638677
v -0.865211 -0.616091 -0.638677
v -0.199929 -0.858266 -0.407307
v -0.865211 -0.131741 -0.638677
v -0.865211 -0.062548 -0.638677
v -0.865211 0.802362 -0.407307
v -0.865211 -0.408512 -0.638677
v -0.865211 -0.339319 -0.638677
v -0.865211 0.733170 -0.407307
v -0.732155 -0.858266 -0.407307
v -0.865211 0.663977 -0.407307
v -0.865211 0.594784 -0.407307
v 0.864522 -0.512302 -0.407307
v 0.864522 -0.581494 -0.407307
v -0.865211 0.318013 -0.407307
v 0.797994 0.940748 -0.407307
v 0.864522 0.318013 -0.407307
v -0.532570 0.940748 -0.407307
v -0.466042 0.940748 -0.407307
v -0.865211 -0.512302 -0.407307
v -0.399514 0.940748 -0.407307
v -0.332985 0.940748 -0.407307
v 0.864522 -0.858266 -0.407307
v 0.598409 -0.858266 -0.407307
v 0.864522 -0.235530 -0.407307
v 0.864522 -0.304723 -0.407307
v 0.864522 -0.373916 -0.407307
v 0.864522 -0.443109 -0.407307
v 0.864522 0.456398 -0.407307
v 0.864522 0.387205 -0.407307
v -0.865211 -0.789073 -0.407307
v -0.865211 0.248820 -0.407307
v 0.066184 -0.858266 -0.407307
v -0.865211 0.179627 -0.407307
v 0.864522 -0.097144 -0.407307
v 0.864522 -0.166337 -0.407307
v 0.332297 -0.858266 -0.407307
v 0.864522 0.041241 -0.407307
v 0.864522 -0.027952 -0.407307
v -0.399514 -0.858266 -0.407307
v -0.865211 -0.304723 -0.407307
v -0.865211 0.525591 -0.407307
v -0.133401 -0.858266 -0.407307
v -0.266457 -0.858266 -0.407307
v -0.332985 -0.858266 -0.407307
v -0.865211 -0.443109 -0.407307
v -0.865211 -0.373916 -0.407307
v -0.865211 0.387205 -0.407307
v -0.865211 0.456398 -0.407307
v 0.864522 0.248820 -0.407307
v -0.000344 -0.858266 -0.407307
v -0.066873 -0.858266 -0.407307
v -0.865211 0.110434 -0.407307
v 0.864522 0.179627 -0.407307
v 0.864522 0.110434 -0.407307
v -0.266457 0.940748 -0.407307
v -0.199929 0.940748 -0.407307
v -0.865211 0.041241 -0.407307
v -0.865211 -0.027952 -0.407307
v -0.133401 0.940748 -0.407307
v -0.066873 0.940748 -0.407307
v -0.665627 -0.858266 -0.407307
v 0.864522 0.940748 -0.407307
v -0.798683 -0.858266 -0.407307
v -0.865211 -0.858266 -0.407307
v -0.865211 -0.166337 -0.407307
v -0.865211 -0.097144 -0.407307
v 0.864522 0.594784 -0.407307
v 0.864522 0.525591 -0.407307
v 0.864522 0.871555 -0.407307
v -0.532570 -0.858266 -0.407307
v -0.599098 -0.858266 -0.407307
v 0.332297 0.940748 -0.407307
v 0.864522 0.802362 -0.407307
v 0.398825 0.940748 -0.407307
v 0.465353 0.940748 -0.407307
v 0.531881 0.940748 -0.407307
v 0.864522 0.733170 -0.407307
v 0.864522 0.663977 -0.407307
v 0.664938 -0.858266 -0.407307
v 0.797994 -0.858266 -0.407307
v 0.731466 -0.858266 -0.407307
v 0.132712 -0.858266 -0.407307
v -0.865211 -0.581494 -0.407307
v 0.398825 -0.858266 -0.407307
v 0.265768 -0.858266 -0.407307
v 0.199240 -0.858266 -0.407307
v -0.865211 -0.719880 -0.407307
v -0.865211 -0.650687 -0.407307
v 0.531881 -0.858266 -0.407307
v 0.465353 -0.858266 -0.407307
v -0.000344 0.940748 -0.407307
v 0.066184 0.940748 -0.407307
v 0.132712 0.940748 -0.407307
v 0.199240 0.940748 -0.407307
v 0.265768 0.940748 -0.407307
v 0.498617 -0.858266 -0.175937
v 0.232504 -0.858266 -0.175937
v 0.764730 -0.858266 -0.175937
v -0.565834 -0.858266 -0.175937
v -0.831947 -0.858266 -0.175937
v -0.033609 -0.858266 -0.175937
v -0.299721 -0.858266 -0.175937
v 0.365561 -0.858266 -0.175937
v 0.099448 -0.858266 -0.175937
v 0.631674 -0.858266 -0.175937
v -0.698891 -0.858266 -0.175937
v -0.166665 -0.858266 -0.175937
v -0.432778 -0.858266 -0.175937
v 0.764730 0.940748 -0.175937
v 0.631674 0.940748 -0.175937
v -0.299721 0.940748 -0.175937
v -0.432778 0.940748 -0.175937
v -0.831947 0.940748 -0.175937
v 0.232504 0.940748 -0.175937
v 0.099448 0.940748 -0.175937
v 0.498617 0.940748 -0.175937
v 0.365561 0.940748 -0.175937
v -0.565834 0.940748 -0.175937
v -0.698891 0.940748 -0.175937
v -0.033609 0.940748 -0.175937
v -0.166665 0.940748 -0.175937
v 0.432089 -0.858266 -0.175937
v 0.165976 -0.858266 -0.175937
v 0.698202 -0.858266 -0.175937
v -0.632362 -0.858266 -0.175937
v -0.100137 -0.858266 -0.175937
v -0.366250 -0.858266 -0.175937
v 0.299033 -0.858266 -0.175937
v 0.032920 -0.858266 -0.175937
v 0.831258 -0.858266 -0.175937
v 0.565145 -0.858266 -0.175937
v -0.765419 -0.858266 -0.175937
v -0.233193 -0.858266 -0.175937
v -0.499306 -0.858266 -0.175937
v 0.698202 0.940748 -0.175937
v 0.565145 0.940748 -0.175937
v -0.366250 0.940748 -0.175937
v -0.499306 0.940748 -0.175937
v 0.165976 0.940748 -0.175937
v 0.032920 0.940748 -0.175937
v 0.432089 0.940748 -0.175937
v 0.299033 0.940748 -0.175937
v -0.632362 0.940748 -0.175937
v -0.765419 0.940748 -0.175937
v -0.100137 0.940748 -0.175937
v -0.233193 0.940748 -0.175937
v 0.831258 0.940748 -0.175937
v 0.864522 0.836959 -0.175937
v 0.864522 0.906152 -0.175937
v 0.864522 -0.131741 -0.175937
v 0.864522 -0.062548 -0.175937
v 0.864522 -0.270127 -0.175937
v 0.864522 -0.200934 -0.175937
v 0.864522 -0.685284 -0.175937
v 0.864522 -0.616091 -0.175937
v 0.864522 -0.823669 -0.175937
v 0.864522 -0.754477 -0.175937
v 0.864522 0.421802 -0.175937
v 0.864522 0.490995 -0.175937
v 0.864522 0.283416 -0.175937
v 0.864522 0.352609 -0.175937
v 0.864522 0.145030 -0.175937
v 0.864522 0.214223 -0.175937
v 0.864522 0.006645 -0.175937
v 0.864522 0.075838 -0.175937
v -0.865211 -0.546898 -0.175937
v -0.865211 -0.477705 -0.175937
v -0.865211 -0.270127 -0.175937
v -0.865211 -0.200934 -0.175937
v -0.865211 -0.823669 -0.175937
v -0.865211 -0.754477 -0.175937
v -0.865211 0.560188 -0.175937
v -0.865211 0.629380 -0.175937
v -0.865211 0.836959 -0.175937
v -0.865211 0.906152 -0.175937
v -0.865211 0.006645 -0.175937
v -0.865211 0.075838 -0.175937
v -0.865211 0.283416 -0.175937
v -0.865211 0.352609 -0.175937
v 0.864522 -0.408512 -0.175937
v 0.864522 -0.339319 -0.175937
v 0.864522 -0.546898 -0.175937
v 0.864522 -0.477705 -0.175937
v 0.864522 0.698573 -0.175937
v 0.864522 0.767766 -0.175937
v 0.864522 0.560188 -0.175937
v 0.864522 0.629380 -0.175937
v -0.865211 0.421802 -0.175937
v -0.865211 0.490995 -0.175937
v -0.865211 0.145030 -0.175937
v -0.865211 0.214223 -0.175937
v -0.865211 0.698573 -0.175937
v -0.865211 0.767766 -0.175937
v -0.865211 -0.685284 -0.175937
v -0.865211 -0.616091 -0.175937
v -0.865211 -0.131741 -0.175937
v -0.865211 -0.062548 -0.175937
v -0.865211 -0.408512 -0.175937
v -0.865211 -0.339319 -0.175937
v 0.232504 0.940748 -0.407307
v 0.099448 0.940748 -0.407307
v 0.165976 0.940748 -0.407307
v 0.032920 0.940748 -0.407307
v 0.498617 -0.858266 -0.407307
v -0.865211 -0.685284 -0.407307
v 0.232504 -0.858266 -0.407307
v 0.432089 -0.858266 -0.407307
v -0.865211 -0.616091 -0.407307
v 0.165976 -0.858266 -0.407307
v 0.764730 -0.858266 -0.407307
v 0.698202 -0.858266 -0.407307
v 0.864522 0.698573 -0.407307
v 0.498617 0.940748 -0.407307
v 0.432089 0.940748 -0.407307
v 0.864522 0.767766 -0.407307
v 0.365561 0.940748 -0.407307
v 0.299033 0.940748 -0.407307
v -0.565834 -0.858266 -0.407307
v 0.864522 0.836959 -0.407307
v 0.864522 0.560188 -0.407307
v -0.865211 -0.131741 -0.407307
v -0.831947 -0.858266 -0.407307
v 0.864522 0.906152 -0.407307
v -0.632362 -0.858266 -0.407307
v 0.864522 0.629380 -0.407307
v -0.100137 0.940748 -0.407307
v -0.865211 -0.062548 -0.407307
v -0.865211 0.006645 -0.407307
v -0.033609 0.940748 -0.407307
v -0.233193 0.940748 -0.407307
v 0.864522 0.145030 -0.407307
v -0.166665 0.940748 -0.407307
v -0.865211 0.075838 -0.407307
v -0.033609 -0.858266 -0.407307
v 0.864522 0.214223 -0.407307
v -0.865211 0.421802 -0.407307
v -0.865211 -0.408512 -0.407307
v -0.299721 -0.858266 -0.407307
v -0.100137 -0.858266 -0.407307
v -0.865211 0.490995 -0.407307
v -0.865211 -0.339319 -0.407307
v -0.366250 -0.858266 -0.407307
v 0.864522 0.006645 -0.407307
v 0.365561 -0.858266 -0.407307
v 0.864522 -0.131741 -0.407307
v 0.864522 0.075838 -0.407307
v -0.865211 0.145030 -0.407307
v 0.099448 -0.858266 -0.407307
v 0.299033 -0.858266 -0.407307
v 0.864522 -0.062548 -0.407307
v -0.865211 0.214223 -0.407307
v -0.865211 -0.823669 -0.407307
v 0.032920 -0.858266 -0.407307
v 0.864522 0.421802 -0.407307
v -0.865211 -0.754477 -0.407307
v 0.864522 0.490995 -0.407307
v 0.864522 -0.408512 -0.407307
v 0.864522 -0.270127 -0.407307
v 0.864522 -0.339319 -0.407307
v 0.631674 -0.858266 -0.407307
v 0.831258 -0.858266 -0.407307
v -0.366250 0.940748 -0.407307
v 0.864522 -0.200934 -0.407307
v -0.865211 -0.546898 -0.407307
v 0.565145 -0.858266 -0.407307
v -0.499306 0.940748 -0.407307
v -0.865211 -0.477705 -0.407307
v 0.864522 0.283416 -0.407307
v 0.831258 0.940748 -0.407307
v -0.865211 0.283416 -0.407307
v 0.864522 0.352609 -0.407307
v -0.299721 0.940748 -0.407307
v 0.864522 -0.546898 -0.407307
v -0.865211 0.352609 -0.407307
v -0.432778 0.940748 -0.407307
v 0.864522 -0.477705 -0.407307
v -0.865211 0.560188 -0.407307
v -0.865211 0.629380 -0.407307
v -0.698891 -0.858266 -0.407307
v -0.865211 0.698573 -0.407307
v -0.765419 -0.858266 -0.407307
v -0.865211 0.767766 -0.407307
v -0.166665 -0.858266 -0.407307
v -0.432778 -0.858266 -0.407307
v -0.233193 -0.858266 -0.407307
v -0.865211 -0.270127 -0.407307
v 0.864522 -0.685284 -0.407307
v -0.499306 -0.858266 -0.407307
v -0.865211 -0.200934 -0.407307
v 0.864522 -0.616091 -0.407307
v 0.698202 0.940748 -0.407307
v 0.864522 -0.823669 -0.407307
v 0.565145 0.940748 -0.407307
v -0.865211 0.836959 -0.407307
v 0.864522 -0.754477 -0.407307
v 0.764730 0.940748 -0.407307
v -0.831947 0.940748 -0.407307
v -0.865211 0.906152 -0.407307
v 0.631674 0.940748 -0.407307
v -0.632362 0.940748 -0.407307
v -0.565834 0.940748 -0.407307
v -0.765419 0.940748 -0.407307
v -0.698891 0.940748 -0.407307
v -0.765419 0.940748 0.558860
v -0.632362 0.940748 0.558860
v 0.299033 0.940748 0.558860
v 0.432089 0.940748 0.558860
v 0.831258 0.940748 0.558860
v 0.299033 -0.719880 0.558860
v 0.432089 -0.719880 0.558860
v 0.831258 -0.719880 0.558860
v -0.765419 -0.719880 0.558860
v -0.632362 -0.719880 0.558860
v -0.233193 -0.719880 0.558860
v -0.100137 -0.719880 0.558860
v -0.233193 0.940748 0.558860
v -0.100137 0.940748 0.558860
v -0.499306 0.940748 0.558860
v -0.366250 0.940748 0.558860
v -0.499306 -0.719880 0.558860
v -0.366250 -0.719880 0.558860
v 0.565145 -0.719880 0.558860
v 0.698202 -0.719880 0.558860
v 0.032920 -0.719880 0.558860
v 0.165976 -0.719880 0.558860
v 0.565145 0.940748 0.558860
v 0.698202 0.940748 0.558860
v 0.032920 0.940748 0.558860
v 0.165976 0.940748 0.558860
v -0.698891 0.940748 0.558860
v -0.565834 0.940748 0.558860
v 0.365561 0.940748 0.558860
v 0.498617 0.940748 0.558860
v 0.365561 -0.719880 0.558860
v 0.498617 -0.719880 0.558860
v -0.698891 -0.719880 0.558860
v -0.565834 -0.719880 0.558860
v -0.166665 -0.719880 0.558860
v -0.033609 -0.719880 0.558860
v -0.166665 0.940748 0.558860
v -0.033609 0.940748 0.558860
v -0.432778 0.940748 0.558860
v -0.299721 0.940748 0.558860
v -0.432778 -0.719880 0.558860
v -0.299721 -0.719880 0.558860
v -0.831947 -0.719880 0.558860
v 0.631674 -0.719880 0.558860
v 0.764730 -0.719880 0.558860
v 0.099448 -0.719880 0.558860
v 0.232504 -0.719880 0.558860
v 0.631674 0.940748 0.558860
v 0.764730 0.940748 0.558860
v 0.099448 0.940748 0.558860
v 0.232504 0.940748 0.558860
v -0.831947 0.940748 0.558860
v -0.865211 0.836959 0.558860
v -0.865211 0.991073 0.558860
v -0.865211 -0.131741 0.558860
v -0.865211 -0.062548 0.558860
v -0.865211 -0.270127 0.558860
v -0.865211 -0.200934 0.558860
v -0.865211 -0.685284 0.558860
v -0.865211 -0.616091 0.558860
v -0.865211 0.421802 0.558860
v -0.865211 0.490995 0.558860
v -0.865211 0.283416 0.558860
v -0.865211 0.352609 0.558860
v -0.865211 0.145030 0.558860
v -0.865211 0.214223 0.558860
v -0.865211 0.006645 0.558860
v -0.865211 0.075838 0.558860
v 0.864522 -0.546898 0.558860
v 0.864522 -0.477705 0.558860
v 0.864522 -0.270127 0.558860
v 0.864522 -0.200934 0.558860
v 0.864522 0.560188 0.558860
v 0.864522 0.629380 0.558860
v 0.864522 0.836959 0.558860
v 0.864522 0.906152 0.558860
v 0.864522 0.006645 0.558860
v 0.864522 0.075838 0.558860
v 0.864522 0.283416 0.558860
v 0.864522 0.352609 0.558860
v -0.865211 -0.408512 0.558860
v -0.865211 -0.339319 0.558860
v -0.865211 -0.546898 0.558860
v -0.865211 -0.477705 0.558860
v -0.865211 0.698573 0.558860
v -0.865211 0.767766 0.558860
v -0.865211 0.560188 0.558860
v -0.865211 0.629380 0.558860
v 0.864522 0.421802 0.558860
v 0.864522 0.490995 0.558860
v 0.864522 0.145030 0.558860
v 0.864522 0.214223 0.558860
v 0.864522 0.871555 0.238943
v 0.864522 0.698573 0.558860
v 0.864522 0.767766 0.558860
v 0.864522 0.179627 0.238943
v 0.864522 -0.235530 0.238943
v 0.864522 -0.304723 0.238943
v 0.864522 0.940748 0.238943
v 0.864522 -0.373916 0.238943
v 0.864522 0.456398 0.238943
v -0.798683 -0.719880 0.238943
v 0.864522 -0.166337 0.238943
v 0.864522 -0.097144 0.238943
v 0.864522 -0.685284 0.558860
v 0.864522 -0.616091 0.558860
v 0.864522 0.525591 0.238943
v 0.864522 -0.131741 0.558860
v 0.864522 -0.062548 0.558860
v 0.864522 0.594784 0.238943
v 0.864522 -0.408512 0.558860
v 0.864522 -0.339319 0.558860
v -0.266457 -0.719880 0.238943
v 0.132712 -0.719880 0.238943
v 0.199240 -0.719880 0.238943
v 0.864522 0.387205 0.238943
v 0.066184 -0.719880 0.238943
v 0.864522 0.248820 0.238943
v 0.864522 0.318013 0.238943
v 0.864522 -0.443109 0.238943
v -0.865211 -0.512302 0.238943
v -0.599098 0.940748 0.238943
v -0.665627 0.940748 0.238943
v 0.864522 -0.512302 0.238943
v -0.732155 0.940748 0.238943
v -0.798683 0.940748 0.238943
v 0.664938 -0.719880 0.238943
v 0.731466 -0.719880 0.238943
v 0.598409 -0.719880 0.238943
v -0.865211 -0.373916 0.238943
v -0.865211 -0.443109 0.238943
v -0.865211 0.594784 0.238943
v 0.864522 -0.581494 0.238943
v 0.864522 -0.650687 0.238943
v -0.000344 0.940748 0.238943
v -0.865211 0.733170 0.238943
v -0.865211 0.663977 0.238943
v 0.864522 0.110434 0.238943
v 0.864522 -0.027952 0.238943
v 0.864522 0.041241 0.238943
v 0.531881 -0.719880 0.238943
v 0.531881 0.940748 0.238943
v -0.399514 -0.719880 0.238943
v -0.332985 -0.719880 0.238943
v -0.466042 -0.719880 0.238943
v 0.465353 0.940748 0.238943
v 0.398825 0.940748 0.238943
v -0.066873 -0.719880 0.238943
v -0.000344 -0.719880 0.238943
v 0.332297 0.940748 0.238943
v -0.332985 0.940748 0.238943
v -0.399514 0.940748 0.238943
v -0.199929 -0.719880 0.238943
v -0.133401 -0.719880 0.238943
v -0.865211 -0.581494 0.238943
v -0.466042 0.940748 0.238943
v -0.532570 0.940748 0.238943
v 0.797994 -0.719880 0.238943
v 0.864522 -0.719880 0.238943
v -0.865211 -0.650687 0.238943
v -0.865211 -0.719880 0.238943
v -0.865211 0.318013 0.238943
v 0.265768 0.940748 0.238943
v 0.199240 0.940748 0.238943
v -0.865211 0.940748 0.238943
v 0.132712 0.940748 0.238943
v 0.066184 0.940748 0.238943
v -0.865211 0.525591 0.238943
v -0.865211 0.871555 0.238943
v -0.865211 0.802362 0.238943
v -0.865211 0.456398 0.238943
v -0.865211 0.387205 0.238943
v -0.865211 -0.235530 0.238943
v -0.865211 -0.304723 0.238943
v -0.865211 0.041241 0.238943
v -0.066873 0.940748 0.238943
v -0.133401 0.940748 0.238943
v -0.199929 0.940748 0.238943
v -0.266457 0.940748 0.238943
v 0.864522 0.802362 0.238943
v -0.865211 -0.027952 0.238943
v -0.865211 0.248820 0.238943
v 0.864522 0.663977 0.238943
v 0.864522 0.733170 0.238943
v -0.599098 -0.719880 0.238943
v -0.532570 -0.719880 0.238943
v -0.865211 -0.097144 0.238943
v -0.865211 -0.166337 0.238943
v -0.865211 0.179627 0.238943
v -0.865211 0.110434 0.238943
v -0.732155 -0.719880 0.238943
v -0.665627 -0.719880 0.238943
v 0.797994 0.940748 0.238943
v 0.731466 0.940748 0.238943
v 0.398825 -0.719880 0.238943
v 0.465353 -0.719880 0.238943
v 0.664938 0.940748 0.238943
v 0.598409 0.940748 0.238943
v 0.265768 -0.719880 0.238943
v 0.332297 -0.719880 0.238943
v 0.831258 -0.027952 -0.080974
v 0.831258 0.525591 -0.080974
v 0.831258 -0.581494 -0.080974
v 0.831258 -0.304723 -0.080974
v 0.831258 0.802362 -0.080974
v 0.831258 0.248820 -0.080974
v -0.000344 -0.685284 -0.080974
v 0.531881 -0.685284 -0.080974
v -0.532570 -0.685284 -0.080974
v -0.266457 -0.685284 -0.080974
v -0.798683 -0.685284 -0.080974
v 0.797994 -0.685284 -0.080974
v 0.265768 -0.685284 -0.080974
v -0.765419 0.940748 -0.080974
v -0.632362 0.940748 -0.080974
v 0.299033 0.940748 -0.080974
v 0.432089 0.940748 -0.080974
v 0.831258 0.387205 -0.080974
v 0.831258 0.110434 -0.080974
v 0.831258 0.940748 -0.080974
v 0.831258 0.663977 -0.080974
v 0.299033 -0.719880 -0.080974
v 0.432089 -0.719880 -0.080974
v 0.398825 -0.685284 -0.080974
v 0.831258 -0.719880 -0.080974
v 0.831258 -0.166337 -0.080974
v 0.831258 -0.443109 -0.080974
v -0.765419 -0.719880 -0.080974
v -0.632362 -0.719880 -0.080974
v -0.665627 -0.685284 -0.080974
v -0.233193 -0.719880 -0.080974
v -0.100137 -0.719880 -0.080974
v -0.133401 -0.685284 -0.080974
v -0.233193 0.940748 -0.080974
v -0.100137 0.940748 -0.080974
v -0.499306 0.940748 -0.080974
v -0.366250 0.940748 -0.080974
v -0.499306 -0.719880 -0.080974
v -0.366250 -0.719880 -0.080974
v -0.399514 -0.685284 -0.080974
v 0.565145 -0.719880 -0.080974
v 0.698202 -0.719880 -0.080974
v 0.664938 -0.685284 -0.080974
v 0.032920 -0.719880 -0.080974
v 0.165976 -0.719880 -0.080974
v 0.132712 -0.685284 -0.080974
v 0.565145 0.940748 -0.080974
v 0.698202 0.940748 -0.080974
v 0.032920 0.940748 -0.080974
v 0.165976 0.940748 -0.080974
v -0.000344 0.906152 -0.080974
v 0.531881 0.906152 -0.080974
v -0.532570 0.906152 -0.080974
v -0.266457 0.906152 -0.080974
v 0.797994 0.906152 -0.080974
v 0.265768 0.906152 -0.080974
v -0.798683 0.906152 -0.080974
v -0.831947 -0.027952 -0.080974
v -0.831947 -0.581494 -0.080974
v -0.831947 0.525591 -0.080974
v -0.831947 0.248820 -0.080974
v -0.831947 -0.304723 -0.080974
v -0.831947 0.802362 -0.080974
v -0.698891 0.940748 -0.080974
v -0.565834 0.940748 -0.080974
v -0.665627 0.906152 -0.080974
v -0.831947 0.663977 -0.080974
v -0.831947 -0.443109 -0.080974
v 0.365561 0.940748 -0.080974
v 0.498617 0.940748 -0.080974
v 0.398825 0.906152 -0.080974
v 0.365561 -0.719880 -0.080974
v 0.498617 -0.719880 -0.080974
v -0.698891 -0.719880 -0.080974
v -0.565834 -0.719880 -0.080974
v -0.166665 -0.719880 -0.080974
v -0.033609 -0.719880 -0.080974
v -0.831947 0.110434 -0.080974
v -0.166665 0.940748 -0.080974
v -0.033609 0.940748 -0.080974
v -0.133401 0.906152 -0.080974
v -0.432778 0.940748 -0.080974
v -0.299721 0.940748 -0.080974
v -0.399514 0.906152 -0.080974
v -0.831947 0.387205 -0.080974
v -0.432778 -0.719880 -0.080974
v -0.299721 -0.719880 -0.080974
v -0.831947 -0.719880 -0.080974
v 0.631674 -0.719880 -0.080974
v 0.764730 -0.719880 -0.080974
v 0.099448 -0.719880 -0.080974
v 0.232504 -0.719880 -0.080974
v 0.631674 0.940748 -0.080974
v 0.764730 0.940748 -0.080974
v 0.664938 0.906152 -0.080974
v 0.099448 0.940748 -0.080974
v 0.232504 0.940748 -0.080974
v 0.132712 0.906152 -0.080974
v -0.831947 -0.166337 -0.080974
v -0.831947 0.940748 -0.080974
v -0.831947 0.871555 -0.080974
v -0.865211 0.836959 -0.080974
v -0.865211 0.906152 -0.080974
v -0.831947 -0.097144 -0.080974
v -0.865211 -0.131741 -0.080974
v -0.865211 -0.062548 -0.080974
v -0.831947 -0.235530 -0.080974
v -0.865211 -0.270127 -0.080974
v -0.865211 -0.200934 -0.080974
v 0.199240 0.906152 -0.080974
v 0.066184 0.906152 -0.080974
v 0.731466 0.906152 -0.080974
v 0.598409 0.906152 -0.080974
v 0.199240 -0.685284 -0.080974
v 0.731466 -0.685284 -0.080974
v -0.831947 -0.650687 -0.080974
v -0.865211 -0.685284 -0.080974
v -0.865211 -0.616091 -0.080974
v -0.332985 -0.685284 -0.080974
v -0.831947 0.456398 -0.080974
v -0.865211 0.421802 -0.080974
v -0.865211 0.490995 -0.080974
v -0.831947 0.318013 -0.080974
v -0.865211 0.283416 -0.080974
v -0.865211 0.352609 -0.080974
v -0.332985 0.906152 -0.080974
v -0.466042 0.906152 -0.080974
v -0.066873 0.906152 -0.080974
v -0.199929 0.906152 -0.080974
v -0.831947 0.179627 -0.080974
v -0.865211 0.145030 -0.080974
v -0.865211 0.214223 -0.080974
v -0.831947 0.041241 -0.080974
v -0.865211 0.006645 -0.080974
v -0.865211 0.075838 -0.080974
v -0.066873 -0.685284 -0.080974
v -0.599098 -0.685284 -0.080974
v 0.831258 -0.512302 -0.080974
v 0.864522 -0.546898 -0.080974
v 0.864522 -0.477705 -0.080974
v 0.831258 -0.235530 -0.080974
v 0.864522 -0.270127 -0.080974
v 0.864522 -0.200934 -0.080974
v 0.465353 -0.685284 -0.080974
v 0.831258 0.594784 -0.080974
v 0.864522 0.560188 -0.080974
v 0.864522 0.629380 -0.080974
v 0.831258 0.871555 -0.080974
v 0.864522 0.836959 -0.080974
v 0.864522 0.906152 -0.080974
v 0.831258 0.041241 -0.080974
v 0.864522 0.006645 -0.080974
v 0.864522 0.075838 -0.080974
v 0.831258 0.318013 -0.080974
v 0.864522 0.283416 -0.080974
v 0.864522 0.352609 -0.080974
v 0.465353 0.906152 -0.080974
v 0.332297 0.906152 -0.080974
v -0.831947 -0.373916 -0.080974
v -0.865211 -0.408512 -0.080974
v -0.865211 -0.339319 -0.080974
v -0.831947 -0.512302 -0.080974
v -0.865211 -0.546898 -0.080974
v -0.865211 -0.477705 -0.080974
v -0.831947 0.733170 -0.080974
v -0.865211 0.698573 -0.080974
v -0.865211 0.767766 -0.080974
v -0.831947 0.594784 -0.080974
v -0.865211 0.560188 -0.080974
v -0.865211 0.629380 -0.080974
v -0.599098 0.906152 -0.080974
v -0.732155 0.906152 -0.080974
v 0.831258 0.456398 -0.080974
v 0.864522 0.421802 -0.080974
v 0.864522 0.490995 -0.080974
v 0.831258 0.179627 -0.080974
v 0.864522 0.145030 -0.080974
v 0.864522 0.214223 -0.080974
v 0.831258 0.733170 -0.080974
v 0.864522 0.698573 -0.080974
v 0.864522 0.767766 -0.080974
v 0.332297 -0.685284 -0.080974
v 0.831258 -0.650687 -0.080974
v 0.864522 -0.685284 -0.080974
v 0.864522 -0.616091 -0.080974
v 0.831258 -0.097144 -0.080974
v 0.864522 -0.131741 -0.080974
v 0.864522 -0.062548 -0.080974
v 0.831258 -0.373916 -0.080974
v 0.864522 -0.408512 -0.080974
v 0.864522 -0.339319 -0.080974
v -0.732155 -0.685284 -0.080974
v -0.199929 -0.685284 -0.080974
v -0.466042 -0.685284 -0.080974
v 0.598409 -0.685284 -0.080974
v 0.066184 -0.685284 -0.080974
v 0.099448 -0.685284 -0.080974
v 0.032920 -0.685284 -0.080974
v 0.631674 -0.685284 -0.080974
v 0.565145 -0.685284 -0.080974
v -0.432778 -0.685284 -0.080974
v -0.499306 -0.685284 -0.080974
v -0.166665 -0.685284 -0.080974
v -0.233193 -0.685284 -0.080974
v -0.698891 -0.685284 -0.080974
v -0.765419 -0.685284 -0.080974
v 0.831258 -0.408512 -0.080974
v 0.831258 -0.131741 -0.080974
v 0.831258 -0.685284 -0.080974
v 0.365561 -0.685284 -0.080974
v 0.299033 -0.685284 -0.080974
v 0.831258 0.698573 -0.080974
v 0.831258 0.145030 -0.080974
v 0.831258 0.421802 -0.080974
v -0.698891 0.906152 -0.080974
v -0.565834 0.906152 -0.080974
v -0.831947 0.629380 -0.080974
v -0.831947 0.560188 -0.080974
v -0.831947 0.767766 -0.080974
v -0.831947 0.698573 -0.080974
v -0.831947 -0.477705 -0.080974
v -0.831947 -0.546898 -0.080974
v -0.831947 -0.339319 -0.080974
v -0.831947 -0.408512 -0.080974
v 0.365561 0.906152 -0.080974
v 0.498617 0.906152 -0.080974
v 0.831258 0.283416 -0.080974
v 0.831258 0.006645 -0.080974
v 0.831258 0.836959 -0.080974
v 0.831258 0.560188 -0.080974
v 0.498617 -0.685284 -0.080974
v 0.432089 -0.685284 -0.080974
v 0.831258 -0.270127 -0.080974
v 0.831258 -0.546898 -0.080974
v -0.565834 -0.685284 -0.080974
v -0.632362 -0.685284 -0.080974
v -0.033609 -0.685284 -0.080974
v -0.100137 -0.685284 -0.080974
v -0.831947 0.075838 -0.080974
v -0.831947 0.006645 -0.080974
v -0.831947 0.214223 -0.080974
v -0.831947 0.145030 -0.080974
v -0.166665 0.906152 -0.080974
v -0.033609 0.906152 -0.080974
v -0.432778 0.906152 -0.080974
v -0.299721 0.906152 -0.080974
v -0.831947 0.352609 -0.080974
v -0.831947 0.283416 -0.080974
v -0.831947 0.490995 -0.080974
v -0.831947 0.421802 -0.080974
v -0.299721 -0.685284 -0.080974
v -0.366250 -0.685284 -0.080974
v -0.831947 -0.616091 -0.080974
v -0.831947 -0.685284 -0.080974
v 0.764730 -0.685284 -0.080974
v 0.698202 -0.685284 -0.080974
v 0.232504 -0.685284 -0.080974
v 0.165976 -0.685284 -0.080974
v 0.631674 0.906152 -0.080974
v 0.764730 0.906152 -0.080974
v 0.099448 0.906152 -0.080974
v 0.232504 0.906152 -0.080974
v -0.831947 -0.200934 -0.080974
v -0.831947 -0.270127 -0.080974
v -0.831947 -0.062548 -0.080974
v -0.831947 -0.131741 -0.080974
v -0.831947 0.906152 -0.080974
v -0.831947 0.836959 -0.080974
v 0.165976 0.906152 -0.080974
v 0.032920 0.906152 -0.080974
v 0.698202 0.906152 -0.080974
v 0.565145 0.906152 -0.080974
v -0.366250 0.906152 -0.080974
v -0.499306 0.906152 -0.080974
v -0.100137 0.906152 -0.080974
v -0.233193 0.906152 -0.080974
v 0.831258 -0.477705 -0.080974
v 0.831258 -0.200934 -0.080974
v 0.831258 0.629380 -0.080974
v 0.831258 0.906152 -0.080974
v 0.831258 0.075838 -0.080974
v 0.831258 0.352609 -0.080974
v 0.432089 0.906152 -0.080974
v 0.299033 0.906152 -0.080974
v -0.632362 0.906152 -0.080974
v -0.765419 0.906152 -0.080974
v 0.831258 0.490995 -0.080974
v 0.831258 0.214223 -0.080974
v 0.831258 0.767766 -0.080974
v 0.831258 -0.616091 -0.080974
v 0.831258 -0.062548 -0.080974
v 0.831258 -0.339319 -0.080974
v 0.299033 -0.719880 0.238943
v 0.631674 0.940748 0.238943
v 0.432089 -0.719880 0.238943
v 0.764730 0.940748 0.238943
v -0.698891 -0.719880 0.238943
v -0.865211 0.145030 0.238943
v -0.865211 -0.131741 0.238943
v -0.565834 -0.719880 0.238943
v 0.864522 0.698573 0.238943
v -0.865211 0.214223 0.238943
v -0.865211 -0.062548 0.238943
v 0.864522 0.767766 0.238943
v -0.233193 0.940748 0.238943
v -0.100137 0.940748 0.238943
v -0.865211 0.006645 0.238943
v -0.865211 -0.270127 0.238943
v -0.865211 0.421802 0.238943
v -0.865211 0.075838 0.238943
v -0.865211 -0.200934 0.238943
v -0.865211 0.836959 0.238943
v -0.865211 0.490995 0.238943
v 0.099448 0.940748 0.238943
v -0.865211 0.906152 0.238943
v 0.232504 0.940748 0.238943
v -0.865211 0.283416 0.238943
v -0.865211 -0.685284 0.238943
v 0.831258 -0.719880 0.238943
v -0.865211 0.352609 0.238943
v -0.499306 0.940748 0.238943
v -0.865211 -0.616091 0.238943
v -0.166665 -0.719880 0.238943
v -0.366250 0.940748 0.238943
v 0.299033 0.940748 0.238943
v -0.033609 -0.719880 0.238943
v 0.432089 0.940748 0.238943
v -0.499306 -0.719880 0.238943
v -0.366250 -0.719880 0.238943
v 0.365561 0.940748 0.238943
v 0.365561 -0.719880 0.238943
v 0.498617 0.940748 0.238943
v 0.498617 -0.719880 0.238943
v 0.864522 0.006645 0.238943
v 0.864522 0.075838 0.238943
v -0.865211 0.698573 0.238943
v -0.166665 0.940748 0.238943
v -0.865211 0.767766 0.238943
v -0.033609 0.940748 0.238943
v 0.864522 -0.685284 0.238943
v 0.864522 -0.616091 0.238943
v -0.865211 0.560188 0.238943
v -0.865211 -0.408512 0.238943
v -0.865211 0.629380 0.238943
v -0.865211 -0.339319 0.238943
v 0.565145 -0.719880 0.238943
v 0.698202 -0.719880 0.238943
v -0.765419 0.940748 0.238943
v 0.864522 -0.546898 0.238943
v -0.432778 0.940748 0.238943
v -0.632362 0.940748 0.238943
v -0.865211 -0.546898 0.238943
v 0.864522 -0.477705 0.238943
v -0.299721 0.940748 0.238943
v -0.865211 -0.477705 0.238943
v 0.864522 0.283416 0.238943
v 0.032920 -0.719880 0.238943
v 0.864522 0.352609 0.238943
v -0.432778 -0.719880 0.238943
v 0.165976 -0.719880 0.238943
v -0.299721 -0.719880 0.238943
v 0.864522 0.560188 0.238943
v -0.831947 0.940748 0.238943
v 0.864522 -0.131741 0.238943
v 0.864522 0.629380 0.238943
v 0.565145 0.940748 0.238943
v 0.864522 -0.062548 0.238943
v 0.698202 0.940748 0.238943
v -0.765419 -0.719880 0.238943
v -0.831947 -0.719880 0.238943
v -0.632362 -0.719880 0.238943
v 0.864522 0.421802 0.238943
v 0.864522 -0.408512 0.238943
v 0.864522 0.490995 0.238943
v 0.831258 0.940748 0.238943
v 0.864522 -0.339319 0.238943
v 0.864522 -0.270127 0.238943
v 0.864522 -0.200934 0.238943
v 0.864522 0.145030 0.238943
v 0.864522 0.214223 0.238943
v 0.032920 0.940748 0.238943
v 0.631674 -0.719880 0.238943
v 0.165976 0.940748 0.238943
v 0.764730 -0.719880 0.238943
v -0.698891 0.940748 0.238943
v 0.864522 0.836959 0.238943
v -0.565834 0.940748 0.238943
v 0.864522 0.906152 0.238943
v 0.099448 -0.719880 0.238943
v -0.233193 -0.719880 0.238943
v 0.232504 -0.719880 0.238943
v -0.100137 -0.719880 0.238943
v -1.031532 -1.181281 -0.917649
v 0.032920 -1.181281 -0.917649
v -0.499306 -1.181281 -0.917649
v 0.565145 -1.181281 -0.917649
v -0.765419 -1.181281 -0.917649
v 0.299033 -1.181281 -0.917649
v -0.233193 -1.181281 -0.917649
v 0.831258 -1.181281 -0.917649
v -0.898475 -1.181281 -0.917649
v 0.165976 -1.181281 -0.917649
v -0.366250 -1.181281 -0.917649
v 0.698202 -1.181281 -0.917649
v -0.632362 -1.181281 -0.917649
v 0.432089 -1.181281 -0.917649
v -0.100137 -1.181281 -0.917649
v 0.964315 -1.181281 -0.917649
v -0.965003 -1.181281 -0.917649
v 0.099448 -1.181281 -0.917649
v -0.432778 -1.181281 -0.917649
v 0.631674 -1.181281 -0.917649
v -0.698891 -1.181281 -0.917649
v 0.365561 -1.181281 -0.917649
v -0.166665 -1.181281 -0.917649
v 0.897786 -1.181281 -0.917649
v -0.831947 -1.181281 -0.917649
v 0.232504 -1.181281 -0.917649
v -0.299721 -1.181281 -0.917649
v 0.764730 -1.181281 -0.917649
v -0.565834 -1.181281 -0.917649
v 0.498617 -1.181281 -0.917649
v -0.033609 -1.181281 -0.917649
v 1.030843 -1.181281 -0.917649
v -0.399514 -1.274896 -0.963605
v -0.133401 -1.274896 -0.963605
v -0.332985 -1.274896 -0.963605
v 1.138688 -1.279378 -0.978467
v -0.066873 -1.274896 -0.963605
v -0.000344 -1.274896 -0.963605
v 0.797994 -1.274896 -0.963605
v -0.798683 -1.274896 -0.963605
v -1.139377 -1.279378 -0.978467
v 0.332297 -1.274896 -0.963605
v 0.066184 -1.274896 -0.963605
v -0.532570 -1.274896 -0.963605
v -0.466042 -1.274896 -0.963605
v -0.266457 -1.274896 -0.963605
v -0.199929 -1.274896 -0.963605
v 0.398825 -1.274896 -0.963605
v 0.132712 -1.274896 -0.963605
v 0.598409 -1.274896 -0.963605
v 0.864522 -1.274896 -0.963605
v -0.732155 -1.274896 -0.963605
v 0.199240 -1.274896 -0.963605
v 0.265768 -1.274896 -0.963605
v -0.998268 -1.274896 -0.963605
v 0.664938 -1.274896 -0.963605
v 0.731466 -1.274896 -0.963605
v 0.931051 -1.274896 -0.963605
v 0.997579 -1.274896 -0.963605
v -0.665627 -1.274896 -0.963605
v -0.599098 -1.274896 -0.963605
v 0.465353 -1.274896 -0.963605
v 0.531881 -1.274896 -0.963605
v -0.931739 -1.274896 -0.963605
v -0.865211 -1.274896 -0.963605
v -1.031532 -1.414756 -0.963605
v 0.032920 -1.414756 -0.963605
v -0.499306 -1.414756 -0.963605
v 0.565145 -1.414756 -0.963605
v -0.765419 -1.414756 -0.963605
v 0.299033 -1.414756 -0.963605
v -0.233193 -1.414756 -0.963605
v 0.831258 -1.414756 -0.963605
v -0.898475 -1.414756 -0.963605
v 0.165976 -1.414756 -0.963605
v -0.366250 -1.414756 -0.963605
v 0.698202 -1.414756 -0.963605
v -0.632362 -1.414756 -0.963605
v 0.432089 -1.414756 -0.963605
v -0.100137 -1.414756 -0.963605
v 0.964315 -1.414756 -0.963605
v -0.965003 -1.414756 -0.963605
v 0.099448 -1.414756 -0.963605
v -0.432778 -1.414756 -0.963605
v 0.631674 -1.414756 -0.963605
v -0.698891 -1.414756 -0.963605
v 0.365561 -1.414756 -0.963605
v -0.166665 -1.414756 -0.963605
v 0.897786 -1.414756 -0.963605
v -0.831947 -1.414756 -0.963605
v 0.232504 -1.414756 -0.963605
v -0.299721 -1.414756 -0.963605
v 0.764730 -1.414756 -0.963605
v -0.565834 -1.414756 -0.963605
v 0.498617 -1.414756 -0.963605
v -0.033609 -1.414756 -0.963605
v 1.030843 -1.414756 -0.963605
v -0.898475 -1.274896 -0.963605
v 0.498617 -1.274896 -0.963605
v -0.632362 -1.274896 -0.963605
v 0.964315 -1.274896 -0.963605
v 0.698202 -1.274896 -0.963605
v -0.965003 -1.274896 -0.963605
v 0.232504 -1.274896 -0.963605
v -0.698891 -1.274896 -0.963605
v 0.897786 -1.274896 -0.963605
v 0.631674 -1.274896 -0.963605
v 0.165976 -1.274896 -0.963605
v 0.432089 -1.274896 -0.963605
v -0.233193 -1.274896 -0.963605
v -0.499306 -1.274896 -0.963605
v 0.099448 -1.274896 -0.963605
v 0.365561 -1.274896 -0.963605
v -1.031532 -1.274896 -0.963605
v -0.765419 -1.274896 -0.963605
v 0.831258 -1.274896 -0.963605
v 0.565145 -1.274896 -0.963605
v -0.033609 -1.274896 -0.963605
v -0.299721 -1.274896 -0.963605
v 0.032920 -1.274896 -0.963605
v 0.299033 -1.274896 -0.963605
v -0.565834 -1.274896 -0.963605
v 1.030843 -1.274896 -0.963605
v -0.100137 -1.274896 -0.963605
v -0.366250 -1.274896 -0.963605
v -0.831947 -1.274896 -0.963605
v 0.764730 -1.274896 -0.963605
v -0.166665 -1.274896 -0.963605
v -0.432778 -1.274896 -0.963605
v 1.138688 -1.117441 -0.780035
v -1.139377 -1.117441 -0.780035
v 1.138688 -1.154461 -0.760012
v -1.139377 -1.154461 -0.760012
v 1.138688 -1.055678 -0.610756
v 1.138688 -1.092699 -0.590734
v -1.139377 -1.055678 -0.610756
v -1.139377 -1.092699 -0.590734
v 1.138688 -1.229290 -0.953879
v -1.139377 -1.229290 -0.953879
v 1.138688 -1.279378 -0.590734
v -1.139377 -1.279378 -0.590734
v 1.138688 -1.429036 -0.784600
v -1.139377 -1.429036 -0.784600
v 1.138688 -1.354207 -0.978467
v -1.139377 -1.354207 -0.978467
v -1.139377 -1.105070 -0.685384
v 1.138688 -1.105070 -0.685384
vn -0.0000 1.0000 -0.0000
vn -0.0000 -0.0000 1.0000
vn -1.0000 -0.0000 -0.0000
vn 1.0000 -0.0000 -0.0000
vn -0.0000 -0.0000 -1.0000
vn -0.0000 0.0001 -1.0000
vn 0.4923 0.8704 -0.0000
vn 0.7872 0.6167 -0.0000
vn -0.0001 -0.0000 -1.0000
vn -0.0000 0.9352 -0.3541
vn -0.6206 0.7841 -0.0000
vn 0.5700 0.3909 0.7227
vn 0.0399 -0.0383 -0.9985
vn -0.0000 -0.0001 -1.0000
vn 0.9186 0.3951 -0.0000
vn -0.0000 0.9240 -0.3824
vn -0.0453 0.9221 -0.3842
vn 0.0001 -0.0000 -1.0000
vn 0.0453 0.9221 -0.3842
vn -0.0399 -0.0383 -0.9985
vn 0.3393 -0.0000 0.9407
vn 0.6206 0.7841 -0.0000
vn -0.3393 -0.0000 0.9407
vn -0.5700 0.3909 0.7227
vn -0.0000 0.8335 -0.5525
vn -0.3493 0.9370 -0.0000
vn -0.0000 0.8335 0.5525
vn 0.2083 0.9781 -0.0000
vn -0.0000 -1.0000 -0.0000
vn 0.1041 0.9772 -0.1850
vn -0.1742 0.9347 0.3098
vn -0.1742 0.9347 -0.3098
vn -0.1365 -0.0000 -0.9906
vn -0.0747 -0.9883 0.1328
vn 0.0747 -0.9883 0.1328
vn 0.1012 -0.9949 -0.0045
vn -0.1012 -0.9949 -0.0045
vn -0.0000 0.4812 -0.8766
vn -0.0000 -0.9601 0.2797
vn -0.0000 0.4407 -0.8977
vn 0.1365 -0.0000 -0.9906
vn 0.1048 0.4382 -0.8927
vn -0.1048 0.4382 -0.8927
vt 0.867188 0.742188
vt 0.875000 0.742188
vt 0.875000 0.750000
vt 0.867188 0.750000
vt 0.617188 0.992188
vt 0.625000 0.992188
vt 0.625000 1.000000
vt 0.617188 1.000000
vt 0.617188 0.242188
vt 0.625000 0.242188
vt 0.625000 0.250000
vt 0.617188 0.250000
vt 0.617188 0.742188
vt 0.625000 0.742188
vt 0.625000 0.750000
vt 0.617188 0.750000
vt 0.617188 0.492188
vt 0.625000 0.492188
vt 0.625000 0.500000
vt 0.617188 0.500000
vt 0.492188 0.492188
vt 0.500000 0.492188
vt 0.500000 0.500000
vt 0.492188 0.500000
vt 0.617188 0.367188
vt 0.625000 0.367188
vt 0.625000 0.375000
vt 0.617188 0.375000
vt 0.492188 0.742188
vt 0.500000 0.742188
vt 0.500000 0.750000
vt 0.492188 0.750000
vt 0.492188 0.617188
vt 0.500000 0.617188
vt 0.500000 0.625000
vt 0.492188 0.625000
vt 0.617188 0.617188
vt 0.625000 0.617188
vt 0.625000 0.625000
vt 0.617188 0.625000
vt 0.492188 0.242188
vt 0.500000 0.242188
vt 0.500000 0.250000
vt 0.492188 0.250000
vt 0.492188 0.117188
vt 0.500000 0.117188
vt 0.500000 0.125000
vt 0.492188 0.125000
vt 0.617188 0.117188
vt 0.625000 0.117188
vt 0.625000 0.125000
vt 0.617188 0.125000
vt 0.492188 0.992188
vt 0.500000 0.992188
vt 0.500000 1.000000
vt 0.492188 1.000000
vt 0.617188 0.867188
vt 0.625000 0.867188
vt 0.625000 0.875000
vt 0.617188 0.875000
vt 0.742188 0.742188
vt 0.750000 0.742188
vt 0.750000 0.750000
vt 0.742188 0.750000
vt 0.742188 0.617188
vt 0.750000 0.617188
vt 0.750000 0.625000
vt 0.742188 0.625000
vt 0.867188 0.617188
vt 0.875000 0.617188
vt 0.875000 0.625000
vt 0.867188 0.625000
vt 0.804688 0.617188
vt 0.812500 0.617188
vt 0.812500 0.625000
vt 0.804688 0.625000
vt 0.804688 0.554688
vt 0.812500 0.554688
vt 0.812500 0.562500
vt 0.804688 0.562500
vt 0.867188 0.554688
vt 0.875000 0.554688
vt 0.875000 0.562500
vt 0.867188 0.562500
vt 0.679688 0.617188
vt 0.687500 0.617188
vt 0.687500 0.625000
vt 0.679688 0.625000
vt 0.679688 0.554688
vt 0.687500 0.554688
vt 0.687500 0.562500
vt 0.679688 0.562500
vt 0.742188 0.554688
vt 0.750000 0.554688
vt 0.750000 0.562500
vt 0.742188 0.562500
vt 0.679688 0.742188
vt 0.687500 0.742188
vt 0.687500 0.750000
vt 0.679688 0.750000
vt 0.679688 0.679688
vt 0.687500 0.679688
vt 0.687500 0.687500
vt 0.679688 0.687500
vt 0.742188 0.679688
vt 0.750000 0.679688
vt 0.750000 0.687500
vt 0.742188 0.687500
vt 0.617188 0.804688
vt 0.625000 0.804688
vt 0.625000 0.812500
vt 0.617188 0.812500
vt 0.429688 0.992188
vt 0.437500 0.992188
vt 0.437500 1.000000
vt 0.429688 1.000000
vt 0.554688 0.117188
vt 0.562500 0.117188
vt 0.562500 0.125000
vt 0.554688 0.125000
vt 0.554688 0.054688
vt 0.562500 0.054688
vt 0.562500 0.062500
vt 0.554688 0.062500
vt 0.617188 0.054688
vt 0.625000 0.054688
vt 0.625000 0.062500
vt 0.617188 0.062500
vt 0.429688 0.117188
vt 0.437500 0.117188
vt 0.437500 0.125000
vt 0.429688 0.125000
vt 0.429688 0.054688
vt 0.437500 0.054688
vt 0.437500 0.062500
vt 0.429688 0.062500
vt 0.492188 0.054688
vt 0.500000 0.054688
vt 0.500000 0.062500
vt 0.492188 0.062500
vt 0.429688 0.242188
vt 0.437500 0.242188
vt 0.437500 0.250000
vt 0.429688 0.250000
vt 0.429688 0.179688
vt 0.437500 0.179688
vt 0.437500 0.187500
vt 0.429688 0.187500
vt 0.492188 0.179688
vt 0.500000 0.179688
vt 0.500000 0.187500
vt 0.492188 0.187500
vt 0.554688 0.617188
vt 0.562500 0.617188
vt 0.562500 0.625000
vt 0.554688 0.625000
vt 0.554688 0.554688
vt 0.562500 0.554688
vt 0.562500 0.562500
vt 0.554688 0.562500
vt 0.617188 0.554688
vt 0.625000 0.554688
vt 0.625000 0.562500
vt 0.617188 0.562500
vt 0.429688 0.617188
vt 0.437500 0.617188
vt 0.437500 0.625000
vt 0.429688 0.625000
vt 0.429688 0.554688
vt 0.437500 0.554688
vt 0.437500 0.562500
vt 0.429688 0.562500
vt 0.492188 0.554688
vt 0.500000 0.554688
vt 0.500000 0.562500
vt 0.492188 0.562500
vt 0.429688 0.742188
vt 0.437500 0.742188
vt 0.437500 0.750000
vt 0.429688 0.750000
vt 0.429688 0.679688
vt 0.437500 0.679688
vt 0.437500 0.687500
vt 0.429688 0.687500
vt 0.492188 0.679688
vt 0.500000 0.679688
vt 0.500000 0.687500
vt 0.492188 0.687500
vt 0.617188 0.304688
vt 0.625000 0.304688
vt 0.625000 0.312500
vt 0.617188 0.312500
vt 0.429688 0.492188
vt 0.437500 0.492188
vt 0.437500 0.500000
vt 0.429688 0.500000
vt 0.554688 0.492188
vt 0.562500 0.492188
vt 0.562500 0.500000
vt 0.554688 0.500000
vt 0.617188 0.429688
vt 0.625000 0.429688
vt 0.625000 0.437500
vt 0.617188 0.437500
vt 0.554688 0.742188
vt 0.562500 0.742188
vt 0.562500 0.750000
vt 0.554688 0.750000
vt 0.554688 0.679688
vt 0.562500 0.679688
vt 0.562500 0.687500
vt 0.554688 0.687500
vt 0.617188 0.679688
vt 0.625000 0.679688
vt 0.625000 0.687500
vt 0.617188 0.687500
vt 0.554688 0.242188
vt 0.562500 0.242188
vt 0.562500 0.250000
vt 0.554688 0.250000
vt 0.554688 0.179688
vt 0.562500 0.179688
vt 0.562500 0.187500
vt 0.554688 0.187500
vt 0.617188 0.179688
vt 0.625000 0.179688
vt 0.625000 0.187500
vt 0.617188 0.187500
vt 0.554688 0.992188
vt 0.562500 0.992188
vt 0.562500 1.000000
vt 0.554688 1.000000
vt 0.617188 0.929688
vt 0.625000 0.929688
vt 0.625000 0.937500
vt 0.617188 0.937500
vt 0.804688 0.742188
vt 0.812500 0.742188
vt 0.812500 0.750000
vt 0.804688 0.750000
vt 0.804688 0.679688
vt 0.812500 0.679688
vt 0.812500 0.687500
vt 0.804688 0.687500
vt 0.867188 0.679688
vt 0.875000 0.679688
vt 0.875000 0.687500
vt 0.867188 0.687500
vt 0.835938 0.679688
vt 0.843750 0.679688
vt 0.843750 0.687500
vt 0.835938 0.687500
vt 0.835938 0.648438
vt 0.843750 0.648438
vt 0.843750 0.656250
vt 0.835938 0.656250
vt 0.867188 0.648438
vt 0.875000 0.648438
vt 0.875000 0.656250
vt 0.867188 0.656250
vt 0.773438 0.679688
vt 0.781250 0.679688
vt 0.781250 0.687500
vt 0.773438 0.687500
vt 0.773438 0.648438
vt 0.781250 0.648438
vt 0.781250 0.656250
vt 0.773438 0.656250
vt 0.804688 0.648438
vt 0.812500 0.648438
vt 0.812500 0.656250
vt 0.804688 0.656250
vt 0.773438 0.742188
vt 0.781250 0.742188
vt 0.781250 0.750000
vt 0.773438 0.750000
vt 0.773438 0.710938
vt 0.781250 0.710938
vt 0.781250 0.718750
vt 0.773438 0.718750
vt 0.804688 0.710938
vt 0.812500 0.710938
vt 0.812500 0.718750
vt 0.804688 0.718750
vt 0.617188 0.898438
vt 0.625000 0.898438
vt 0.625000 0.906250
vt 0.617188 0.906250
vt 0.523438 0.992188
vt 0.531250 0.992188
vt 0.531250 1.000000
vt 0.523438 1.000000
vt 0.585938 0.179688
vt 0.593750 0.179688
vt 0.593750 0.187500
vt 0.585938 0.187500
vt 0.585938 0.148438
vt 0.593750 0.148438
vt 0.593750 0.156250
vt 0.585938 0.156250
vt 0.617188 0.148438
vt 0.625000 0.148438
vt 0.625000 0.156250
vt 0.617188 0.156250
vt 0.523438 0.179688
vt 0.531250 0.179688
vt 0.531250 0.187500
vt 0.523438 0.187500
vt 0.523438 0.148438
vt 0.531250 0.148438
vt 0.531250 0.156250
vt 0.523438 0.156250
vt 0.554688 0.148438
vt 0.562500 0.148438
vt 0.562500 0.156250
vt 0.554688 0.156250
vt 0.523438 0.242188
vt 0.531250 0.242188
vt 0.531250 0.250000
vt 0.523438 0.250000
vt 0.523438 0.210938
vt 0.531250 0.210938
vt 0.531250 0.218750
vt 0.523438 0.218750
vt 0.554688 0.210938
vt 0.562500 0.210938
vt 0.562500 0.218750
vt 0.554688 0.218750
vt 0.585938 0.679688
vt 0.593750 0.679688
vt 0.593750 0.687500
vt 0.585938 0.687500
vt 0.585938 0.648438
vt 0.593750 0.648438
vt 0.593750 0.656250
vt 0.585938 0.656250
vt 0.617188 0.648438
vt 0.625000 0.648438
vt 0.625000 0.656250
vt 0.617188 0.656250
vt 0.523438 0.679688
vt 0.531250 0.679688
vt 0.531250 0.687500
vt 0.523438 0.687500
vt 0.523438 0.648438
vt 0.531250 0.648438
vt 0.531250 0.656250
vt 0.523438 0.656250
vt 0.554688 0.648438
vt 0.562500 0.648438
vt 0.562500 0.656250
vt 0.554688 0.656250
vt 0.523438 0.742188
vt 0.531250 0.742188
vt 0.531250 0.750000
vt 0.523438 0.750000
vt 0.523438 0.710938
vt 0.531250 0.710938
vt 0.531250 0.718750
vt 0.523438 0.718750
vt 0.554688 0.710938
vt 0.562500 0.710938
vt 0.562500 0.718750
vt 0.554688 0.718750
vt 0.617188 0.398438
vt 0.625000 0.398438
vt 0.625000 0.406250
vt 0.617188 0.406250
vt 0.523438 0.492188
vt 0.531250 0.492188
vt 0.531250 0.500000
vt 0.523438 0.500000
vt 0.398438 0.429688
vt 0.406250 0.429688
vt 0.406250 0.433594
vt 0.406250 0.437500
vt 0.398438 0.437500
vt 0.398438 0.398438
vt 0.406250 0.398438
vt 0.406250 0.402344
vt 0.406250 0.406250
vt 0.398438 0.406250
vt 0.398438 0.492188
vt 0.406250 0.492188
vt 0.406250 0.500000
vt 0.398438 0.500000
vt 0.398438 0.460938
vt 0.406250 0.460938
vt 0.406250 0.464844
vt 0.406250 0.468750
vt 0.398438 0.468750
vt 0.398438 0.304688
vt 0.406250 0.304688
vt 0.406250 0.308594
vt 0.406250 0.312500
vt 0.398438 0.312500
vt 0.398438 0.273438
vt 0.406250 0.273438
vt 0.406250 0.277344
vt 0.406250 0.281250
vt 0.398438 0.281250
vt 0.398438 0.367188
vt 0.406250 0.367188
vt 0.406250 0.371094
vt 0.406250 0.375000
vt 0.398438 0.375000
vt 0.398438 0.335938
vt 0.406250 0.335938
vt 0.406250 0.339844
vt 0.406250 0.343750
vt 0.398438 0.343750
vt 0.617188 0.273438
vt 0.625000 0.273438
vt 0.625000 0.281250
vt 0.617188 0.281250
vt 0.460938 0.679688
vt 0.468750 0.679688
vt 0.468750 0.687500
vt 0.460938 0.687500
vt 0.460938 0.648438
vt 0.468750 0.648438
vt 0.468750 0.656250
vt 0.460938 0.656250
vt 0.492188 0.648438
vt 0.500000 0.648438
vt 0.500000 0.656250
vt 0.492188 0.656250
vt 0.398438 0.679688
vt 0.406250 0.679688
vt 0.406250 0.687500
vt 0.398438 0.687500
vt 0.398438 0.648438
vt 0.406250 0.648438
vt 0.406250 0.656250
vt 0.398438 0.656250
vt 0.429688 0.648438
vt 0.437500 0.648438
vt 0.437500 0.656250
vt 0.429688 0.656250
vt 0.398438 0.742188
vt 0.406250 0.742188
vt 0.406250 0.750000
vt 0.398438 0.750000
vt 0.398438 0.710938
vt 0.406250 0.710938
vt 0.406250 0.718750
vt 0.398438 0.718750
vt 0.429688 0.710938
vt 0.437500 0.710938
vt 0.437500 0.718750
vt 0.429688 0.718750
vt 0.460938 0.554688
vt 0.468750 0.554688
vt 0.468750 0.562500
vt 0.460938 0.562500
vt 0.460938 0.523438
vt 0.468750 0.523438
vt 0.468750 0.531250
vt 0.460938 0.531250
vt 0.492188 0.523438
vt 0.500000 0.523438
vt 0.500000 0.531250
vt 0.492188 0.531250
vt 0.398438 0.554688
vt 0.406250 0.554688
vt 0.406250 0.562500
vt 0.398438 0.562500
vt 0.398438 0.523438
vt 0.406250 0.523438
vt 0.406250 0.531250
vt 0.398438 0.531250
vt 0.429688 0.523438
vt 0.437500 0.523438
vt 0.437500 0.531250
vt 0.429688 0.531250
vt 0.398438 0.617188
vt 0.406250 0.617188
vt 0.406250 0.625000
vt 0.398438 0.625000
vt 0.398438 0.585938
vt 0.406250 0.585938
vt 0.406250 0.593750
vt 0.398438 0.593750
vt 0.429688 0.585938
vt 0.437500 0.585938
vt 0.437500 0.593750
vt 0.429688 0.593750
vt 0.585938 0.554688
vt 0.593750 0.554688
vt 0.593750 0.562500
vt 0.585938 0.562500
vt 0.585938 0.523438
vt 0.593750 0.523438
vt 0.593750 0.531250
vt 0.585938 0.531250
vt 0.617188 0.523438
vt 0.625000 0.523438
vt 0.625000 0.531250
vt 0.617188 0.531250
vt 0.523438 0.554688
vt 0.531250 0.554688
vt 0.531250 0.562500
vt 0.523438 0.562500
vt 0.523438 0.523438
vt 0.531250 0.523438
vt 0.531250 0.531250
vt 0.523438 0.531250
vt 0.554688 0.523438
vt 0.562500 0.523438
vt 0.562500 0.531250
vt 0.554688 0.531250
vt 0.523438 0.617188
vt 0.531250 0.617188
vt 0.531250 0.625000
vt 0.523438 0.625000
vt 0.523438 0.585938
vt 0.531250 0.585938
vt 0.531250 0.593750
vt 0.523438 0.593750
vt 0.554688 0.585938
vt 0.562500 0.585938
vt 0.562500 0.593750
vt 0.554688 0.593750
vt 0.460938 0.179688
vt 0.468750 0.179688
vt 0.468750 0.187500
vt 0.460938 0.187500
vt 0.460938 0.148438
vt 0.468750 0.148438
vt 0.468750 0.156250
vt 0.460938 0.156250
vt 0.492188 0.148438
vt 0.500000 0.148438
vt 0.500000 0.156250
vt 0.492188 0.156250
vt 0.398438 0.179688
vt 0.406250 0.179688
vt 0.406250 0.187500
vt 0.398438 0.187500
vt 0.398438 0.148438
vt 0.406250 0.148438
vt 0.406250 0.156250
vt 0.398438 0.156250
vt 0.429688 0.148438
vt 0.437500 0.148438
vt 0.437500 0.156250
vt 0.429688 0.156250
vt 0.398438 0.242188
vt 0.406250 0.242188
vt 0.406250 0.250000
vt 0.398438 0.250000
vt 0.398438 0.210938
vt 0.406250 0.210938
vt 0.406250 0.218750
vt 0.398438 0.218750
vt 0.429688 0.210938
vt 0.437500 0.210938
vt 0.437500 0.218750
vt 0.429688 0.218750
vt 0.460938 0.054688
vt 0.468750 0.054688
vt 0.468750 0.062500
vt 0.460938 0.062500
vt 0.460938 0.023438
vt 0.468750 0.023438
vt 0.468750 0.031250
vt 0.460938 0.031250
vt 0.492188 0.023438
vt 0.500000 0.023438
vt 0.500000 0.031250
vt 0.492188 0.031250
vt 0.398438 0.054688
vt 0.406250 0.054688
vt 0.406250 0.062500
vt 0.398438 0.062500
vt 0.398438 0.023438
vt 0.406250 0.023438
vt 0.406250 0.031250
vt 0.398438 0.031250
vt 0.429688 0.023438
vt 0.437500 0.023438
vt 0.437500 0.031250
vt 0.429688 0.031250
vt 0.398438 0.117188
vt 0.406250 0.117188
vt 0.406250 0.125000
vt 0.398438 0.125000
vt 0.398438 0.085938
vt 0.406250 0.085938
vt 0.406250 0.093750
vt 0.398438 0.093750
vt 0.429688 0.085938
vt 0.437500 0.085938
vt 0.437500 0.093750
vt 0.429688 0.093750
vt 0.585938 0.054688
vt 0.593750 0.054688
vt 0.593750 0.062500
vt 0.585938 0.062500
vt 0.585938 0.023438
vt 0.593750 0.023438
vt 0.593750 0.031250
vt 0.585938 0.031250
vt 0.617188 0.023438
vt 0.625000 0.023438
vt 0.625000 0.031250
vt 0.617188 0.031250
vt 0.523438 0.054688
vt 0.531250 0.054688
vt 0.531250 0.062500
vt 0.523438 0.062500
vt 0.523438 0.023438
vt 0.531250 0.023438
vt 0.531250 0.031250
vt 0.523438 0.031250
vt 0.554688 0.023438
vt 0.562500 0.023438
vt 0.562500 0.031250
vt 0.554688 0.031250
vt 0.523438 0.117188
vt 0.531250 0.117188
vt 0.531250 0.125000
vt 0.523438 0.125000
vt 0.523438 0.085938
vt 0.531250 0.085938
vt 0.531250 0.093750
vt 0.523438 0.093750
vt 0.554688 0.085938
vt 0.562500 0.085938
vt 0.562500 0.093750
vt 0.554688 0.093750
vt 0.398438 0.929688
vt 0.406250 0.929688
vt 0.406250 0.937500
vt 0.398438 0.937500
vt 0.398438 0.898438
vt 0.406250 0.898438
vt 0.406250 0.906250
vt 0.398438 0.906250
vt 0.398438 0.992188
vt 0.406250 0.992188
vt 0.406250 1.000000
vt 0.398438 1.000000
vt 0.398438 0.960938
vt 0.406250 0.960938
vt 0.406250 0.968750
vt 0.398438 0.968750
vt 0.398438 0.804688
vt 0.406250 0.804688
vt 0.406250 0.812500
vt 0.398438 0.812500
vt 0.398438 0.773438
vt 0.406250 0.773438
vt 0.406250 0.781250
vt 0.398438 0.781250
vt 0.398438 0.867188
vt 0.406250 0.867188
vt 0.406250 0.875000
vt 0.398438 0.875000
vt 0.398438 0.835938
vt 0.406250 0.835938
vt 0.406250 0.843750
vt 0.398438 0.843750
vt 0.617188 0.773438
vt 0.625000 0.773438
vt 0.625000 0.781250
vt 0.617188 0.781250
vt 0.710938 0.679688
vt 0.718750 0.679688
vt 0.718750 0.687500
vt 0.710938 0.687500
vt 0.710938 0.648438
vt 0.718750 0.648438
vt 0.718750 0.656250
vt 0.710938 0.656250
vt 0.742188 0.648438
vt 0.750000 0.648438
vt 0.750000 0.656250
vt 0.742188 0.656250
vt 0.648438 0.679688
vt 0.656250 0.679688
vt 0.656250 0.687500
vt 0.648438 0.687500
vt 0.648438 0.648438
vt 0.656250 0.648438
vt 0.656250 0.656250
vt 0.648438 0.656250
vt 0.679688 0.648438
vt 0.687500 0.648438
vt 0.687500 0.656250
vt 0.679688 0.656250
vt 0.648438 0.742188
vt 0.656250 0.742188
vt 0.656250 0.750000
vt 0.648438 0.750000
vt 0.648438 0.710938
vt 0.656250 0.710938
vt 0.656250 0.718750
vt 0.648438 0.718750
vt 0.679688 0.710938
vt 0.687500 0.710938
vt 0.687500 0.718750
vt 0.679688 0.718750
vt 0.710938 0.554688
vt 0.718750 0.554688
vt 0.718750 0.562500
vt 0.710938 0.562500
vt 0.710938 0.523438
vt 0.718750 0.523438
vt 0.718750 0.531250
vt 0.710938 0.531250
vt 0.742188 0.523438
vt 0.750000 0.523438
vt 0.750000 0.531250
vt 0.742188 0.531250
vt 0.648438 0.554688
vt 0.656250 0.554688
vt 0.656250 0.562500
vt 0.648438 0.562500
vt 0.648438 0.523438
vt 0.656250 0.523438
vt 0.656250 0.531250
vt 0.648438 0.531250
vt 0.679688 0.523438
vt 0.687500 0.523438
vt 0.687500 0.531250
vt 0.679688 0.531250
vt 0.648438 0.617188
vt 0.656250 0.617188
vt 0.656250 0.625000
vt 0.648438 0.625000
vt 0.648438 0.585938
vt 0.656250 0.585938
vt 0.656250 0.593750
vt 0.648438 0.593750
vt 0.679688 0.585938
vt 0.687500 0.585938
vt 0.687500 0.593750
vt 0.679688 0.593750
vt 0.835938 0.554688
vt 0.843750 0.554688
vt 0.843750 0.562500
vt 0.835938 0.562500
vt 0.835938 0.523438
vt 0.843750 0.523438
vt 0.843750 0.531250
vt 0.835938 0.531250
vt 0.867188 0.523438
vt 0.875000 0.523438
vt 0.875000 0.531250
vt 0.867188 0.531250
vt 0.773438 0.554688
vt 0.781250 0.554688
vt 0.781250 0.562500
vt 0.773438 0.562500
vt 0.773438 0.523438
vt 0.781250 0.523438
vt 0.781250 0.531250
vt 0.773438 0.531250
vt 0.804688 0.523438
vt 0.812500 0.523438
vt 0.812500 0.531250
vt 0.804688 0.531250
vt 0.773438 0.617188
vt 0.781250 0.617188
vt 0.781250 0.625000
vt 0.773438 0.625000
vt 0.773438 0.585938
vt 0.781250 0.585938
vt 0.781250 0.593750
vt 0.773438 0.593750
vt 0.804688 0.585938
vt 0.812500 0.585938
vt 0.812500 0.593750
vt 0.804688 0.593750
vt 0.835938 0.617188
vt 0.843750 0.617188
vt 0.843750 0.625000
vt 0.835938 0.625000
vt 0.835938 0.585938
vt 0.843750 0.585938
vt 0.843750 0.593750
vt 0.835938 0.593750
vt 0.867188 0.585938
vt 0.875000 0.585938
vt 0.875000 0.593750
vt 0.867188 0.593750
vt 0.710938 0.617188
vt 0.718750 0.617188
vt 0.718750 0.625000
vt 0.710938 0.625000
vt 0.710938 0.585938
vt 0.718750 0.585938
vt 0.718750 0.593750
vt 0.710938 0.593750
vt 0.742188 0.585938
vt 0.750000 0.585938
vt 0.750000 0.593750
vt 0.742188 0.593750
vt 0.710938 0.742188
vt 0.718750 0.742188
vt 0.718750 0.750000
vt 0.710938 0.750000
vt 0.710938 0.710938
vt 0.718750 0.710938
vt 0.718750 0.718750
vt 0.710938 0.718750
vt 0.742188 0.710938
vt 0.750000 0.710938
vt 0.750000 0.718750
vt 0.742188 0.718750
vt 0.617188 0.835938
vt 0.625000 0.835938
vt 0.625000 0.843750
vt 0.617188 0.843750
vt 0.460938 0.992188
vt 0.468750 0.992188
vt 0.468750 1.000000
vt 0.460938 1.000000
vt 0.585938 0.117188
vt 0.593750 0.117188
vt 0.593750 0.125000
vt 0.585938 0.125000
vt 0.585938 0.085938
vt 0.593750 0.085938
vt 0.593750 0.093750
vt 0.585938 0.093750
vt 0.617188 0.085938
vt 0.625000 0.085938
vt 0.625000 0.093750
vt 0.617188 0.093750
vt 0.460938 0.117188
vt 0.468750 0.117188
vt 0.468750 0.125000
vt 0.460938 0.125000
vt 0.460938 0.085938
vt 0.468750 0.085938
vt 0.468750 0.093750
vt 0.460938 0.093750
vt 0.492188 0.085938
vt 0.500000 0.085938
vt 0.500000 0.093750
vt 0.492188 0.093750
vt 0.460938 0.242188
vt 0.468750 0.242188
vt 0.468750 0.250000
vt 0.460938 0.250000
vt 0.460938 0.210938
vt 0.468750 0.210938
vt 0.468750 0.218750
vt 0.460938 0.218750
vt 0.492188 0.210938
vt 0.500000 0.210938
vt 0.500000 0.218750
vt 0.492188 0.218750
vt 0.585938 0.617188
vt 0.593750 0.617188
vt 0.593750 0.625000
vt 0.585938 0.625000
vt 0.585938 0.585938
vt 0.593750 0.585938
vt 0.593750 0.593750
vt 0.585938 0.593750
vt 0.617188 0.585938
vt 0.625000 0.585938
vt 0.625000 0.593750
vt 0.617188 0.593750
vt 0.460938 0.617188
vt 0.468750 0.617188
vt 0.468750 0.625000
vt 0.460938 0.625000
vt 0.460938 0.585938
vt 0.468750 0.585938
vt 0.468750 0.593750
vt 0.460938 0.593750
vt 0.492188 0.585938
vt 0.500000 0.585938
vt 0.500000 0.593750
vt 0.492188 0.593750
vt 0.460938 0.742188
vt 0.468750 0.742188
vt 0.468750 0.750000
vt 0.460938 0.750000
vt 0.460938 0.710938
vt 0.468750 0.710938
vt 0.468750 0.718750
vt 0.460938 0.718750
vt 0.492188 0.710938
vt 0.500000 0.710938
vt 0.500000 0.718750
vt 0.492188 0.718750
vt 0.617188 0.335938
vt 0.625000 0.335938
vt 0.625000 0.343750
vt 0.617188 0.343750
vt 0.460938 0.492188
vt 0.468750 0.492188
vt 0.468750 0.500000
vt 0.460938 0.500000
vt 0.585938 0.492188
vt 0.593750 0.492188
vt 0.593750 0.500000
vt 0.585938 0.500000
vt 0.617188 0.460938
vt 0.625000 0.460938
vt 0.625000 0.468750
vt 0.617188 0.468750
vt 0.585938 0.742188
vt 0.593750 0.742188
vt 0.593750 0.750000
vt 0.585938 0.750000
vt 0.585938 0.710938
vt 0.593750 0.710938
vt 0.593750 0.718750
vt 0.585938 0.718750
vt 0.617188 0.710938
vt 0.625000 0.710938
vt 0.625000 0.718750
vt 0.617188 0.718750
vt 0.585938 0.242188
vt 0.593750 0.242188
vt 0.593750 0.250000
vt 0.585938 0.250000
vt 0.585938 0.210938
vt 0.593750 0.210938
vt 0.593750 0.218750
vt 0.585938 0.218750
vt 0.617188 0.210938
vt 0.625000 0.210938
vt 0.625000 0.218750
vt 0.617188 0.218750
vt 0.585938 0.992188
vt 0.593750 0.992188
vt 0.593750 1.000000
vt 0.585938 1.000000
vt 0.617188 0.960938
vt 0.625000 0.960938
vt 0.625000 0.968750
vt 0.617188 0.968750
vt 0.835938 0.742188
vt 0.843750 0.742188
vt 0.843750 0.750000
vt 0.835938 0.750000
vt 0.835938 0.710938
vt 0.843750 0.710938
vt 0.843750 0.718750
vt 0.835938 0.718750
vt 0.867188 0.710938
vt 0.875000 0.710938
vt 0.875000 0.718750
vt 0.867188 0.718750
vt 0.851562 0.710938
vt 0.859375 0.710938
vt 0.859375 0.718750
vt 0.851562 0.718750
vt 0.851562 0.695312
vt 0.859375 0.695312
vt 0.859375 0.703125
vt 0.851562 0.703125
vt 0.867188 0.695312
vt 0.875000 0.695312
vt 0.875000 0.703125
vt 0.867188 0.703125
vt 0.820312 0.710938
vt 0.828125 0.710938
vt 0.828125 0.718750
vt 0.820312 0.718750
vt 0.820312 0.695312
vt 0.828125 0.695312
vt 0.828125 0.703125
vt 0.820312 0.703125
vt 0.835938 0.695312
vt 0.843750 0.695312
vt 0.843750 0.703125
vt 0.835938 0.703125
vt 0.820312 0.742188
vt 0.828125 0.742188
vt 0.828125 0.750000
vt 0.820312 0.750000
vt 0.820312 0.726562
vt 0.828125 0.726562
vt 0.828125 0.734375
vt 0.820312 0.734375
vt 0.835938 0.726562
vt 0.843750 0.726562
vt 0.843750 0.734375
vt 0.835938 0.734375
vt 0.617188 0.945312
vt 0.625000 0.945312
vt 0.625000 0.953125
vt 0.617188 0.953125
vt 0.570312 0.992188
vt 0.578125 0.992188
vt 0.578125 1.000000
vt 0.570312 1.000000
vt 0.570312 0.976562
vt 0.574219 0.976562
vt 0.578125 0.976562
vt 0.578125 0.984375
vt 0.570312 0.984375
vt 0.585938 0.976562
vt 0.589844 0.976562
vt 0.593750 0.976562
vt 0.593750 0.984375
vt 0.585938 0.984375
vt 0.601562 0.210938
vt 0.609375 0.210938
vt 0.609375 0.218750
vt 0.601562 0.218750
vt 0.601562 0.195312
vt 0.609375 0.195312
vt 0.609375 0.203125
vt 0.601562 0.203125
vt 0.617188 0.195312
vt 0.625000 0.195312
vt 0.625000 0.203125
vt 0.617188 0.203125
vt 0.570312 0.210938
vt 0.578125 0.210938
vt 0.578125 0.218750
vt 0.570312 0.218750
vt 0.570312 0.195312
vt 0.578125 0.195312
vt 0.578125 0.203125
vt 0.570312 0.203125
vt 0.585938 0.195312
vt 0.593750 0.195312
vt 0.593750 0.203125
vt 0.585938 0.203125
vt 0.570312 0.242188
vt 0.578125 0.242188
vt 0.578125 0.250000
vt 0.570312 0.250000
vt 0.570312 0.226562
vt 0.578125 0.226562
vt 0.578125 0.234375
vt 0.570312 0.234375
vt 0.585938 0.226562
vt 0.593750 0.226562
vt 0.593750 0.234375
vt 0.585938 0.234375
vt 0.601562 0.710938
vt 0.609375 0.710938
vt 0.609375 0.718750
vt 0.601562 0.718750
vt 0.601562 0.695312
vt 0.609375 0.695312
vt 0.609375 0.703125
vt 0.601562 0.703125
vt 0.617188 0.695312
vt 0.625000 0.695312
vt 0.625000 0.703125
vt 0.617188 0.703125
vt 0.570312 0.710938
vt 0.578125 0.710938
vt 0.578125 0.718750
vt 0.570312 0.718750
vt 0.570312 0.695312
vt 0.578125 0.695312
vt 0.578125 0.703125
vt 0.570312 0.703125
vt 0.585938 0.695312
vt 0.593750 0.695312
vt 0.593750 0.703125
vt 0.585938 0.703125
vt 0.570312 0.742188
vt 0.578125 0.742188
vt 0.578125 0.750000
vt 0.570312 0.750000
vt 0.570312 0.726562
vt 0.578125 0.726562
vt 0.578125 0.734375
vt 0.570312 0.734375
vt 0.585938 0.726562
vt 0.593750 0.726562
vt 0.593750 0.734375
vt 0.585938 0.734375
vt 0.617188 0.445312
vt 0.625000 0.445312
vt 0.625000 0.453125
vt 0.617188 0.453125
vt 0.570312 0.492188
vt 0.578125 0.492188
vt 0.578125 0.500000
vt 0.570312 0.500000
vt 0.570312 0.476562
vt 0.574219 0.476562
vt 0.578125 0.476562
vt 0.578125 0.484375
vt 0.570312 0.484375
vt 0.585938 0.476562
vt 0.589844 0.476562
vt 0.593750 0.476562
vt 0.593750 0.484375
vt 0.585938 0.484375
vt 0.445312 0.492188
vt 0.453125 0.492188
vt 0.453125 0.500000
vt 0.445312 0.500000
vt 0.445312 0.476562
vt 0.449219 0.476562
vt 0.453125 0.476562
vt 0.453125 0.484375
vt 0.445312 0.484375
vt 0.460938 0.476562
vt 0.464844 0.476562
vt 0.468750 0.476562
vt 0.468750 0.484375
vt 0.460938 0.484375
vt 0.617188 0.320312
vt 0.625000 0.320312
vt 0.625000 0.328125
vt 0.617188 0.328125
vt 0.476562 0.710938
vt 0.484375 0.710938
vt 0.484375 0.718750
vt 0.476562 0.718750
vt 0.476562 0.695312
vt 0.484375 0.695312
vt 0.484375 0.703125
vt 0.476562 0.703125
vt 0.492188 0.695312
vt 0.500000 0.695312
vt 0.500000 0.703125
vt 0.492188 0.703125
vt 0.445312 0.710938
vt 0.453125 0.710938
vt 0.453125 0.718750
vt 0.445312 0.718750
vt 0.445312 0.695312
vt 0.453125 0.695312
vt 0.453125 0.703125
vt 0.445312 0.703125
vt 0.460938 0.695312
vt 0.468750 0.695312
vt 0.468750 0.703125
vt 0.460938 0.703125
vt 0.445312 0.742188
vt 0.453125 0.742188
vt 0.453125 0.750000
vt 0.445312 0.750000
vt 0.445312 0.726562
vt 0.453125 0.726562
vt 0.453125 0.734375
vt 0.445312 0.734375
vt 0.460938 0.726562
vt 0.468750 0.726562
vt 0.468750 0.734375
vt 0.460938 0.734375
vt 0.476562 0.585938
vt 0.484375 0.585938
vt 0.484375 0.593750
vt 0.476562 0.593750
vt 0.476562 0.570312
vt 0.484375 0.570312
vt 0.484375 0.578125
vt 0.476562 0.578125
vt 0.492188 0.570312
vt 0.500000 0.570312
vt 0.500000 0.578125
vt 0.492188 0.578125
vt 0.445312 0.585938
vt 0.453125 0.585938
vt 0.453125 0.593750
vt 0.445312 0.593750
vt 0.445312 0.570312
vt 0.453125 0.570312
vt 0.453125 0.578125
vt 0.445312 0.578125
vt 0.460938 0.570312
vt 0.468750 0.570312
vt 0.468750 0.578125
vt 0.460938 0.578125
vt 0.445312 0.617188
vt 0.453125 0.617188
vt 0.453125 0.625000
vt 0.445312 0.625000
vt 0.445312 0.601562
vt 0.453125 0.601562
vt 0.453125 0.609375
vt 0.445312 0.609375
vt 0.460938 0.601562
vt 0.468750 0.601562
vt 0.468750 0.609375
vt 0.460938 0.609375
vt 0.601562 0.585938
vt 0.609375 0.585938
vt 0.609375 0.593750
vt 0.601562 0.593750
vt 0.601562 0.570312
vt 0.609375 0.570312
vt 0.609375 0.578125
vt 0.601562 0.578125
vt 0.617188 0.570312
vt 0.625000 0.570312
vt 0.625000 0.578125
vt 0.617188 0.578125
vt 0.570312 0.585938
vt 0.578125 0.585938
vt 0.578125 0.593750
vt 0.570312 0.593750
vt 0.570312 0.570312
vt 0.578125 0.570312
vt 0.578125 0.578125
vt 0.570312 0.578125
vt 0.585938 0.570312
vt 0.593750 0.570312
vt 0.593750 0.578125
vt 0.585938 0.578125
vt 0.570312 0.617188
vt 0.578125 0.617188
vt 0.578125 0.625000
vt 0.570312 0.625000
vt 0.570312 0.601562
vt 0.578125 0.601562
vt 0.578125 0.609375
vt 0.570312 0.609375
vt 0.585938 0.601562
vt 0.593750 0.601562
vt 0.593750 0.609375
vt 0.585938 0.609375
vt 0.476562 0.210938
vt 0.484375 0.210938
vt 0.484375 0.218750
vt 0.476562 0.218750
vt 0.476562 0.195312
vt 0.484375 0.195312
vt 0.484375 0.203125
vt 0.476562 0.203125
vt 0.492188 0.195312
vt 0.500000 0.195312
vt 0.500000 0.203125
vt 0.492188 0.203125
vt 0.445312 0.210938
vt 0.453125 0.210938
vt 0.453125 0.218750
vt 0.445312 0.218750
vt 0.445312 0.195312
vt 0.453125 0.195312
vt 0.453125 0.203125
vt 0.445312 0.203125
vt 0.460938 0.195312
vt 0.468750 0.195312
vt 0.468750 0.203125
vt 0.460938 0.203125
vt 0.445312 0.242188
vt 0.453125 0.242188
vt 0.453125 0.250000
vt 0.445312 0.250000
vt 0.445312 0.226562
vt 0.453125 0.226562
vt 0.453125 0.234375
vt 0.445312 0.234375
vt 0.460938 0.226562
vt 0.468750 0.226562
vt 0.468750 0.234375
vt 0.460938 0.234375
vt 0.476562 0.085938
vt 0.484375 0.085938
vt 0.484375 0.093750
vt 0.476562 0.093750
vt 0.476562 0.070312
vt 0.484375 0.070312
vt 0.484375 0.078125
vt 0.476562 0.078125
vt 0.492188 0.070312
vt 0.500000 0.070312
vt 0.500000 0.078125
vt 0.492188 0.078125
vt 0.445312 0.085938
vt 0.453125 0.085938
vt 0.453125 0.093750
vt 0.445312 0.093750
vt 0.445312 0.070312
vt 0.453125 0.070312
vt 0.453125 0.078125
vt 0.445312 0.078125
vt 0.460938 0.070312
vt 0.468750 0.070312
vt 0.468750 0.078125
vt 0.460938 0.078125
vt 0.445312 0.117188
vt 0.453125 0.117188
vt 0.453125 0.125000
vt 0.445312 0.125000
vt 0.445312 0.101562
vt 0.453125 0.101562
vt 0.453125 0.109375
vt 0.445312 0.109375
vt 0.460938 0.101562
vt 0.468750 0.101562
vt 0.468750 0.109375
vt 0.460938 0.109375
vt 0.601562 0.085938
vt 0.609375 0.085938
vt 0.609375 0.093750
vt 0.601562 0.093750
vt 0.601562 0.070312
vt 0.609375 0.070312
vt 0.609375 0.078125
vt 0.601562 0.078125
vt 0.617188 0.070312
vt 0.625000 0.070312
vt 0.625000 0.078125
vt 0.617188 0.078125
vt 0.570312 0.085938
vt 0.578125 0.085938
vt 0.578125 0.093750
vt 0.570312 0.093750
vt 0.570312 0.070312
vt 0.578125 0.070312
vt 0.578125 0.078125
vt 0.570312 0.078125
vt 0.585938 0.070312
vt 0.593750 0.070312
vt 0.593750 0.078125
vt 0.585938 0.078125
vt 0.570312 0.117188
vt 0.578125 0.117188
vt 0.578125 0.125000
vt 0.570312 0.125000
vt 0.570312 0.101562
vt 0.578125 0.101562
vt 0.578125 0.109375
vt 0.570312 0.109375
vt 0.585938 0.101562
vt 0.593750 0.101562
vt 0.593750 0.109375
vt 0.585938 0.109375
vt 0.445312 0.992188
vt 0.453125 0.992188
vt 0.453125 1.000000
vt 0.445312 1.000000
vt 0.445312 0.976562
vt 0.449219 0.976562
vt 0.453125 0.976562
vt 0.453125 0.984375
vt 0.445312 0.984375
vt 0.460938 0.976562
vt 0.464844 0.976562
vt 0.468750 0.976562
vt 0.468750 0.984375
vt 0.460938 0.984375
vt 0.617188 0.820312
vt 0.625000 0.820312
vt 0.625000 0.828125
vt 0.617188 0.828125
vt 0.726562 0.710938
vt 0.734375 0.710938
vt 0.734375 0.718750
vt 0.726562 0.718750
vt 0.726562 0.695312
vt 0.734375 0.695312
vt 0.734375 0.703125
vt 0.726562 0.703125
vt 0.742188 0.695312
vt 0.750000 0.695312
vt 0.750000 0.703125
vt 0.742188 0.703125
vt 0.695312 0.710938
vt 0.703125 0.710938
vt 0.703125 0.718750
vt 0.695312 0.718750
vt 0.695312 0.695312
vt 0.703125 0.695312
vt 0.703125 0.703125
vt 0.695312 0.703125
vt 0.710938 0.695312
vt 0.718750 0.695312
vt 0.718750 0.703125
vt 0.710938 0.703125
vt 0.695312 0.742188
vt 0.703125 0.742188
vt 0.703125 0.750000
vt 0.695312 0.750000
vt 0.695312 0.726562
vt 0.703125 0.726562
vt 0.703125 0.734375
vt 0.695312 0.734375
vt 0.710938 0.726562
vt 0.718750 0.726562
vt 0.718750 0.734375
vt 0.710938 0.734375
vt 0.726562 0.585938
vt 0.734375 0.585938
vt 0.734375 0.593750
vt 0.726562 0.593750
vt 0.726562 0.570312
vt 0.734375 0.570312
vt 0.734375 0.578125
vt 0.726562 0.578125
vt 0.742188 0.570312
vt 0.750000 0.570312
vt 0.750000 0.578125
vt 0.742188 0.578125
vt 0.695312 0.585938
vt 0.703125 0.585938
vt 0.703125 0.593750
vt 0.695312 0.593750
vt 0.695312 0.570312
vt 0.703125 0.570312
vt 0.703125 0.578125
vt 0.695312 0.578125
vt 0.710938 0.570312
vt 0.718750 0.570312
vt 0.718750 0.578125
vt 0.710938 0.578125
vt 0.695312 0.617188
vt 0.703125 0.617188
vt 0.703125 0.625000
vt 0.695312 0.625000
vt 0.695312 0.601562
vt 0.703125 0.601562
vt 0.703125 0.609375
vt 0.695312 0.609375
vt 0.710938 0.601562
vt 0.718750 0.601562
vt 0.718750 0.609375
vt 0.710938 0.609375
vt 0.851562 0.585938
vt 0.859375 0.585938
vt 0.859375 0.593750
vt 0.851562 0.593750
vt 0.851562 0.570312
vt 0.859375 0.570312
vt 0.859375 0.578125
vt 0.851562 0.578125
vt 0.867188 0.570312
vt 0.875000 0.570312
vt 0.875000 0.578125
vt 0.867188 0.578125
vt 0.820312 0.585938
vt 0.828125 0.585938
vt 0.828125 0.593750
vt 0.820312 0.593750
vt 0.820312 0.570312
vt 0.828125 0.570312
vt 0.828125 0.578125
vt 0.820312 0.578125
vt 0.835938 0.570312
vt 0.843750 0.570312
vt 0.843750 0.578125
vt 0.835938 0.578125
vt 0.820312 0.617188
vt 0.828125 0.617188
vt 0.828125 0.625000
vt 0.820312 0.625000
vt 0.820312 0.601562
vt 0.828125 0.601562
vt 0.828125 0.609375
vt 0.820312 0.609375
vt 0.835938 0.601562
vt 0.843750 0.601562
vt 0.843750 0.609375
vt 0.835938 0.609375
vt 0.789062 0.585938
vt 0.796875 0.585938
vt 0.796875 0.593750
vt 0.789062 0.593750
vt 0.789062 0.570312
vt 0.796875 0.570312
vt 0.796875 0.578125
vt 0.789062 0.578125
vt 0.804688 0.570312
vt 0.812500 0.570312
vt 0.812500 0.578125
vt 0.804688 0.578125
vt 0.757812 0.585938
vt 0.765625 0.585938
vt 0.765625 0.593750
vt 0.757812 0.593750
vt 0.757812 0.570312
vt 0.765625 0.570312
vt 0.765625 0.578125
vt 0.757812 0.578125
vt 0.773438 0.570312
vt 0.781250 0.570312
vt 0.781250 0.578125
vt 0.773438 0.578125
vt 0.757812 0.617188
vt 0.765625 0.617188
vt 0.765625 0.625000
vt 0.757812 0.625000
vt 0.757812 0.601562
vt 0.765625 0.601562
vt 0.765625 0.609375
vt 0.757812 0.609375
vt 0.773438 0.601562
vt 0.781250 0.601562
vt 0.781250 0.609375
vt 0.773438 0.609375
vt 0.789062 0.523438
vt 0.796875 0.523438
vt 0.796875 0.531250
vt 0.789062 0.531250
vt 0.789062 0.507812
vt 0.796875 0.507812
vt 0.796875 0.515625
vt 0.789062 0.515625
vt 0.804688 0.507812
vt 0.812500 0.507812
vt 0.812500 0.515625
vt 0.804688 0.515625
vt 0.757812 0.523438
vt 0.765625 0.523438
vt 0.765625 0.531250
vt 0.757812 0.531250
vt 0.757812 0.507812
vt 0.765625 0.507812
vt 0.765625 0.515625
vt 0.757812 0.515625
vt 0.773438 0.507812
vt 0.781250 0.507812
vt 0.781250 0.515625
vt 0.773438 0.515625
vt 0.757812 0.554688
vt 0.765625 0.554688
vt 0.765625 0.562500
vt 0.757812 0.562500
vt 0.757812 0.539062
vt 0.765625 0.539062
vt 0.765625 0.546875
vt 0.757812 0.546875
vt 0.773438 0.539062
vt 0.781250 0.539062
vt 0.781250 0.546875
vt 0.773438 0.546875
vt 0.851562 0.523438
vt 0.859375 0.523438
vt 0.859375 0.531250
vt 0.851562 0.531250
vt 0.851562 0.507812
vt 0.859375 0.507812
vt 0.859375 0.515625
vt 0.851562 0.515625
vt 0.867188 0.507812
vt 0.875000 0.507812
vt 0.875000 0.515625
vt 0.867188 0.515625
vt 0.820312 0.523438
vt 0.828125 0.523438
vt 0.828125 0.531250
vt 0.820312 0.531250
vt 0.820312 0.507812
vt 0.828125 0.507812
vt 0.828125 0.515625
vt 0.820312 0.515625
vt 0.835938 0.507812
vt 0.843750 0.507812
vt 0.843750 0.515625
vt 0.835938 0.515625
vt 0.820312 0.554688
vt 0.828125 0.554688
vt 0.828125 0.562500
vt 0.820312 0.562500
vt 0.820312 0.539062
vt 0.828125 0.539062
vt 0.828125 0.546875
vt 0.820312 0.546875
vt 0.835938 0.539062
vt 0.843750 0.539062
vt 0.843750 0.546875
vt 0.835938 0.546875
vt 0.664062 0.585938
vt 0.671875 0.585938
vt 0.671875 0.593750
vt 0.664062 0.593750
vt 0.664062 0.570312
vt 0.671875 0.570312
vt 0.671875 0.578125
vt 0.664062 0.578125
vt 0.679688 0.570312
vt 0.687500 0.570312
vt 0.687500 0.578125
vt 0.679688 0.578125
vt 0.632812 0.585938
vt 0.640625 0.585938
vt 0.640625 0.593750
vt 0.632812 0.593750
vt 0.632812 0.570312
vt 0.640625 0.570312
vt 0.640625 0.578125
vt 0.632812 0.578125
vt 0.648438 0.570312
vt 0.656250 0.570312
vt 0.656250 0.578125
vt 0.648438 0.578125
vt 0.632812 0.617188
vt 0.640625 0.617188
vt 0.640625 0.625000
vt 0.632812 0.625000
vt 0.632812 0.601562
vt 0.640625 0.601562
vt 0.640625 0.609375
vt 0.632812 0.609375
vt 0.648438 0.601562
vt 0.656250 0.601562
vt 0.656250 0.609375
vt 0.648438 0.609375
vt 0.664062 0.523438
vt 0.671875 0.523438
vt 0.671875 0.531250
vt 0.664062 0.531250
vt 0.664062 0.507812
vt 0.671875 0.507812
vt 0.671875 0.515625
vt 0.664062 0.515625
vt 0.679688 0.507812
vt 0.687500 0.507812
vt 0.687500 0.515625
vt 0.679688 0.515625
vt 0.632812 0.523438
vt 0.640625 0.523438
vt 0.640625 0.531250
vt 0.632812 0.531250
vt 0.632812 0.507812
vt 0.640625 0.507812
vt 0.640625 0.515625
vt 0.632812 0.515625
vt 0.648438 0.507812
vt 0.656250 0.507812
vt 0.656250 0.515625
vt 0.648438 0.515625
vt 0.632812 0.554688
vt 0.640625 0.554688
vt 0.640625 0.562500
vt 0.632812 0.562500
vt 0.632812 0.539062
vt 0.640625 0.539062
vt 0.640625 0.546875
vt 0.632812 0.546875
vt 0.648438 0.539062
vt 0.656250 0.539062
vt 0.656250 0.546875
vt 0.648438 0.546875
vt 0.726562 0.523438
vt 0.734375 0.523438
vt 0.734375 0.531250
vt 0.726562 0.531250
vt 0.726562 0.507812
vt 0.734375 0.507812
vt 0.734375 0.515625
vt 0.726562 0.515625
vt 0.742188 0.507812
vt 0.750000 0.507812
vt 0.750000 0.515625
vt 0.742188 0.515625
vt 0.695312 0.523438
vt 0.703125 0.523438
vt 0.703125 0.531250
vt 0.695312 0.531250
vt 0.695312 0.507812
vt 0.703125 0.507812
vt 0.703125 0.515625
vt 0.695312 0.515625
vt 0.710938 0.507812
vt 0.718750 0.507812
vt 0.718750 0.515625
vt 0.710938 0.515625
vt 0.695312 0.554688
vt 0.703125 0.554688
vt 0.703125 0.562500
vt 0.695312 0.562500
vt 0.695312 0.539062
vt 0.703125 0.539062
vt 0.703125 0.546875
vt 0.695312 0.546875
vt 0.710938 0.539062
vt 0.718750 0.539062
vt 0.718750 0.546875
vt 0.710938 0.546875
vt 0.664062 0.710938
vt 0.671875 0.710938
vt 0.671875 0.718750
vt 0.664062 0.718750
vt 0.664062 0.695312
vt 0.671875 0.695312
vt 0.671875 0.703125
vt 0.664062 0.703125
vt 0.679688 0.695312
vt 0.687500 0.695312
vt 0.687500 0.703125
vt 0.679688 0.703125
vt 0.632812 0.710938
vt 0.640625 0.710938
vt 0.640625 0.718750
vt 0.632812 0.718750
vt 0.632812 0.695312
vt 0.640625 0.695312
vt 0.640625 0.703125
vt 0.632812 0.703125
vt 0.648438 0.695312
vt 0.656250 0.695312
vt 0.656250 0.703125
vt 0.648438 0.703125
vt 0.632812 0.742188
vt 0.640625 0.742188
vt 0.640625 0.750000
vt 0.632812 0.750000
vt 0.632812 0.726562
vt 0.640625 0.726562
vt 0.640625 0.734375
vt 0.632812 0.734375
vt 0.648438 0.726562
vt 0.656250 0.726562
vt 0.656250 0.734375
vt 0.648438 0.734375
vt 0.664062 0.648438
vt 0.671875 0.648438
vt 0.671875 0.656250
vt 0.664062 0.656250
vt 0.664062 0.632812
vt 0.671875 0.632812
vt 0.671875 0.640625
vt 0.664062 0.640625
vt 0.679688 0.632812
vt 0.687500 0.632812
vt 0.687500 0.640625
vt 0.679688 0.640625
vt 0.632812 0.648438
vt 0.640625 0.648438
vt 0.640625 0.656250
vt 0.632812 0.656250
vt 0.632812 0.632812
vt 0.640625 0.632812
vt 0.640625 0.640625
vt 0.632812 0.640625
vt 0.648438 0.632812
vt 0.656250 0.632812
vt 0.656250 0.640625
vt 0.648438 0.640625
vt 0.632812 0.679688
vt 0.640625 0.679688
vt 0.640625 0.687500
vt 0.632812 0.687500
vt 0.632812 0.664062
vt 0.640625 0.664062
vt 0.640625 0.671875
vt 0.632812 0.671875
vt 0.648438 0.664062
vt 0.656250 0.664062
vt 0.656250 0.671875
vt 0.648438 0.671875
vt 0.726562 0.648438
vt 0.734375 0.648438
vt 0.734375 0.656250
vt 0.726562 0.656250
vt 0.726562 0.632812
vt 0.734375 0.632812
vt 0.734375 0.640625
vt 0.726562 0.640625
vt 0.742188 0.632812
vt 0.750000 0.632812
vt 0.750000 0.640625
vt 0.742188 0.640625
vt 0.695312 0.648438
vt 0.703125 0.648438
vt 0.703125 0.656250
vt 0.695312 0.656250
vt 0.695312 0.632812
vt 0.703125 0.632812
vt 0.703125 0.640625
vt 0.695312 0.640625
vt 0.710938 0.632812
vt 0.718750 0.632812
vt 0.718750 0.640625
vt 0.710938 0.640625
vt 0.695312 0.679688
vt 0.703125 0.679688
vt 0.703125 0.687500
vt 0.695312 0.687500
vt 0.695312 0.664062
vt 0.703125 0.664062
vt 0.703125 0.671875
vt 0.695312 0.671875
vt 0.710938 0.664062
vt 0.718750 0.664062
vt 0.718750 0.671875
vt 0.710938 0.671875
vt 0.539062 0.757812
vt 0.546875 0.757812
vt 0.546875 0.765625
vt 0.539062 0.765625
vt 0.554688 0.757812
vt 0.562500 0.757812
vt 0.562500 0.765625
vt 0.554688 0.765625
vt 0.507812 0.757812
vt 0.515625 0.757812
vt 0.515625 0.765625
vt 0.507812 0.765625
vt 0.523438 0.757812
vt 0.531250 0.757812
vt 0.531250 0.765625
vt 0.523438 0.765625
vt 0.601562 0.757812
vt 0.609375 0.757812
vt 0.609375 0.765625
vt 0.601562 0.765625
vt 0.617188 0.757812
vt 0.625000 0.757812
vt 0.625000 0.765625
vt 0.617188 0.765625
vt 0.570312 0.757812
vt 0.578125 0.757812
vt 0.578125 0.765625
vt 0.570312 0.765625
vt 0.585938 0.757812
vt 0.593750 0.757812
vt 0.593750 0.765625
vt 0.585938 0.765625
vt 0.414062 0.835938
vt 0.421875 0.835938
vt 0.421875 0.839844
vt 0.421875 0.843750
vt 0.414062 0.843750
vt 0.414062 0.820312
vt 0.421875 0.820312
vt 0.421875 0.824219
vt 0.421875 0.828125
vt 0.414062 0.828125
vt 0.382812 0.835938
vt 0.390625 0.835938
vt 0.390625 0.843750
vt 0.382812 0.843750
vt 0.382812 0.820312
vt 0.390625 0.820312
vt 0.390625 0.828125
vt 0.382812 0.828125
vt 0.398438 0.820312
vt 0.406250 0.820312
vt 0.406250 0.828125
vt 0.398438 0.828125
vt 0.382812 0.867188
vt 0.390625 0.867188
vt 0.390625 0.875000
vt 0.382812 0.875000
vt 0.382812 0.851562
vt 0.390625 0.851562
vt 0.390625 0.859375
vt 0.382812 0.859375
vt 0.398438 0.851562
vt 0.406250 0.851562
vt 0.406250 0.859375
vt 0.398438 0.859375
vt 0.414062 0.773438
vt 0.421875 0.773438
vt 0.421875 0.777344
vt 0.421875 0.781250
vt 0.414062 0.781250
vt 0.414062 0.757812
vt 0.421875 0.757812
vt 0.421875 0.765625
vt 0.414062 0.765625
vt 0.429688 0.757812
vt 0.437500 0.757812
vt 0.437500 0.765625
vt 0.429688 0.765625
vt 0.382812 0.773438
vt 0.390625 0.773438
vt 0.390625 0.781250
vt 0.382812 0.781250
vt 0.382812 0.757812
vt 0.390625 0.757812
vt 0.390625 0.765625
vt 0.382812 0.765625
vt 0.398438 0.757812
vt 0.406250 0.757812
vt 0.406250 0.765625
vt 0.398438 0.765625
vt 0.382812 0.804688
vt 0.390625 0.804688
vt 0.390625 0.812500
vt 0.382812 0.812500
vt 0.382812 0.789062
vt 0.390625 0.789062
vt 0.390625 0.796875
vt 0.382812 0.796875
vt 0.398438 0.789062
vt 0.406250 0.789062
vt 0.406250 0.796875
vt 0.398438 0.796875
vt 0.476562 0.757812
vt 0.484375 0.757812
vt 0.484375 0.765625
vt 0.476562 0.765625
vt 0.492188 0.757812
vt 0.500000 0.757812
vt 0.500000 0.765625
vt 0.492188 0.765625
vt 0.445312 0.757812
vt 0.453125 0.757812
vt 0.453125 0.765625
vt 0.445312 0.765625
vt 0.460938 0.757812
vt 0.468750 0.757812
vt 0.468750 0.765625
vt 0.460938 0.765625
vt 0.414062 0.960938
vt 0.421875 0.960938
vt 0.421875 0.964844
vt 0.421875 0.968750
vt 0.414062 0.968750
vt 0.414062 0.945312
vt 0.421875 0.945312
vt 0.421875 0.949219
vt 0.421875 0.953125
vt 0.414062 0.953125
vt 0.382812 0.960938
vt 0.390625 0.960938
vt 0.390625 0.968750
vt 0.382812 0.968750
vt 0.382812 0.945312
vt 0.390625 0.945312
vt 0.390625 0.953125
vt 0.382812 0.953125
vt 0.398438 0.945312
vt 0.406250 0.945312
vt 0.406250 0.953125
vt 0.398438 0.953125
vt 0.382812 0.992188
vt 0.390625 0.992188
vt 0.390625 1.000000
vt 0.382812 1.000000
vt 0.382812 0.976562
vt 0.390625 0.976562
vt 0.390625 0.984375
vt 0.382812 0.984375
vt 0.398438 0.976562
vt 0.406250 0.976562
vt 0.406250 0.984375
vt 0.398438 0.984375
vt 0.414062 0.898438
vt 0.421875 0.898438
vt 0.421875 0.902344
vt 0.421875 0.906250
vt 0.414062 0.906250
vt 0.414062 0.882812
vt 0.421875 0.882812
vt 0.421875 0.886719
vt 0.421875 0.890625
vt 0.414062 0.890625
vt 0.382812 0.898438
vt 0.390625 0.898438
vt 0.390625 0.906250
vt 0.382812 0.906250
vt 0.382812 0.882812
vt 0.390625 0.882812
vt 0.390625 0.890625
vt 0.382812 0.890625
vt 0.398438 0.882812
vt 0.406250 0.882812
vt 0.406250 0.890625
vt 0.398438 0.890625
vt 0.382812 0.929688
vt 0.390625 0.929688
vt 0.390625 0.937500
vt 0.382812 0.937500
vt 0.382812 0.914062
vt 0.390625 0.914062
vt 0.390625 0.921875
vt 0.382812 0.921875
vt 0.398438 0.914062
vt 0.406250 0.914062
vt 0.406250 0.921875
vt 0.398438 0.921875
vt 0.539062 0.085938
vt 0.546875 0.085938
vt 0.546875 0.093750
vt 0.539062 0.093750
vt 0.539062 0.070312
vt 0.546875 0.070312
vt 0.546875 0.078125
vt 0.539062 0.078125
vt 0.554688 0.070312
vt 0.562500 0.070312
vt 0.562500 0.078125
vt 0.554688 0.078125
vt 0.507812 0.085938
vt 0.515625 0.085938
vt 0.515625 0.093750
vt 0.507812 0.093750
vt 0.507812 0.070312
vt 0.515625 0.070312
vt 0.515625 0.078125
vt 0.507812 0.078125
vt 0.523438 0.070312
vt 0.531250 0.070312
vt 0.531250 0.078125
vt 0.523438 0.078125
vt 0.507812 0.117188
vt 0.515625 0.117188
vt 0.515625 0.125000
vt 0.507812 0.125000
vt 0.507812 0.101562
vt 0.515625 0.101562
vt 0.515625 0.109375
vt 0.507812 0.109375
vt 0.523438 0.101562
vt 0.531250 0.101562
vt 0.531250 0.109375
vt 0.523438 0.109375
vt 0.539062 0.023438
vt 0.546875 0.023438
vt 0.546875 0.031250
vt 0.539062 0.031250
vt 0.539062 0.007812
vt 0.546875 0.007812
vt 0.546875 0.015625
vt 0.539062 0.015625
vt 0.554688 0.007812
vt 0.562500 0.007812
vt 0.562500 0.015625
vt 0.554688 0.015625
vt 0.507812 0.023438
vt 0.515625 0.023438
vt 0.515625 0.031250
vt 0.507812 0.031250
vt 0.507812 0.007812
vt 0.515625 0.007812
vt 0.515625 0.015625
vt 0.507812 0.015625
vt 0.523438 0.007812
vt 0.531250 0.007812
vt 0.531250 0.015625
vt 0.523438 0.015625
vt 0.507812 0.054688
vt 0.515625 0.054688
vt 0.515625 0.062500
vt 0.507812 0.062500
vt 0.507812 0.039062
vt 0.515625 0.039062
vt 0.515625 0.046875
vt 0.507812 0.046875
vt 0.523438 0.039062
vt 0.531250 0.039062
vt 0.531250 0.046875
vt 0.523438 0.046875
vt 0.601562 0.023438
vt 0.609375 0.023438
vt 0.609375 0.031250
vt 0.601562 0.031250
vt 0.601562 0.007812
vt 0.609375 0.007812
vt 0.609375 0.015625
vt 0.601562 0.015625
vt 0.617188 0.007812
vt 0.625000 0.007812
vt 0.625000 0.015625
vt 0.617188 0.015625
vt 0.570312 0.023438
vt 0.578125 0.023438
vt 0.578125 0.031250
vt 0.570312 0.031250
vt 0.570312 0.007812
vt 0.578125 0.007812
vt 0.578125 0.015625
vt 0.570312 0.015625
vt 0.585938 0.007812
vt 0.593750 0.007812
vt 0.593750 0.015625
vt 0.585938 0.015625
vt 0.570312 0.054688
vt 0.578125 0.054688
vt 0.578125 0.062500
vt 0.570312 0.062500
vt 0.570312 0.039062
vt 0.578125 0.039062
vt 0.578125 0.046875
vt 0.570312 0.046875
vt 0.585938 0.039062
vt 0.593750 0.039062
vt 0.593750 0.046875
vt 0.585938 0.046875
vt 0.414062 0.085938
vt 0.421875 0.085938
vt 0.421875 0.093750
vt 0.414062 0.093750
vt 0.414062 0.070312
vt 0.421875 0.070312
vt 0.421875 0.078125
vt 0.414062 0.078125
vt 0.429688 0.070312
vt 0.437500 0.070312
vt 0.437500 0.078125
vt 0.429688 0.078125
vt 0.382812 0.085938
vt 0.390625 0.085938
vt 0.390625 0.093750
vt 0.382812 0.093750
vt 0.382812 0.070312
vt 0.390625 0.070312
vt 0.390625 0.078125
vt 0.382812 0.078125
vt 0.398438 0.070312
vt 0.406250 0.070312
vt 0.406250 0.078125
vt 0.398438 0.078125
vt 0.382812 0.117188
vt 0.390625 0.117188
vt 0.390625 0.125000
vt 0.382812 0.125000
vt 0.382812 0.101562
vt 0.390625 0.101562
vt 0.390625 0.109375
vt 0.382812 0.109375
vt 0.398438 0.101562
vt 0.406250 0.101562
vt 0.406250 0.109375
vt 0.398438 0.109375
vt 0.414062 0.023438
vt 0.421875 0.023438
vt 0.421875 0.031250
vt 0.414062 0.031250
vt 0.414062 0.007812
vt 0.421875 0.007812
vt 0.421875 0.015625
vt 0.414062 0.015625
vt 0.429688 0.007812
vt 0.437500 0.007812
vt 0.437500 0.015625
vt 0.429688 0.015625
vt 0.382812 0.023438
vt 0.390625 0.023438
vt 0.390625 0.031250
vt 0.382812 0.031250
vt 0.382812 0.007812
vt 0.390625 0.007812
vt 0.390625 0.015625
vt 0.382812 0.015625
vt 0.398438 0.007812
vt 0.406250 0.007812
vt 0.406250 0.015625
vt 0.398438 0.015625
vt 0.382812 0.054688
vt 0.390625 0.054688
vt 0.390625 0.062500
vt 0.382812 0.062500
vt 0.382812 0.039062
vt 0.390625 0.039062
vt 0.390625 0.046875
vt 0.382812 0.046875
vt 0.398438 0.039062
vt 0.406250 0.039062
vt 0.406250 0.046875
vt 0.398438 0.046875
vt 0.476562 0.023438
vt 0.484375 0.023438
vt 0.484375 0.031250
vt 0.476562 0.031250
vt 0.476562 0.007812
vt 0.484375 0.007812
vt 0.484375 0.015625
vt 0.476562 0.015625
vt 0.492188 0.007812
vt 0.500000 0.007812
vt 0.500000 0.015625
vt 0.492188 0.015625
vt 0.445312 0.023438
vt 0.453125 0.023438
vt 0.453125 0.031250
vt 0.445312 0.031250
vt 0.445312 0.007812
vt 0.453125 0.007812
vt 0.453125 0.015625
vt 0.445312 0.015625
vt 0.460938 0.007812
vt 0.468750 0.007812
vt 0.468750 0.015625
vt 0.460938 0.015625
vt 0.445312 0.054688
vt 0.453125 0.054688
vt 0.453125 0.062500
vt 0.445312 0.062500
vt 0.445312 0.039062
vt 0.453125 0.039062
vt 0.453125 0.046875
vt 0.445312 0.046875
vt 0.460938 0.039062
vt 0.468750 0.039062
vt 0.468750 0.046875
vt 0.460938 0.046875
vt 0.414062 0.210938
vt 0.421875 0.210938
vt 0.421875 0.218750
vt 0.414062 0.218750
vt 0.414062 0.195312
vt 0.421875 0.195312
vt 0.421875 0.203125
vt 0.414062 0.203125
vt 0.429688 0.195312
vt 0.437500 0.195312
vt 0.437500 0.203125
vt 0.429688 0.203125
vt 0.382812 0.210938
vt 0.390625 0.210938
vt 0.390625 0.218750
vt 0.382812 0.218750
vt 0.382812 0.195312
vt 0.390625 0.195312
vt 0.390625 0.203125
vt 0.382812 0.203125
vt 0.398438 0.195312
vt 0.406250 0.195312
vt 0.406250 0.203125
vt 0.398438 0.203125
vt 0.382812 0.242188
vt 0.390625 0.242188
vt 0.390625 0.250000
vt 0.382812 0.250000
vt 0.382812 0.246094
vt 0.382812 0.226562
vt 0.390625 0.226562
vt 0.390625 0.234375
vt 0.382812 0.234375
vt 0.398438 0.226562
vt 0.406250 0.226562
vt 0.406250 0.234375
vt 0.398438 0.234375
vt 0.414062 0.148438
vt 0.421875 0.148438
vt 0.421875 0.156250
vt 0.414062 0.156250
vt 0.414062 0.132812
vt 0.421875 0.132812
vt 0.421875 0.140625
vt 0.414062 0.140625
vt 0.429688 0.132812
vt 0.437500 0.132812
vt 0.437500 0.140625
vt 0.429688 0.140625
vt 0.382812 0.148438
vt 0.390625 0.148438
vt 0.390625 0.156250
vt 0.382812 0.156250
vt 0.382812 0.132812
vt 0.390625 0.132812
vt 0.390625 0.140625
vt 0.382812 0.140625
vt 0.398438 0.132812
vt 0.406250 0.132812
vt 0.406250 0.140625
vt 0.398438 0.140625
vt 0.382812 0.179688
vt 0.390625 0.179688
vt 0.390625 0.187500
vt 0.382812 0.187500
vt 0.382812 0.164062
vt 0.390625 0.164062
vt 0.390625 0.171875
vt 0.382812 0.171875
vt 0.398438 0.164062
vt 0.406250 0.164062
vt 0.406250 0.171875
vt 0.398438 0.171875
vt 0.476562 0.148438
vt 0.484375 0.148438
vt 0.484375 0.156250
vt 0.476562 0.156250
vt 0.476562 0.132812
vt 0.484375 0.132812
vt 0.484375 0.140625
vt 0.476562 0.140625
vt 0.492188 0.132812
vt 0.500000 0.132812
vt 0.500000 0.140625
vt 0.492188 0.140625
vt 0.445312 0.148438
vt 0.453125 0.148438
vt 0.453125 0.156250
vt 0.445312 0.156250
vt 0.445312 0.132812
vt 0.453125 0.132812
vt 0.453125 0.140625
vt 0.445312 0.140625
vt 0.460938 0.132812
vt 0.468750 0.132812
vt 0.468750 0.140625
vt 0.460938 0.140625
vt 0.445312 0.179688
vt 0.453125 0.179688
vt 0.453125 0.187500
vt 0.445312 0.187500
vt 0.445312 0.164062
vt 0.453125 0.164062
vt 0.453125 0.171875
vt 0.445312 0.171875
vt 0.460938 0.164062
vt 0.468750 0.164062
vt 0.468750 0.171875
vt 0.460938 0.171875
vt 0.539062 0.585938
vt 0.546875 0.585938
vt 0.546875 0.593750
vt 0.539062 0.593750
vt 0.539062 0.570312
vt 0.546875 0.570312
vt 0.546875 0.578125
vt 0.539062 0.578125
vt 0.554688 0.570312
vt 0.562500 0.570312
vt 0.562500 0.578125
vt 0.554688 0.578125
vt 0.507812 0.585938
vt 0.515625 0.585938
vt 0.515625 0.593750
vt 0.507812 0.593750
vt 0.507812 0.570312
vt 0.515625 0.570312
vt 0.515625 0.578125
vt 0.507812 0.578125
vt 0.523438 0.570312
vt 0.531250 0.570312
vt 0.531250 0.578125
vt 0.523438 0.578125
vt 0.507812 0.617188
vt 0.515625 0.617188
vt 0.515625 0.625000
vt 0.507812 0.625000
vt 0.507812 0.601562
vt 0.515625 0.601562
vt 0.515625 0.609375
vt 0.507812 0.609375
vt 0.523438 0.601562
vt 0.531250 0.601562
vt 0.531250 0.609375
vt 0.523438 0.609375
vt 0.539062 0.523438
vt 0.546875 0.523438
vt 0.546875 0.531250
vt 0.539062 0.531250
vt 0.539062 0.507812
vt 0.546875 0.507812
vt 0.546875 0.515625
vt 0.539062 0.515625
vt 0.554688 0.507812
vt 0.562500 0.507812
vt 0.562500 0.515625
vt 0.554688 0.515625
vt 0.507812 0.523438
vt 0.515625 0.523438
vt 0.515625 0.531250
vt 0.507812 0.531250
vt 0.507812 0.507812
vt 0.515625 0.507812
vt 0.515625 0.515625
vt 0.507812 0.515625
vt 0.523438 0.507812
vt 0.531250 0.507812
vt 0.531250 0.515625
vt 0.523438 0.515625
vt 0.507812 0.554688
vt 0.515625 0.554688
vt 0.515625 0.562500
vt 0.507812 0.562500
vt 0.507812 0.539062
vt 0.515625 0.539062
vt 0.515625 0.546875
vt 0.507812 0.546875
vt 0.523438 0.539062
vt 0.531250 0.539062
vt 0.531250 0.546875
vt 0.523438 0.546875
vt 0.601562 0.523438
vt 0.609375 0.523438
vt 0.609375 0.531250
vt 0.601562 0.531250
vt 0.601562 0.507812
vt 0.609375 0.507812
vt 0.609375 0.515625
vt 0.601562 0.515625
vt 0.617188 0.507812
vt 0.625000 0.507812
vt 0.625000 0.515625
vt 0.617188 0.515625
vt 0.570312 0.523438
vt 0.578125 0.523438
vt 0.578125 0.531250
vt 0.570312 0.531250
vt 0.570312 0.507812
vt 0.578125 0.507812
vt 0.578125 0.515625
vt 0.570312 0.515625
vt 0.585938 0.507812
vt 0.593750 0.507812
vt 0.593750 0.515625
vt 0.585938 0.515625
vt 0.570312 0.554688
vt 0.578125 0.554688
vt 0.578125 0.562500
vt 0.570312 0.562500
vt 0.570312 0.539062
vt 0.578125 0.539062
vt 0.578125 0.546875
vt 0.570312 0.546875
vt 0.585938 0.539062
vt 0.593750 0.539062
vt 0.593750 0.546875
vt 0.585938 0.546875
vt 0.414062 0.585938
vt 0.421875 0.585938
vt 0.421875 0.593750
vt 0.414062 0.593750
vt 0.414062 0.570312
vt 0.421875 0.570312
vt 0.421875 0.578125
vt 0.414062 0.578125
vt 0.429688 0.570312
vt 0.437500 0.570312
vt 0.437500 0.578125
vt 0.429688 0.578125
vt 0.382812 0.585938
vt 0.390625 0.585938
vt 0.390625 0.593750
vt 0.382812 0.593750
vt 0.382812 0.570312
vt 0.390625 0.570312
vt 0.390625 0.578125
vt 0.382812 0.578125
vt 0.398438 0.570312
vt 0.406250 0.570312
vt 0.406250 0.578125
vt 0.398438 0.578125
vt 0.382812 0.617188
vt 0.390625 0.617188
vt 0.390625 0.625000
vt 0.382812 0.625000
vt 0.382812 0.601562
vt 0.390625 0.601562
vt 0.390625 0.609375
vt 0.382812 0.609375
vt 0.398438 0.601562
vt 0.406250 0.601562
vt 0.406250 0.609375
vt 0.398438 0.609375
vt 0.414062 0.523438
vt 0.421875 0.523438
vt 0.421875 0.531250
vt 0.414062 0.531250
vt 0.414062 0.507812
vt 0.421875 0.507812
vt 0.421875 0.515625
vt 0.414062 0.515625
vt 0.429688 0.507812
vt 0.437500 0.507812
vt 0.437500 0.515625
vt 0.429688 0.515625
vt 0.382812 0.523438
vt 0.390625 0.523438
vt 0.390625 0.531250
vt 0.382812 0.531250
vt 0.382812 0.507812
vt 0.390625 0.507812
vt 0.390625 0.515625
vt 0.382812 0.515625
vt 0.398438 0.507812
vt 0.406250 0.507812
vt 0.406250 0.515625
vt 0.398438 0.515625
vt 0.382812 0.554688
vt 0.390625 0.554688
vt 0.390625 0.562500
vt 0.382812 0.562500
vt 0.382812 0.539062
vt 0.390625 0.539062
vt 0.390625 0.546875
vt 0.382812 0.546875
vt 0.398438 0.539062
vt 0.406250 0.539062
vt 0.406250 0.546875
vt 0.398438 0.546875
vt 0.476562 0.523438
vt 0.484375 0.523438
vt 0.484375 0.531250
vt 0.476562 0.531250
vt 0.476562 0.507812
vt 0.484375 0.507812
vt 0.484375 0.515625
vt 0.476562 0.515625
vt 0.492188 0.507812
vt 0.500000 0.507812
vt 0.500000 0.515625
vt 0.492188 0.515625
vt 0.445312 0.523438
vt 0.453125 0.523438
vt 0.453125 0.531250
vt 0.445312 0.531250
vt 0.445312 0.507812
vt 0.453125 0.507812
vt 0.453125 0.515625
vt 0.445312 0.515625
vt 0.460938 0.507812
vt 0.468750 0.507812
vt 0.468750 0.515625
vt 0.460938 0.515625
vt 0.445312 0.554688
vt 0.453125 0.554688
vt 0.453125 0.562500
vt 0.445312 0.562500
vt 0.445312 0.539062
vt 0.453125 0.539062
vt 0.453125 0.546875
vt 0.445312 0.546875
vt 0.460938 0.539062
vt 0.468750 0.539062
vt 0.468750 0.546875
vt 0.460938 0.546875
vt 0.414062 0.710938
vt 0.421875 0.710938
vt 0.421875 0.718750
vt 0.414062 0.718750
vt 0.414062 0.695312
vt 0.421875 0.695312
vt 0.421875 0.703125
vt 0.414062 0.703125
vt 0.429688 0.695312
vt 0.437500 0.695312
vt 0.437500 0.703125
vt 0.429688 0.703125
vt 0.382812 0.710938
vt 0.390625 0.710938
vt 0.390625 0.718750
vt 0.382812 0.718750
vt 0.382812 0.695312
vt 0.390625 0.695312
vt 0.390625 0.703125
vt 0.382812 0.703125
vt 0.398438 0.695312
vt 0.406250 0.695312
vt 0.406250 0.703125
vt 0.398438 0.703125
vt 0.382812 0.742188
vt 0.390625 0.742188
vt 0.390625 0.750000
vt 0.382812 0.750000
vt 0.382812 0.726562
vt 0.390625 0.726562
vt 0.390625 0.734375
vt 0.382812 0.734375
vt 0.398438 0.726562
vt 0.406250 0.726562
vt 0.406250 0.734375
vt 0.398438 0.734375
vt 0.414062 0.648438
vt 0.421875 0.648438
vt 0.421875 0.656250
vt 0.414062 0.656250
vt 0.414062 0.632812
vt 0.421875 0.632812
vt 0.421875 0.640625
vt 0.414062 0.640625
vt 0.429688 0.632812
vt 0.437500 0.632812
vt 0.437500 0.640625
vt 0.429688 0.640625
vt 0.382812 0.648438
vt 0.390625 0.648438
vt 0.390625 0.656250
vt 0.382812 0.656250
vt 0.382812 0.632812
vt 0.390625 0.632812
vt 0.390625 0.640625
vt 0.382812 0.640625
vt 0.398438 0.632812
vt 0.406250 0.632812
vt 0.406250 0.640625
vt 0.398438 0.640625
vt 0.382812 0.679688
vt 0.390625 0.679688
vt 0.390625 0.687500
vt 0.382812 0.687500
vt 0.382812 0.664062
vt 0.390625 0.664062
vt 0.390625 0.671875
vt 0.382812 0.671875
vt 0.398438 0.664062
vt 0.406250 0.664062
vt 0.406250 0.671875
vt 0.398438 0.671875
vt 0.476562 0.648438
vt 0.484375 0.648438
vt 0.484375 0.656250
vt 0.476562 0.656250
vt 0.476562 0.632812
vt 0.484375 0.632812
vt 0.484375 0.640625
vt 0.476562 0.640625
vt 0.492188 0.632812
vt 0.500000 0.632812
vt 0.500000 0.640625
vt 0.492188 0.640625
vt 0.445312 0.648438
vt 0.453125 0.648438
vt 0.453125 0.656250
vt 0.445312 0.656250
vt 0.445312 0.632812
vt 0.453125 0.632812
vt 0.453125 0.640625
vt 0.445312 0.640625
vt 0.460938 0.632812
vt 0.468750 0.632812
vt 0.468750 0.640625
vt 0.460938 0.640625
vt 0.445312 0.679688
vt 0.453125 0.679688
vt 0.453125 0.687500
vt 0.445312 0.687500
vt 0.445312 0.664062
vt 0.453125 0.664062
vt 0.453125 0.671875
vt 0.445312 0.671875
vt 0.460938 0.664062
vt 0.468750 0.664062
vt 0.468750 0.671875
vt 0.460938 0.671875
vt 0.539062 0.257812
vt 0.546875 0.257812
vt 0.546875 0.265625
vt 0.539062 0.265625
vt 0.554688 0.257812
vt 0.562500 0.257812
vt 0.562500 0.265625
vt 0.554688 0.265625
vt 0.507812 0.257812
vt 0.515625 0.257812
vt 0.515625 0.265625
vt 0.507812 0.265625
vt 0.523438 0.257812
vt 0.531250 0.257812
vt 0.531250 0.265625
vt 0.523438 0.265625
vt 0.601562 0.257812
vt 0.609375 0.257812
vt 0.609375 0.265625
vt 0.601562 0.265625
vt 0.617188 0.257812
vt 0.625000 0.257812
vt 0.625000 0.265625
vt 0.617188 0.265625
vt 0.570312 0.257812
vt 0.578125 0.257812
vt 0.578125 0.265625
vt 0.570312 0.265625
vt 0.585938 0.257812
vt 0.593750 0.257812
vt 0.593750 0.265625
vt 0.585938 0.265625
vt 0.382812 0.335938
vt 0.390625 0.335938
vt 0.390625 0.343750
vt 0.382812 0.343750
vt 0.382812 0.320312
vt 0.390625 0.320312
vt 0.390625 0.328125
vt 0.382812 0.328125
vt 0.398438 0.320312
vt 0.406250 0.320312
vt 0.406250 0.324219
vt 0.406250 0.328125
vt 0.398438 0.328125
vt 0.382812 0.367188
vt 0.390625 0.367188
vt 0.390625 0.375000
vt 0.382812 0.375000
vt 0.382812 0.351562
vt 0.390625 0.351562
vt 0.390625 0.359375
vt 0.382812 0.359375
vt 0.398438 0.351562
vt 0.406250 0.351562
vt 0.406250 0.355469
vt 0.406250 0.359375
vt 0.398438 0.359375
vt 0.414062 0.257812
vt 0.421875 0.257812
vt 0.421875 0.265625
vt 0.414062 0.265625
vt 0.429688 0.257812
vt 0.437500 0.257812
vt 0.437500 0.265625
vt 0.429688 0.265625
vt 0.382812 0.273438
vt 0.390625 0.273438
vt 0.390625 0.281250
vt 0.382812 0.281250
vt 0.382812 0.257812
vt 0.390625 0.257812
vt 0.390625 0.265625
vt 0.382812 0.265625
vt 0.398438 0.257812
vt 0.406250 0.257812
vt 0.406250 0.265625
vt 0.398438 0.265625
vt 0.382812 0.304688
vt 0.390625 0.304688
vt 0.390625 0.312500
vt 0.382812 0.312500
vt 0.382812 0.289062
vt 0.390625 0.289062
vt 0.390625 0.296875
vt 0.382812 0.296875
vt 0.398438 0.289062
vt 0.406250 0.289062
vt 0.406250 0.292969
vt 0.406250 0.296875
vt 0.398438 0.296875
vt 0.476562 0.257812
vt 0.484375 0.257812
vt 0.484375 0.265625
vt 0.476562 0.265625
vt 0.492188 0.257812
vt 0.500000 0.257812
vt 0.500000 0.265625
vt 0.492188 0.265625
vt 0.445312 0.257812
vt 0.453125 0.257812
vt 0.453125 0.265625
vt 0.445312 0.265625
vt 0.460938 0.257812
vt 0.468750 0.257812
vt 0.468750 0.265625
vt 0.460938 0.265625
vt 0.382812 0.460938
vt 0.390625 0.460938
vt 0.390625 0.468750
vt 0.382812 0.468750
vt 0.382812 0.445312
vt 0.390625 0.445312
vt 0.390625 0.453125
vt 0.382812 0.453125
vt 0.398438 0.445312
vt 0.406250 0.445312
vt 0.406250 0.449219
vt 0.406250 0.453125
vt 0.398438 0.453125
vt 0.382812 0.492188
vt 0.390625 0.492188
vt 0.390625 0.500000
vt 0.382812 0.500000
vt 0.382812 0.476562
vt 0.390625 0.476562
vt 0.390625 0.484375
vt 0.382812 0.484375
vt 0.398438 0.476562
vt 0.406250 0.476562
vt 0.406250 0.484375
vt 0.398438 0.484375
vt 0.382812 0.398438
vt 0.390625 0.398438
vt 0.390625 0.406250
vt 0.382812 0.406250
vt 0.382812 0.382812
vt 0.390625 0.382812
vt 0.390625 0.390625
vt 0.382812 0.390625
vt 0.398438 0.382812
vt 0.406250 0.382812
vt 0.406250 0.386719
vt 0.406250 0.390625
vt 0.398438 0.390625
vt 0.382812 0.429688
vt 0.390625 0.429688
vt 0.390625 0.437500
vt 0.382812 0.437500
vt 0.382812 0.414062
vt 0.390625 0.414062
vt 0.390625 0.421875
vt 0.382812 0.421875
vt 0.398438 0.414062
vt 0.406250 0.414062
vt 0.406250 0.417969
vt 0.406250 0.421875
vt 0.398438 0.421875
vt 0.507812 0.492188
vt 0.515625 0.492188
vt 0.515625 0.500000
vt 0.507812 0.500000
vt 0.507812 0.476562
vt 0.511719 0.476562
vt 0.515625 0.476562
vt 0.515625 0.484375
vt 0.507812 0.484375
vt 0.523438 0.476562
vt 0.527344 0.476562
vt 0.531250 0.476562
vt 0.531250 0.484375
vt 0.523438 0.484375
vt 0.617188 0.382812
vt 0.625000 0.382812
vt 0.625000 0.390625
vt 0.617188 0.390625
vt 0.539062 0.710938
vt 0.546875 0.710938
vt 0.546875 0.718750
vt 0.539062 0.718750
vt 0.539062 0.695312
vt 0.546875 0.695312
vt 0.546875 0.703125
vt 0.539062 0.703125
vt 0.554688 0.695312
vt 0.562500 0.695312
vt 0.562500 0.703125
vt 0.554688 0.703125
vt 0.507812 0.710938
vt 0.515625 0.710938
vt 0.515625 0.718750
vt 0.507812 0.718750
vt 0.507812 0.695312
vt 0.515625 0.695312
vt 0.515625 0.703125
vt 0.507812 0.703125
vt 0.523438 0.695312
vt 0.531250 0.695312
vt 0.531250 0.703125
vt 0.523438 0.703125
vt 0.507812 0.742188
vt 0.515625 0.742188
vt 0.515625 0.750000
vt 0.507812 0.750000
vt 0.507812 0.726562
vt 0.515625 0.726562
vt 0.515625 0.734375
vt 0.507812 0.734375
vt 0.523438 0.726562
vt 0.531250 0.726562
vt 0.531250 0.734375
vt 0.523438 0.734375
vt 0.539062 0.648438
vt 0.546875 0.648438
vt 0.546875 0.656250
vt 0.539062 0.656250
vt 0.539062 0.632812
vt 0.546875 0.632812
vt 0.546875 0.640625
vt 0.539062 0.640625
vt 0.554688 0.632812
vt 0.562500 0.632812
vt 0.562500 0.640625
vt 0.554688 0.640625
vt 0.507812 0.648438
vt 0.515625 0.648438
vt 0.515625 0.656250
vt 0.507812 0.656250
vt 0.507812 0.632812
vt 0.515625 0.632812
vt 0.515625 0.640625
vt 0.507812 0.640625
vt 0.523438 0.632812
vt 0.531250 0.632812
vt 0.531250 0.640625
vt 0.523438 0.640625
vt 0.507812 0.679688
vt 0.515625 0.679688
vt 0.515625 0.687500
vt 0.507812 0.687500
vt 0.507812 0.664062
vt 0.515625 0.664062
vt 0.515625 0.671875
vt 0.507812 0.671875
vt 0.523438 0.664062
vt 0.531250 0.664062
vt 0.531250 0.671875
vt 0.523438 0.671875
vt 0.601562 0.648438
vt 0.609375 0.648438
vt 0.609375 0.656250
vt 0.601562 0.656250
vt 0.601562 0.632812
vt 0.609375 0.632812
vt 0.609375 0.640625
vt 0.601562 0.640625
vt 0.617188 0.632812
vt 0.625000 0.632812
vt 0.625000 0.640625
vt 0.617188 0.640625
vt 0.570312 0.648438
vt 0.578125 0.648438
vt 0.578125 0.656250
vt 0.570312 0.656250
vt 0.570312 0.632812
vt 0.578125 0.632812
vt 0.578125 0.640625
vt 0.570312 0.640625
vt 0.585938 0.632812
vt 0.593750 0.632812
vt 0.593750 0.640625
vt 0.585938 0.640625
vt 0.570312 0.679688
vt 0.578125 0.679688
vt 0.578125 0.687500
vt 0.570312 0.687500
vt 0.570312 0.664062
vt 0.578125 0.664062
vt 0.578125 0.671875
vt 0.570312 0.671875
vt 0.585938 0.664062
vt 0.593750 0.664062
vt 0.593750 0.671875
vt 0.585938 0.671875
vt 0.539062 0.210938
vt 0.546875 0.210938
vt 0.546875 0.218750
vt 0.539062 0.218750
vt 0.539062 0.195312
vt 0.546875 0.195312
vt 0.546875 0.203125
vt 0.539062 0.203125
vt 0.554688 0.195312
vt 0.562500 0.195312
vt 0.562500 0.203125
vt 0.554688 0.203125
vt 0.507812 0.210938
vt 0.515625 0.210938
vt 0.515625 0.218750
vt 0.507812 0.218750
vt 0.507812 0.195312
vt 0.515625 0.195312
vt 0.515625 0.203125
vt 0.507812 0.203125
vt 0.523438 0.195312
vt 0.531250 0.195312
vt 0.531250 0.203125
vt 0.523438 0.203125
vt 0.507812 0.242188
vt 0.515625 0.242188
vt 0.515625 0.250000
vt 0.507812 0.250000
vt 0.507812 0.226562
vt 0.515625 0.226562
vt 0.515625 0.234375
vt 0.507812 0.234375
vt 0.523438 0.226562
vt 0.531250 0.226562
vt 0.531250 0.234375
vt 0.523438 0.234375
vt 0.539062 0.148438
vt 0.546875 0.148438
vt 0.546875 0.156250
vt 0.539062 0.156250
vt 0.539062 0.132812
vt 0.546875 0.132812
vt 0.546875 0.140625
vt 0.539062 0.140625
vt 0.554688 0.132812
vt 0.562500 0.132812
vt 0.562500 0.140625
vt 0.554688 0.140625
vt 0.507812 0.148438
vt 0.515625 0.148438
vt 0.515625 0.156250
vt 0.507812 0.156250
vt 0.507812 0.132812
vt 0.515625 0.132812
vt 0.515625 0.140625
vt 0.507812 0.140625
vt 0.523438 0.132812
vt 0.531250 0.132812
vt 0.531250 0.140625
vt 0.523438 0.140625
vt 0.507812 0.179688
vt 0.515625 0.179688
vt 0.515625 0.187500
vt 0.507812 0.187500
vt 0.507812 0.164062
vt 0.515625 0.164062
vt 0.515625 0.171875
vt 0.507812 0.171875
vt 0.523438 0.164062
vt 0.531250 0.164062
vt 0.531250 0.171875
vt 0.523438 0.171875
vt 0.601562 0.148438
vt 0.609375 0.148438
vt 0.609375 0.156250
vt 0.601562 0.156250
vt 0.601562 0.132812
vt 0.609375 0.132812
vt 0.609375 0.140625
vt 0.601562 0.140625
vt 0.617188 0.132812
vt 0.625000 0.132812
vt 0.625000 0.140625
vt 0.617188 0.140625
vt 0.570312 0.148438
vt 0.578125 0.148438
vt 0.578125 0.156250
vt 0.570312 0.156250
vt 0.570312 0.132812
vt 0.578125 0.132812
vt 0.578125 0.140625
vt 0.570312 0.140625
vt 0.585938 0.132812
vt 0.593750 0.132812
vt 0.593750 0.140625
vt 0.585938 0.140625
vt 0.570312 0.179688
vt 0.578125 0.179688
vt 0.578125 0.187500
vt 0.570312 0.187500
vt 0.570312 0.164062
vt 0.578125 0.164062
vt 0.578125 0.171875
vt 0.570312 0.171875
vt 0.585938 0.164062
vt 0.593750 0.164062
vt 0.593750 0.171875
vt 0.585938 0.171875
vt 0.507812 0.992188
vt 0.515625 0.992188
vt 0.515625 1.000000
vt 0.507812 1.000000
vt 0.507812 0.976562
vt 0.511719 0.976562
vt 0.515625 0.976562
vt 0.515625 0.984375
vt 0.507812 0.984375
vt 0.523438 0.976562
vt 0.527344 0.976562
vt 0.531250 0.976562
vt 0.531250 0.984375
vt 0.523438 0.984375
vt 0.617188 0.882812
vt 0.625000 0.882812
vt 0.625000 0.890625
vt 0.617188 0.890625
vt 0.789062 0.710938
vt 0.796875 0.710938
vt 0.796875 0.718750
vt 0.789062 0.718750
vt 0.789062 0.695312
vt 0.796875 0.695312
vt 0.796875 0.703125
vt 0.789062 0.703125
vt 0.804688 0.695312
vt 0.812500 0.695312
vt 0.812500 0.703125
vt 0.804688 0.703125
vt 0.757812 0.710938
vt 0.765625 0.710938
vt 0.765625 0.718750
vt 0.757812 0.718750
vt 0.757812 0.695312
vt 0.765625 0.695312
vt 0.765625 0.703125
vt 0.757812 0.703125
vt 0.773438 0.695312
vt 0.781250 0.695312
vt 0.781250 0.703125
vt 0.773438 0.703125
vt 0.757812 0.742188
vt 0.765625 0.742188
vt 0.765625 0.750000
vt 0.757812 0.750000
vt 0.757812 0.726562
vt 0.765625 0.726562
vt 0.765625 0.734375
vt 0.757812 0.734375
vt 0.773438 0.726562
vt 0.781250 0.726562
vt 0.781250 0.734375
vt 0.773438 0.734375
vt 0.789062 0.648438
vt 0.796875 0.648438
vt 0.796875 0.656250
vt 0.789062 0.656250
vt 0.789062 0.632812
vt 0.796875 0.632812
vt 0.796875 0.640625
vt 0.789062 0.640625
vt 0.804688 0.632812
vt 0.812500 0.632812
vt 0.812500 0.640625
vt 0.804688 0.640625
vt 0.757812 0.648438
vt 0.765625 0.648438
vt 0.765625 0.656250
vt 0.757812 0.656250
vt 0.757812 0.632812
vt 0.765625 0.632812
vt 0.765625 0.640625
vt 0.757812 0.640625
vt 0.773438 0.632812
vt 0.781250 0.632812
vt 0.781250 0.640625
vt 0.773438 0.640625
vt 0.757812 0.679688
vt 0.765625 0.679688
vt 0.765625 0.687500
vt 0.757812 0.687500
vt 0.757812 0.664062
vt 0.765625 0.664062
vt 0.765625 0.671875
vt 0.757812 0.671875
vt 0.773438 0.664062
vt 0.781250 0.664062
vt 0.781250 0.671875
vt 0.773438 0.671875
vt 0.851562 0.648438
vt 0.859375 0.648438
vt 0.859375 0.656250
vt 0.851562 0.656250
vt 0.851562 0.632812
vt 0.859375 0.632812
vt 0.859375 0.640625
vt 0.851562 0.640625
vt 0.867188 0.632812
vt 0.875000 0.632812
vt 0.875000 0.640625
vt 0.867188 0.640625
vt 0.820312 0.648438
vt 0.828125 0.648438
vt 0.828125 0.656250
vt 0.820312 0.656250
vt 0.820312 0.632812
vt 0.828125 0.632812
vt 0.828125 0.640625
vt 0.820312 0.640625
vt 0.835938 0.632812
vt 0.843750 0.632812
vt 0.843750 0.640625
vt 0.835938 0.640625
vt 0.820312 0.679688
vt 0.828125 0.679688
vt 0.828125 0.687500
vt 0.820312 0.687500
vt 0.820312 0.664062
vt 0.828125 0.664062
vt 0.828125 0.671875
vt 0.820312 0.671875
vt 0.835938 0.664062
vt 0.843750 0.664062
vt 0.843750 0.671875
vt 0.835938 0.671875
vt 0.851562 0.679688
vt 0.859375 0.679688
vt 0.859375 0.687500
vt 0.851562 0.687500
vt 0.851562 0.664062
vt 0.859375 0.664062
vt 0.859375 0.671875
vt 0.851562 0.671875
vt 0.867188 0.664062
vt 0.875000 0.664062
vt 0.875000 0.671875
vt 0.867188 0.671875
vt 0.789062 0.679688
vt 0.796875 0.679688
vt 0.796875 0.687500
vt 0.789062 0.687500
vt 0.789062 0.664062
vt 0.796875 0.664062
vt 0.796875 0.671875
vt 0.789062 0.671875
vt 0.804688 0.664062
vt 0.812500 0.664062
vt 0.812500 0.671875
vt 0.804688 0.671875
vt 0.789062 0.742188
vt 0.796875 0.742188
vt 0.796875 0.750000
vt 0.789062 0.750000
vt 0.789062 0.726562
vt 0.796875 0.726562
vt 0.796875 0.734375
vt 0.789062 0.734375
vt 0.804688 0.726562
vt 0.812500 0.726562
vt 0.812500 0.734375
vt 0.804688 0.734375
vt 0.617188 0.914062
vt 0.625000 0.914062
vt 0.625000 0.921875
vt 0.617188 0.921875
vt 0.539062 0.992188
vt 0.546875 0.992188
vt 0.546875 1.000000
vt 0.539062 1.000000
vt 0.539062 0.976562
vt 0.542969 0.976562
vt 0.546875 0.976562
vt 0.546875 0.984375
vt 0.539062 0.984375
vt 0.554688 0.976562
vt 0.558594 0.976562
vt 0.562500 0.976562
vt 0.562500 0.984375
vt 0.554688 0.984375
vt 0.601562 0.179688
vt 0.609375 0.179688
vt 0.609375 0.187500
vt 0.601562 0.187500
vt 0.601562 0.164062
vt 0.609375 0.164062
vt 0.609375 0.171875
vt 0.601562 0.171875
vt 0.617188 0.164062
vt 0.625000 0.164062
vt 0.625000 0.171875
vt 0.617188 0.171875
vt 0.539062 0.179688
vt 0.546875 0.179688
vt 0.546875 0.187500
vt 0.539062 0.187500
vt 0.539062 0.164062
vt 0.546875 0.164062
vt 0.546875 0.171875
vt 0.539062 0.171875
vt 0.554688 0.164062
vt 0.562500 0.164062
vt 0.562500 0.171875
vt 0.554688 0.171875
vt 0.539062 0.242188
vt 0.546875 0.242188
vt 0.546875 0.250000
vt 0.539062 0.250000
vt 0.539062 0.226562
vt 0.546875 0.226562
vt 0.546875 0.234375
vt 0.539062 0.234375
vt 0.554688 0.226562
vt 0.562500 0.226562
vt 0.562500 0.234375
vt 0.554688 0.234375
vt 0.601562 0.679688
vt 0.609375 0.679688
vt 0.609375 0.687500
vt 0.601562 0.687500
vt 0.601562 0.664062
vt 0.609375 0.664062
vt 0.609375 0.671875
vt 0.601562 0.671875
vt 0.617188 0.664062
vt 0.625000 0.664062
vt 0.625000 0.671875
vt 0.617188 0.671875
vt 0.539062 0.679688
vt 0.546875 0.679688
vt 0.546875 0.687500
vt 0.539062 0.687500
vt 0.539062 0.664062
vt 0.546875 0.664062
vt 0.546875 0.671875
vt 0.539062 0.671875
vt 0.554688 0.664062
vt 0.562500 0.664062
vt 0.562500 0.671875
vt 0.554688 0.671875
vt 0.539062 0.742188
vt 0.546875 0.742188
vt 0.546875 0.750000
vt 0.539062 0.750000
vt 0.539062 0.726562
vt 0.546875 0.726562
vt 0.546875 0.734375
vt 0.539062 0.734375
vt 0.554688 0.726562
vt 0.562500 0.726562
vt 0.562500 0.734375
vt 0.554688 0.734375
vt 0.617188 0.414062
vt 0.625000 0.414062
vt 0.625000 0.421875
vt 0.617188 0.421875
vt 0.539062 0.492188
vt 0.546875 0.492188
vt 0.546875 0.500000
vt 0.539062 0.500000
vt 0.539062 0.476562
vt 0.542969 0.476562
vt 0.546875 0.476562
vt 0.546875 0.484375
vt 0.539062 0.484375
vt 0.554688 0.476562
vt 0.558594 0.476562
vt 0.562500 0.476562
vt 0.562500 0.484375
vt 0.554688 0.484375
vt 0.414062 0.492188
vt 0.421875 0.492188
vt 0.421875 0.500000
vt 0.414062 0.500000
vt 0.414062 0.476562
vt 0.417969 0.476562
vt 0.421875 0.476562
vt 0.421875 0.484375
vt 0.414062 0.484375
vt 0.429688 0.476562
vt 0.433594 0.476562
vt 0.437500 0.476562
vt 0.437500 0.484375
vt 0.429688 0.484375
vt 0.617188 0.289062
vt 0.625000 0.289062
vt 0.625000 0.296875
vt 0.617188 0.296875
vt 0.476562 0.679688
vt 0.484375 0.679688
vt 0.484375 0.687500
vt 0.476562 0.687500
vt 0.476562 0.664062
vt 0.484375 0.664062
vt 0.484375 0.671875
vt 0.476562 0.671875
vt 0.492188 0.664062
vt 0.500000 0.664062
vt 0.500000 0.671875
vt 0.492188 0.671875
vt 0.414062 0.679688
vt 0.421875 0.679688
vt 0.421875 0.687500
vt 0.414062 0.687500
vt 0.414062 0.664062
vt 0.421875 0.664062
vt 0.421875 0.671875
vt 0.414062 0.671875
vt 0.429688 0.664062
vt 0.437500 0.664062
vt 0.437500 0.671875
vt 0.429688 0.671875
vt 0.414062 0.742188
vt 0.421875 0.742188
vt 0.421875 0.750000
vt 0.414062 0.750000
vt 0.414062 0.726562
vt 0.421875 0.726562
vt 0.421875 0.734375
vt 0.414062 0.734375
vt 0.429688 0.726562
vt 0.437500 0.726562
vt 0.437500 0.734375
vt 0.429688 0.734375
vt 0.476562 0.554688
vt 0.484375 0.554688
vt 0.484375 0.562500
vt 0.476562 0.562500
vt 0.476562 0.539062
vt 0.484375 0.539062
vt 0.484375 0.546875
vt 0.476562 0.546875
vt 0.492188 0.539062
vt 0.500000 0.539062
vt 0.500000 0.546875
vt 0.492188 0.546875
vt 0.414062 0.554688
vt 0.421875 0.554688
vt 0.421875 0.562500
vt 0.414062 0.562500
vt 0.414062 0.539062
vt 0.421875 0.539062
vt 0.421875 0.546875
vt 0.414062 0.546875
vt 0.429688 0.539062
vt 0.437500 0.539062
vt 0.437500 0.546875
vt 0.429688 0.546875
vt 0.414062 0.617188
vt 0.421875 0.617188
vt 0.421875 0.625000
vt 0.414062 0.625000
vt 0.414062 0.601562
vt 0.421875 0.601562
vt 0.421875 0.609375
vt 0.414062 0.609375
vt 0.429688 0.601562
vt 0.437500 0.601562
vt 0.437500 0.609375
vt 0.429688 0.609375
vt 0.601562 0.554688
vt 0.609375 0.554688
vt 0.609375 0.562500
vt 0.601562 0.562500
vt 0.601562 0.539062
vt 0.609375 0.539062
vt 0.609375 0.546875
vt 0.601562 0.546875
vt 0.617188 0.539062
vt 0.625000 0.539062
vt 0.625000 0.546875
vt 0.617188 0.546875
vt 0.539062 0.554688
vt 0.546875 0.554688
vt 0.546875 0.562500
vt 0.539062 0.562500
vt 0.539062 0.539062
vt 0.546875 0.539062
vt 0.546875 0.546875
vt 0.539062 0.546875
vt 0.554688 0.539062
vt 0.562500 0.539062
vt 0.562500 0.546875
vt 0.554688 0.546875
vt 0.539062 0.617188
vt 0.546875 0.617188
vt 0.546875 0.625000
vt 0.539062 0.625000
vt 0.539062 0.601562
vt 0.546875 0.601562
vt 0.546875 0.609375
vt 0.539062 0.609375
vt 0.554688 0.601562
vt 0.562500 0.601562
vt 0.562500 0.609375
vt 0.554688 0.609375
vt 0.476562 0.179688
vt 0.484375 0.179688
vt 0.484375 0.187500
vt 0.476562 0.187500
vt 0.476562 0.164062
vt 0.484375 0.164062
vt 0.484375 0.171875
vt 0.476562 0.171875
vt 0.492188 0.164062
vt 0.500000 0.164062
vt 0.500000 0.171875
vt 0.492188 0.171875
vt 0.414062 0.179688
vt 0.421875 0.179688
vt 0.421875 0.187500
vt 0.414062 0.187500
vt 0.414062 0.164062
vt 0.421875 0.164062
vt 0.421875 0.171875
vt 0.414062 0.171875
vt 0.429688 0.164062
vt 0.437500 0.164062
vt 0.437500 0.171875
vt 0.429688 0.171875
vt 0.414062 0.242188
vt 0.421875 0.242188
vt 0.421875 0.250000
vt 0.414062 0.250000
vt 0.414062 0.226562
vt 0.421875 0.226562
vt 0.421875 0.234375
vt 0.414062 0.234375
vt 0.429688 0.226562
vt 0.437500 0.226562
vt 0.437500 0.234375
vt 0.429688 0.234375
vt 0.476562 0.054688
vt 0.484375 0.054688
vt 0.484375 0.062500
vt 0.476562 0.062500
vt 0.476562 0.039062
vt 0.484375 0.039062
vt 0.484375 0.046875
vt 0.476562 0.046875
vt 0.492188 0.039062
vt 0.500000 0.039062
vt 0.500000 0.046875
vt 0.492188 0.046875
vt 0.414062 0.054688
vt 0.421875 0.054688
vt 0.421875 0.062500
vt 0.414062 0.062500
vt 0.414062 0.039062
vt 0.421875 0.039062
vt 0.421875 0.046875
vt 0.414062 0.046875
vt 0.429688 0.039062
vt 0.437500 0.039062
vt 0.437500 0.046875
vt 0.429688 0.046875
vt 0.414062 0.117188
vt 0.421875 0.117188
vt 0.421875 0.125000
vt 0.414062 0.125000
vt 0.414062 0.101562
vt 0.421875 0.101562
vt 0.421875 0.109375
vt 0.414062 0.109375
vt 0.429688 0.101562
vt 0.437500 0.101562
vt 0.437500 0.109375
vt 0.429688 0.109375
vt 0.601562 0.054688
vt 0.609375 0.054688
vt 0.609375 0.062500
vt 0.601562 0.062500
vt 0.601562 0.039062
vt 0.609375 0.039062
vt 0.609375 0.046875
vt 0.601562 0.046875
vt 0.617188 0.039062
vt 0.625000 0.039062
vt 0.625000 0.046875
vt 0.617188 0.046875
vt 0.539062 0.054688
vt 0.546875 0.054688
vt 0.546875 0.062500
vt 0.539062 0.062500
vt 0.539062 0.039062
vt 0.546875 0.039062
vt 0.546875 0.046875
vt 0.539062 0.046875
vt 0.554688 0.039062
vt 0.562500 0.039062
vt 0.562500 0.046875
vt 0.554688 0.046875
vt 0.539062 0.117188
vt 0.546875 0.117188
vt 0.546875 0.125000
vt 0.539062 0.125000
vt 0.539062 0.101562
vt 0.546875 0.101562
vt 0.546875 0.109375
vt 0.539062 0.109375
vt 0.554688 0.101562
vt 0.562500 0.101562
vt 0.562500 0.109375
vt 0.554688 0.109375
vt 0.414062 0.929688
vt 0.421875 0.929688
vt 0.421875 0.933594
vt 0.421875 0.937500
vt 0.414062 0.937500
vt 0.414062 0.914062
vt 0.421875 0.914062
vt 0.421875 0.917969
vt 0.421875 0.921875
vt 0.414062 0.921875
vt 0.414062 0.992188
vt 0.421875 0.992188
vt 0.421875 1.000000
vt 0.414062 1.000000
vt 0.414062 0.976562
vt 0.421875 0.976562
vt 0.421875 0.984375
vt 0.414062 0.984375
vt 0.429688 0.976562
vt 0.433594 0.976562
vt 0.437500 0.976562
vt 0.437500 0.984375
vt 0.429688 0.984375
vt 0.414062 0.804688
vt 0.421875 0.804688
vt 0.421875 0.808594
vt 0.421875 0.812500
vt 0.414062 0.812500
vt 0.414062 0.789062
vt 0.421875 0.789062
vt 0.421875 0.792969
vt 0.421875 0.796875
vt 0.414062 0.796875
vt 0.414062 0.867188
vt 0.421875 0.867188
vt 0.421875 0.871094
vt 0.421875 0.875000
vt 0.414062 0.875000
vt 0.414062 0.851562
vt 0.421875 0.851562
vt 0.421875 0.855469
vt 0.421875 0.859375
vt 0.414062 0.859375
vt 0.617188 0.789062
vt 0.625000 0.789062
vt 0.625000 0.796875
vt 0.617188 0.796875
vt 0.726562 0.679688
vt 0.734375 0.679688
vt 0.734375 0.687500
vt 0.726562 0.687500
vt 0.726562 0.664062
vt 0.734375 0.664062
vt 0.734375 0.671875
vt 0.726562 0.671875
vt 0.742188 0.664062
vt 0.750000 0.664062
vt 0.750000 0.671875
vt 0.742188 0.671875
vt 0.664062 0.679688
vt 0.671875 0.679688
vt 0.671875 0.687500
vt 0.664062 0.687500
vt 0.664062 0.664062
vt 0.671875 0.664062
vt 0.671875 0.671875
vt 0.664062 0.671875
vt 0.679688 0.664062
vt 0.687500 0.664062
vt 0.687500 0.671875
vt 0.679688 0.671875
vt 0.664062 0.742188
vt 0.671875 0.742188
vt 0.671875 0.750000
vt 0.664062 0.750000
vt 0.664062 0.726562
vt 0.671875 0.726562
vt 0.671875 0.734375
vt 0.664062 0.734375
vt 0.679688 0.726562
vt 0.687500 0.726562
vt 0.687500 0.734375
vt 0.679688 0.734375
vt 0.726562 0.554688
vt 0.734375 0.554688
vt 0.734375 0.562500
vt 0.726562 0.562500
vt 0.726562 0.539062
vt 0.734375 0.539062
vt 0.734375 0.546875
vt 0.726562 0.546875
vt 0.742188 0.539062
vt 0.750000 0.539062
vt 0.750000 0.546875
vt 0.742188 0.546875
vt 0.664062 0.554688
vt 0.671875 0.554688
vt 0.671875 0.562500
vt 0.664062 0.562500
vt 0.664062 0.539062
vt 0.671875 0.539062
vt 0.671875 0.546875
vt 0.664062 0.546875
vt 0.679688 0.539062
vt 0.687500 0.539062
vt 0.687500 0.546875
vt 0.679688 0.546875
vt 0.664062 0.617188
vt 0.671875 0.617188
vt 0.671875 0.625000
vt 0.664062 0.625000
vt 0.664062 0.601562
vt 0.671875 0.601562
vt 0.671875 0.609375
vt 0.664062 0.609375
vt 0.679688 0.601562
vt 0.687500 0.601562
vt 0.687500 0.609375
vt 0.679688 0.609375
vt 0.851562 0.554688
vt 0.859375 0.554688
vt 0.859375 0.562500
vt 0.851562 0.562500
vt 0.851562 0.539062
vt 0.859375 0.539062
vt 0.859375 0.546875
vt 0.851562 0.546875
vt 0.867188 0.539062
vt 0.875000 0.539062
vt 0.875000 0.546875
vt 0.867188 0.546875
vt 0.789062 0.554688
vt 0.796875 0.554688
vt 0.796875 0.562500
vt 0.789062 0.562500
vt 0.789062 0.539062
vt 0.796875 0.539062
vt 0.796875 0.546875
vt 0.789062 0.546875
vt 0.804688 0.539062
vt 0.812500 0.539062
vt 0.812500 0.546875
vt 0.804688 0.546875
vt 0.789062 0.617188
vt 0.796875 0.617188
vt 0.796875 0.625000
vt 0.789062 0.625000
vt 0.789062 0.601562
vt 0.796875 0.601562
vt 0.796875 0.609375
vt 0.789062 0.609375
vt 0.804688 0.601562
vt 0.812500 0.601562
vt 0.812500 0.609375
vt 0.804688 0.609375
vt 0.851562 0.617188
vt 0.859375 0.617188
vt 0.859375 0.625000
vt 0.851562 0.625000
vt 0.851562 0.601562
vt 0.859375 0.601562
vt 0.859375 0.609375
vt 0.851562 0.609375
vt 0.867188 0.601562
vt 0.875000 0.601562
vt 0.875000 0.609375
vt 0.867188 0.609375
vt 0.726562 0.617188
vt 0.734375 0.617188
vt 0.734375 0.625000
vt 0.726562 0.625000
vt 0.726562 0.601562
vt 0.734375 0.601562
vt 0.734375 0.609375
vt 0.726562 0.609375
vt 0.742188 0.601562
vt 0.750000 0.601562
vt 0.750000 0.609375
vt 0.742188 0.609375
vt 0.726562 0.742188
vt 0.734375 0.742188
vt 0.734375 0.750000
vt 0.726562 0.750000
vt 0.726562 0.726562
vt 0.734375 0.726562
vt 0.734375 0.734375
vt 0.726562 0.734375
vt 0.742188 0.726562
vt 0.750000 0.726562
vt 0.750000 0.734375
vt 0.742188 0.734375
vt 0.617188 0.851562
vt 0.625000 0.851562
vt 0.625000 0.859375
vt 0.617188 0.859375
vt 0.476562 0.992188
vt 0.484375 0.992188
vt 0.484375 1.000000
vt 0.476562 1.000000
vt 0.476562 0.976562
vt 0.480469 0.976562
vt 0.484375 0.976562
vt 0.484375 0.984375
vt 0.476562 0.984375
vt 0.492188 0.976562
vt 0.496094 0.976562
vt 0.500000 0.976562
vt 0.500000 0.984375
vt 0.492188 0.984375
vt 0.601562 0.117188
vt 0.609375 0.117188
vt 0.609375 0.125000
vt 0.601562 0.125000
vt 0.601562 0.101562
vt 0.609375 0.101562
vt 0.609375 0.109375
vt 0.601562 0.109375
vt 0.617188 0.101562
vt 0.625000 0.101562
vt 0.625000 0.109375
vt 0.617188 0.109375
vt 0.476562 0.117188
vt 0.484375 0.117188
vt 0.484375 0.125000
vt 0.476562 0.125000
vt 0.476562 0.101562
vt 0.484375 0.101562
vt 0.484375 0.109375
vt 0.476562 0.109375
vt 0.492188 0.101562
vt 0.500000 0.101562
vt 0.500000 0.109375
vt 0.492188 0.109375
vt 0.476562 0.242188
vt 0.484375 0.242188
vt 0.484375 0.250000
vt 0.476562 0.250000
vt 0.476562 0.226562
vt 0.484375 0.226562
vt 0.484375 0.234375
vt 0.476562 0.234375
vt 0.492188 0.226562
vt 0.500000 0.226562
vt 0.500000 0.234375
vt 0.492188 0.234375
vt 0.601562 0.617188
vt 0.609375 0.617188
vt 0.609375 0.625000
vt 0.601562 0.625000
vt 0.601562 0.601562
vt 0.609375 0.601562
vt 0.609375 0.609375
vt 0.601562 0.609375
vt 0.617188 0.601562
vt 0.625000 0.601562
vt 0.625000 0.609375
vt 0.617188 0.609375
vt 0.476562 0.617188
vt 0.484375 0.617188
vt 0.484375 0.625000
vt 0.476562 0.625000
vt 0.476562 0.601562
vt 0.484375 0.601562
vt 0.484375 0.609375
vt 0.476562 0.609375
vt 0.492188 0.601562
vt 0.500000 0.601562
vt 0.500000 0.609375
vt 0.492188 0.609375
vt 0.476562 0.742188
vt 0.484375 0.742188
vt 0.484375 0.750000
vt 0.476562 0.750000
vt 0.476562 0.726562
vt 0.484375 0.726562
vt 0.484375 0.734375
vt 0.476562 0.734375
vt 0.492188 0.726562
vt 0.500000 0.726562
vt 0.500000 0.734375
vt 0.492188 0.734375
vt 0.617188 0.351562
vt 0.625000 0.351562
vt 0.625000 0.359375
vt 0.617188 0.359375
vt 0.476562 0.492188
vt 0.484375 0.492188
vt 0.484375 0.500000
vt 0.476562 0.500000
vt 0.476562 0.476562
vt 0.480469 0.476562
vt 0.484375 0.476562
vt 0.484375 0.484375
vt 0.476562 0.484375
vt 0.492188 0.476562
vt 0.496094 0.476562
vt 0.500000 0.476562
vt 0.500000 0.484375
vt 0.492188 0.484375
vt 0.601562 0.492188
vt 0.609375 0.492188
vt 0.609375 0.500000
vt 0.601562 0.500000
vt 0.601562 0.476562
vt 0.605469 0.476562
vt 0.609375 0.476562
vt 0.609375 0.484375
vt 0.601562 0.484375
vt 0.617188 0.476562
vt 0.625000 0.476562
vt 0.625000 0.484375
vt 0.617188 0.484375
vt 0.601562 0.742188
vt 0.609375 0.742188
vt 0.609375 0.750000
vt 0.601562 0.750000
vt 0.601562 0.726562
vt 0.609375 0.726562
vt 0.609375 0.734375
vt 0.601562 0.734375
vt 0.617188 0.726562
vt 0.625000 0.726562
vt 0.625000 0.734375
vt 0.617188 0.734375
vt 0.601562 0.242188
vt 0.609375 0.242188
vt 0.609375 0.250000
vt 0.601562 0.250000
vt 0.601562 0.226562
vt 0.609375 0.226562
vt 0.609375 0.234375
vt 0.601562 0.234375
vt 0.617188 0.226562
vt 0.625000 0.226562
vt 0.625000 0.234375
vt 0.617188 0.234375
vt 0.601562 0.992188
vt 0.609375 0.992188
vt 0.609375 1.000000
vt 0.601562 1.000000
vt 0.601562 0.976562
vt 0.605469 0.976562
vt 0.609375 0.976562
vt 0.609375 0.984375
vt 0.601562 0.984375
vt 0.617188 0.976562
vt 0.625000 0.976562
vt 0.625000 0.984375
vt 0.617188 0.984375
vt 0.851562 0.742188
vt 0.859375 0.742188
vt 0.859375 0.750000
vt 0.851562 0.750000
vt 0.851562 0.726562
vt 0.859375 0.726562
vt 0.859375 0.734375
vt 0.851562 0.734375
vt 0.867188 0.726562
vt 0.875000 0.726562
vt 0.875000 0.734375
vt 0.867188 0.734375
vt 0.609375 0.968750
vt 0.609375 0.972656
vt 0.597656 0.976562
vt 0.609375 0.468750
vt 0.609375 0.472656
vt 0.597656 0.476562
vt 0.488281 0.476562
vt 0.472656 0.476562
vt 0.609375 0.351562
vt 0.609375 0.359375
vt 0.609375 0.355469
vt 0.609375 0.343750
vt 0.609375 0.347656
vt 0.488281 0.976562
vt 0.472656 0.976562
vt 0.609375 0.851562
vt 0.609375 0.859375
vt 0.609375 0.855469
vt 0.609375 0.843750
vt 0.609375 0.847656
vt 0.609375 0.789062
vt 0.609375 0.796875
vt 0.609375 0.792969
vt 0.609375 0.781250
vt 0.609375 0.785156
vt 0.421875 0.847656
vt 0.421875 0.863281
vt 0.421875 0.785156
vt 0.421875 0.800781
vt 0.425781 0.976562
vt 0.421875 0.972656
vt 0.421875 0.910156
vt 0.421875 0.925781
vt 0.609375 0.289062
vt 0.609375 0.296875
vt 0.609375 0.292969
vt 0.609375 0.281250
vt 0.609375 0.285156
vt 0.425781 0.476562
vt 0.410156 0.476562
vt 0.550781 0.476562
vt 0.535156 0.476562
vt 0.609375 0.414062
vt 0.609375 0.421875
vt 0.609375 0.417969
vt 0.609375 0.406250
vt 0.609375 0.410156
vt 0.550781 0.976562
vt 0.535156 0.976562
vt 0.609375 0.914062
vt 0.609375 0.921875
vt 0.609375 0.917969
vt 0.609375 0.906250
vt 0.609375 0.910156
vt 0.609375 0.882812
vt 0.609375 0.890625
vt 0.609375 0.886719
vt 0.609375 0.875000
vt 0.609375 0.878906
vt 0.519531 0.976562
vt 0.503906 0.976562
vt 0.609375 0.382812
vt 0.609375 0.390625
vt 0.609375 0.386719
vt 0.609375 0.375000
vt 0.609375 0.378906
vt 0.519531 0.476562
vt 0.503906 0.476562
vt 0.406250 0.410156
vt 0.375000 0.414062
vt 0.375000 0.421875
vt 0.375000 0.417969
vt 0.375000 0.406250
vt 0.375000 0.410156
vt 0.375000 0.429688
vt 0.375000 0.437500
vt 0.375000 0.433594
vt 0.375000 0.425781
vt 0.406250 0.378906
vt 0.375000 0.382812
vt 0.375000 0.390625
vt 0.375000 0.386719
vt 0.375000 0.375000
vt 0.375000 0.378906
vt 0.375000 0.398438
vt 0.375000 0.402344
vt 0.375000 0.394531
vt 0.406250 0.472656
vt 0.375000 0.476562
vt 0.375000 0.484375
vt 0.375000 0.480469
vt 0.375000 0.468750
vt 0.375000 0.472656
vt 0.375000 0.492188
vt 0.378906 0.500000
vt 0.375000 0.500000
vt 0.375000 0.496094
vt 0.375000 0.488281
vt 0.406250 0.441406
vt 0.375000 0.445312
vt 0.375000 0.453125
vt 0.375000 0.449219
vt 0.375000 0.441406
vt 0.375000 0.460938
vt 0.375000 0.464844
vt 0.375000 0.457031
vt 0.445312 0.273438
vt 0.441406 0.273438
vt 0.437500 0.273438
vt 0.453125 0.273438
vt 0.449219 0.273438
vt 0.476562 0.273438
vt 0.472656 0.273438
vt 0.468750 0.273438
vt 0.484375 0.273438
vt 0.480469 0.273438
vt 0.406250 0.285156
vt 0.375000 0.289062
vt 0.375000 0.296875
vt 0.375000 0.292969
vt 0.375000 0.281250
vt 0.375000 0.285156
vt 0.375000 0.304688
vt 0.375000 0.312500
vt 0.375000 0.308594
vt 0.375000 0.300781
vt 0.375000 0.257812
vt 0.375000 0.265625
vt 0.375000 0.261719
vt 0.375000 0.250000
vt 0.378906 0.250000
vt 0.375000 0.253906
vt 0.375000 0.273438
vt 0.375000 0.277344
vt 0.375000 0.269531
vt 0.414062 0.273438
vt 0.410156 0.273438
vt 0.421875 0.273438
vt 0.417969 0.273438
vt 0.406250 0.347656
vt 0.375000 0.351562
vt 0.375000 0.359375
vt 0.375000 0.355469
vt 0.375000 0.343750
vt 0.375000 0.347656
vt 0.375000 0.367188
vt 0.375000 0.371094
vt 0.375000 0.363281
vt 0.406250 0.316406
vt 0.375000 0.320312
vt 0.375000 0.328125
vt 0.375000 0.324219
vt 0.375000 0.316406
vt 0.375000 0.335938
vt 0.375000 0.339844
vt 0.375000 0.332031
vt 0.570312 0.273438
vt 0.566406 0.273438
vt 0.562500 0.273438
vt 0.578125 0.273438
vt 0.574219 0.273438
vt 0.601562 0.273438
vt 0.597656 0.273438
vt 0.593750 0.273438
vt 0.609375 0.273438
vt 0.605469 0.273438
vt 0.507812 0.273438
vt 0.503906 0.273438
vt 0.500000 0.273438
vt 0.515625 0.273438
vt 0.511719 0.273438
vt 0.539062 0.273438
vt 0.535156 0.273438
vt 0.531250 0.273438
vt 0.546875 0.273438
vt 0.542969 0.273438
vt 0.375000 0.664062
vt 0.375000 0.671875
vt 0.375000 0.656250
vt 0.375000 0.679688
vt 0.375000 0.687500
vt 0.375000 0.632812
vt 0.375000 0.640625
vt 0.375000 0.625000
vt 0.375000 0.648438
vt 0.375000 0.726562
vt 0.375000 0.734375
vt 0.375000 0.718750
vt 0.375000 0.742188
vt 0.375000 0.750000
vt 0.375000 0.695312
vt 0.375000 0.703125
vt 0.375000 0.710938
vt 0.375000 0.539062
vt 0.375000 0.546875
vt 0.375000 0.531250
vt 0.375000 0.554688
vt 0.375000 0.562500
vt 0.375000 0.507812
vt 0.378906 0.507812
vt 0.375000 0.515625
vt 0.378906 0.503906
vt 0.382812 0.503906
vt 0.375000 0.523438
vt 0.375000 0.601562
vt 0.375000 0.609375
vt 0.375000 0.593750
vt 0.375000 0.617188
vt 0.375000 0.570312
vt 0.375000 0.578125
vt 0.375000 0.585938
vt 0.375000 0.164062
vt 0.375000 0.171875
vt 0.375000 0.156250
vt 0.375000 0.179688
vt 0.375000 0.187500
vt 0.375000 0.132812
vt 0.375000 0.140625
vt 0.375000 0.125000
vt 0.375000 0.148438
vt 0.375000 0.226562
vt 0.375000 0.234375
vt 0.375000 0.218750
vt 0.378906 0.246094
vt 0.378906 0.242188
vt 0.375000 0.242188
vt 0.375000 0.195312
vt 0.375000 0.203125
vt 0.375000 0.210938
vt 0.453125 0.000000
vt 0.460938 0.000000
vt 0.468750 0.000000
vt 0.437500 0.000000
vt 0.445312 0.000000
vt 0.484375 0.000000
vt 0.492188 0.000000
vt 0.500000 0.000000
vt 0.476562 0.000000
vt 0.375000 0.039062
vt 0.375000 0.046875
vt 0.375000 0.031250
vt 0.375000 0.054688
vt 0.375000 0.062500
vt 0.390625 0.000000
vt 0.398438 0.000000
vt 0.406250 0.000000
vt 0.375000 0.007812
vt 0.375000 0.015625
vt 0.375000 0.000000
vt 0.382812 0.000000
vt 0.375000 0.023438
vt 0.421875 0.000000
vt 0.429688 0.000000
vt 0.414062 0.000000
vt 0.375000 0.101562
vt 0.375000 0.109375
vt 0.375000 0.093750
vt 0.375000 0.117188
vt 0.375000 0.070312
vt 0.375000 0.078125
vt 0.375000 0.085938
vt 0.578125 0.000000
vt 0.585938 0.000000
vt 0.593750 0.000000
vt 0.562500 0.000000
vt 0.570312 0.000000
vt 0.609375 0.000000
vt 0.617188 0.000000
vt 0.625000 0.000000
vt 0.601562 0.000000
vt 0.515625 0.000000
vt 0.523438 0.000000
vt 0.531250 0.000000
vt 0.507812 0.000000
vt 0.546875 0.000000
vt 0.554688 0.000000
vt 0.539062 0.000000
vt 0.375000 0.914062
vt 0.375000 0.921875
vt 0.375000 0.906250
vt 0.375000 0.929688
vt 0.375000 0.937500
vt 0.375000 0.882812
vt 0.375000 0.890625
vt 0.375000 0.875000
vt 0.375000 0.898438
vt 0.421875 0.878906
vt 0.421875 0.894531
vt 0.375000 0.976562
vt 0.375000 0.984375
vt 0.375000 0.968750
vt 0.375000 0.992188
vt 0.375000 1.000000
vt 0.375000 0.945312
vt 0.375000 0.953125
vt 0.375000 0.960938
vt 0.421875 0.941406
vt 0.421875 0.957031
vt 0.445312 0.773438
vt 0.441406 0.773438
vt 0.437500 0.773438
vt 0.453125 0.773438
vt 0.449219 0.773438
vt 0.476562 0.773438
vt 0.472656 0.773438
vt 0.468750 0.773438
vt 0.484375 0.773438
vt 0.480469 0.773438
vt 0.375000 0.789062
vt 0.375000 0.796875
vt 0.375000 0.781250
vt 0.375000 0.804688
vt 0.375000 0.812500
vt 0.375000 0.757812
vt 0.375000 0.765625
vt 0.375000 0.773438
vt 0.375000 0.851562
vt 0.375000 0.859375
vt 0.375000 0.843750
vt 0.375000 0.867188
vt 0.375000 0.820312
vt 0.375000 0.828125
vt 0.375000 0.835938
vt 0.421875 0.816406
vt 0.421875 0.832031
vt 0.570312 0.773438
vt 0.566406 0.773438
vt 0.562500 0.773438
vt 0.578125 0.773438
vt 0.574219 0.773438
vt 0.601562 0.773438
vt 0.597656 0.773438
vt 0.593750 0.773438
vt 0.609375 0.773438
vt 0.605469 0.773438
vt 0.507812 0.773438
vt 0.503906 0.773438
vt 0.500000 0.773438
vt 0.515625 0.773438
vt 0.511719 0.773438
vt 0.539062 0.773438
vt 0.535156 0.773438
vt 0.531250 0.773438
vt 0.546875 0.773438
vt 0.542969 0.773438
vt 0.703125 0.500000
vt 0.710938 0.500000
vt 0.718750 0.500000
vt 0.687500 0.500000
vt 0.695312 0.500000
vt 0.734375 0.500000
vt 0.742188 0.500000
vt 0.750000 0.500000
vt 0.726562 0.500000
vt 0.640625 0.500000
vt 0.648438 0.500000
vt 0.656250 0.500000
vt 0.632812 0.500000
vt 0.671875 0.500000
vt 0.679688 0.500000
vt 0.664062 0.500000
vt 0.828125 0.500000
vt 0.835938 0.500000
vt 0.843750 0.500000
vt 0.812500 0.500000
vt 0.820312 0.500000
vt 0.859375 0.500000
vt 0.867188 0.500000
vt 0.875000 0.500000
vt 0.851562 0.500000
vt 0.765625 0.500000
vt 0.773438 0.500000
vt 0.781250 0.500000
vt 0.757812 0.500000
vt 0.796875 0.500000
vt 0.804688 0.500000
vt 0.789062 0.500000
vt 0.609375 0.820312
vt 0.609375 0.828125
vt 0.609375 0.824219
vt 0.609375 0.812500
vt 0.609375 0.816406
vt 0.457031 0.976562
vt 0.441406 0.976562
vt 0.609375 0.320312
vt 0.609375 0.328125
vt 0.609375 0.324219
vt 0.609375 0.312500
vt 0.609375 0.316406
vt 0.457031 0.476562
vt 0.441406 0.476562
vt 0.582031 0.476562
vt 0.566406 0.476562
vt 0.609375 0.445312
vt 0.609375 0.453125
vt 0.609375 0.449219
vt 0.609375 0.437500
vt 0.609375 0.441406
vt 0.582031 0.976562
vt 0.566406 0.976562
vt 0.609375 0.945312
vt 0.609375 0.953125
vt 0.609375 0.949219
vt 0.609375 0.937500
vt 0.609375 0.941406
vt 0.609375 0.960938
vt 0.609375 0.964844
vt 0.609375 0.957031
vt 0.609375 0.460938
vt 0.609375 0.464844
vt 0.609375 0.457031
vt 0.609375 0.308594
vt 0.609375 0.300781
vt 0.609375 0.304688
vt 0.609375 0.277344
vt 0.609375 0.335938
vt 0.609375 0.339844
vt 0.609375 0.332031
vt 0.609375 0.835938
vt 0.609375 0.839844
vt 0.609375 0.832031
vt 0.609375 0.871094
vt 0.527344 0.773438
vt 0.519531 0.773438
vt 0.523438 0.773438
vt 0.464844 0.773438
vt 0.609375 0.777344
vt 0.558594 0.773438
vt 0.457031 0.773438
vt 0.460938 0.773438
vt 0.554688 0.773438
vt 0.550781 0.773438
vt 0.585938 0.773438
vt 0.582031 0.773438
vt 0.589844 0.773438
vt 0.496094 0.773438
vt 0.609375 0.808594
vt 0.488281 0.773438
vt 0.492188 0.773438
vt 0.429688 0.773438
vt 0.425781 0.773438
vt 0.433594 0.773438
vt 0.609375 0.925781
vt 0.609375 0.929688
vt 0.375000 0.246094
vt 0.375000 0.503906
vt 0.589844 0.273438
vt 0.582031 0.273438
vt 0.585938 0.273438
vt 0.554688 0.273438
vt 0.550781 0.273438
vt 0.558594 0.273438
vt 0.523438 0.273438
vt 0.519531 0.273438
vt 0.527344 0.273438
vt 0.406250 0.332031
vt 0.406250 0.363281
vt 0.429688 0.273438
vt 0.425781 0.273438
vt 0.433594 0.273438
vt 0.406250 0.300781
vt 0.492188 0.273438
vt 0.488281 0.273438
vt 0.496094 0.273438
vt 0.460938 0.273438
vt 0.457031 0.273438
vt 0.464844 0.273438
vt 0.406250 0.457031
vt 0.406250 0.394531
vt 0.406250 0.425781
vt 0.609375 0.398438
vt 0.609375 0.402344
vt 0.609375 0.394531
vt 0.609375 0.371094
vt 0.609375 0.894531
vt 0.609375 0.898438
vt 0.609375 0.902344
vt 0.609375 0.933594
vt 0.609375 0.429688
vt 0.609375 0.433594
vt 0.609375 0.425781
vt 0.609375 0.363281
vt 0.609375 0.367188
vt 0.609375 0.863281
vt 0.609375 0.867188
vt 0.609375 0.804688
vt 0.609375 0.800781
vt 0.605469 0.964844
vt 0.605469 0.968750
vt 0.605469 0.949219
vt 0.605469 0.953125
vt 0.605469 0.839844
vt 0.605469 0.843750
vt 0.605469 0.824219
vt 0.605469 0.828125
vt 0.605469 0.777344
vt 0.605469 0.781250
vt 0.605469 0.902344
vt 0.605469 0.906250
vt 0.605469 0.886719
vt 0.605469 0.890625
vt 0.605469 0.933594
vt 0.605469 0.937500
vt 0.605469 0.917969
vt 0.605469 0.921875
vt 0.605469 0.808594
vt 0.605469 0.812500
vt 0.605469 0.792969
vt 0.605469 0.796875
vt 0.605469 0.871094
vt 0.605469 0.875000
vt 0.605469 0.855469
vt 0.605469 0.859375
vt 0.597656 0.972656
vt 0.601562 0.972656
vt 0.605469 0.972656
vt 0.488281 0.972656
vt 0.492188 0.972656
vt 0.496094 0.972656
vt 0.500000 0.972656
vt 0.472656 0.972656
vt 0.476562 0.972656
vt 0.480469 0.972656
vt 0.484375 0.972656
vt 0.605469 0.847656
vt 0.605469 0.851562
vt 0.605469 0.863281
vt 0.605469 0.867188
vt 0.605469 0.785156
vt 0.605469 0.789062
vt 0.605469 0.800781
vt 0.605469 0.804688
vt 0.425781 0.972656
vt 0.429688 0.972656
vt 0.433594 0.972656
vt 0.437500 0.972656
vt 0.550781 0.972656
vt 0.554688 0.972656
vt 0.558594 0.972656
vt 0.562500 0.972656
vt 0.535156 0.972656
vt 0.539062 0.972656
vt 0.542969 0.972656
vt 0.546875 0.972656
vt 0.605469 0.910156
vt 0.605469 0.914062
vt 0.605469 0.925781
vt 0.605469 0.929688
vt 0.605469 0.878906
vt 0.605469 0.882812
vt 0.605469 0.894531
vt 0.605469 0.898438
vt 0.519531 0.972656
vt 0.523438 0.972656
vt 0.527344 0.972656
vt 0.531250 0.972656
vt 0.503906 0.972656
vt 0.507812 0.972656
vt 0.511719 0.972656
vt 0.515625 0.972656
vt 0.605469 0.816406
vt 0.605469 0.820312
vt 0.605469 0.832031
vt 0.605469 0.835938
vt 0.457031 0.972656
vt 0.460938 0.972656
vt 0.464844 0.972656
vt 0.468750 0.972656
vt 0.441406 0.972656
vt 0.445312 0.972656
vt 0.449219 0.972656
vt 0.453125 0.972656
vt 0.582031 0.972656
vt 0.585938 0.972656
vt 0.589844 0.972656
vt 0.593750 0.972656
vt 0.566406 0.972656
vt 0.570312 0.972656
vt 0.574219 0.972656
vt 0.578125 0.972656
vt 0.605469 0.941406
vt 0.605469 0.945312
vt 0.605469 0.957031
vt 0.605469 0.960938
vt 0.367188 0.742188
vt 0.367188 0.750000
vt 0.242188 0.742188
vt 0.250000 0.742188
vt 0.250000 0.750000
vt 0.242188 0.750000
vt 0.242188 0.617188
vt 0.250000 0.617188
vt 0.250000 0.625000
vt 0.242188 0.625000
vt 0.367188 0.617188
vt 0.367188 0.625000
vt 0.304688 0.617188
vt 0.312500 0.617188
vt 0.312500 0.625000
vt 0.304688 0.625000
vt 0.304688 0.554688
vt 0.312500 0.554688
vt 0.312500 0.562500
vt 0.304688 0.562500
vt 0.367188 0.554688
vt 0.367188 0.562500
vt 0.179688 0.617188
vt 0.187500 0.617188
vt 0.187500 0.625000
vt 0.179688 0.625000
vt 0.179688 0.554688
vt 0.187500 0.554688
vt 0.187500 0.562500
vt 0.179688 0.562500
vt 0.242188 0.554688
vt 0.250000 0.554688
vt 0.250000 0.562500
vt 0.242188 0.562500
vt 0.179688 0.742188
vt 0.187500 0.742188
vt 0.187500 0.750000
vt 0.179688 0.750000
vt 0.179688 0.679688
vt 0.187500 0.679688
vt 0.187500 0.687500
vt 0.179688 0.687500
vt 0.242188 0.679688
vt 0.250000 0.679688
vt 0.250000 0.687500
vt 0.242188 0.687500
vt 0.304688 0.742188
vt 0.312500 0.742188
vt 0.312500 0.750000
vt 0.304688 0.750000
vt 0.304688 0.679688
vt 0.312500 0.679688
vt 0.312500 0.687500
vt 0.304688 0.687500
vt 0.367188 0.679688
vt 0.367188 0.687500
vt 0.335938 0.679688
vt 0.343750 0.679688
vt 0.343750 0.687500
vt 0.335938 0.687500
vt 0.335938 0.648438
vt 0.343750 0.648438
vt 0.343750 0.656250
vt 0.335938 0.656250
vt 0.367188 0.648438
vt 0.367188 0.656250
vt 0.273438 0.679688
vt 0.281250 0.679688
vt 0.281250 0.687500
vt 0.273438 0.687500
vt 0.273438 0.648438
vt 0.281250 0.648438
vt 0.281250 0.656250
vt 0.273438 0.656250
vt 0.304688 0.648438
vt 0.312500 0.648438
vt 0.312500 0.656250
vt 0.304688 0.656250
vt 0.273438 0.742188
vt 0.281250 0.742188
vt 0.281250 0.750000
vt 0.273438 0.750000
vt 0.273438 0.710938
vt 0.281250 0.710938
vt 0.281250 0.718750
vt 0.273438 0.718750
vt 0.304688 0.710938
vt 0.312500 0.710938
vt 0.312500 0.718750
vt 0.304688 0.718750
vt 0.210938 0.679688
vt 0.218750 0.679688
vt 0.218750 0.687500
vt 0.210938 0.687500
vt 0.210938 0.648438
vt 0.218750 0.648438
vt 0.218750 0.656250
vt 0.210938 0.656250
vt 0.242188 0.648438
vt 0.250000 0.648438
vt 0.250000 0.656250
vt 0.242188 0.656250
vt 0.148438 0.679688
vt 0.156250 0.679688
vt 0.156250 0.687500
vt 0.148438 0.687500
vt 0.148438 0.648438
vt 0.156250 0.648438
vt 0.156250 0.656250
vt 0.148438 0.656250
vt 0.179688 0.648438
vt 0.187500 0.648438
vt 0.187500 0.656250
vt 0.179688 0.656250
vt 0.148438 0.742188
vt 0.156250 0.742188
vt 0.156250 0.750000
vt 0.148438 0.750000
vt 0.148438 0.710938
vt 0.156250 0.710938
vt 0.156250 0.718750
vt 0.148438 0.718750
vt 0.179688 0.710938
vt 0.187500 0.710938
vt 0.187500 0.718750
vt 0.179688 0.718750
vt 0.210938 0.554688
vt 0.218750 0.554688
vt 0.218750 0.562500
vt 0.210938 0.562500
vt 0.210938 0.523438
vt 0.218750 0.523438
vt 0.218750 0.531250
vt 0.210938 0.531250
vt 0.242188 0.523438
vt 0.250000 0.523438
vt 0.250000 0.531250
vt 0.242188 0.531250
vt 0.148438 0.554688
vt 0.156250 0.554688
vt 0.156250 0.562500
vt 0.148438 0.562500
vt 0.148438 0.523438
vt 0.156250 0.523438
vt 0.156250 0.531250
vt 0.148438 0.531250
vt 0.179688 0.523438
vt 0.187500 0.523438
vt 0.187500 0.531250
vt 0.179688 0.531250
vt 0.148438 0.617188
vt 0.156250 0.617188
vt 0.156250 0.625000
vt 0.148438 0.625000
vt 0.148438 0.585938
vt 0.156250 0.585938
vt 0.156250 0.593750
vt 0.148438 0.593750
vt 0.179688 0.585938
vt 0.187500 0.585938
vt 0.187500 0.593750
vt 0.179688 0.593750
vt 0.335938 0.554688
vt 0.343750 0.554688
vt 0.343750 0.562500
vt 0.335938 0.562500
vt 0.335938 0.523438
vt 0.343750 0.523438
vt 0.343750 0.531250
vt 0.335938 0.531250
vt 0.367188 0.523438
vt 0.367188 0.531250
vt 0.273438 0.554688
vt 0.281250 0.554688
vt 0.281250 0.562500
vt 0.273438 0.562500
vt 0.273438 0.523438
vt 0.281250 0.523438
vt 0.281250 0.531250
vt 0.273438 0.531250
vt 0.304688 0.523438
vt 0.312500 0.523438
vt 0.312500 0.531250
vt 0.304688 0.531250
vt 0.273438 0.617188
vt 0.281250 0.617188
vt 0.281250 0.625000
vt 0.273438 0.625000
vt 0.273438 0.585938
vt 0.281250 0.585938
vt 0.281250 0.593750
vt 0.273438 0.593750
vt 0.304688 0.585938
vt 0.312500 0.585938
vt 0.312500 0.593750
vt 0.304688 0.593750
vt 0.335938 0.617188
vt 0.343750 0.617188
vt 0.343750 0.625000
vt 0.335938 0.625000
vt 0.335938 0.585938
vt 0.343750 0.585938
vt 0.343750 0.593750
vt 0.335938 0.593750
vt 0.367188 0.585938
vt 0.367188 0.593750
vt 0.210938 0.617188
vt 0.218750 0.617188
vt 0.218750 0.625000
vt 0.210938 0.625000
vt 0.210938 0.585938
vt 0.218750 0.585938
vt 0.218750 0.593750
vt 0.210938 0.593750
vt 0.242188 0.585938
vt 0.250000 0.585938
vt 0.250000 0.593750
vt 0.242188 0.593750
vt 0.210938 0.742188
vt 0.218750 0.742188
vt 0.218750 0.750000
vt 0.210938 0.750000
vt 0.210938 0.710938
vt 0.218750 0.710938
vt 0.218750 0.718750
vt 0.210938 0.718750
vt 0.242188 0.710938
vt 0.250000 0.710938
vt 0.250000 0.718750
vt 0.242188 0.718750
vt 0.335938 0.742188
vt 0.343750 0.742188
vt 0.343750 0.750000
vt 0.335938 0.750000
vt 0.335938 0.710938
vt 0.343750 0.710938
vt 0.343750 0.718750
vt 0.335938 0.718750
vt 0.367188 0.710938
vt 0.367188 0.718750
vt 0.351562 0.710938
vt 0.359375 0.710938
vt 0.359375 0.718750
vt 0.351562 0.718750
vt 0.351562 0.695312
vt 0.359375 0.695312
vt 0.359375 0.703125
vt 0.351562 0.703125
vt 0.367188 0.695312
vt 0.367188 0.703125
vt 0.320312 0.710938
vt 0.328125 0.710938
vt 0.328125 0.718750
vt 0.320312 0.718750
vt 0.320312 0.695312
vt 0.328125 0.695312
vt 0.328125 0.703125
vt 0.320312 0.703125
vt 0.335938 0.695312
vt 0.343750 0.695312
vt 0.343750 0.703125
vt 0.335938 0.703125
vt 0.320312 0.742188
vt 0.328125 0.742188
vt 0.328125 0.750000
vt 0.320312 0.750000
vt 0.320312 0.726562
vt 0.328125 0.726562
vt 0.328125 0.734375
vt 0.320312 0.734375
vt 0.335938 0.726562
vt 0.343750 0.726562
vt 0.343750 0.734375
vt 0.335938 0.734375
vt 0.226562 0.710938
vt 0.234375 0.710938
vt 0.234375 0.718750
vt 0.226562 0.718750
vt 0.226562 0.695312
vt 0.234375 0.695312
vt 0.234375 0.703125
vt 0.226562 0.703125
vt 0.242188 0.695312
vt 0.250000 0.695312
vt 0.250000 0.703125
vt 0.242188 0.703125
vt 0.195312 0.710938
vt 0.203125 0.710938
vt 0.203125 0.718750
vt 0.195312 0.718750
vt 0.195312 0.695312
vt 0.203125 0.695312
vt 0.203125 0.703125
vt 0.195312 0.703125
vt 0.210938 0.695312
vt 0.218750 0.695312
vt 0.218750 0.703125
vt 0.210938 0.703125
vt 0.195312 0.742188
vt 0.203125 0.742188
vt 0.203125 0.750000
vt 0.195312 0.750000
vt 0.195312 0.726562
vt 0.203125 0.726562
vt 0.203125 0.734375
vt 0.195312 0.734375
vt 0.210938 0.726562
vt 0.218750 0.726562
vt 0.218750 0.734375
vt 0.210938 0.734375
vt 0.226562 0.585938
vt 0.234375 0.585938
vt 0.234375 0.593750
vt 0.226562 0.593750
vt 0.226562 0.570312
vt 0.234375 0.570312
vt 0.234375 0.578125
vt 0.226562 0.578125
vt 0.242188 0.570312
vt 0.250000 0.570312
vt 0.250000 0.578125
vt 0.242188 0.578125
vt 0.195312 0.585938
vt 0.203125 0.585938
vt 0.203125 0.593750
vt 0.195312 0.593750
vt 0.195312 0.570312
vt 0.203125 0.570312
vt 0.203125 0.578125
vt 0.195312 0.578125
vt 0.210938 0.570312
vt 0.218750 0.570312
vt 0.218750 0.578125
vt 0.210938 0.578125
vt 0.195312 0.617188
vt 0.203125 0.617188
vt 0.203125 0.625000
vt 0.195312 0.625000
vt 0.195312 0.601562
vt 0.203125 0.601562
vt 0.203125 0.609375
vt 0.195312 0.609375
vt 0.210938 0.601562
vt 0.218750 0.601562
vt 0.218750 0.609375
vt 0.210938 0.609375
vt 0.351562 0.585938
vt 0.359375 0.585938
vt 0.359375 0.593750
vt 0.351562 0.593750
vt 0.351562 0.570312
vt 0.359375 0.570312
vt 0.359375 0.578125
vt 0.351562 0.578125
vt 0.367188 0.570312
vt 0.367188 0.578125
vt 0.320312 0.585938
vt 0.328125 0.585938
vt 0.328125 0.593750
vt 0.320312 0.593750
vt 0.320312 0.570312
vt 0.328125 0.570312
vt 0.328125 0.578125
vt 0.320312 0.578125
vt 0.335938 0.570312
vt 0.343750 0.570312
vt 0.343750 0.578125
vt 0.335938 0.578125
vt 0.320312 0.617188
vt 0.328125 0.617188
vt 0.328125 0.625000
vt 0.320312 0.625000
vt 0.320312 0.601562
vt 0.328125 0.601562
vt 0.328125 0.609375
vt 0.320312 0.609375
vt 0.335938 0.601562
vt 0.343750 0.601562
vt 0.343750 0.609375
vt 0.335938 0.609375
vt 0.289062 0.585938
vt 0.296875 0.585938
vt 0.296875 0.593750
vt 0.289062 0.593750
vt 0.289062 0.570312
vt 0.296875 0.570312
vt 0.296875 0.578125
vt 0.289062 0.578125
vt 0.304688 0.570312
vt 0.312500 0.570312
vt 0.312500 0.578125
vt 0.304688 0.578125
vt 0.257812 0.585938
vt 0.265625 0.585938
vt 0.265625 0.593750
vt 0.257812 0.593750
vt 0.257812 0.570312
vt 0.265625 0.570312
vt 0.265625 0.578125
vt 0.257812 0.578125
vt 0.273438 0.570312
vt 0.281250 0.570312
vt 0.281250 0.578125
vt 0.273438 0.578125
vt 0.257812 0.617188
vt 0.265625 0.617188
vt 0.265625 0.625000
vt 0.257812 0.625000
vt 0.257812 0.601562
vt 0.265625 0.601562
vt 0.265625 0.609375
vt 0.257812 0.609375
vt 0.273438 0.601562
vt 0.281250 0.601562
vt 0.281250 0.609375
vt 0.273438 0.609375
vt 0.289062 0.523438
vt 0.296875 0.523438
vt 0.296875 0.531250
vt 0.289062 0.531250
vt 0.289062 0.507812
vt 0.296875 0.507812
vt 0.296875 0.515625
vt 0.289062 0.515625
vt 0.304688 0.507812
vt 0.312500 0.507812
vt 0.312500 0.515625
vt 0.304688 0.515625
vt 0.257812 0.523438
vt 0.265625 0.523438
vt 0.265625 0.531250
vt 0.257812 0.531250
vt 0.257812 0.507812
vt 0.265625 0.507812
vt 0.265625 0.515625
vt 0.257812 0.515625
vt 0.273438 0.507812
vt 0.281250 0.507812
vt 0.281250 0.515625
vt 0.273438 0.515625
vt 0.257812 0.554688
vt 0.265625 0.554688
vt 0.265625 0.562500
vt 0.257812 0.562500
vt 0.257812 0.539062
vt 0.265625 0.539062
vt 0.265625 0.546875
vt 0.257812 0.546875
vt 0.273438 0.539062
vt 0.281250 0.539062
vt 0.281250 0.546875
vt 0.273438 0.546875
vt 0.351562 0.523438
vt 0.359375 0.523438
vt 0.359375 0.531250
vt 0.351562 0.531250
vt 0.351562 0.507812
vt 0.359375 0.507812
vt 0.359375 0.515625
vt 0.351562 0.515625
vt 0.367188 0.507812
vt 0.367188 0.515625
vt 0.320312 0.523438
vt 0.328125 0.523438
vt 0.328125 0.531250
vt 0.320312 0.531250
vt 0.320312 0.507812
vt 0.328125 0.507812
vt 0.328125 0.515625
vt 0.320312 0.515625
vt 0.335938 0.507812
vt 0.343750 0.507812
vt 0.343750 0.515625
vt 0.335938 0.515625
vt 0.320312 0.554688
vt 0.328125 0.554688
vt 0.328125 0.562500
vt 0.320312 0.562500
vt 0.320312 0.539062
vt 0.328125 0.539062
vt 0.328125 0.546875
vt 0.320312 0.546875
vt 0.335938 0.539062
vt 0.343750 0.539062
vt 0.343750 0.546875
vt 0.335938 0.546875
vt 0.164062 0.585938
vt 0.171875 0.585938
vt 0.171875 0.593750
vt 0.164062 0.593750
vt 0.164062 0.570312
vt 0.171875 0.570312
vt 0.171875 0.578125
vt 0.164062 0.578125
vt 0.179688 0.570312
vt 0.187500 0.570312
vt 0.187500 0.578125
vt 0.179688 0.578125
vt 0.132812 0.585938
vt 0.140625 0.585938
vt 0.140625 0.593750
vt 0.132812 0.593750
vt 0.132812 0.570312
vt 0.140625 0.570312
vt 0.140625 0.578125
vt 0.132812 0.578125
vt 0.148438 0.570312
vt 0.156250 0.570312
vt 0.156250 0.578125
vt 0.148438 0.578125
vt 0.132812 0.617188
vt 0.140625 0.617188
vt 0.140625 0.625000
vt 0.132812 0.625000
vt 0.132812 0.601562
vt 0.140625 0.601562
vt 0.140625 0.609375
vt 0.132812 0.609375
vt 0.148438 0.601562
vt 0.156250 0.601562
vt 0.156250 0.609375
vt 0.148438 0.609375
vt 0.164062 0.523438
vt 0.171875 0.523438
vt 0.171875 0.531250
vt 0.164062 0.531250
vt 0.164062 0.507812
vt 0.171875 0.507812
vt 0.171875 0.515625
vt 0.164062 0.515625
vt 0.179688 0.507812
vt 0.187500 0.507812
vt 0.187500 0.515625
vt 0.179688 0.515625
vt 0.132812 0.523438
vt 0.140625 0.523438
vt 0.140625 0.531250
vt 0.132812 0.531250
vt 0.132812 0.507812
vt 0.140625 0.507812
vt 0.140625 0.515625
vt 0.132812 0.515625
vt 0.148438 0.507812
vt 0.156250 0.507812
vt 0.156250 0.515625
vt 0.148438 0.515625
vt 0.132812 0.554688
vt 0.140625 0.554688
vt 0.140625 0.562500
vt 0.132812 0.562500
vt 0.132812 0.539062
vt 0.140625 0.539062
vt 0.140625 0.546875
vt 0.132812 0.546875
vt 0.148438 0.539062
vt 0.156250 0.539062
vt 0.156250 0.546875
vt 0.148438 0.546875
vt 0.226562 0.523438
vt 0.234375 0.523438
vt 0.234375 0.531250
vt 0.226562 0.531250
vt 0.226562 0.507812
vt 0.234375 0.507812
vt 0.234375 0.515625
vt 0.226562 0.515625
vt 0.242188 0.507812
vt 0.250000 0.507812
vt 0.250000 0.515625
vt 0.242188 0.515625
vt 0.195312 0.523438
vt 0.203125 0.523438
vt 0.203125 0.531250
vt 0.195312 0.531250
vt 0.195312 0.507812
vt 0.203125 0.507812
vt 0.203125 0.515625
vt 0.195312 0.515625
vt 0.210938 0.507812
vt 0.218750 0.507812
vt 0.218750 0.515625
vt 0.210938 0.515625
vt 0.195312 0.554688
vt 0.203125 0.554688
vt 0.203125 0.562500
vt 0.195312 0.562500
vt 0.195312 0.539062
vt 0.203125 0.539062
vt 0.203125 0.546875
vt 0.195312 0.546875
vt 0.210938 0.539062
vt 0.218750 0.539062
vt 0.218750 0.546875
vt 0.210938 0.546875
vt 0.164062 0.710938
vt 0.171875 0.710938
vt 0.171875 0.718750
vt 0.164062 0.718750
vt 0.164062 0.695312
vt 0.171875 0.695312
vt 0.171875 0.703125
vt 0.164062 0.703125
vt 0.179688 0.695312
vt 0.187500 0.695312
vt 0.187500 0.703125
vt 0.179688 0.703125
vt 0.132812 0.710938
vt 0.140625 0.710938
vt 0.140625 0.718750
vt 0.132812 0.718750
vt 0.132812 0.695312
vt 0.140625 0.695312
vt 0.140625 0.703125
vt 0.132812 0.703125
vt 0.148438 0.695312
vt 0.156250 0.695312
vt 0.156250 0.703125
vt 0.148438 0.703125
vt 0.132812 0.742188
vt 0.140625 0.742188
vt 0.140625 0.750000
vt 0.132812 0.750000
vt 0.132812 0.726562
vt 0.140625 0.726562
vt 0.140625 0.734375
vt 0.132812 0.734375
vt 0.148438 0.726562
vt 0.156250 0.726562
vt 0.156250 0.734375
vt 0.148438 0.734375
vt 0.164062 0.648438
vt 0.171875 0.648438
vt 0.171875 0.656250
vt 0.164062 0.656250
vt 0.164062 0.632812
vt 0.171875 0.632812
vt 0.171875 0.640625
vt 0.164062 0.640625
vt 0.179688 0.632812
vt 0.187500 0.632812
vt 0.187500 0.640625
vt 0.179688 0.640625
vt 0.132812 0.648438
vt 0.140625 0.648438
vt 0.140625 0.656250
vt 0.132812 0.656250
vt 0.132812 0.632812
vt 0.140625 0.632812
vt 0.140625 0.640625
vt 0.132812 0.640625
vt 0.148438 0.632812
vt 0.156250 0.632812
vt 0.156250 0.640625
vt 0.148438 0.640625
vt 0.132812 0.679688
vt 0.140625 0.679688
vt 0.140625 0.687500
vt 0.132812 0.687500
vt 0.132812 0.664062
vt 0.140625 0.664062
vt 0.140625 0.671875
vt 0.132812 0.671875
vt 0.148438 0.664062
vt 0.156250 0.664062
vt 0.156250 0.671875
vt 0.148438 0.671875
vt 0.226562 0.648438
vt 0.234375 0.648438
vt 0.234375 0.656250
vt 0.226562 0.656250
vt 0.226562 0.632812
vt 0.234375 0.632812
vt 0.234375 0.640625
vt 0.226562 0.640625
vt 0.242188 0.632812
vt 0.250000 0.632812
vt 0.250000 0.640625
vt 0.242188 0.640625
vt 0.195312 0.648438
vt 0.203125 0.648438
vt 0.203125 0.656250
vt 0.195312 0.656250
vt 0.195312 0.632812
vt 0.203125 0.632812
vt 0.203125 0.640625
vt 0.195312 0.640625
vt 0.210938 0.632812
vt 0.218750 0.632812
vt 0.218750 0.640625
vt 0.210938 0.640625
vt 0.195312 0.679688
vt 0.203125 0.679688
vt 0.203125 0.687500
vt 0.195312 0.687500
vt 0.195312 0.664062
vt 0.203125 0.664062
vt 0.203125 0.671875
vt 0.195312 0.671875
vt 0.210938 0.664062
vt 0.218750 0.664062
vt 0.218750 0.671875
vt 0.210938 0.671875
vt 0.289062 0.710938
vt 0.296875 0.710938
vt 0.296875 0.718750
vt 0.289062 0.718750
vt 0.289062 0.695312
vt 0.296875 0.695312
vt 0.296875 0.703125
vt 0.289062 0.703125
vt 0.304688 0.695312
vt 0.312500 0.695312
vt 0.312500 0.703125
vt 0.304688 0.703125
vt 0.257812 0.710938
vt 0.265625 0.710938
vt 0.265625 0.718750
vt 0.257812 0.718750
vt 0.257812 0.695312
vt 0.265625 0.695312
vt 0.265625 0.703125
vt 0.257812 0.703125
vt 0.273438 0.695312
vt 0.281250 0.695312
vt 0.281250 0.703125
vt 0.273438 0.703125
vt 0.257812 0.742188
vt 0.265625 0.742188
vt 0.265625 0.750000
vt 0.257812 0.750000
vt 0.257812 0.726562
vt 0.265625 0.726562
vt 0.265625 0.734375
vt 0.257812 0.734375
vt 0.273438 0.726562
vt 0.281250 0.726562
vt 0.281250 0.734375
vt 0.273438 0.734375
vt 0.289062 0.648438
vt 0.296875 0.648438
vt 0.296875 0.656250
vt 0.289062 0.656250
vt 0.289062 0.632812
vt 0.296875 0.632812
vt 0.296875 0.640625
vt 0.289062 0.640625
vt 0.304688 0.632812
vt 0.312500 0.632812
vt 0.312500 0.640625
vt 0.304688 0.640625
vt 0.257812 0.648438
vt 0.265625 0.648438
vt 0.265625 0.656250
vt 0.257812 0.656250
vt 0.257812 0.632812
vt 0.265625 0.632812
vt 0.265625 0.640625
vt 0.257812 0.640625
vt 0.273438 0.632812
vt 0.281250 0.632812
vt 0.281250 0.640625
vt 0.273438 0.640625
vt 0.257812 0.679688
vt 0.265625 0.679688
vt 0.265625 0.687500
vt 0.257812 0.687500
vt 0.257812 0.664062
vt 0.265625 0.664062
vt 0.265625 0.671875
vt 0.257812 0.671875
vt 0.273438 0.664062
vt 0.281250 0.664062
vt 0.281250 0.671875
vt 0.273438 0.671875
vt 0.351562 0.648438
vt 0.359375 0.648438
vt 0.359375 0.656250
vt 0.351562 0.656250
vt 0.351562 0.632812
vt 0.359375 0.632812
vt 0.359375 0.640625
vt 0.351562 0.640625
vt 0.367188 0.632812
vt 0.367188 0.640625
vt 0.320312 0.648438
vt 0.328125 0.648438
vt 0.328125 0.656250
vt 0.320312 0.656250
vt 0.320312 0.632812
vt 0.328125 0.632812
vt 0.328125 0.640625
vt 0.320312 0.640625
vt 0.335938 0.632812
vt 0.343750 0.632812
vt 0.343750 0.640625
vt 0.335938 0.640625
vt 0.320312 0.679688
vt 0.328125 0.679688
vt 0.328125 0.687500
vt 0.320312 0.687500
vt 0.320312 0.664062
vt 0.328125 0.664062
vt 0.328125 0.671875
vt 0.320312 0.671875
vt 0.335938 0.664062
vt 0.343750 0.664062
vt 0.343750 0.671875
vt 0.335938 0.671875
vt 0.351562 0.679688
vt 0.359375 0.679688
vt 0.359375 0.687500
vt 0.351562 0.687500
vt 0.351562 0.664062
vt 0.359375 0.664062
vt 0.359375 0.671875
vt 0.351562 0.671875
vt 0.367188 0.664062
vt 0.367188 0.671875
vt 0.289062 0.679688
vt 0.296875 0.679688
vt 0.296875 0.687500
vt 0.289062 0.687500
vt 0.289062 0.664062
vt 0.296875 0.664062
vt 0.296875 0.671875
vt 0.289062 0.671875
vt 0.304688 0.664062
vt 0.312500 0.664062
vt 0.312500 0.671875
vt 0.304688 0.671875
vt 0.289062 0.742188
vt 0.296875 0.742188
vt 0.296875 0.750000
vt 0.289062 0.750000
vt 0.289062 0.726562
vt 0.296875 0.726562
vt 0.296875 0.734375
vt 0.289062 0.734375
vt 0.304688 0.726562
vt 0.312500 0.726562
vt 0.312500 0.734375
vt 0.304688 0.734375
vt 0.226562 0.679688
vt 0.234375 0.679688
vt 0.234375 0.687500
vt 0.226562 0.687500
vt 0.226562 0.664062
vt 0.234375 0.664062
vt 0.234375 0.671875
vt 0.226562 0.671875
vt 0.242188 0.664062
vt 0.250000 0.664062
vt 0.250000 0.671875
vt 0.242188 0.671875
vt 0.164062 0.679688
vt 0.171875 0.679688
vt 0.171875 0.687500
vt 0.164062 0.687500
vt 0.164062 0.664062
vt 0.171875 0.664062
vt 0.171875 0.671875
vt 0.164062 0.671875
vt 0.179688 0.664062
vt 0.187500 0.664062
vt 0.187500 0.671875
vt 0.179688 0.671875
vt 0.164062 0.742188
vt 0.171875 0.742188
vt 0.171875 0.750000
vt 0.164062 0.750000
vt 0.164062 0.726562
vt 0.171875 0.726562
vt 0.171875 0.734375
vt 0.164062 0.734375
vt 0.179688 0.726562
vt 0.187500 0.726562
vt 0.187500 0.734375
vt 0.179688 0.734375
vt 0.226562 0.554688
vt 0.234375 0.554688
vt 0.234375 0.562500
vt 0.226562 0.562500
vt 0.226562 0.539062
vt 0.234375 0.539062
vt 0.234375 0.546875
vt 0.226562 0.546875
vt 0.242188 0.539062
vt 0.250000 0.539062
vt 0.250000 0.546875
vt 0.242188 0.546875
vt 0.164062 0.554688
vt 0.171875 0.554688
vt 0.171875 0.562500
vt 0.164062 0.562500
vt 0.164062 0.539062
vt 0.171875 0.539062
vt 0.171875 0.546875
vt 0.164062 0.546875
vt 0.179688 0.539062
vt 0.187500 0.539062
vt 0.187500 0.546875
vt 0.179688 0.546875
vt 0.164062 0.617188
vt 0.171875 0.617188
vt 0.171875 0.625000
vt 0.164062 0.625000
vt 0.164062 0.601562
vt 0.171875 0.601562
vt 0.171875 0.609375
vt 0.164062 0.609375
vt 0.179688 0.601562
vt 0.187500 0.601562
vt 0.187500 0.609375
vt 0.179688 0.609375
vt 0.351562 0.554688
vt 0.359375 0.554688
vt 0.359375 0.562500
vt 0.351562 0.562500
vt 0.351562 0.539062
vt 0.359375 0.539062
vt 0.359375 0.546875
vt 0.351562 0.546875
vt 0.367188 0.539062
vt 0.367188 0.546875
vt 0.289062 0.554688
vt 0.296875 0.554688
vt 0.296875 0.562500
vt 0.289062 0.562500
vt 0.289062 0.539062
vt 0.296875 0.539062
vt 0.296875 0.546875
vt 0.289062 0.546875
vt 0.304688 0.539062
vt 0.312500 0.539062
vt 0.312500 0.546875
vt 0.304688 0.546875
vt 0.289062 0.617188
vt 0.296875 0.617188
vt 0.296875 0.625000
vt 0.289062 0.625000
vt 0.289062 0.601562
vt 0.296875 0.601562
vt 0.296875 0.609375
vt 0.289062 0.609375
vt 0.304688 0.601562
vt 0.312500 0.601562
vt 0.312500 0.609375
vt 0.304688 0.609375
vt 0.351562 0.617188
vt 0.359375 0.617188
vt 0.359375 0.625000
vt 0.351562 0.625000
vt 0.351562 0.601562
vt 0.359375 0.601562
vt 0.359375 0.609375
vt 0.351562 0.609375
vt 0.367188 0.601562
vt 0.367188 0.609375
vt 0.226562 0.617188
vt 0.234375 0.617188
vt 0.234375 0.625000
vt 0.226562 0.625000
vt 0.226562 0.601562
vt 0.234375 0.601562
vt 0.234375 0.609375
vt 0.226562 0.609375
vt 0.242188 0.601562
vt 0.250000 0.601562
vt 0.250000 0.609375
vt 0.242188 0.609375
vt 0.226562 0.742188
vt 0.234375 0.742188
vt 0.234375 0.750000
vt 0.226562 0.750000
vt 0.226562 0.726562
vt 0.234375 0.726562
vt 0.234375 0.734375
vt 0.226562 0.734375
vt 0.242188 0.726562
vt 0.250000 0.726562
vt 0.250000 0.734375
vt 0.242188 0.734375
vt 0.351562 0.742188
vt 0.359375 0.742188
vt 0.359375 0.750000
vt 0.351562 0.750000
vt 0.351562 0.726562
vt 0.359375 0.726562
vt 0.359375 0.734375
vt 0.351562 0.734375
vt 0.367188 0.726562
vt 0.367188 0.734375
vt 0.125000 0.664062
vt 0.125000 0.671875
vt 0.125000 0.656250
vt 0.125000 0.679688
vt 0.125000 0.687500
vt 0.125000 0.632812
vt 0.125000 0.640625
vt 0.125000 0.625000
vt 0.125000 0.648438
vt 0.125000 0.726562
vt 0.125000 0.734375
vt 0.125000 0.718750
vt 0.125000 0.742188
vt 0.125000 0.750000
vt 0.125000 0.695312
vt 0.125000 0.703125
vt 0.125000 0.710938
vt 0.203125 0.500000
vt 0.207031 0.500000
vt 0.210938 0.500000
vt 0.214844 0.500000
vt 0.218750 0.500000
vt 0.187500 0.500000
vt 0.191406 0.500000
vt 0.195312 0.500000
vt 0.199219 0.500000
vt 0.234375 0.500000
vt 0.238281 0.500000
vt 0.242188 0.500000
vt 0.246094 0.500000
vt 0.250000 0.500000
vt 0.222656 0.500000
vt 0.226562 0.500000
vt 0.230469 0.500000
vt 0.125000 0.539062
vt 0.125000 0.546875
vt 0.125000 0.531250
vt 0.125000 0.554688
vt 0.125000 0.562500
vt 0.140625 0.500000
vt 0.144531 0.500000
vt 0.148438 0.500000
vt 0.152344 0.500000
vt 0.156250 0.500000
vt 0.125000 0.507812
vt 0.125000 0.515625
vt 0.125000 0.500000
vt 0.128906 0.500000
vt 0.132812 0.500000
vt 0.125000 0.503906
vt 0.136719 0.500000
vt 0.125000 0.523438
vt 0.171875 0.500000
vt 0.175781 0.500000
vt 0.179688 0.500000
vt 0.183594 0.500000
vt 0.160156 0.500000
vt 0.164062 0.500000
vt 0.167969 0.500000
vt 0.125000 0.601562
vt 0.125000 0.609375
vt 0.125000 0.593750
vt 0.125000 0.617188
vt 0.125000 0.570312
vt 0.125000 0.578125
vt 0.125000 0.585938
vt 0.328125 0.500000
vt 0.332031 0.500000
vt 0.335938 0.500000
vt 0.339844 0.500000
vt 0.343750 0.500000
vt 0.312500 0.500000
vt 0.316406 0.500000
vt 0.320312 0.500000
vt 0.324219 0.500000
vt 0.359375 0.500000
vt 0.363281 0.500000
vt 0.367188 0.500000
vt 0.371094 0.500000
vt 0.347656 0.500000
vt 0.351562 0.500000
vt 0.355469 0.500000
vt 0.265625 0.500000
vt 0.269531 0.500000
vt 0.273438 0.500000
vt 0.277344 0.500000
vt 0.281250 0.500000
vt 0.253906 0.500000
vt 0.257812 0.500000
vt 0.261719 0.500000
vt 0.296875 0.500000
vt 0.300781 0.500000
vt 0.304688 0.500000
vt 0.308594 0.500000
vt 0.285156 0.500000
vt 0.289062 0.500000
vt 0.292969 0.500000
vt 0.425781 0.863281
vt 0.425781 0.867188
vt 0.425781 0.859375
vt 0.425781 0.871094
vt 0.425781 0.875000
vt 0.425781 0.800781
vt 0.425781 0.804688
vt 0.425781 0.796875
vt 0.425781 0.808594
vt 0.425781 0.812500
vt 0.425781 0.925781
vt 0.425781 0.929688
vt 0.425781 0.921875
vt 0.425781 0.933594
vt 0.425781 0.937500
vt 0.425781 0.894531
vt 0.425781 0.898438
vt 0.425781 0.890625
vt 0.425781 0.902344
vt 0.425781 0.906250
vt 0.425781 0.957031
vt 0.425781 0.960938
vt 0.425781 0.953125
vt 0.425781 0.964844
vt 0.425781 0.968750
vt 0.457031 0.777344
vt 0.453125 0.777344
vt 0.460938 0.777344
vt 0.488281 0.777344
vt 0.484375 0.777344
vt 0.492188 0.777344
vt 0.425781 0.777344
vt 0.425781 0.781250
vt 0.429688 0.777344
vt 0.425781 0.832031
vt 0.425781 0.835938
vt 0.425781 0.828125
vt 0.425781 0.839844
vt 0.425781 0.843750
vt 0.582031 0.777344
vt 0.578125 0.777344
vt 0.585938 0.777344
vt 0.519531 0.777344
vt 0.515625 0.777344
vt 0.523438 0.777344
vt 0.550781 0.777344
vt 0.546875 0.777344
vt 0.554688 0.777344
vt 0.535156 0.777344
vt 0.531250 0.777344
vt 0.539062 0.777344
vt 0.503906 0.777344
vt 0.500000 0.777344
vt 0.507812 0.777344
vt 0.597656 0.777344
vt 0.593750 0.777344
vt 0.601562 0.777344
vt 0.566406 0.777344
vt 0.562500 0.777344
vt 0.570312 0.777344
vt 0.425781 0.816406
vt 0.425781 0.820312
vt 0.425781 0.824219
vt 0.472656 0.777344
vt 0.468750 0.777344
vt 0.476562 0.777344
vt 0.441406 0.777344
vt 0.437500 0.777344
vt 0.445312 0.777344
vt 0.425781 0.941406
vt 0.425781 0.945312
vt 0.425781 0.949219
vt 0.425781 0.878906
vt 0.425781 0.882812
vt 0.425781 0.886719
vt 0.425781 0.910156
vt 0.425781 0.914062
vt 0.425781 0.917969
vt 0.425781 0.785156
vt 0.425781 0.789062
vt 0.425781 0.792969
vt 0.425781 0.847656
vt 0.425781 0.851562
vt 0.425781 0.855469
vt 0.449219 0.777344
vt 0.480469 0.777344
vt 0.574219 0.777344
vt 0.511719 0.777344
vt 0.542969 0.777344
vt 0.558594 0.777344
vt 0.527344 0.777344
vt 0.589844 0.777344
vt 0.433594 0.777344
vt 0.496094 0.777344
vt 0.464844 0.777344
vt 0.000000 0.000000
s 0
usemtl Material
f 3985/1/1 1697/2/1 7/3/1 1021/4/1
f 3984/5/2 1021/6/2 7/7/2 1018/8/2
f 3983/9/3 1024/10/3 5/11/3 1693/12/3
f 3982/13/4 1022/14/4 3/15/4 1692/16/4
f 3981/17/5 1025/18/5 1/19/5 1690/20/5
f 3980/21/5 1039/22/5 11/23/5 1678/24/5
f 3979/25/5 1037/26/5 19/27/5 1701/28/5
f 3978/29/4 1041/30/4 13/31/4 1680/32/4
f 3977/33/4 1042/34/4 21/35/4 1704/36/4
f 3976/37/4 1034/38/4 16/39/4 1705/40/4
f 3975/41/3 1045/42/3 14/43/3 1681/44/3
f 3974/45/3 1046/46/3 22/47/3 1708/48/3
f 3973/49/3 1036/50/3 18/51/3 1709/52/3
f 3972/53/2 1049/54/2 12/55/2 1030/56/2
f 3971/57/2 1033/58/2 15/59/2 1711/60/2
f 3970/61/1 1051/62/1 15/63/1 1033/64/1
f 3969/65/1 1052/66/1 23/67/1 1714/68/1
f 3968/69/1 1685/70/1 18/71/1 1715/72/1
f 3967/73/1 1091/74/1 59/75/1 1675/76/1
f 3966/77/1 1092/78/1 60/79/1 1718/80/1
f 3965/81/1 1649/82/1 33/83/1 1719/84/1
f 3964/85/1 1095/86/1 58/87/1 1674/88/1
f 3963/89/1 1096/90/1 61/91/1 1722/92/1
f 3962/93/1 1088/94/1 57/95/1 1723/96/1
f 3961/97/1 1099/98/1 42/99/1 1073/100/1
f 3960/101/1 1100/102/1 62/103/1 1726/104/1
f 3959/105/1 1087/106/1 56/107/1 1727/108/1
f 3958/109/2 1073/110/2 42/111/2 1729/112/2
f 3957/113/2 1104/114/2 39/115/2 1070/116/2
f 3956/117/3 1106/118/3 55/119/3 1671/120/3
f 3955/121/3 1107/122/3 63/123/3 1733/124/3
f 3954/125/3 1076/126/3 45/127/3 1734/128/3
f 3953/129/3 1110/130/3 54/131/3 1670/132/3
f 3952/133/3 1111/134/3 64/135/3 1737/136/3
f 3951/137/3 1084/138/3 53/139/3 1738/140/3
f 3950/141/3 1114/142/3 29/143/3 1645/144/3
f 3949/145/3 1115/146/3 65/147/3 1741/148/3
f 3948/149/3 1083/150/3 52/151/3 1742/152/3
f 3947/153/4 1118/154/4 51/155/4 1667/156/4
f 3946/157/4 1119/158/4 66/159/4 1745/160/4
f 3945/161/4 1074/162/4 43/163/4 1746/164/4
f 3944/165/4 1122/166/4 50/167/4 1666/168/4
f 3943/169/4 1123/170/4 67/171/4 1749/172/4
f 3942/173/4 1080/174/4 49/175/4 1750/176/4
f 3941/177/4 1126/178/4 28/179/4 1644/180/4
f 3940/181/4 1127/182/4 68/183/4 1753/184/4
f 3939/185/4 1079/186/4 48/187/4 1754/188/4
f 3938/189/5 1077/190/5 46/191/5 1756/192/5
f 3937/193/5 1131/194/5 26/195/5 1642/196/5
f 3936/197/5 1133/198/5 38/199/5 1654/200/5
f 3935/201/5 1065/202/5 34/203/5 1758/204/5
f 3934/205/4 1134/206/4 40/207/4 1656/208/4
f 3933/209/4 1135/210/4 69/211/4 1761/212/4
f 3932/213/4 1062/214/4 31/215/4 1762/216/4
f 3931/217/3 1138/218/3 41/219/3 1657/220/3
f 3930/221/3 1139/222/3 70/223/3 1765/224/3
f 3929/225/3 1064/226/3 33/227/3 1766/228/3
f 3928/229/2 1142/230/2 27/231/2 1058/232/2
f 3927/233/2 1061/234/2 30/235/2 1767/236/2
f 3926/237/1 1143/238/1 30/239/1 1061/240/1
f 3925/241/1 1144/242/1 71/243/1 1770/244/1
f 3924/245/1 1661/246/1 45/247/1 1771/248/1
f 3923/249/1 1276/250/1 197/251/1 1639/252/1
f 3922/253/1 1277/254/1 198/255/1 1774/256/1
f 3921/257/1 1529/258/1 93/259/1 1775/260/1
f 3920/261/1 1280/262/1 196/263/1 1638/264/1
f 3919/265/1 1281/266/1 199/267/1 1778/268/1
f 3918/269/1 1273/270/1 195/271/1 1779/272/1
f 3917/273/1 1284/274/1 116/275/1 1190/276/1
f 3916/277/1 1285/278/1 200/279/1 1782/280/1
f 3915/281/1 1272/282/1 194/283/1 1783/284/1
f 3914/285/2 1190/286/2 116/287/2 1784/288/2
f 3913/289/2 1288/290/2 113/291/2 1187/292/2
f 3912/293/3 1289/294/3 193/295/3 1634/296/3
f 3911/297/3 1290/298/3 201/299/3 1788/300/3
f 3910/301/3 1193/302/3 119/303/3 1789/304/3
f 3909/305/3 1293/306/3 192/307/3 1633/308/3
f 3908/309/3 1294/310/3 202/311/3 1792/312/3
f 3907/313/3 1269/314/3 191/315/3 1793/316/3
f 3906/317/3 1297/318/3 89/319/3 1525/320/3
f 3905/321/3 1298/322/3 203/323/3 1796/324/3
f 3904/325/3 1268/326/3 190/327/3 1797/328/3
f 3903/329/4 1301/330/4 189/331/4 1630/332/4
f 3902/333/4 1302/334/4 204/335/4 1800/336/4
f 3901/337/4 1191/338/4 117/339/4 1801/340/4
f 3900/341/4 1305/342/4 188/343/4 1629/344/4
f 3899/345/4 1306/346/4 205/347/4 1804/348/4
f 3898/349/4 1265/350/4 187/351/4 1805/352/4
f 3897/353/4 1309/354/4 88/355/4 1524/356/4
f 3896/357/4 1310/358/4 206/359/4 1808/360/4
f 3895/361/4 1264/362/4 186/363/4 1809/364/4
f 3894/365/5 1194/366/5 120/367/5 1810/368/5
f 3893/369/5 1313/370/5 86/371/5 1522/372/5
f 3892/373/6 1314/374/6 5279/375/6 185/376/6 1625/377/6
f 3891/378/6 1315/379/6 5280/380/6 207/381/6 1814/382/6
f 3890/383/5 1317/384/5 74/385/5 1510/386/5
f 3889/387/6 1318/388/6 5281/389/6 208/390/6 1817/391/6
f 3886/392/6 1321/393/6 5282/394/6 184/395/6 1623/396/6
f 3885/397/6 1322/398/6 5283/399/6 209/400/6 1821/401/6
f 3883/402/6 1324/403/6 5284/404/6 96/405/6 1533/406/6
f 3882/407/6 1325/408/6 5285/409/6 210/410/6 1824/411/6
f 3880/412/5 1206/413/5 132/414/5 1826/415/5
f 3877/416/4 1329/417/4 183/418/4 1622/419/4
f 3876/420/4 1330/421/4 211/422/4 1830/423/4
f 3875/424/4 1209/425/4 134/426/4 1831/427/4
f 3874/428/4 1333/429/4 182/430/4 1621/431/4
f 3873/432/4 1334/433/4 212/434/4 1834/435/4
f 3872/436/4 1259/437/4 181/438/4 1835/439/4
f 3871/440/4 1337/441/4 76/442/4 1512/443/4
f 3870/444/4 1338/445/4 213/446/4 1838/447/4
f 3869/448/4 1258/449/4 180/450/4 1839/451/4
f 3868/452/4 1341/453/4 179/454/4 1618/455/4
f 3867/456/4 1342/457/4 214/458/4 1842/459/4
f 3866/460/4 1210/461/4 135/462/4 1843/463/4
f 3865/464/4 1345/465/4 178/466/4 1617/467/4
f 3864/468/4 1346/469/4 215/470/4 1846/471/4
f 3863/472/4 1255/473/4 177/474/4 1847/475/4
f 3862/476/4 1349/477/4 99/478/4 1536/479/4
f 3861/480/4 1350/481/4 216/482/4 1850/483/4
f 3860/484/4 1254/485/4 176/486/4 1851/487/4
f 3859/488/4 1353/489/4 175/490/4 1614/491/4
f 3858/492/4 1354/493/4 217/494/4 1854/495/4
f 3857/496/4 1203/497/4 129/498/4 1855/499/4
f 3856/500/4 1357/501/4 174/502/4 1613/503/4
f 3855/504/4 1358/505/4 218/506/4 1858/507/4
f 3854/508/4 1251/509/4 173/510/4 1859/511/4
f 3853/512/4 1361/513/4 100/514/4 1537/515/4
f 3852/516/4 1362/517/4 219/518/4 1862/519/4
f 3851/520/4 1250/521/4 172/522/4 1863/523/4
f 3850/524/3 1365/525/3 171/526/3 1610/527/3
f 3849/528/3 1366/529/3 220/530/3 1866/531/3
f 3848/532/3 1213/533/3 138/534/3 1867/535/3
f 3847/536/3 1369/537/3 170/538/3 1609/539/3
f 3846/540/3 1370/541/3 221/542/3 1870/543/3
f 3845/544/3 1247/545/3 169/546/3 1871/547/3
f 3844/548/3 1373/549/3 77/550/3 1513/551/3
f 3843/552/3 1374/553/3 222/554/3 1874/555/3
f 3842/556/3 1246/557/3 168/558/3 1875/559/3
f 3841/560/3 1377/561/3 167/562/3 1606/563/3
f 3840/564/3 1378/565/3 223/566/3 1878/567/3
f 3839/568/3 1214/569/3 139/570/3 1879/571/3
f 3838/572/3 1381/573/3 166/574/3 1605/575/3
f 3837/576/3 1382/577/3 224/578/3 1882/579/3
f 3836/580/3 1243/581/3 165/582/3 1883/583/3
f 3835/584/3 1385/585/3 103/586/3 1540/587/3
f 3834/588/3 1386/589/3 225/590/3 1886/591/3
f 3833/592/3 1242/593/3 164/594/3 1887/595/3
f 3832/596/3 1389/597/3 163/598/3 1602/599/3
f 3831/600/3 1390/601/3 226/602/3 1890/603/3
f 3830/604/3 1205/605/3 131/606/3 1891/607/3
f 3829/608/3 1393/609/3 162/610/3 1601/611/3
f 3828/612/3 1394/613/3 227/614/3 1894/615/3
f 3827/616/3 1239/617/3 161/618/3 1895/619/3
f 3826/620/3 1397/621/3 104/622/3 1541/623/3
f 3825/624/3 1398/625/3 228/626/3 1898/627/3
f 3824/628/3 1238/629/3 160/630/3 1899/631/3
f 3823/632/2 1401/633/2 159/634/2 1598/635/2
f 3822/636/2 1402/637/2 229/638/2 1902/639/2
f 3821/640/2 1405/641/2 125/642/2 1199/643/2
f 3820/644/2 1406/645/2 230/646/2 1905/647/2
f 3817/648/2 1410/649/2 158/650/2 1596/651/2
f 3816/652/2 1411/653/2 231/654/2 1909/655/2
f 3814/656/2 1414/657/2 105/658/2 1543/659/2
f 3813/660/2 1415/661/2 232/662/2 1912/663/2
f 3811/664/2 1202/665/2 128/666/2 1914/667/2
f 3808/668/1 1420/669/1 157/670/1 1595/671/1
f 3807/672/1 1421/673/1 233/674/1 1918/675/1
f 3806/676/1 1218/677/1 142/678/1 1919/679/1
f 3805/680/7 1424/681/7 156/682/7 1594/683/7
f 3804/684/7 1425/685/7 234/686/7 1922/687/7
f 3803/688/1 1231/689/1 155/690/1 1923/691/1
f 3802/692/7 1428/693/7 128/694/7 1202/695/7
f 3801/696/7 1429/697/7 235/698/7 1926/699/7
f 3800/700/1 1230/701/1 154/702/1 1927/703/1
f 3799/704/1 1432/705/1 153/706/1 1591/707/1
f 3798/708/1 1433/709/1 236/710/1 1930/711/1
f 3797/712/1 1219/713/1 143/714/1 1931/715/1
f 3796/716/7 1436/717/7 152/718/7 1590/719/7
f 3795/720/7 1437/721/7 237/722/7 1934/723/7
f 3794/724/1 1227/725/1 151/726/1 1935/727/1
f 3793/728/7 1440/729/7 108/730/7 1546/731/7
f 3792/732/7 1441/733/7 238/734/7 1938/735/7
f 3791/736/1 1226/737/1 150/738/1 1939/739/1
f 3790/740/1 1444/741/1 149/742/1 1587/743/1
f 3789/744/1 1445/745/1 239/746/1 1942/747/1
f 3788/748/1 1517/749/1 81/750/1 1943/751/1
f 3787/752/1 1448/753/1 148/754/1 1586/755/1
f 3786/756/1 1449/757/1 240/758/1 1946/759/1
f 3785/760/1 1223/761/1 147/762/1 1947/763/1
f 3784/764/1 1452/765/1 109/766/1 1547/767/1
f 3783/768/1 1453/769/1 241/770/1 1950/771/1
f 3782/772/1 1222/773/1 146/774/1 1951/775/1
f 3781/776/1 1456/777/1 145/778/1 1583/779/1
f 3780/780/1 1457/781/1 242/782/1 1954/783/1
f 3779/784/1 1557/785/1 119/786/1 1955/787/1
f 3778/788/1 1460/789/1 144/790/1 1582/791/1
f 3777/792/1 1461/793/1 243/794/1 1958/795/1
f 3776/796/1 1181/797/1 107/798/1 1959/799/1
f 3775/800/1 1464/801/1 90/802/1 1165/803/1
f 3774/804/1 1465/805/1 244/806/1 1962/807/1
f 3773/808/1 1180/809/1 106/810/1 1963/811/1
f 3772/812/2 1165/813/2 90/814/2 1964/815/2
f 3771/816/2 1468/817/2 87/818/2 1162/819/2
f 3770/820/3 1469/821/3 141/822/3 1579/823/3
f 3769/824/3 1470/825/3 245/826/3 1968/827/3
f 3768/828/3 1168/829/3 93/830/3 1969/831/3
f 3767/832/3 1473/833/3 140/834/3 1578/835/3
f 3766/836/3 1474/837/3 246/838/3 1972/839/3
f 3765/840/3 1176/841/3 102/842/3 1973/843/3
f 3764/844/3 1477/845/3 115/846/3 1553/847/3
f 3763/848/3 1478/849/3 247/850/3 1976/851/3
f 3762/852/3 1175/853/3 101/854/3 1977/855/3
f 3761/856/4 1481/857/4 137/858/4 1575/859/4
f 3760/860/4 1482/861/4 248/862/4 1980/863/4
f 3759/864/4 1166/865/4 91/866/4 1981/867/4
f 3758/868/4 1485/869/4 136/870/4 1574/871/4
f 3757/872/4 1486/873/4 249/874/4 1984/875/4
f 3756/876/4 1172/877/4 98/878/4 1985/879/4
f 3755/880/4 1489/881/4 114/882/4 1552/883/4
f 3754/884/4 1490/885/4 250/886/4 1988/887/4
f 3753/888/4 1171/889/4 97/890/4 1989/891/4
f 3752/892/5 1169/893/5 94/894/5 1990/895/5
f 3751/896/5 1493/897/5 112/898/5 1550/899/5
f 3750/900/5 1494/901/5 124/902/5 1562/903/5
f 3749/904/5 1157/905/5 82/906/5 1993/907/5
f 3748/908/4 1495/909/4 126/910/4 1564/911/4
f 3747/912/4 1496/913/4 251/914/4 1996/915/4
f 3746/916/4 1154/917/4 79/918/4 1997/919/4
f 3745/920/3 1499/921/3 127/922/3 1565/923/3
f 3744/924/3 1500/925/3 252/926/3 2000/927/3
f 3743/928/3 1156/929/3 81/930/3 2001/931/3
f 3742/932/2 1503/933/2 75/934/2 1150/935/2
f 3741/936/2 1153/937/2 78/938/2 2003/939/2
f 3740/940/1 1504/941/1 78/942/1 1153/943/1
f 3739/944/1 1505/945/1 253/946/1 2006/947/1
f 3738/948/1 1569/949/1 131/950/1 2007/951/1
f 3737/952/8 2008/953/8 760/954/8 1507/955/8
f 3736/956/8 2009/957/8 761/958/8 2010/959/8
f 3735/960/1 1076/961/1 315/962/1 2011/963/1
f 3734/964/1 2012/965/1 759/966/1 1506/967/1
f 3733/968/1 2013/969/1 762/970/1 2014/971/1
f 3732/972/1 2005/973/1 758/974/1 2015/975/1
f 3731/976/1 2016/977/1 392/978/1 1646/979/1
f 3730/980/1 2017/981/1 763/982/1 2018/983/1
f 3729/984/1 2004/985/1 757/986/1 2019/987/1
f 3728/988/2 1646/989/2 392/990/2 2022/991/2
f 3727/992/2 2023/993/2 389/994/2 1643/995/2
f 3726/996/2 5782/997/2 2024/998/2 765/999/2 2025/1000/2
f 3725/1001/2 5780/1002/2 2002/1003/2 755/1004/2 2026/1005/2
f 3724/1006/3 2027/1007/3 754/1008/3 1502/1009/3
f 3723/1010/3 2028/1011/3 766/1012/3 2029/1013/3
f 3722/1014/3 1649/1015/3 395/1016/3 2030/1017/3
f 3721/1018/3 2031/1019/3 753/1020/3 1501/1021/3
f 3720/1022/3 2032/1023/3 767/1024/3 2033/1025/3
f 3719/1026/3 1999/1027/3 752/1028/3 2034/1029/3
f 3718/1030/3 2035/1031/3 311/1032/3 1072/1033/3
f 3717/1034/3 2036/1035/3 768/1036/3 2037/1037/3
f 3716/1038/3 1998/1039/3 751/1040/3 2038/1041/3
f 3715/1042/4 2039/1043/4 750/1044/4 1498/1045/4
f 3714/1046/4 2040/1047/4 769/1048/4 2041/1049/4
f 3713/1050/4 1647/1051/4 393/1052/4 2042/1053/4
f 3712/1054/4 2043/1055/4 749/1056/4 1497/1057/4
f 3711/1058/4 2044/1059/4 770/1060/4 2045/1061/4
f 3710/1062/4 1995/1063/4 748/1064/4 2046/1065/4
f 3709/1066/4 2047/1067/4 310/1068/4 1071/1069/4
f 3708/1070/4 2048/1071/4 771/1072/4 2049/1073/4
f 3707/1074/4 1994/1075/4 747/1076/4 2050/1077/4
f 3706/1078/5 1650/1079/5 396/1080/5 2053/1081/5
f 3705/1082/5 2054/1083/5 308/1084/5 1069/1085/5
f 3704/1086/9 5370/1087/9 2055/1088/9 773/1089/9 2056/1090/9
f 3703/1091/9 5368/1092/9 1992/1093/9 745/1094/9 2057/1095/9
f 3702/1096/5 2058/1097/5 296/1098/5 1057/1099/5
f 3701/1100/9 5366/1101/9 2059/1102/9 774/1103/9 2060/1104/9
f 3700/1105/9 5364/1106/9 1991/1107/9 744/1108/9 2061/1109/9
f 3699/1110/5 1662/1111/5 408/1112/5 2064/1113/5
f 3698/1114/4 2065/1115/4 742/1116/4 1492/1117/4
f 3697/1118/4 2066/1119/4 776/1120/4 2067/1121/4
f 3696/1122/4 1664/1123/4 410/1124/4 2068/1125/4
f 3695/1126/4 2069/1127/4 741/1128/4 1491/1129/4
f 3694/1130/4 2070/1131/4 777/1132/4 2071/1133/4
f 3693/1134/4 1987/1135/4 740/1136/4 2072/1137/4
f 3692/1138/4 2073/1139/4 298/1140/4 1059/1141/4
f 3691/1142/4 2074/1143/4 778/1144/4 2075/1145/4
f 3690/1146/4 1986/1147/4 739/1148/4 2076/1149/4
f 3689/1150/4 2077/1151/4 738/1152/4 1488/1153/4
f 3688/1154/4 2078/1155/4 779/1156/4 2079/1157/4
f 3687/1158/4 1665/1159/4 411/1160/4 2080/1161/4
f 3686/1162/4 2081/1163/4 737/1164/4 1487/1165/4
f 3685/1166/4 2082/1167/4 780/1168/4 2083/1169/4
f 3684/1170/4 1983/1171/4 736/1172/4 2084/1173/4
f 3683/1174/4 2085/1175/4 320/1176/4 1081/1177/4
f 3682/1178/4 2086/1179/4 781/1180/4 2087/1181/4
f 3681/1182/4 1982/1183/4 735/1184/4 2088/1185/4
f 3680/1186/4 2089/1187/4 734/1188/4 1484/1189/4
f 3679/1190/4 2090/1191/4 782/1192/4 2091/1193/4
f 3678/1194/4 1659/1195/4 405/1196/4 2092/1197/4
f 3677/1198/4 2093/1199/4 733/1200/4 1483/1201/4
f 3676/1202/4 2094/1203/4 783/1204/4 2095/1205/4
f 3675/1206/4 1979/1207/4 732/1208/4 2096/1209/4
f 3674/1210/4 2097/1211/4 321/1212/4 1082/1213/4
f 3673/1214/4 2098/1215/4 784/1216/4 2099/1217/4
f 3672/1218/4 1978/1219/4 731/1220/4 2100/1221/4
f 3671/1222/3 2101/1223/3 730/1224/3 1480/1225/3
f 3670/1226/3 2102/1227/3 785/1228/3 2103/1229/3
f 3669/1230/3 1668/1231/3 414/1232/3 2104/1233/3
f 3668/1234/3 2105/1235/3 729/1236/3 1479/1237/3
f 3667/1238/3 2106/1239/3 786/1240/3 2107/1241/3
f 3666/1242/3 1975/1243/3 728/1244/3 2108/1245/3
f 3665/1246/3 2109/1247/3 299/1248/3 1060/1249/3
f 3664/1250/3 2110/1251/3 787/1252/3 2111/1253/3
f 3663/1254/3 1974/1255/3 727/1256/3 2112/1257/3
f 3662/1258/3 2113/1259/3 726/1260/3 1476/1261/3
f 3661/1262/3 2114/1263/3 788/1264/3 2115/1265/3
f 3660/1266/3 1669/1267/3 415/1268/3 2116/1269/3
f 3659/1270/3 2117/1271/3 725/1272/3 1475/1273/3
f 3658/1274/3 2118/1275/3 789/1276/3 2119/1277/3
f 3657/1278/3 1971/1279/3 724/1280/3 2120/1281/3
f 3656/1282/3 2121/1283/3 324/1284/3 1085/1285/3
f 3655/1286/3 2122/1287/3 790/1288/3 2123/1289/3
f 3654/1290/3 1970/1291/3 723/1292/3 2124/1293/3
f 3653/1294/3 2125/1295/3 722/1296/3 1472/1297/3
f 3652/1298/3 2126/1299/3 791/1300/3 2127/1301/3
f 3651/1302/3 1661/1303/3 407/1304/3 2128/1305/3
f 3650/1306/3 2129/1307/3 721/1308/3 1471/1309/3
f 3649/1310/3 2130/1311/3 792/1312/3 2131/1313/3
f 3648/1314/3 1967/1315/3 720/1316/3 2132/1317/3
f 3647/1318/3 2133/1319/3 325/1320/3 1086/1321/3
f 3646/1322/3 2134/1323/3 793/1324/3 2135/1325/3
f 3645/1326/3 1966/1327/3 719/1328/3 2136/1329/3
f 3644/1330/2 2137/1331/2 401/1332/2 1655/1333/2
f 3643/1334/2 5778/1335/2 2138/1336/2 794/1337/2 2139/1338/2
f 3642/1339/2 5776/1340/2 1965/1341/2 718/1342/2 2140/1343/2
f 3641/1344/2 1658/1345/2 404/1346/2 2143/1347/2
f 3640/1348/1 2144/1349/1 716/1350/1 1467/1351/1
f 3639/1352/1 2145/1353/1 796/1354/1 2146/1355/1
f 3638/1356/1 1672/1357/1 419/1358/1 2147/1359/1
f 3637/1360/1 2148/1361/1 715/1362/1 1466/1363/1
f 3636/1364/1 2149/1365/1 797/1366/1 2150/1367/1
f 3635/1368/1 1961/1369/1 714/1370/1 2151/1371/1
f 3634/1372/1 2152/1373/1 404/1374/1 1658/1375/1
f 3633/1376/1 2153/1377/1 798/1378/1 2154/1379/1
f 3632/1380/1 1960/1381/1 713/1382/1 2155/1383/1
f 3631/1384/1 2156/1385/1 712/1386/1 1463/1387/1
f 3630/1388/1 2157/1389/1 799/1390/1 2158/1391/1
f 3629/1392/1 1673/1393/1 420/1394/1 2159/1395/1
f 3628/1396/1 2160/1397/1 711/1398/1 1462/1399/1
f 3627/1400/1 2161/1401/1 800/1402/1 2162/1403/1
f 3626/1404/1 1957/1405/1 710/1406/1 2163/1407/1
f 3625/1408/1 2164/1409/1 328/1410/1 1089/1411/1
f 3624/1412/1 2165/1413/1 801/1414/1 2166/1415/1
f 3623/1416/1 1956/1417/1 709/1418/1 2167/1419/1
f 3622/1420/8 2168/1421/8 708/1422/8 1459/1423/8
f 3621/1424/8 2169/1425/8 802/1426/8 2170/1427/8
f 3620/1428/1 1064/1429/1 303/1430/1 2171/1431/1
f 3619/1432/1 2172/1433/1 707/1434/1 1458/1435/1
f 3618/1436/1 2173/1437/1 803/1438/1 2174/1439/1
f 3617/1440/1 1953/1441/1 706/1442/1 2175/1443/1
f 3616/1444/1 2176/1445/1 329/1446/1 1090/1447/1
f 3615/1448/1 2177/1449/1 804/1450/1 2178/1451/1
f 3614/1452/1 1952/1453/1 705/1454/1 2179/1455/1
f 3613/1456/1 2180/1457/1 704/1458/1 1455/1459/1
f 3612/1460/1 2181/1461/1 805/1462/1 2182/1463/1
f 3611/1464/1 1716/1465/1 463/1466/1 2183/1467/1
f 3610/1468/1 2184/1469/1 703/1470/1 1454/1471/1
f 3609/1472/1 2185/1473/1 806/1474/1 2186/1475/1
f 3608/1476/1 1949/1477/1 702/1478/1 2187/1479/1
f 3607/1480/1 2188/1481/1 293/1482/1 1054/1483/1
f 3606/1484/1 2189/1485/1 807/1486/1 2190/1487/1
f 3605/1488/1 1948/1489/1 701/1490/1 2191/1491/1
f 3604/1492/1 2192/1493/1 700/1494/1 1451/1495/1
f 3603/1496/1 2193/1497/1 808/1498/1 2194/1499/1
f 3602/1500/1 1717/1501/1 464/1502/1 2195/1503/1
f 3601/1504/1 2196/1505/1 699/1506/1 1450/1507/1
f 3600/1508/1 2197/1509/1 809/1510/1 2198/1511/1
f 3599/1512/1 1945/1513/1 698/1514/1 2199/1515/1
f 3598/1516/1 2200/1517/1 332/1518/1 1093/1519/1
f 3597/1520/1 2201/1521/1 810/1522/1 2202/1523/1
f 3596/1524/1 1944/1525/1 697/1526/1 2203/1527/1
f 3595/1528/8 2204/1529/8 696/1530/8 1447/1531/8
f 3594/1532/8 2205/1533/8 811/1534/8 2206/1535/8
f 3593/1536/1 1024/1537/1 263/1538/1 2207/1539/1
f 3592/1540/1 2208/1541/1 695/1542/1 1446/1543/1
f 3591/1544/1 2209/1545/1 812/1546/1 2210/1547/1
f 3590/1548/1 1941/1549/1 694/1550/1 2211/1551/1
f 3589/1552/1 2212/1553/1 333/1554/1 1094/1555/1
f 3588/1556/1 2213/1557/1 813/1558/1 2214/1559/1
f 3587/1560/1 1940/1561/1 693/1562/1 2215/1563/1
f 3586/1564/1 2216/1565/1 692/1566/1 1443/1567/1
f 3585/1568/1 2217/1569/1 814/1570/1 2218/1571/1
f 3584/1572/1 1720/1573/1 467/1574/1 2219/1575/1
f 3583/1576/1 2220/1577/1 691/1578/1 1442/1579/1
f 3582/1580/1 2221/1581/1 815/1582/1 2222/1583/1
f 3581/1584/7 1937/1585/7 690/1586/7 2223/1587/7
f 3580/1588/1 2224/1589/1 292/1590/1 1053/1591/1
f 3579/1592/1 2225/1593/1 816/1594/1 2226/1595/1
f 3578/1596/7 1936/1597/7 689/1598/7 2227/1599/7
f 3577/1600/1 2228/1601/1 688/1602/1 1439/1603/1
f 3576/1604/1 2229/1605/1 817/1606/1 2230/1607/1
f 3575/1608/1 1721/1609/1 468/1610/1 2231/1611/1
f 3574/1612/10 2232/1613/10 687/1614/10 1438/1615/10
f 3573/1616/1 2233/1617/1 818/1618/1 2234/1619/1
f 3572/1620/7 1933/1621/7 686/1622/7 2235/1623/7
f 3571/1624/1 2236/1625/1 336/1626/1 1097/1627/1
f 3570/1628/1 2237/1629/1 819/1630/1 2238/1631/1
f 3569/1632/7 1932/1633/7 685/1634/7 2239/1635/7
f 3568/1636/1 2240/1637/1 684/1638/1 1435/1639/1
f 3567/1640/1 2241/1641/1 820/1642/1 2242/1643/1
f 3566/1644/1 1713/1645/1 460/1646/1 2243/1647/1
f 3565/1648/1 2244/1649/1 683/1650/1 1434/1651/1
f 3564/1652/1 2245/1653/1 821/1654/1 2246/1655/1
f 3563/1656/1 1929/1657/1 682/1658/1 2247/1659/1
f 3562/1660/1 2248/1661/1 337/1662/1 1098/1663/1
f 3561/1664/1 2249/1665/1 822/1666/1 2250/1667/1
f 3560/1668/1 1928/1669/1 681/1670/1 2251/1671/1
f 3559/1672/1 2252/1673/1 680/1674/1 1431/1675/1
f 3558/1676/1 2253/1677/1 823/1678/1 2254/1679/1
f 3557/1680/1 1724/1681/1 471/1682/1 2255/1683/1
f 3556/1684/1 2256/1685/1 679/1686/1 1430/1687/1
f 3555/1688/1 2257/1689/1 824/1690/1 2258/1691/1
f 3554/1692/7 1925/1693/7 678/1694/7 2259/1695/7
f 3553/1696/1 2260/1697/1 441/1698/1 1694/1699/1
f 3552/1700/1 2261/1701/1 825/1702/1 2262/1703/1
f 3551/1704/7 1924/1705/7 677/1706/7 2263/1707/7
f 3550/1708/1 2264/1709/1 676/1710/1 1427/1711/1
f 3549/1712/1 2265/1713/1 826/1714/1 2266/1715/1
f 3548/1716/1 1725/1717/1 472/1718/1 2267/1719/1
f 3547/1720/1 2268/1721/1 675/1722/1 1426/1723/1
f 3546/1724/1 2269/1725/1 827/1726/1 2270/1727/1
f 3545/1728/7 1921/1729/7 674/1730/7 2271/1731/7
f 3544/1732/1 2272/1733/1 340/1734/1 1101/1735/1
f 3543/1736/1 2273/1737/1 828/1738/1 2274/1739/1
f 3542/1740/7 1920/1741/7 673/1742/7 2275/1743/7
f 3541/1744/1 2276/1745/1 672/1746/1 1423/1747/1
f 3540/1748/1 2277/1749/1 829/1750/1 2278/1751/1
f 3539/1752/1 1712/1753/1 459/1754/1 2279/1755/1
f 3538/1756/1 2280/1757/1 671/1758/1 1422/1759/1
f 3537/1760/1 2281/1761/1 830/1762/1 2282/1763/1
f 3536/1764/1 1917/1765/1 670/1766/1 2283/1767/1
f 3535/1768/1 2284/1769/1 341/1770/1 1102/1771/1
f 3534/1772/1 2285/1773/1 831/1774/1 2286/1775/1
f 3533/1776/1 1916/1777/1 669/1778/1 2287/1779/1
f 3531/1780/2 2289/1781/2 832/1782/2 2290/1783/2
f 3530/1784/2 1728/1785/2 475/1786/2 2291/1787/2
f 3528/1788/2 2293/1789/2 833/1790/2 2294/1791/2
f 3527/1792/2 1915/1793/2 668/1794/2 2295/1795/2
f 3525/1796/2 2297/1797/2 834/1798/2 2298/1799/2
f 3524/1800/2 1694/1801/2 441/1802/2 2299/1803/2
f 3522/1804/2 2301/1805/2 835/1806/2 2302/1807/2
f 3521/1808/2 1913/1809/2 666/1810/2 2303/1811/2
f 3520/1812/2 2304/1813/2 5700/1814/2 665/1815/2 1417/1816/2
f 3519/1817/2 2305/1818/2 5701/1819/2 836/1820/2 2306/1821/2
f 3518/1822/2 2307/1823/2 664/1824/2 1416/1825/2
f 3517/1826/2 2308/1827/2 837/1828/2 2309/1829/2
f 3516/1830/2 1911/1831/2 663/1832/2 2310/1833/2
f 3515/1834/2 2311/1835/2 289/1836/2 1050/1837/2
f 3514/1838/2 2312/1839/2 838/1840/2 2313/1841/2
f 3513/1842/2 1910/1843/2 662/1844/2 2314/1845/2
f 3512/1846/2 2315/1847/2 5702/1848/2 661/1849/2 1413/1850/2
f 3511/1851/2 2316/1852/2 839/1853/2 2317/1854/2
f 3510/1855/2 1730/1856/2 477/1857/2 2318/1858/2
f 3509/1859/2 2319/1860/2 660/1861/2 1412/1862/2
f 3508/1863/2 2320/1864/2 840/1865/2 2321/1866/2
f 3507/1867/2 1908/1868/2 659/1869/2 2322/1870/2
f 3506/1871/2 2323/1872/2 342/1873/2 1103/1874/2
f 3505/1875/2 2324/1876/2 841/1877/2 2325/1878/2
f 3504/1879/2 1907/1880/2 658/1881/2 2326/1882/2
f 3502/1883/2 2328/1884/2 842/1885/2 2329/1886/2
f 3501/1887/2 1710/1888/2 457/1889/2 2330/1890/2
f 3499/1891/2 2332/1892/2 843/1893/2 2333/1894/2
f 3498/1895/2 1906/1896/2 657/1897/2 2334/1898/2
f 3497/1899/2 2335/1900/2 5703/1901/2 656/1902/2 1408/1903/2
f 3496/1904/2 2336/1905/2 5704/1906/2 844/1907/2 2337/1908/2
f 3495/1909/2 2338/1910/2 655/1911/2 1407/1912/2
f 3494/1913/2 2339/1914/2 845/1915/2 2340/1916/2
f 3493/1917/2 1904/1918/2 654/1919/2 2341/1920/2
f 3492/1921/2 2342/1922/2 438/1923/2 1691/1924/2
f 3491/1925/2 2343/1926/2 846/1927/2 2344/1928/2
f 3490/1929/2 1903/1930/2 653/1931/2 2345/1932/2
f 3489/1933/2 2346/1934/2 5705/1935/2 652/1936/2 1404/1937/2
f 3488/1938/2 2347/1939/2 5706/1940/2 847/1941/2 2348/1942/2
f 3487/1943/2 2349/1944/2 651/1945/2 1403/1946/2
f 3486/1947/2 2350/1948/2 848/1949/2 2351/1950/2
f 3485/1951/2 1901/1952/2 650/1953/2 2352/1954/2
f 3484/1955/2 2353/1956/2 344/1957/2 1105/1958/2
f 3483/1959/2 2354/1960/2 849/1961/2 2355/1962/2
f 3482/1963/2 1900/1964/2 649/1965/2 2356/1966/2
f 3481/1967/3 2357/1968/3 648/1969/3 1400/1970/3
f 3480/1971/3 2358/1972/3 850/1973/3 2359/1974/3
f 3479/1975/3 1731/1976/3 480/1977/3 2360/1978/3
f 3478/1979/3 2361/1980/3 647/1981/3 1399/1982/3
f 3477/1983/3 2362/1984/3 851/1985/3 2363/1986/3
f 3476/1987/3 1897/1988/3 646/1989/3 2364/1990/3
f 3475/1991/3 2365/1992/3 287/1993/3 1048/1994/3
f 3474/1995/3 2366/1996/3 852/1997/3 2367/1998/3
f 3473/1999/3 1896/2000/3 645/2001/3 2368/2002/3
f 3472/2003/3 2369/2004/3 644/2005/3 1396/2006/3
f 3471/2007/3 2370/2008/3 853/2009/3 2371/2010/3
f 3470/2011/3 1732/2012/3 481/2013/3 2372/2014/3
f 3469/2015/3 2373/2016/3 643/2017/3 1395/2018/3
f 3468/2019/3 2374/2020/3 854/2021/3 2375/2022/3
f 3467/2023/3 1893/2024/3 642/2025/3 2376/2026/3
f 3466/2027/3 2377/2028/3 347/2029/3 1108/2030/3
f 3465/2031/3 2378/2032/3 855/2033/3 2379/2034/3
f 3464/2035/3 1892/2036/3 641/2037/3 2380/2038/3
f 3463/2039/3 2381/2040/3 640/2041/3 1392/2042/3
f 3462/2043/3 2382/2044/3 856/2045/3 2383/2046/3
f 3461/2047/3 1697/2048/3 444/2049/3 2384/2050/3
f 3460/2051/3 2385/2052/3 639/2053/3 1391/2054/3
f 3459/2055/3 2386/2056/3 857/2057/3 2387/2058/3
f 3458/2059/3 1889/2060/3 638/2061/3 2388/2062/3
f 3457/2063/3 2389/2064/3 348/2065/3 1109/2066/3
f 3456/2067/3 2390/2068/3 858/2069/3 2391/2070/3
f 3455/2071/3 1888/2072/3 637/2073/3 2392/2074/3
f 3454/2075/3 2393/2076/3 636/2077/3 1388/2078/3
f 3453/2079/3 2394/2080/3 859/2081/3 2395/2082/3
f 3452/2083/3 1735/2084/3 484/2085/3 2396/2086/3
f 3451/2087/3 2397/2088/3 635/2089/3 1387/2090/3
f 3450/2091/3 2398/2092/3 860/2093/3 2399/2094/3
f 3449/2095/3 1885/2096/3 634/2097/3 2400/2098/3
f 3448/2099/3 2401/2100/3 286/2101/3 1047/2102/3
f 3447/2103/3 2402/2104/3 861/2105/3 2403/2106/3
f 3446/2107/3 1884/2108/3 633/2109/3 2404/2110/3
f 3445/2111/3 2405/2112/3 632/2113/3 1384/2114/3
f 3444/2115/3 2406/2116/3 862/2117/3 2407/2118/3
f 3443/2119/3 1736/2120/3 485/2121/3 2408/2122/3
f 3442/2123/3 2409/2124/3 631/2125/3 1383/2126/3
f 3441/2127/3 2410/2128/3 863/2129/3 2411/2130/3
f 3440/2131/3 1881/2132/3 630/2133/3 2412/2134/3
f 3439/2135/3 2413/2136/3 351/2137/3 1112/2138/3
f 3438/2139/3 2414/2140/3 864/2141/3 2415/2142/3
f 3437/2143/3 1880/2144/3 629/2145/3 2416/2146/3
f 3436/2147/3 2417/2148/3 628/2149/3 1380/2150/3
f 3435/2151/3 2418/2152/3 865/2153/3 2419/2154/3
f 3434/2155/3 1707/2156/3 454/2157/3 2420/2158/3
f 3433/2159/3 2421/2160/3 627/2161/3 1379/2162/3
f 3432/2163/3 2422/2164/3 866/2165/3 2423/2166/3
f 3431/2167/3 1877/2168/3 626/2169/3 2424/2170/3
f 3430/2171/3 2425/2172/3 352/2173/3 1113/2174/3
f 3429/2175/3 2426/2176/3 867/2177/3 2427/2178/3
f 3428/2179/3 1876/2180/3 625/2181/3 2428/2182/3
f 3427/2183/3 2429/2184/3 624/2185/3 1376/2186/3
f 3426/2187/3 2430/2188/3 868/2189/3 2431/2190/3
f 3425/2191/3 1739/2192/3 488/2193/3 2432/2194/3
f 3424/2195/3 2433/2196/3 623/2197/3 1375/2198/3
f 3423/2199/3 2434/2200/3 869/2201/3 2435/2202/3
f 3422/2203/3 1873/2204/3 622/2205/3 2436/2206/3
f 3421/2207/11 2437/2208/11 259/2209/11 1020/2210/11 6422/2211/11
f 3420/2212/3 2438/2213/3 870/2214/3 2439/2215/3
f 3419/2216/3 1872/2217/3 621/2218/3 2440/2219/3
f 3418/2220/3 2441/2221/3 620/2222/3 1372/2223/3
f 3417/2224/3 2442/2225/3 871/2226/3 2443/2227/3
f 3416/2228/3 1740/2229/3 489/2230/3 2444/2231/3
f 3415/2232/3 2445/2233/3 619/2234/3 1371/2235/3
f 3414/2236/3 2446/2237/3 872/2238/3 2447/2239/3
f 3413/2240/3 1869/2241/3 618/2242/3 2448/2243/3
f 3412/2244/3 2449/2245/3 355/2246/3 1116/2247/3
f 3411/2248/3 2450/2249/3 873/2250/3 2451/2251/3
f 3410/2252/3 1868/2253/3 617/2254/3 2452/2255/3
f 3409/2256/3 2453/2257/3 616/2258/3 1368/2259/3
f 3408/2260/3 2454/2261/3 874/2262/3 2455/2263/3
f 3407/2264/3 1706/2265/3 453/2266/3 2456/2267/3
f 3406/2268/3 2457/2269/3 615/2270/3 1367/2271/3
f 3405/2272/3 2458/2273/3 875/2274/3 2459/2275/3
f 3404/2276/3 1865/2277/3 614/2278/3 2460/2279/3
f 3403/2280/3 2461/2281/3 356/2282/3 1117/2283/3
f 3402/2284/3 2462/2285/3 876/2286/3 2463/2287/3
f 3401/2288/3 1864/2289/3 613/2290/3 2464/2291/3
f 3400/2292/4 2465/2293/4 612/2294/4 1364/2295/4
f 3399/2296/4 2466/2297/4 877/2298/4 2467/2299/4
f 3398/2300/4 1743/2301/4 492/2302/4 2468/2303/4
f 3397/2304/4 2469/2305/4 611/2306/4 1363/2307/4
f 3396/2308/4 2470/2309/4 878/2310/4 2471/2311/4
f 3395/2312/4 1861/2313/4 610/2314/4 2472/2315/4
f 3394/2316/4 2473/2317/4 283/2318/4 1044/2319/4
f 3393/2320/4 2474/2321/4 879/2322/4 2475/2323/4
f 3392/2324/4 1860/2325/4 609/2326/4 2476/2327/4
f 3391/2328/4 2477/2329/4 608/2330/4 1360/2331/4
f 3390/2332/4 2478/2333/4 880/2334/4 2479/2335/4
f 3389/2336/4 1744/2337/4 493/2338/4 2480/2339/4
f 3388/2340/4 2481/2341/4 607/2342/4 1359/2343/4
f 3387/2344/4 2482/2345/4 881/2346/4 2483/2347/4
f 3386/2348/4 1857/2349/4 606/2350/4 2484/2351/4
f 3385/2352/4 2485/2353/4 359/2354/4 1120/2355/4
f 3384/2356/4 2486/2357/4 882/2358/4 2487/2359/4
f 3383/2360/4 1856/2361/4 605/2362/4 2488/2363/4
f 3382/2364/4 2489/2365/4 604/2366/4 1356/2367/4
f 3381/2368/4 2490/2369/4 883/2370/4 2491/2371/4
f 3380/2372/4 1695/2373/4 442/2374/4 2492/2375/4
f 3379/2376/4 2493/2377/4 603/2378/4 1355/2379/4
f 3378/2380/4 2494/2381/4 884/2382/4 2495/2383/4
f 3377/2384/4 1853/2385/4 602/2386/4 2496/2387/4
f 3376/2388/4 2497/2389/4 360/2390/4 1121/2391/4
f 3375/2392/4 2498/2393/4 885/2394/4 2499/2395/4
f 3374/2396/4 1852/2397/4 601/2398/4 2500/2399/4
f 3373/2400/4 2501/2401/4 600/2402/4 1352/2403/4
f 3372/2404/4 2502/2405/4 886/2406/4 2503/2407/4
f 3371/2408/4 1747/2409/4 496/2410/4 2504/2411/4
f 3370/2412/4 2505/2413/4 599/2414/4 1351/2415/4
f 3369/2416/4 2506/2417/4 887/2418/4 2507/2419/4
f 3368/2420/4 1849/2421/4 598/2422/4 2508/2423/4
f 3367/2424/4 2509/2425/4 282/2426/4 1043/2427/4
f 3366/2428/4 2510/2429/4 888/2430/4 2511/2431/4
f 3365/2432/4 1848/2433/4 597/2434/4 2512/2435/4
f 3364/2436/4 2513/2437/4 596/2438/4 1348/2439/4
f 3363/2440/4 2514/2441/4 889/2442/4 2515/2443/4
f 3362/2444/4 1748/2445/4 497/2446/4 2516/2447/4
f 3361/2448/4 2517/2449/4 595/2450/4 1347/2451/4
f 3360/2452/12 2518/2453/12 890/2454/12 2519/2455/12
f 3359/2456/4 1845/2457/4 594/2458/4 2520/2459/4
f 3358/2460/4 2521/2461/4 363/2462/4 1124/2463/4
f 3357/2464/4 2522/2465/4 891/2466/4 2523/2467/4
f 3356/2468/4 1844/2469/4 593/2470/4 2524/2471/4
f 3355/2472/4 2525/2473/4 592/2474/4 1344/2475/4
f 3354/2476/4 2526/2477/4 892/2478/4 2527/2479/4
f 3353/2480/4 1703/2481/4 450/2482/4 2528/2483/4
f 3352/2484/4 2529/2485/4 591/2486/4 1343/2487/4
f 3351/2488/4 2530/2489/4 893/2490/4 2531/2491/4
f 3350/2492/4 1841/2493/4 590/2494/4 2532/2495/4
f 3349/2496/4 2533/2497/4 364/2498/4 1125/2499/4
f 3348/2500/4 2534/2501/4 894/2502/4 2535/2503/4
f 3347/2504/4 1840/2505/4 589/2506/4 2536/2507/4
f 3346/2508/4 2537/2509/4 588/2510/4 1340/2511/4
f 3345/2512/4 2538/2513/4 895/2514/4 2539/2515/4
f 3344/2516/4 1751/2517/4 500/2518/4 2540/2519/4
f 3343/2520/4 2541/2521/4 587/2522/4 1339/2523/4
f 3342/2524/4 2542/2525/4 896/2526/4 2543/2527/4
f 3341/2528/4 1837/2529/4 586/2530/4 2544/2531/4
f 3340/2532/4 2545/2533/4 258/2534/4 1019/2535/4
f 3339/2536/4 2546/2537/4 897/2538/4 2547/2539/4
f 3338/2540/4 1836/2541/4 585/2542/4 2548/2543/4
f 3337/2544/4 2549/2545/4 584/2546/4 1336/2547/4
f 3336/2548/4 2550/2549/4 898/2550/4 2551/2551/4
f 3335/2552/4 1752/2553/4 501/2554/4 2552/2555/4
f 3334/2556/4 2553/2557/4 583/2558/4 1335/2559/4
f 3333/2560/4 2554/2561/4 899/2562/4 2555/2563/4
f 3332/2564/4 1833/2565/4 582/2566/4 2556/2567/4
f 3331/2568/4 2557/2569/4 367/2570/4 1128/2571/4
f 3330/2572/4 2558/2573/4 900/2574/4 2559/2575/4
f 3329/2576/4 1832/2577/4 581/2578/4 2560/2579/4
f 3328/2580/4 2561/2581/4 580/2582/4 1332/2583/4
f 3327/2584/4 2562/2585/4 901/2586/4 2563/2587/4
f 3326/2588/4 1702/2589/4 449/2590/4 2564/2591/4
f 3325/2592/4 2565/2593/4 579/2594/4 1331/2595/4
f 3324/2596/4 2566/2597/4 902/2598/4 2567/2599/4
f 3323/2600/4 1829/2601/4 578/2602/4 2568/2603/4
f 3322/2604/4 2569/2605/4 368/2606/4 1129/2607/4
f 3321/2608/4 2570/2609/4 903/2610/4 2571/2611/4
f 3320/2612/4 1828/2613/4 577/2614/4 2572/2615/4
f 3318/2616/5 2574/2617/5 904/2618/5 2575/2619/5
f 3317/2620/5 1755/2621/5 504/2622/5 2576/2623/5
f 3315/2624/5 2578/2625/5 905/2626/5 2579/2627/5
f 3314/2628/5 1827/2629/5 576/2630/5 2580/2631/5
f 3312/2632/5 2582/2633/5 906/2634/5 2583/2635/5
f 3311/2636/5 1698/2637/5 445/2638/5 2584/2639/5
f 3309/2640/5 2586/2641/5 907/2642/5 2587/2643/5
f 3308/2644/5 1825/2645/5 574/2646/5 2588/2647/5
f 3307/2648/5 2589/2649/5 573/2650/5 1326/2651/5
f 3306/2652/5 2590/2653/5 908/2654/5 2591/2655/5
f 3305/2656/6 1823/2657/6 5291/2658/6 572/2659/6 2592/2660/6
f 3304/2661/5 2593/2662/5 279/2663/5 1040/2664/5
f 3303/2665/5 2594/2666/5 909/2667/5 2595/2668/5
f 3302/2669/6 1822/2670/6 5290/2671/6 571/2672/6 2596/2673/6
f 3300/2674/5 2598/2675/5 910/2676/5 2599/2677/5
f 3299/2678/5 1757/2679/5 506/2680/5 2600/2681/5
f 3298/2682/5 2601/2683/5 570/2684/5 1323/2685/5
f 3297/2686/5 2602/2687/5 911/2688/5 2603/2689/5
f 3296/2690/5 1820/2691/5 569/2692/5 2604/2693/5
f 3295/2694/5 2605/2695/5 369/2696/5 1130/2697/5
f 3294/2698/5 2606/2699/5 912/2700/5 2607/2701/5
f 3293/2702/6 1819/2703/6 5289/2704/6 568/2705/6 2608/2706/6
f 3291/2707/5 2610/2708/5 913/2709/5 2611/2710/5
f 3290/2711/5 1700/2712/5 447/2713/5 2612/2714/5
f 3288/2715/5 2614/2716/5 914/2717/5 2615/2718/5
f 3287/2719/5 1818/2720/5 567/2721/5 2616/2722/5
f 3286/2723/5 2617/2724/5 566/2725/5 1319/2726/5
f 3285/2727/5 2618/2728/5 915/2729/5 2619/2730/5
f 3284/2731/6 1816/2732/6 5288/2733/6 565/2734/6 2620/2735/6
f 3283/2736/13 2621/2737/13 256/2738/13 1017/2739/13
f 3282/2740/5 2622/2741/5 916/2742/5 2623/2743/5
f 3281/2744/5 1815/2745/5 564/2746/5 2624/2747/5
f 3280/2748/5 2625/2749/5 563/2750/5 1316/2751/5
f 3279/2752/5 2626/2753/5 917/2754/5 2627/2755/5
f 3278/2756/6 1813/2757/6 5287/2758/6 562/2759/6 2628/2760/6
f 3277/2761/5 2629/2762/5 371/2763/5 1132/2764/5
f 3276/2765/5 2630/2766/5 918/2767/5 2631/2768/5
f 3275/2769/6 1812/2770/6 5286/2771/6 561/2772/6 2632/2773/6
f 3274/2774/5 2633/2775/5 268/2776/5 1029/2777/5
f 3273/2778/9 5348/2779/9 2634/2780/9 919/2781/9 2635/2782/9
f 3272/2783/9 5346/2784/9 1811/2785/9 560/2786/9 2636/2787/9
f 3271/2788/5 1686/2789/5 433/2790/5 2639/2791/5
f 3270/2792/4 2640/2793/4 558/2794/4 1312/2795/4
f 3269/2796/4 2641/2797/4 921/2798/4 2642/2799/4
f 3268/2800/4 1759/2801/4 508/2802/4 2643/2803/4
f 3267/2804/4 2644/2805/4 557/2806/4 1311/2807/4
f 3266/2808/4 2645/2809/4 922/2810/4 2646/2811/4
f 3265/2812/4 1807/2813/4 556/2814/4 2647/2815/4
f 3264/2816/4 2648/2817/4 270/2818/4 1031/2819/4
f 3263/2820/4 2649/2821/4 923/2822/4 2650/2823/4
f 3262/2824/4 1806/2825/4 555/2826/4 2651/2827/4
f 3261/2828/4 2652/2829/4 554/2830/4 1308/2831/4
f 3260/2832/4 2653/2833/4 924/2834/4 2654/2835/4
f 3259/2836/4 1760/2837/4 509/2838/4 2655/2839/4
f 3258/2840/4 2656/2841/4 553/2842/4 1307/2843/4
f 3257/2844/4 2657/2845/4 925/2846/4 2658/2847/4
f 3256/2848/4 1803/2849/4 552/2850/4 2659/2851/4
f 3255/2852/4 2660/2853/4 375/2854/4 1136/2855/4
f 3254/2856/4 2661/2857/4 926/2858/4 2662/2859/4
f 3253/2860/4 1802/2861/4 551/2862/4 2663/2863/4
f 3252/2864/4 2664/2865/4 550/2866/4 1304/2867/4
f 3251/2868/4 2665/2869/4 927/2870/4 2666/2871/4
f 3250/2872/4 1683/2873/4 430/2874/4 2667/2875/4
f 3249/2876/4 2668/2877/4 549/2878/4 1303/2879/4
f 3248/2880/4 2669/2881/4 928/2882/4 2670/2883/4
f 3247/2884/4 1799/2885/4 548/2886/4 2671/2887/4
f 3246/2888/4 2672/2889/4 376/2890/4 1137/2891/4
f 3245/2892/4 2673/2893/4 929/2894/4 2674/2895/4
f 3244/2896/4 1798/2897/4 547/2898/4 2675/2899/4
f 3243/2900/3 2676/2901/3 546/2902/3 1300/2903/3
f 3242/2904/3 2677/2905/3 930/2906/3 2678/2907/3
f 3241/2908/3 1763/2909/3 512/2910/3 2679/2911/3
f 3240/2912/3 2680/2913/3 545/2914/3 1299/2915/3
f 3239/2916/3 2681/2917/3 931/2918/3 2682/2919/3
f 3238/2920/3 1795/2921/3 544/2922/3 2683/2923/3
f 3237/2924/3 2684/2925/3 271/2926/3 1032/2927/3
f 3236/2928/3 2685/2929/3 932/2930/3 2686/2931/3
f 3235/2932/3 1794/2933/3 543/2934/3 2687/2935/3
f 3234/2936/3 2688/2937/3 542/2938/3 1296/2939/3
f 3233/2940/3 2689/2941/3 933/2942/3 2690/2943/3
f 3232/2944/3 1764/2945/3 513/2946/3 2691/2947/3
f 3231/2948/3 2692/2949/3 541/2950/3 1295/2951/3
f 3230/2952/3 2693/2953/3 934/2954/3 2694/2955/3
f 3229/2956/3 1791/2957/3 540/2958/3 2695/2959/3
f 3228/2960/3 2696/2961/3 379/2962/3 1140/2963/3
f 3227/2964/3 2697/2965/3 935/2966/3 2698/2967/3
f 3226/2968/3 1790/2969/3 539/2970/3 2699/2971/3
f 3225/2972/3 2700/2973/3 538/2974/3 1292/2975/3
f 3224/2976/3 2701/2977/3 936/2978/3 2702/2979/3
f 3223/2980/3 1685/2981/3 432/2982/3 2703/2983/3
f 3222/2984/3 2704/2985/3 537/2986/3 1291/2987/3
f 3221/2988/3 2705/2989/3 937/2990/3 2706/2991/3
f 3220/2992/3 1787/2993/3 536/2994/3 2707/2995/3
f 3219/2996/3 2708/2997/3 380/2998/3 1141/2999/3
f 3218/3000/3 2709/3001/3 938/3002/3 2710/3003/3
f 3217/3004/3 1786/3005/3 535/3006/3 2711/3007/3
f 3216/3008/2 2712/3009/2 426/3010/2 1679/3011/2
f 3215/3012/2 5762/3013/2 2713/3014/2 939/3015/2 2714/3016/2
f 3214/3017/2 5760/3018/2 1785/3019/2 534/3020/2 2715/3021/2
f 3213/3022/2 1682/3023/2 429/3024/2 2718/3025/2
f 3212/3026/1 2719/3027/1 532/3028/1 1287/3029/1
f 3211/3030/1 2720/3031/1 941/3032/1 2721/3033/1
f 3210/3034/1 1768/3035/1 517/3036/1 2722/3037/1
f 3209/3038/1 2723/3039/1 531/3040/1 1286/3041/1
f 3208/3042/1 2724/3043/1 942/3044/1 2725/3045/1
f 3207/3046/1 1781/3047/1 530/3048/1 2726/3049/1
f 3206/3050/1 2727/3051/1 429/3052/1 1682/3053/1
f 3205/3054/1 2728/3055/1 943/3056/1 2729/3057/1
f 3204/3058/1 1780/3059/1 529/3060/1 2730/3061/1
f 3203/3062/1 2731/3063/1 528/3064/1 1283/3065/1
f 3202/3066/1 2732/3067/1 944/3068/1 2733/3069/1
f 3201/3070/1 1769/3071/1 518/3072/1 2734/3073/1
f 3200/3074/1 2735/3075/1 527/3076/1 1282/3077/1
f 3199/3078/1 2736/3079/1 945/3080/1 2737/3081/1
f 3198/3082/1 1777/3083/1 526/3084/1 2738/3085/1
f 3197/3086/1 2739/3087/1 384/3088/1 1145/3089/1
f 3196/3090/1 2740/3091/1 946/3092/1 2741/3093/1
f 3195/3094/1 1776/3095/1 525/3096/1 2742/3097/1
f 3194/3098/8 2743/3099/8 524/3100/8 1279/3101/8
f 3193/3102/8 2744/3103/8 947/3104/8 2745/3105/8
f 3192/3106/1 1036/3107/1 275/3108/1 2746/3109/1
f 3191/3110/1 2747/3111/1 523/3112/1 1278/3113/1
f 3190/3114/1 2748/3115/1 948/3116/1 2749/3117/1
f 3189/3118/1 1773/3119/1 522/3120/1 2750/3121/1
f 3188/3122/1 2751/3123/1 385/3124/1 1146/3125/1
f 3187/3126/1 2752/3127/1 949/3128/1 2753/3129/1
f 3186/3130/1 1772/3131/1 521/3132/1 2754/3133/1
f 3185/3134/8 2755/3135/8 520/3136/8 1275/3137/8
f 3184/3138/8 2756/3139/8 950/3140/8 2757/3141/8
f 3183/3142/1 1168/3143/1 407/3144/1 2758/3145/1
f 3182/3146/1 2759/3147/1 519/3148/1 1274/3149/1
f 3181/3150/1 2760/3151/1 951/3152/1 2761/3153/1
f 3180/3154/1 1637/3155/1 383/3156/1 2762/3157/1
f 3179/3158/1 2763/3159/1 300/3160/1 1554/3161/1
f 3178/3162/1 2764/3163/1 952/3164/1 2765/3165/1
f 3177/3166/1 1636/3167/1 382/3168/1 2766/3169/1
f 3176/3170/2 1554/3171/2 300/3172/2 2769/3173/2
f 3175/3174/2 2770/3175/2 297/3176/2 1551/3177/2
f 3174/3178/2 5758/3179/2 2771/3180/2 954/3181/2 2772/3182/2
f 3173/3183/2 5756/3184/2 1635/3185/2 381/3186/2 2773/3187/2
f 3172/3188/3 2774/3189/3 515/3190/3 1271/3191/3
f 3171/3192/3 2775/3193/3 955/3194/3 2776/3195/3
f 3170/3196/3 1557/3197/3 303/3198/3 2777/3199/3
f 3169/3200/3 2778/3201/3 514/3202/3 1270/3203/3
f 3168/3204/3 2779/3205/3 956/3206/3 2780/3207/3
f 3167/3208/3 1632/3209/3 378/3210/3 2781/3211/3
f 3166/3212/3 2782/3213/3 403/3214/3 1164/3215/3
f 3165/3216/3 2783/3217/3 957/3218/3 2784/3219/3
f 3164/3220/3 1631/3221/3 377/3222/3 2785/3223/3
f 3163/3224/4 2786/3225/4 511/3226/4 1267/3227/4
f 3162/3228/4 2787/3229/4 958/3230/4 2788/3231/4
f 3161/3232/4 1555/3233/4 301/3234/4 2789/3235/4
f 3160/3236/4 2790/3237/4 510/3238/4 1266/3239/4
f 3159/3240/4 2791/3241/4 959/3242/4 2792/3243/4
f 3158/3244/4 1628/3245/4 374/3246/4 2793/3247/4
f 3157/3248/4 2794/3249/4 402/3250/4 1163/3251/4
f 3156/3252/4 2795/3253/4 960/3254/4 2796/3255/4
f 3155/3256/4 1627/3257/4 373/3258/4 2797/3259/4
f 3154/3260/5 1558/3261/5 304/3262/5 2800/3263/5
f 3153/3264/5 2801/3265/5 400/3266/5 1161/3267/5
f 3152/3268/9 5344/3269/9 2802/3270/9 962/3271/9 2803/3272/9
f 3151/3273/9 5342/3274/9 1626/3275/9 372/3276/9 2804/3277/9
f 3150/3278/5 2805/3279/5 388/3280/5 1149/3281/5
f 3149/3282/9 5340/3283/9 2806/3284/9 963/3285/9 2807/3286/9
f 3148/3287/9 5338/3288/9 1624/3289/9 370/3290/9 2808/3291/9
f 3147/3292/5 1570/3293/5 316/3294/5 2811/3295/5
f 3146/3296/4 2812/3297/4 503/3298/4 1261/3299/4
f 3145/3300/4 2813/3301/4 965/3302/4 2814/3303/4
f 3144/3304/4 1572/3305/4 318/3306/4 2815/3307/4
f 3143/3308/4 2816/3309/4 502/3310/4 1260/3311/4
f 3142/3312/4 2817/3313/4 966/3314/4 2818/3315/4
f 3141/3316/4 1620/3317/4 366/3318/4 2819/3319/4
f 3140/3320/4 2820/3321/4 390/3322/4 1151/3323/4
f 3139/3324/4 2821/3325/4 967/3326/4 2822/3327/4
f 3138/3328/4 1619/3329/4 365/3330/4 2823/3331/4
f 3137/3332/4 2824/3333/4 499/3334/4 1257/3335/4
f 3136/3336/4 2825/3337/4 968/3338/4 2826/3339/4
f 3135/3340/4 1573/3341/4 319/3342/4 2827/3343/4
f 3134/3344/4 2828/3345/4 498/3346/4 1256/3347/4
f 3133/3348/4 2829/3349/4 969/3350/4 2830/3351/4
f 3132/3352/4 1616/3353/4 362/3354/4 2831/3355/4
f 3131/3356/4 2832/3357/4 412/3358/4 1173/3359/4
f 3130/3360/4 2833/3361/4 970/3362/4 2834/3363/4
f 3129/3364/4 1615/3365/4 361/3366/4 2835/3367/4
f 3128/3368/4 2836/3369/4 495/3370/4 1253/3371/4
f 3127/3372/4 2837/3373/4 971/3374/4 2838/3375/4
f 3126/3376/4 1567/3377/4 313/3378/4 2839/3379/4
f 3125/3380/4 2840/3381/4 494/3382/4 1252/3383/4
f 3124/3384/4 2841/3385/4 972/3386/4 2842/3387/4
f 3123/3388/4 1612/3389/4 358/3390/4 2843/3391/4
f 3122/3392/4 2844/3393/4 413/3394/4 1174/3395/4
f 3121/3396/4 2845/3397/4 973/3398/4 2846/3399/4
f 3120/3400/4 1611/3401/4 357/3402/4 2847/3403/4
f 3119/3404/3 2848/3405/3 491/3406/3 1249/3407/3
f 3118/3408/3 2849/3409/3 974/3410/3 2850/3411/3
f 3117/3412/3 1576/3413/3 322/3414/3 2851/3415/3
f 3116/3416/3 2852/3417/3 490/3418/3 1248/3419/3
f 3115/3420/3 2853/3421/3 975/3422/3 2854/3423/3
f 3114/3424/3 1608/3425/3 354/3426/3 2855/3427/3
f 3113/3428/3 2856/3429/3 391/3430/3 1152/3431/3
f 3112/3432/3 2857/3433/3 976/3434/3 2858/3435/3
f 3111/3436/3 1607/3437/3 353/3438/3 2859/3439/3
f 3110/3440/3 2860/3441/3 487/3442/3 1245/3443/3
f 3109/3444/3 2861/3445/3 977/3446/3 2862/3447/3
f 3108/3448/3 1577/3449/3 323/3450/3 2863/3451/3
f 3107/3452/3 2864/3453/3 486/3454/3 1244/3455/3
f 3106/3456/3 2865/3457/3 978/3458/3 2866/3459/3
f 3105/3460/3 1604/3461/3 350/3462/3 2867/3463/3
f 3104/3464/3 2868/3465/3 416/3466/3 1177/3467/3
f 3103/3468/3 2869/3469/3 979/3470/3 2870/3471/3
f 3102/3472/3 1603/3473/3 349/3474/3 2871/3475/3
f 3101/3476/3 2872/3477/3 483/3478/3 1241/3479/3
f 3100/3480/3 2873/3481/3 980/3482/3 2874/3483/3
f 3099/3484/3 1569/3485/3 315/3486/3 2875/3487/3
f 3098/3488/3 2876/3489/3 482/3490/3 1240/3491/3
f 3097/3492/3 2877/3493/3 981/3494/3 2878/3495/3
f 3096/3496/3 1600/3497/3 346/3498/3 2879/3499/3
f 3095/3500/3 2880/3501/3 417/3502/3 1178/3503/3
f 3094/3504/3 2881/3505/3 982/3506/3 2882/3507/3
f 3093/3508/3 1599/3509/3 345/3510/3 2883/3511/3
f 3092/3512/2 2884/3513/2 5711/3514/2 479/3515/2 1237/3516/2
f 3091/3517/2 2885/3518/2 5712/3519/2 983/3520/2 2886/3521/2
f 3090/3522/2 2887/3523/2 309/3524/2 1563/3525/2
f 3089/3526/2 2888/3527/2 984/3528/2 2889/3529/2
f 3088/3530/2 5754/3531/2 1597/3532/2 343/3533/2 2890/3534/2
f 3087/3535/2 2891/3536/2 5713/3537/2 478/3538/2 1236/3539/2
f 3086/3540/2 2892/3541/2 5714/3542/2 985/3543/2 2893/3544/2
f 3085/3545/2 2894/3546/2 5715/3547/2 418/3548/2 1179/3549/2
f 3084/3550/2 2895/3551/2 5716/3552/2 986/3553/2 2896/3554/2
f 3083/3555/2 1566/3556/2 312/3557/2 2899/3558/2
f 3082/3559/1 2900/3560/1 474/3561/1 1233/3562/1
f 3081/3563/1 2901/3564/1 988/3565/1 2902/3566/1
f 3080/3567/1 1580/3568/1 326/3569/1 2903/3570/1
f 3079/3571/1 2904/3572/1 473/3573/1 1232/3574/1
f 3078/3575/1 2905/3576/1 989/3577/1 2906/3578/1
f 3077/3579/1 1593/3580/1 339/3581/1 2907/3582/1
f 3076/3583/1 2908/3584/1 312/3585/1 1566/3586/1
f 3075/3587/1 2909/3588/1 990/3589/1 2910/3590/1
f 3074/3591/1 1592/3592/1 338/3593/1 2911/3594/1
f 3073/3595/1 2912/3596/1 470/3597/1 1229/3598/1
f 3072/3599/1 2913/3600/1 991/3601/1 2914/3602/1
f 3071/3603/1 1581/3604/1 327/3605/1 2915/3606/1
f 3070/3607/1 2916/3608/1 469/3609/1 1228/3610/1
f 3069/3611/1 2917/3612/1 992/3613/1 2918/3614/1
f 3068/3615/1 1589/3616/1 335/3617/1 2919/3618/1
f 3067/3619/1 2920/3620/1 421/3621/1 1182/3622/1
f 3066/3623/1 2921/3624/1 993/3625/1 2922/3626/1
f 3065/3627/1 1588/3628/1 334/3629/1 2923/3630/1
f 3064/3631/8 2924/3632/8 466/3633/8 1225/3634/8
f 3063/3635/8 2925/3636/8 994/3637/8 2926/3638/8
f 3062/3639/1 1156/3640/1 395/3641/1 2927/3642/1
f 3061/3643/1 2928/3644/1 465/3645/1 1224/3646/1
f 3060/3647/1 2929/3648/1 995/3649/1 2930/3650/1
f 3059/3651/1 1585/3652/1 331/3653/1 2931/3654/1
f 3058/3655/1 2932/3656/1 422/3657/1 1183/3658/1
f 3057/3659/1 2933/3660/1 996/3661/1 2934/3662/1
f 3056/3663/1 1584/3664/1 330/3665/1 2935/3666/1
f 3055/3667/8 2936/3668/8 462/3669/8 1221/3670/8
f 3054/3671/8 2937/3672/8 997/3673/8 2938/3674/8
f 3053/3675/1 1193/3676/1 432/3677/1 2939/3678/1
f 3052/3679/1 2940/3680/1 461/3681/1 1220/3682/1
f 3051/3683/1 2941/3684/1 998/3685/1 2942/3686/1
f 3050/3687/1 1545/3688/1 291/3689/1 2943/3690/1
f 3049/3691/1 2944/3692/1 272/3693/1 1526/3694/1
f 3048/3695/1 2945/3696/1 999/3697/1 2946/3698/1
f 3047/3699/1 1544/3700/1 290/3701/1 2947/3702/1
f 3046/3703/2 1526/3704/2 272/3705/2 2950/3706/2
f 3045/3707/2 2951/3708/2 269/3709/2 1523/3710/2
f 3044/3711/2 5752/3712/2 2952/3713/2 1001/3714/2 2953/3715/2
f 3043/3716/2 5750/3717/2 1542/3718/2 288/3719/2 2954/3720/2
f 3042/3721/3 2955/3722/3 456/3723/3 1216/3724/3
f 3041/3725/3 2956/3726/3 1002/3727/3 2957/3728/3
f 3040/3729/3 1529/3730/3 275/3731/3 2958/3732/3
f 3039/3733/3 2959/3734/3 455/3735/3 1215/3736/3
f 3038/3737/3 2960/3738/3 1003/3739/3 2961/3740/3
f 3037/3741/3 1539/3742/3 285/3743/3 2962/3744/3
f 3036/3745/3 2963/3746/3 428/3747/3 1189/3748/3
f 3035/3749/3 2964/3750/3 1004/3751/3 2965/3752/3
f 3034/3753/3 1538/3754/3 284/3755/3 2966/3756/3
f 3033/3757/4 2967/3758/4 452/3759/4 1212/3760/4
f 3032/3761/4 2968/3762/4 1005/3763/4 2969/3764/4
f 3031/3765/4 1527/3766/4 273/3767/4 2970/3768/4
f 3030/3769/4 2971/3770/4 451/3771/4 1211/3772/4
f 3029/3773/4 2972/3774/4 1006/3775/4 2973/3776/4
f 3028/3777/4 1535/3778/4 281/3779/4 2974/3780/4
f 3027/3781/4 2975/3782/4 427/3783/4 1188/3784/4
f 3026/3785/4 2976/3786/4 1007/3787/4 2977/3788/4
f 3025/3789/4 1534/3790/4 280/3791/4 2978/3792/4
f 3024/3793/5 1530/3794/5 276/3795/5 2981/3796/5
f 3023/3797/5 2982/3798/5 425/3799/5 1186/3800/5
f 3022/3801/9 5336/3802/9 2983/3803/9 1009/3804/9 2984/3805/9
f 3021/3806/9 5334/3807/9 1532/3808/9 278/3809/9 2985/3810/9
f 3020/3811/5 2986/3812/5 437/3813/5 1198/3814/5
f 3019/3815/9 5332/3816/9 2987/3817/9 1010/3818/9 2988/3819/9
f 3018/3820/5 1518/3821/5 264/3822/5 2989/3823/5
f 3017/3824/4 2990/3825/4 439/3826/4 1200/3827/4
f 3016/3828/4 2991/3829/4 1011/3830/4 2992/3831/4
f 3015/3832/4 1515/3833/4 261/3834/4 2993/3835/4
f 3014/3836/3 2994/3837/3 440/3838/3 1201/3839/3
f 3013/3840/3 2995/3841/3 1012/3842/3 2996/3843/3
f 3012/3844/3 1517/3845/3 263/3846/3 2997/3847/3
f 3011/3848/2 2998/3849/2 257/3850/2 1511/3851/2
f 3010/3852/2 5748/3853/2 2999/3854/2 1013/3855/2 3000/3856/2
f 3009/3857/2 1514/3858/2 260/3859/2 3001/3860/2
f 3008/3861/8 3002/3862/8 260/3863/8 1514/3864/8
f 3007/3865/8 3003/3866/8 1014/3867/8 3004/3868/8
f 3006/3869/1 1205/3870/1 444/3871/1 3005/3872/1
f 3003/3866/1 3006/3869/1 3005/3872/1 1014/3867/1
f 760/954/1 2007/951/1 3006/3869/1 3003/3866/1
f 2007/951/1 131/950/1 1205/3870/1 3006/3869/1
f 2004/985/1 3007/3865/1 3004/3868/1 757/986/1
f 253/946/1 1507/955/1 3007/3865/1 2004/985/1
f 1507/955/8 760/954/8 3003/3866/8 3007/3865/8
f 1504/941/1 3008/3861/1 1514/3864/1 78/942/1
f 757/986/1 3004/3868/1 3008/3861/1 1504/941/1
f 3004/3868/8 1014/3867/8 3002/3862/8 3008/3861/8
f 2999/3854/2 3009/3857/2 3001/3860/2 1013/3855/2
f 756/3873/2 2003/939/2 3009/3857/2 2999/3854/2 5746/3874/2
f 2003/939/2 78/938/2 1514/3858/2 3009/3857/2
f 2002/1003/2 5747/3875/2 3010/3852/2 3000/3856/2 755/1004/2
f 1503/933/2 3011/3848/2 1511/3851/2 75/934/2
f 755/1004/2 3000/3856/2 3011/3848/2 1503/933/2
f 3000/3856/2 1013/3855/2 2998/3849/2 3011/3848/2
f 2995/3841/3 3012/3844/3 2997/3847/3 1012/3842/3
f 754/1008/3 2001/931/3 3012/3844/3 2995/3841/3
f 2001/931/3 81/930/3 1517/3845/3 3012/3844/3
f 1998/1039/3 3013/3840/3 2996/3843/3 751/1040/3
f 252/926/3 1502/1009/3 3013/3840/3 1998/1039/3
f 1502/1009/3 754/1008/3 2995/3841/3 3013/3840/3
f 1499/921/3 3014/3836/3 1201/3839/3 127/922/3
f 751/1040/3 2996/3843/3 3014/3836/3 1499/921/3
f 2996/3843/3 1012/3842/3 2994/3837/3 3014/3836/3
f 2991/3829/4 3015/3832/4 2993/3835/4 1011/3830/4
f 750/1044/4 1997/919/4 3015/3832/4 2991/3829/4
f 1997/919/4 79/918/4 1515/3833/4 3015/3832/4
f 1994/1075/4 3016/3828/4 2992/3831/4 747/1076/4
f 251/914/4 1498/1045/4 3016/3828/4 1994/1075/4
f 1498/1045/4 750/1044/4 2991/3829/4 3016/3828/4
f 1495/909/4 3017/3824/4 1200/3827/4 126/910/4
f 747/1076/4 2992/3831/4 3017/3824/4 1495/909/4
f 2992/3831/4 1011/3830/4 2990/3825/4 3017/3824/4
f 2987/3817/5 3018/3820/5 2989/3823/5 1010/3818/5
f 746/3876/14 1993/907/14 3018/3820/14 2987/3817/14 5330/3877/14
f 1993/907/5 82/906/5 1518/3821/5 3018/3820/5
f 1992/1093/9 5331/3878/9 3019/3815/9 2988/3819/9 745/1094/9
f 1494/901/5 3020/3811/5 1198/3814/5 124/902/5
f 745/1094/5 2988/3819/5 3020/3811/5 1494/901/5
f 2988/3819/5 1010/3818/5 2986/3812/5 3020/3811/5
f 2983/3803/9 5333/3879/9 3021/3806/9 2985/3810/9 1009/3804/9
f 1991/1107/9 5335/3880/9 3022/3801/9 2984/3805/9 744/1108/9
f 1493/897/5 3023/3797/5 1186/3800/5 112/898/5
f 744/1108/5 2984/3805/5 3023/3797/5 1493/897/5
f 2984/3805/5 1009/3804/5 2982/3798/5 3023/3797/5
f 2980/3881/14 3024/3793/14 2981/3796/14 1008/3882/14 5304/3883/14
f 743/3884/14 1990/895/14 3024/3793/14 2980/3881/14 5329/3885/14
f 1990/895/5 94/894/5 1530/3794/5 3024/3793/5
f 2976/3786/4 3025/3789/4 2978/3792/4 1007/3787/4
f 742/1116/4 1989/891/4 3025/3789/4 2976/3786/4
f 1989/891/4 97/890/4 1534/3790/4 3025/3789/4
f 1986/1147/4 3026/3785/4 2977/3788/4 739/1148/4
f 250/886/4 1492/1117/4 3026/3785/4 1986/1147/4
f 1492/1117/4 742/1116/4 2976/3786/4 3026/3785/4
f 1489/881/4 3027/3781/4 1188/3784/4 114/882/4
f 739/1148/4 2977/3788/4 3027/3781/4 1489/881/4
f 2977/3788/4 1007/3787/4 2975/3782/4 3027/3781/4
f 2972/3774/4 3028/3777/4 2974/3780/4 1006/3775/4
f 738/1152/4 1985/879/4 3028/3777/4 2972/3774/4
f 1985/879/4 98/878/4 1535/3778/4 3028/3777/4
f 1982/1183/4 3029/3773/4 2973/3776/4 735/1184/4
f 249/874/4 1488/1153/4 3029/3773/4 1982/1183/4
f 1488/1153/4 738/1152/4 2972/3774/4 3029/3773/4
f 1485/869/4 3030/3769/4 1211/3772/4 136/870/4
f 735/1184/4 2973/3776/4 3030/3769/4 1485/869/4
f 2973/3776/4 1006/3775/4 2971/3770/4 3030/3769/4
f 2968/3762/4 3031/3765/4 2970/3768/4 1005/3763/4
f 734/1188/4 1981/867/4 3031/3765/4 2968/3762/4
f 1981/867/4 91/866/4 1527/3766/4 3031/3765/4
f 1978/1219/4 3032/3761/4 2969/3764/4 731/1220/4
f 248/862/4 1484/1189/4 3032/3761/4 1978/1219/4
f 1484/1189/4 734/1188/4 2968/3762/4 3032/3761/4
f 1481/857/4 3033/3757/4 1212/3760/4 137/858/4
f 731/1220/4 2969/3764/4 3033/3757/4 1481/857/4
f 2969/3764/4 1005/3763/4 2967/3758/4 3033/3757/4
f 2964/3750/3 3034/3753/3 2966/3756/3 1004/3751/3
f 730/1224/3 1977/855/3 3034/3753/3 2964/3750/3
f 1977/855/3 101/854/3 1538/3754/3 3034/3753/3
f 1974/1255/3 3035/3749/3 2965/3752/3 727/1256/3
f 247/850/3 1480/1225/3 3035/3749/3 1974/1255/3
f 1480/1225/3 730/1224/3 2964/3750/3 3035/3749/3
f 1477/845/3 3036/3745/3 1189/3748/3 115/846/3
f 727/1256/3 2965/3752/3 3036/3745/3 1477/845/3
f 2965/3752/3 1004/3751/3 2963/3746/3 3036/3745/3
f 2960/3738/3 3037/3741/3 2962/3744/3 1003/3739/3
f 726/1260/3 1973/843/3 3037/3741/3 2960/3738/3
f 1973/843/3 102/842/3 1539/3742/3 3037/3741/3
f 1970/1291/3 3038/3737/3 2961/3740/3 723/1292/3
f 246/838/3 1476/1261/3 3038/3737/3 1970/1291/3
f 1476/1261/3 726/1260/3 2960/3738/3 3038/3737/3
f 1473/833/3 3039/3733/3 1215/3736/3 140/834/3
f 723/1292/3 2961/3740/3 3039/3733/3 1473/833/3
f 2961/3740/3 1003/3739/3 2959/3734/3 3039/3733/3
f 2956/3726/3 3040/3729/3 2958/3732/3 1002/3727/3
f 722/1296/3 1969/831/3 3040/3729/3 2956/3726/3
f 1969/831/3 93/830/3 1529/3730/3 3040/3729/3
f 1966/1327/3 3041/3725/3 2957/3728/3 719/1328/3
f 245/826/3 1472/1297/3 3041/3725/3 1966/1327/3
f 1472/1297/3 722/1296/3 2956/3726/3 3041/3725/3
f 1469/821/3 3042/3721/3 1216/3724/3 141/822/3
f 719/1328/3 2957/3728/3 3042/3721/3 1469/821/3
f 2957/3728/3 1002/3727/3 2955/3722/3 3042/3721/3
f 2952/3713/2 5749/3886/2 3043/3716/2 2954/3720/2 1001/3714/2
f 1965/1341/2 5751/3887/2 3044/3711/2 2953/3715/2 718/1342/2
f 1468/817/2 3045/3707/2 1523/3710/2 87/818/2
f 718/1342/2 2953/3715/2 3045/3707/2 1468/817/2
f 2953/3715/2 1001/3714/2 2951/3708/2 3045/3707/2
f 2949/3888/2 3046/3703/2 2950/3706/2 1000/3889/2 5720/3890/2
f 717/3891/2 1964/815/2 3046/3703/2 2949/3888/2 5745/3892/2
f 1964/815/2 90/814/2 1526/3704/2 3046/3703/2
f 2945/3696/1 3047/3699/1 2947/3702/1 999/3697/1
f 716/1350/1 1963/811/1 3047/3699/1 2945/3696/1
f 1963/811/1 106/810/1 1544/3700/1 3047/3699/1
f 1960/1381/1 3048/3695/1 2946/3698/1 713/1382/1
f 244/806/1 1467/1351/1 3048/3695/1 1960/1381/1
f 1467/1351/1 716/1350/1 2945/3696/1 3048/3695/1
f 1464/801/1 3049/3691/1 1526/3694/1 90/802/1
f 713/1382/1 2946/3698/1 3049/3691/1 1464/801/1
f 2946/3698/1 999/3697/1 2944/3692/1 3049/3691/1
f 2941/3684/1 3050/3687/1 2943/3690/1 998/3685/1
f 712/1386/1 1959/799/1 3050/3687/1 2941/3684/1
f 1959/799/1 107/798/1 1545/3688/1 3050/3687/1
f 1956/1417/1 3051/3683/1 2942/3686/1 709/1418/1
f 243/794/1 1463/1387/1 3051/3683/1 1956/1417/1
f 1463/1387/1 712/1386/1 2941/3684/1 3051/3683/1
f 1460/789/1 3052/3679/1 1220/3682/1 144/790/1
f 709/1418/1 2942/3686/1 3052/3679/1 1460/789/1
f 2942/3686/1 998/3685/1 2940/3680/1 3052/3679/1
f 2937/3672/1 3053/3675/1 2939/3678/1 997/3673/1
f 708/1422/1 1955/787/1 3053/3675/1 2937/3672/1
f 1955/787/1 119/786/1 1193/3676/1 3053/3675/1
f 1952/1453/1 3054/3671/1 2938/3674/1 705/1454/1
f 242/782/1 1459/1423/1 3054/3671/1 1952/1453/1
f 1459/1423/8 708/1422/8 2937/3672/8 3054/3671/8
f 1456/777/1 3055/3667/1 1221/3670/1 145/778/1
f 705/1454/1 2938/3674/1 3055/3667/1 1456/777/1
f 2938/3674/8 997/3673/8 2936/3668/8 3055/3667/8
f 2933/3660/1 3056/3663/1 2935/3666/1 996/3661/1
f 704/1458/1 1951/775/1 3056/3663/1 2933/3660/1
f 1951/775/1 146/774/1 1584/3664/1 3056/3663/1
f 1948/1489/1 3057/3659/1 2934/3662/1 701/1490/1
f 241/770/1 1455/1459/1 3057/3659/1 1948/1489/1
f 1455/1459/1 704/1458/1 2933/3660/1 3057/3659/1
f 1452/765/1 3058/3655/1 1183/3658/1 109/766/1
f 701/1490/1 2934/3662/1 3058/3655/1 1452/765/1
f 2934/3662/1 996/3661/1 2932/3656/1 3058/3655/1
f 2929/3648/1 3059/3651/1 2931/3654/1 995/3649/1
f 700/1494/1 1947/763/1 3059/3651/1 2929/3648/1
f 1947/763/1 147/762/1 1585/3652/1 3059/3651/1
f 1944/1525/1 3060/3647/1 2930/3650/1 697/1526/1
f 240/758/1 1451/1495/1 3060/3647/1 1944/1525/1
f 1451/1495/1 700/1494/1 2929/3648/1 3060/3647/1
f 1448/753/1 3061/3643/1 1224/3646/1 148/754/1
f 697/1526/1 2930/3650/1 3061/3643/1 1448/753/1
f 2930/3650/1 995/3649/1 2928/3644/1 3061/3643/1
f 2925/3636/1 3062/3639/1 2927/3642/1 994/3637/1
f 696/1530/1 1943/751/1 3062/3639/1 2925/3636/1
f 1943/751/1 81/750/1 1156/3640/1 3062/3639/1
f 1940/1561/1 3063/3635/1 2926/3638/1 693/1562/1
f 239/746/1 1447/1531/1 3063/3635/1 1940/1561/1
f 1447/1531/8 696/1530/8 2925/3636/8 3063/3635/8
f 1444/741/1 3064/3631/1 1225/3634/1 149/742/1
f 693/1562/1 2926/3638/1 3064/3631/1 1444/741/1
f 2926/3638/8 994/3637/8 2924/3632/8 3064/3631/8
f 2921/3624/1 3065/3627/1 2923/3630/1 993/3625/1
f 692/1566/1 1939/739/1 3065/3627/1 2921/3624/1
f 1939/739/1 150/738/1 1588/3628/1 3065/3627/1
f 1936/1597/1 3066/3623/1 2922/3626/1 689/1598/1
f 238/734/1 1443/1567/1 3066/3623/1 1936/1597/1
f 1443/1567/1 692/1566/1 2921/3624/1 3066/3623/1
f 1440/729/1 3067/3619/1 1182/3622/1 108/730/1
f 689/1598/1 2922/3626/1 3067/3619/1 1440/729/1
f 2922/3626/1 993/3625/1 2920/3620/1 3067/3619/1
f 2917/3612/1 3068/3615/1 2919/3618/1 992/3613/1
f 688/1602/1 1935/727/1 3068/3615/1 2917/3612/1
f 1935/727/1 151/726/1 1589/3616/1 3068/3615/1
f 1932/1633/1 3069/3611/1 2918/3614/1 685/1634/1
f 237/722/1 1439/1603/1 3069/3611/1 1932/1633/1
f 1439/1603/1 688/1602/1 2917/3612/1 3069/3611/1
f 1436/717/1 3070/3607/1 1228/3610/1 152/718/1
f 685/1634/1 2918/3614/1 3070/3607/1 1436/717/1
f 2918/3614/1 992/3613/1 2916/3608/1 3070/3607/1
f 2913/3600/1 3071/3603/1 2915/3606/1 991/3601/1
f 684/1638/1 1931/715/1 3071/3603/1 2913/3600/1
f 1931/715/1 143/714/1 1581/3604/1 3071/3603/1
f 1928/1669/1 3072/3599/1 2914/3602/1 681/1670/1
f 236/710/1 1435/1639/1 3072/3599/1 1928/1669/1
f 1435/1639/1 684/1638/1 2913/3600/1 3072/3599/1
f 1432/705/1 3073/3595/1 1229/3598/1 153/706/1
f 681/1670/1 2914/3602/1 3073/3595/1 1432/705/1
f 2914/3602/1 991/3601/1 2912/3596/1 3073/3595/1
f 2909/3588/1 3074/3591/1 2911/3594/1 990/3589/1
f 680/1674/1 1927/703/1 3074/3591/1 2909/3588/1
f 1927/703/1 154/702/1 1592/3592/1 3074/3591/1
f 1924/1705/1 3075/3587/1 2910/3590/1 677/1706/1
f 235/698/1 1431/1675/1 3075/3587/1 1924/1705/1
f 1431/1675/1 680/1674/1 2909/3588/1 3075/3587/1
f 1428/693/1 3076/3583/1 1566/3586/1 128/694/1
f 677/1706/1 2910/3590/1 3076/3583/1 1428/693/1
f 2910/3590/1 990/3589/1 2908/3584/1 3076/3583/1
f 2905/3576/1 3077/3579/1 2907/3582/1 989/3577/1
f 676/1710/1 1923/691/1 3077/3579/1 2905/3576/1
f 1923/691/1 155/690/1 1593/3580/1 3077/3579/1
f 1920/1741/1 3078/3575/1 2906/3578/1 673/1742/1
f 234/686/1 1427/1711/1 3078/3575/1 1920/1741/1
f 1427/1711/1 676/1710/1 2905/3576/1 3078/3575/1
f 1424/681/1 3079/3571/1 1232/3574/1 156/682/1
f 673/1742/1 2906/3578/1 3079/3571/1 1424/681/1
f 2906/3578/1 989/3577/1 2904/3572/1 3079/3571/1
f 2901/3564/1 3080/3567/1 2903/3570/1 988/3565/1
f 672/1746/1 1919/679/1 3080/3567/1 2901/3564/1
f 1919/679/1 142/678/1 1580/3568/1 3080/3567/1
f 1916/1777/1 3081/3563/1 2902/3566/1 669/1778/1
f 233/674/1 1423/1747/1 3081/3563/1 1916/1777/1
f 1423/1747/1 672/1746/1 2901/3564/1 3081/3563/1
f 1420/669/1 3082/3559/1 1233/3562/1 157/670/1
f 669/1778/1 2902/3566/1 3082/3559/1 1420/669/1
f 2902/3566/1 988/3565/1 2900/3560/1 3082/3559/1
f 2898/3893/2 3083/3555/2 2899/3558/2 987/3894/2 5718/3895/2
f 667/3896/2 1914/667/2 3083/3555/2 2898/3893/2 5743/3897/2
f 1914/667/2 128/666/2 1566/3556/2 3083/3555/2
f 1910/1843/2 3084/3550/2 2896/3554/2 662/1844/2
f 232/662/2 1417/1816/2 3084/3550/2 1910/1843/2
f 1417/1816/2 665/1815/2 5741/3898/2 2895/3551/2 3084/3550/2
f 1414/657/2 3085/3545/2 1179/3549/2 105/658/2
f 662/1844/2 2896/3554/2 3085/3545/2 1414/657/2
f 2896/3554/2 986/3553/2 5740/3899/2 2894/3546/2 3085/3545/2
f 1907/1880/2 3086/3540/2 2893/3544/2 658/1881/2
f 231/654/2 1413/1850/2 3086/3540/2 1907/1880/2
f 1413/1850/2 661/1849/2 5739/3900/2 2892/3541/2 3086/3540/2
f 1410/649/2 3087/3535/2 1236/3539/2 158/650/2
f 658/1881/2 2893/3544/2 3087/3535/2 1410/649/2
f 2893/3544/2 985/3543/2 5738/3901/2 2891/3536/2 3087/3535/2
f 2888/3527/2 5753/3902/2 3088/3530/2 2890/3534/2 984/3528/2
f 1903/1930/2 3089/3526/2 2889/3529/2 653/1931/2
f 230/646/2 1408/1903/2 3089/3526/2 1903/1930/2
f 1408/1903/2 656/1902/2 5737/3903/2 2888/3527/2 3089/3526/2
f 1405/641/2 3090/3522/2 1563/3525/2 125/642/2
f 653/1931/2 2889/3529/2 3090/3522/2 1405/641/2
f 2889/3529/2 984/3528/2 2887/3523/2 3090/3522/2
f 1900/1964/2 3091/3517/2 2886/3521/2 649/1965/2
f 229/638/2 1404/1937/2 3091/3517/2 1900/1964/2
f 1404/1937/2 652/1936/2 5736/3904/2 2885/3518/2 3091/3517/2
f 1401/633/2 3092/3512/2 1237/3516/2 159/634/2
f 649/1965/2 2886/3521/2 3092/3512/2 1401/633/2
f 2886/3521/2 983/3520/2 5735/3905/2 2884/3513/2 3092/3512/2
f 2881/3505/3 3093/3508/3 2883/3511/3 982/3506/3
f 648/1969/3 1899/631/3 3093/3508/3 2881/3505/3
f 1899/631/3 160/630/3 1599/3509/3 3093/3508/3
f 1896/2000/3 3094/3504/3 2882/3507/3 645/2001/3
f 228/626/3 1400/1970/3 3094/3504/3 1896/2000/3
f 1400/1970/3 648/1969/3 2881/3505/3 3094/3504/3
f 1397/621/3 3095/3500/3 1178/3503/3 104/622/3
f 645/2001/3 2882/3507/3 3095/3500/3 1397/621/3
f 2882/3507/3 982/3506/3 2880/3501/3 3095/3500/3
f 2877/3493/3 3096/3496/3 2879/3499/3 981/3494/3
f 644/2005/3 1895/619/3 3096/3496/3 2877/3493/3
f 1895/619/3 161/618/3 1600/3497/3 3096/3496/3
f 1892/2036/3 3097/3492/3 2878/3495/3 641/2037/3
f 227/614/3 1396/2006/3 3097/3492/3 1892/2036/3
f 1396/2006/3 644/2005/3 2877/3493/3 3097/3492/3
f 1393/609/3 3098/3488/3 1240/3491/3 162/610/3
f 641/2037/3 2878/3495/3 3098/3488/3 1393/609/3
f 2878/3495/3 981/3494/3 2876/3489/3 3098/3488/3
f 2873/3481/3 3099/3484/3 2875/3487/3 980/3482/3
f 640/2041/3 1891/607/3 3099/3484/3 2873/3481/3
f 1891/607/3 131/606/3 1569/3485/3 3099/3484/3
f 1888/2072/3 3100/3480/3 2874/3483/3 637/2073/3
f 226/602/3 1392/2042/3 3100/3480/3 1888/2072/3
f 1392/2042/3 640/2041/3 2873/3481/3 3100/3480/3
f 1389/597/3 3101/3476/3 1241/3479/3 163/598/3
f 637/2073/3 2874/3483/3 3101/3476/3 1389/597/3
f 2874/3483/3 980/3482/3 2872/3477/3 3101/3476/3
f 2869/3469/3 3102/3472/3 2871/3475/3 979/3470/3
f 636/2077/3 1887/595/3 3102/3472/3 2869/3469/3
f 1887/595/3 164/594/3 1603/3473/3 3102/3472/3
f 1884/2108/3 3103/3468/3 2870/3471/3 633/2109/3
f 225/590/3 1388/2078/3 3103/3468/3 1884/2108/3
f 1388/2078/3 636/2077/3 2869/3469/3 3103/3468/3
f 1385/585/3 3104/3464/3 1177/3467/3 103/586/3
f 633/2109/3 2870/3471/3 3104/3464/3 1385/585/3
f 2870/3471/3 979/3470/3 2868/3465/3 3104/3464/3
f 2865/3457/3 3105/3460/3 2867/3463/3 978/3458/3
f 632/2113/3 1883/583/3 3105/3460/3 2865/3457/3
f 1883/583/3 165/582/3 1604/3461/3 3105/3460/3
f 1880/2144/3 3106/3456/3 2866/3459/3 629/2145/3
f 224/578/3 1384/2114/3 3106/3456/3 1880/2144/3
f 1384/2114/3 632/2113/3 2865/3457/3 3106/3456/3
f 1381/573/3 3107/3452/3 1244/3455/3 166/574/3
f 629/2145/3 2866/3459/3 3107/3452/3 1381/573/3
f 2866/3459/3 978/3458/3 2864/3453/3 3107/3452/3
f 2861/3445/3 3108/3448/3 2863/3451/3 977/3446/3
f 628/2149/3 1879/571/3 3108/3448/3 2861/3445/3
f 1879/571/3 139/570/3 1577/3449/3 3108/3448/3
f 1876/2180/3 3109/3444/3 2862/3447/3 625/2181/3
f 223/566/3 1380/2150/3 3109/3444/3 1876/2180/3
f 1380/2150/3 628/2149/3 2861/3445/3 3109/3444/3
f 1377/561/3 3110/3440/3 1245/3443/3 167/562/3
f 625/2181/3 2862/3447/3 3110/3440/3 1377/561/3
f 2862/3447/3 977/3446/3 2860/3441/3 3110/3440/3
f 2857/3433/3 3111/3436/3 2859/3439/3 976/3434/3
f 624/2185/3 1875/559/3 3111/3436/3 2857/3433/3
f 1875/559/3 168/558/3 1607/3437/3 3111/3436/3
f 1872/2217/3 3112/3432/3 2858/3435/3 621/2218/3
f 222/554/3 1376/2186/3 3112/3432/3 1872/2217/3
f 1376/2186/3 624/2185/3 2857/3433/3 3112/3432/3
f 1373/549/3 3113/3428/3 1152/3431/3 77/550/3
f 621/2218/3 2858/3435/3 3113/3428/3 1373/549/3
f 2858/3435/3 976/3434/3 2856/3429/3 3113/3428/3
f 2853/3421/3 3114/3424/3 2855/3427/3 975/3422/3
f 620/2222/3 1871/547/3 3114/3424/3 2853/3421/3
f 1871/547/3 169/546/3 1608/3425/3 3114/3424/3
f 1868/2253/3 3115/3420/3 2854/3423/3 617/2254/3
f 221/542/3 1372/2223/3 3115/3420/3 1868/2253/3
f 1372/2223/3 620/2222/3 2853/3421/3 3115/3420/3
f 1369/537/3 3116/3416/3 1248/3419/3 170/538/3
f 617/2254/3 2854/3423/3 3116/3416/3 1369/537/3
f 2854/3423/3 975/3422/3 2852/3417/3 3116/3416/3
f 2849/3409/3 3117/3412/3 2851/3415/3 974/3410/3
f 616/2258/3 1867/535/3 3117/3412/3 2849/3409/3
f 1867/535/3 138/534/3 1576/3413/3 3117/3412/3
f 1864/2289/3 3118/3408/3 2850/3411/3 613/2290/3
f 220/530/3 1368/2259/3 3118/3408/3 1864/2289/3
f 1368/2259/3 616/2258/3 2849/3409/3 3118/3408/3
f 1365/525/3 3119/3404/3 1249/3407/3 171/526/3
f 613/2290/3 2850/3411/3 3119/3404/3 1365/525/3
f 2850/3411/3 974/3410/3 2848/3405/3 3119/3404/3
f 2845/3397/4 3120/3400/4 2847/3403/4 973/3398/4
f 612/2294/4 1863/523/4 3120/3400/4 2845/3397/4
f 1863/523/4 172/522/4 1611/3401/4 3120/3400/4
f 1860/2325/4 3121/3396/4 2846/3399/4 609/2326/4
f 219/518/4 1364/2295/4 3121/3396/4 1860/2325/4
f 1364/2295/4 612/2294/4 2845/3397/4 3121/3396/4
f 1361/513/4 3122/3392/4 1174/3395/4 100/514/4
f 609/2326/4 2846/3399/4 3122/3392/4 1361/513/4
f 2846/3399/4 973/3398/4 2844/3393/4 3122/3392/4
f 2841/3385/4 3123/3388/4 2843/3391/4 972/3386/4
f 608/2330/4 1859/511/4 3123/3388/4 2841/3385/4
f 1859/511/4 173/510/4 1612/3389/4 3123/3388/4
f 1856/2361/4 3124/3384/4 2842/3387/4 605/2362/4
f 218/506/4 1360/2331/4 3124/3384/4 1856/2361/4
f 1360/2331/4 608/2330/4 2841/3385/4 3124/3384/4
f 1357/501/4 3125/3380/4 1252/3383/4 174/502/4
f 605/2362/4 2842/3387/4 3125/3380/4 1357/501/4
f 2842/3387/4 972/3386/4 2840/3381/4 3125/3380/4
f 2837/3373/4 3126/3376/4 2839/3379/4 971/3374/4
f 604/2366/4 1855/499/4 3126/3376/4 2837/3373/4
f 1855/499/4 129/498/4 1567/3377/4 3126/3376/4
f 1852/2397/4 3127/3372/4 2838/3375/4 601/2398/4
f 217/494/4 1356/2367/4 3127/3372/4 1852/2397/4
f 1356/2367/4 604/2366/4 2837/3373/4 3127/3372/4
f 1353/489/4 3128/3368/4 1253/3371/4 175/490/4
f 601/2398/4 2838/3375/4 3128/3368/4 1353/489/4
f 2838/3375/4 971/3374/4 2836/3369/4 3128/3368/4
f 2833/3361/4 3129/3364/4 2835/3367/4 970/3362/4
f 600/2402/4 1851/487/4 3129/3364/4 2833/3361/4
f 1851/487/4 176/486/4 1615/3365/4 3129/3364/4
f 1848/2433/4 3130/3360/4 2834/3363/4 597/2434/4
f 216/482/4 1352/2403/4 3130/3360/4 1848/2433/4
f 1352/2403/4 600/2402/4 2833/3361/4 3130/3360/4
f 1349/477/4 3131/3356/4 1173/3359/4 99/478/4
f 597/2434/4 2834/3363/4 3131/3356/4 1349/477/4
f 2834/3363/4 970/3362/4 2832/3357/4 3131/3356/4
f 2829/3349/4 3132/3352/4 2831/3355/4 969/3350/4
f 596/2438/4 1847/475/4 3132/3352/4 2829/3349/4
f 1847/475/4 177/474/4 1616/3353/4 3132/3352/4
f 1844/2469/4 3133/3348/4 2830/3351/4 593/2470/4
f 215/470/4 1348/2439/4 3133/3348/4 1844/2469/4
f 1348/2439/4 596/2438/4 2829/3349/4 3133/3348/4
f 1345/465/4 3134/3344/4 1256/3347/4 178/466/4
f 593/2470/4 2830/3351/4 3134/3344/4 1345/465/4
f 2830/3351/4 969/3350/4 2828/3345/4 3134/3344/4
f 2825/3337/4 3135/3340/4 2827/3343/4 968/3338/4
f 592/2474/4 1843/463/4 3135/3340/4 2825/3337/4
f 1843/463/4 135/462/4 1573/3341/4 3135/3340/4
f 1840/2505/4 3136/3336/4 2826/3339/4 589/2506/4
f 214/458/4 1344/2475/4 3136/3336/4 1840/2505/4
f 1344/2475/4 592/2474/4 2825/3337/4 3136/3336/4
f 1341/453/4 3137/3332/4 1257/3335/4 179/454/4
f 589/2506/4 2826/3339/4 3137/3332/4 1341/453/4
f 2826/3339/4 968/3338/4 2824/3333/4 3137/3332/4
f 2821/3325/4 3138/3328/4 2823/3331/4 967/3326/4
f 588/2510/4 1839/451/4 3138/3328/4 2821/3325/4
f 1839/451/4 180/450/4 1619/3329/4 3138/3328/4
f 1836/2541/4 3139/3324/4 2822/3327/4 585/2542/4
f 213/446/4 1340/2511/4 3139/3324/4 1836/2541/4
f 1340/2511/4 588/2510/4 2821/3325/4 3139/3324/4
f 1337/441/4 3140/3320/4 1151/3323/4 76/442/4
f 585/2542/4 2822/3327/4 3140/3320/4 1337/441/4
f 2822/3327/4 967/3326/4 2820/3321/4 3140/3320/4
f 2817/3313/4 3141/3316/4 2819/3319/4 966/3314/4
f 584/2546/4 1835/439/4 3141/3316/4 2817/3313/4
f 1835/439/4 181/438/4 1620/3317/4 3141/3316/4
f 1832/2577/4 3142/3312/4 2818/3315/4 581/2578/4
f 212/434/4 1336/2547/4 3142/3312/4 1832/2577/4
f 1336/2547/4 584/2546/4 2817/3313/4 3142/3312/4
f 1333/429/4 3143/3308/4 1260/3311/4 182/430/4
f 581/2578/4 2818/3315/4 3143/3308/4 1333/429/4
f 2818/3315/4 966/3314/4 2816/3309/4 3143/3308/4
f 2813/3301/4 3144/3304/4 2815/3307/4 965/3302/4
f 580/2582/4 1831/427/4 3144/3304/4 2813/3301/4
f 1831/427/4 134/426/4 1572/3305/4 3144/3304/4
f 1828/2613/4 3145/3300/4 2814/3303/4 577/2614/4
f 211/422/4 1332/2583/4 3145/3300/4 1828/2613/4
f 1332/2583/4 580/2582/4 2813/3301/4 3145/3300/4
f 1329/417/4 3146/3296/4 1261/3299/4 183/418/4
f 577/2614/4 2814/3303/4 3146/3296/4 1329/417/4
f 2814/3303/4 965/3302/4 2812/3297/4 3146/3296/4
f 2810/3906/14 3147/3292/14 2811/3295/14 964/3907/14 5302/3908/14
f 575/3909/14 1826/415/14 3147/3292/14 2810/3906/14 5327/3910/14
f 1826/415/5 132/414/5 1570/3293/5 3147/3292/5
f 2806/3284/9 5337/3911/9 3148/3287/9 2808/3291/9 963/3285/9
f 1815/2745/9 5339/3912/9 3149/3282/9 2807/3286/9 564/2746/9
f 1317/384/5 3150/3278/5 1149/3281/5 74/385/5
f 564/2746/5 2807/3286/5 3150/3278/5 1317/384/5
f 2807/3286/5 963/3285/5 2805/3279/5 3150/3278/5
f 2802/3270/9 5341/3913/9 3151/3273/9 2804/3277/9 962/3271/9
f 1811/2785/9 5343/3914/9 3152/3268/9 2803/3272/9 560/2786/9
f 1313/370/5 3153/3264/5 1161/3267/5 86/371/5
f 560/2786/5 2803/3272/5 3153/3264/5 1313/370/5
f 2803/3272/5 962/3271/5 2801/3265/5 3153/3264/5
f 2799/3915/14 3154/3260/14 2800/3263/14 961/3916/14 5300/3917/14
f 559/3918/14 1810/368/14 3154/3260/14 2799/3915/14 5325/3919/14
f 1810/368/5 120/367/5 1558/3261/5 3154/3260/5
f 2795/3253/4 3155/3256/4 2797/3259/4 960/3254/4
f 558/2794/4 1809/364/4 3155/3256/4 2795/3253/4
f 1809/364/4 186/363/4 1627/3257/4 3155/3256/4
f 1806/2825/4 3156/3252/4 2796/3255/4 555/2826/4
f 206/359/4 1312/2795/4 3156/3252/4 1806/2825/4
f 1312/2795/4 558/2794/4 2795/3253/4 3156/3252/4
f 1309/354/4 3157/3248/4 1163/3251/4 88/355/4
f 555/2826/4 2796/3255/4 3157/3248/4 1309/354/4
f 2796/3255/4 960/3254/4 2794/3249/4 3157/3248/4
f 2791/3241/4 3158/3244/4 2793/3247/4 959/3242/4
f 554/2830/4 1805/352/4 3158/3244/4 2791/3241/4
f 1805/352/4 187/351/4 1628/3245/4 3158/3244/4
f 1802/2861/4 3159/3240/4 2792/3243/4 551/2862/4
f 205/347/4 1308/2831/4 3159/3240/4 1802/2861/4
f 1308/2831/4 554/2830/4 2791/3241/4 3159/3240/4
f 1305/342/4 3160/3236/4 1266/3239/4 188/343/4
f 551/2862/4 2792/3243/4 3160/3236/4 1305/342/4
f 2792/3243/4 959/3242/4 2790/3237/4 3160/3236/4
f 2787/3229/4 3161/3232/4 2789/3235/4 958/3230/4
f 550/2866/4 1801/340/4 3161/3232/4 2787/3229/4
f 1801/340/4 117/339/4 1555/3233/4 3161/3232/4
f 1798/2897/4 3162/3228/4 2788/3231/4 547/2898/4
f 204/335/4 1304/2867/4 3162/3228/4 1798/2897/4
f 1304/2867/4 550/2866/4 2787/3229/4 3162/3228/4
f 1301/330/4 3163/3224/4 1267/3227/4 189/331/4
f 547/2898/4 2788/3231/4 3163/3224/4 1301/330/4
f 2788/3231/4 958/3230/4 2786/3225/4 3163/3224/4
f 2783/3217/3 3164/3220/3 2785/3223/3 957/3218/3
f 546/2902/3 1797/328/3 3164/3220/3 2783/3217/3
f 1797/328/3 190/327/3 1631/3221/3 3164/3220/3
f 1794/2933/3 3165/3216/3 2784/3219/3 543/2934/3
f 203/323/3 1300/2903/3 3165/3216/3 1794/2933/3
f 1300/2903/3 546/2902/3 2783/3217/3 3165/3216/3
f 1297/318/3 3166/3212/3 1164/3215/3 89/319/3
f 543/2934/3 2784/3219/3 3166/3212/3 1297/318/3
f 2784/3219/3 957/3218/3 2782/3213/3 3166/3212/3
f 2779/3205/3 3167/3208/3 2781/3211/3 956/3206/3
f 542/2938/3 1793/316/3 3167/3208/3 2779/3205/3
f 1793/316/3 191/315/3 1632/3209/3 3167/3208/3
f 1790/2969/3 3168/3204/3 2780/3207/3 539/2970/3
f 202/311/3 1296/2939/3 3168/3204/3 1790/2969/3
f 1296/2939/3 542/2938/3 2779/3205/3 3168/3204/3
f 1293/306/3 3169/3200/3 1270/3203/3 192/307/3
f 539/2970/3 2780/3207/3 3169/3200/3 1293/306/3
f 2780/3207/3 956/3206/3 2778/3201/3 3169/3200/3
f 2775/3193/3 3170/3196/3 2777/3199/3 955/3194/3
f 538/2974/3 1789/304/3 3170/3196/3 2775/3193/3
f 1789/304/3 119/303/3 1557/3197/3 3170/3196/3
f 1786/3005/3 3171/3192/3 2776/3195/3 535/3006/3
f 201/299/3 1292/2975/3 3171/3192/3 1786/3005/3
f 1292/2975/3 538/2974/3 2775/3193/3 3171/3192/3
f 1289/294/3 3172/3188/3 1271/3191/3 193/295/3
f 535/3006/3 2776/3195/3 3172/3188/3 1289/294/3
f 2776/3195/3 955/3194/3 2774/3189/3 3172/3188/3
f 2771/3180/2 5755/3920/2 3173/3183/2 2773/3187/2 954/3181/2
f 1785/3019/2 5757/3921/2 3174/3178/2 2772/3182/2 534/3020/2
f 1288/290/2 3175/3174/2 1551/3177/2 113/291/2
f 534/3020/2 2772/3182/2 3175/3174/2 1288/290/2
f 2772/3182/2 954/3181/2 2770/3175/2 3175/3174/2
f 2768/3922/2 3176/3170/2 2769/3173/2 953/3923/2 5710/3924/2
f 533/3925/2 1784/288/2 3176/3170/2 2768/3922/2 5734/3926/2
f 1784/288/2 116/287/2 1554/3171/2 3176/3170/2
f 2764/3163/1 3177/3166/1 2766/3169/1 952/3164/1
f 532/3028/1 1783/284/1 3177/3166/1 2764/3163/1
f 1783/284/1 194/283/1 1636/3167/1 3177/3166/1
f 1780/3059/1 3178/3162/1 2765/3165/1 529/3060/1
f 200/279/1 1287/3029/1 3178/3162/1 1780/3059/1
f 1287/3029/1 532/3028/1 2764/3163/1 3178/3162/1
f 1284/274/1 3179/3158/1 1554/3161/1 116/275/1
f 529/3060/1 2765/3165/1 3179/3158/1 1284/274/1
f 2765/3165/1 952/3164/1 2763/3159/1 3179/3158/1
f 2760/3151/1 3180/3154/1 2762/3157/1 951/3152/1
f 528/3064/1 1779/272/1 3180/3154/1 2760/3151/1
f 1779/272/1 195/271/1 1637/3155/1 3180/3154/1
f 1776/3095/1 3181/3150/1 2761/3153/1 525/3096/1
f 199/267/1 1283/3065/1 3181/3150/1 1776/3095/1
f 1283/3065/1 528/3064/1 2760/3151/1 3181/3150/1
f 1280/262/1 3182/3146/1 1274/3149/1 196/263/1
f 525/3096/1 2761/3153/1 3182/3146/1 1280/262/1
f 2761/3153/1 951/3152/1 2759/3147/1 3182/3146/1
f 2756/3139/1 3183/3142/1 2758/3145/1 950/3140/1
f 524/3100/1 1775/260/1 3183/3142/1 2756/3139/1
f 1775/260/1 93/259/1 1168/3143/1 3183/3142/1
f 1772/3131/1 3184/3138/1 2757/3141/1 521/3132/1
f 198/255/1 1279/3101/1 3184/3138/1 1772/3131/1
f 1279/3101/8 524/3100/8 2756/3139/8 3184/3138/8
f 1276/250/1 3185/3134/1 1275/3137/1 197/251/1
f 521/3132/1 2757/3141/1 3185/3134/1 1276/250/1
f 2757/3141/8 950/3140/8 2755/3135/8 3185/3134/8
f 2752/3127/1 3186/3130/1 2754/3133/1 949/3128/1
f 523/3112/1 1774/256/1 3186/3130/1 2752/3127/1
f 1774/256/1 198/255/1 1772/3131/1 3186/3130/1
f 1637/3155/1 3187/3126/1 2753/3129/1 383/3156/1
f 195/271/1 1278/3113/1 3187/3126/1 1637/3155/1
f 1278/3113/1 523/3112/1 2752/3127/1 3187/3126/1
f 1144/242/1 3188/3122/1 1146/3125/1 71/243/1
f 383/3156/1 2753/3129/1 3188/3122/1 1144/242/1
f 2753/3129/1 949/3128/1 2751/3123/1 3188/3122/1
f 2748/3115/1 3189/3118/1 2750/3121/1 948/3116/1
f 329/1446/1 1583/779/1 3189/3118/1 2748/3115/1
f 1583/779/1 145/778/1 1773/3119/1 3189/3118/1
f 1769/3071/1 3190/3114/1 2749/3117/1 518/3072/1
f 59/75/1 1090/1447/1 3190/3114/1 1769/3071/1
f 1090/1447/1 329/1446/1 2748/3115/1 3190/3114/1
f 1273/270/1 3191/3110/1 1278/3113/1 195/271/1
f 518/3072/1 2749/3117/1 3191/3110/1 1273/270/1
f 2749/3117/1 948/3116/1 2747/3111/1 3191/3110/1
f 2744/3103/1 3192/3106/1 2746/3109/1 947/3104/1
f 462/3669/1 1715/72/1 3192/3106/1 2744/3103/1
f 1715/72/1 18/71/1 1036/3107/1 3192/3106/1
f 1773/3119/1 3193/3102/1 2745/3105/1 522/3120/1
f 145/778/1 1221/3670/1 3193/3102/1 1773/3119/1
f 1221/3670/8 462/3669/8 2744/3103/8 3193/3102/8
f 1277/254/1 3194/3098/1 1279/3101/1 198/255/1
f 522/3120/1 2745/3105/1 3194/3098/1 1277/254/1
f 2745/3105/8 947/3104/8 2743/3099/8 3194/3098/8
f 2740/3091/1 3195/3094/1 2742/3097/1 946/3092/1
f 527/3076/1 1778/268/1 3195/3094/1 2740/3091/1
f 1778/268/1 199/267/1 1776/3095/1 3195/3094/1
f 1580/3568/1 3196/3090/1 2741/3093/1 326/3569/1
f 142/678/1 1282/3077/1 3196/3090/1 1580/3568/1
f 1282/3077/1 527/3076/1 2740/3091/1 3196/3090/1
f 1087/106/1 3197/3086/1 1145/3089/1 56/107/1
f 326/3569/1 2741/3093/1 3197/3086/1 1087/106/1
f 2741/3093/1 946/3092/1 2739/3087/1 3197/3086/1
f 2736/3079/1 3198/3082/1 2738/3085/1 945/3080/1
f 293/1482/1 1547/767/1 3198/3082/1 2736/3079/1
f 1547/767/1 109/766/1 1777/3083/1 3198/3082/1
f 1712/1753/1 3199/3078/1 2737/3081/1 459/1754/1
f 23/67/1 1054/1483/1 3199/3078/1 1712/1753/1
f 1054/1483/1 293/1482/1 2736/3079/1 3199/3078/1
f 1218/677/1 3200/3074/1 1282/3077/1 142/678/1
f 459/1754/1 2737/3081/1 3200/3074/1 1218/677/1
f 2737/3081/1 945/3080/1 2735/3075/1 3200/3074/1
f 2732/3067/1 3201/3070/1 2734/3073/1 944/3068/1
f 422/3657/1 1675/76/1 3201/3070/1 2732/3067/1
f 1675/76/1 59/75/1 1769/3071/1 3201/3070/1
f 1777/3083/1 3202/3066/1 2733/3069/1 526/3084/1
f 109/766/1 1183/3658/1 3202/3066/1 1777/3083/1
f 1183/3658/1 422/3657/1 2732/3067/1 3202/3066/1
f 1281/266/1 3203/3062/1 1283/3065/1 199/267/1
f 526/3084/1 2733/3069/1 3203/3062/1 1281/266/1
f 2733/3069/1 944/3068/1 2731/3063/1 3203/3062/1
f 2728/3055/1 3204/3058/1 2730/3061/1 943/3056/1
f 531/3040/1 1782/280/1 3204/3058/1 2728/3055/1
f 1782/280/1 200/279/1 1780/3059/1 3204/3058/1
f 1544/3700/1 3205/3054/1 2729/3057/1 290/3701/1
f 106/810/1 1286/3041/1 3205/3054/1 1544/3700/1
f 1286/3041/1 531/3040/1 2728/3055/1 3205/3054/1
f 1051/62/1 3206/3050/1 1682/3053/1 15/63/1
f 290/3701/1 2729/3057/1 3206/3050/1 1051/62/1
f 2729/3057/1 943/3056/1 2727/3051/1 3206/3050/1
f 2724/3043/1 3207/3046/1 2726/3049/1 942/3044/1
f 384/3088/1 1638/264/1 3207/3046/1 2724/3043/1
f 1638/264/1 196/263/1 1781/3047/1 3207/3046/1
f 1672/1357/1 3208/3042/1 2725/3045/1 419/1358/1
f 56/107/1 1145/3089/1 3208/3042/1 1672/1357/1
f 1145/3089/1 384/3088/1 2724/3043/1 3208/3042/1
f 1180/809/1 3209/3038/1 1286/3041/1 106/810/1
f 419/1358/1 2725/3045/1 3209/3038/1 1180/809/1
f 2725/3045/1 942/3044/1 2723/3039/1 3209/3038/1
f 2720/3031/1 3210/3034/1 2722/3037/1 941/3032/1
f 519/3148/1 1770/244/1 3210/3034/1 2720/3031/1
f 1770/244/1 71/243/1 1768/3035/1 3210/3034/1
f 1781/3047/1 3211/3030/1 2721/3033/1 530/3048/1
f 196/263/1 1274/3149/1 3211/3030/1 1781/3047/1
f 1274/3149/1 519/3148/1 2720/3031/1 3211/3030/1
f 1285/278/1 3212/3026/1 1287/3029/1 200/279/1
f 530/3048/1 2721/3033/1 3212/3026/1 1285/278/1
f 2721/3033/1 941/3032/1 2719/3027/1 3212/3026/1
f 2717/3927/2 3213/3022/2 2718/3025/2 940/3928/2 5708/3929/2
f 458/3930/2 1711/60/2 3213/3022/2 2717/3927/2 5732/3931/2
f 1711/60/2 15/59/2 1682/3023/2 3213/3022/2
f 2713/3014/2 5759/3932/2 3214/3017/2 2715/3021/2 939/3015/2
f 1542/3718/2 5761/3933/2 3215/3012/2 2714/3016/2 288/3719/2
f 1049/54/2 3216/3008/2 1679/3011/2 12/55/2
f 288/3719/2 2714/3016/2 3216/3008/2 1049/54/2
f 2714/3016/2 939/3015/2 2712/3009/2 3216/3008/2
f 2709/3001/3 3217/3004/3 2711/3007/3 938/3002/3
f 537/2986/3 1788/300/3 3217/3004/3 2709/3001/3
f 1788/300/3 201/299/3 1786/3005/3 3217/3004/3
f 1632/3209/3 3218/3000/3 2710/3003/3 378/3210/3
f 191/315/3 1291/2987/3 3218/3000/3 1632/3209/3
f 1291/2987/3 537/2986/3 2709/3001/3 3218/3000/3
f 1139/222/3 3219/2996/3 1141/2999/3 70/223/3
f 378/3210/3 2710/3003/3 3219/2996/3 1139/222/3
f 2710/3003/3 938/3002/3 2708/2997/3 3219/2996/3
f 2705/2989/3 3220/2992/3 2707/2995/3 937/2990/3
f 325/1320/3 1579/823/3 3220/2992/3 2705/2989/3
f 1579/823/3 141/822/3 1787/2993/3 3220/2992/3
f 1764/2945/3 3221/2988/3 2706/2991/3 513/2946/3
f 55/119/3 1086/1321/3 3221/2988/3 1764/2945/3
f 1086/1321/3 325/1320/3 2705/2989/3 3221/2988/3
f 1269/314/3 3222/2984/3 1291/2987/3 191/315/3
f 513/2946/3 2706/2991/3 3222/2984/3 1269/314/3
f 2706/2991/3 937/2990/3 2704/2985/3 3222/2984/3
f 2701/2977/3 3223/2980/3 2703/2983/3 936/2978/3
f 456/3723/3 1709/52/3 3223/2980/3 2701/2977/3
f 1709/52/3 18/51/3 1685/2981/3 3223/2980/3
f 1787/2993/3 3224/2976/3 2702/2979/3 536/2994/3
f 141/822/3 1216/3724/3 3224/2976/3 1787/2993/3
f 1216/3724/3 456/3723/3 2701/2977/3 3224/2976/3
f 1290/298/3 3225/2972/3 1292/2975/3 201/299/3
f 536/2994/3 2702/2979/3 3225/2972/3 1290/298/3
f 2702/2979/3 936/2978/3 2700/2973/3 3225/2972/3
f 2697/2965/3 3226/2968/3 2699/2971/3 935/2966/3
f 541/2950/3 1792/312/3 3226/2968/3 2697/2965/3
f 1792/312/3 202/311/3 1790/2969/3 3226/2968/3
f 1576/3413/3 3227/2964/3 2698/2967/3 322/3414/3
f 138/534/3 1295/2951/3 3227/2964/3 1576/3413/3
f 1295/2951/3 541/2950/3 2697/2965/3 3227/2964/3
f 1083/150/3 3228/2960/3 1140/2963/3 52/151/3
f 322/3414/3 2698/2967/3 3228/2960/3 1083/150/3
f 2698/2967/3 935/2966/3 2696/2961/3 3228/2960/3
f 2693/2953/3 3229/2956/3 2695/2959/3 934/2954/3
f 287/1993/3 1541/623/3 3229/2956/3 2693/2953/3
f 1541/623/3 104/622/3 1791/2957/3 3229/2956/3
f 1706/2265/3 3230/2952/3 2694/2955/3 453/2266/3
f 22/47/3 1048/1994/3 3230/2952/3 1706/2265/3
f 1048/1994/3 287/1993/3 2693/2953/3 3230/2952/3
f 1213/533/3 3231/2948/3 1295/2951/3 138/534/3
f 453/2266/3 2694/2955/3 3231/2948/3 1213/533/3
f 2694/2955/3 934/2954/3 2692/2949/3 3231/2948/3
f 2689/2941/3 3232/2944/3 2691/2947/3 933/2942/3
f 417/3502/3 1671/120/3 3232/2944/3 2689/2941/3
f 1671/120/3 55/119/3 1764/2945/3 3232/2944/3
f 1791/2957/3 3233/2940/3 2690/2943/3 540/2958/3
f 104/622/3 1178/3503/3 3233/2940/3 1791/2957/3
f 1178/3503/3 417/3502/3 2689/2941/3 3233/2940/3
f 1294/310/3 3234/2936/3 1296/2939/3 202/311/3
f 540/2958/3 2690/2943/3 3234/2936/3 1294/310/3
f 2690/2943/3 933/2942/3 2688/2937/3 3234/2936/3
f 2685/2929/3 3235/2932/3 2687/2935/3 932/2930/3
f 545/2914/3 1796/324/3 3235/2932/3 2685/2929/3
f 1796/324/3 203/323/3 1794/2933/3 3235/2932/3
f 1538/3754/3 3236/2928/3 2686/2931/3 284/3755/3
f 101/854/3 1299/2915/3 3236/2928/3 1538/3754/3
f 1299/2915/3 545/2914/3 2685/2929/3 3236/2928/3
f 1045/42/3 3237/2924/3 1032/2927/3 14/43/3
f 284/3755/3 2686/2931/3 3237/2924/3 1045/42/3
f 2686/2931/3 932/2930/3 2684/2925/3 3237/2924/3
f 2681/2917/3 3238/2920/3 2683/2923/3 931/2918/3
f 379/2962/3 1633/308/3 3238/2920/3 2681/2917/3
f 1633/308/3 192/307/3 1795/2921/3 3238/2920/3
f 1668/1231/3 3239/2916/3 2682/2919/3 414/1232/3
f 52/151/3 1140/2963/3 3239/2916/3 1668/1231/3
f 1140/2963/3 379/2962/3 2681/2917/3 3239/2916/3
f 1175/853/3 3240/2912/3 1299/2915/3 101/854/3
f 414/1232/3 2682/2919/3 3240/2912/3 1175/853/3
f 2682/2919/3 931/2918/3 2680/2913/3 3240/2912/3
f 2677/2905/3 3241/2908/3 2679/2911/3 930/2906/3
f 514/3202/3 1765/224/3 3241/2908/3 2677/2905/3
f 1765/224/3 70/223/3 1763/2909/3 3241/2908/3
f 1795/2921/3 3242/2904/3 2678/2907/3 544/2922/3
f 192/307/3 1270/3203/3 3242/2904/3 1795/2921/3
f 1270/3203/3 514/3202/3 2677/2905/3 3242/2904/3
f 1298/322/3 3243/2900/3 1300/2903/3 203/323/3
f 544/2922/3 2678/2907/3 3243/2900/3 1298/322/3
f 2678/2907/3 930/2906/3 2676/2901/3 3243/2900/3
f 2673/2893/15 3244/2896/15 2675/2899/15 929/2894/15
f 549/2878/15 1800/336/15 3244/2896/15 2673/2893/15
f 1800/336/4 204/335/4 1798/2897/4 3244/2896/4
f 1628/3245/4 3245/2892/4 2674/2895/4 374/3246/4
f 187/351/4 1303/2879/4 3245/2892/4 1628/3245/4
f 1303/2879/4 549/2878/4 2673/2893/4 3245/2892/4
f 1135/210/4 3246/2888/4 1137/2891/4 69/211/4
f 374/3246/4 2674/2895/4 3246/2888/4 1135/210/4
f 2674/2895/4 929/2894/4 2672/2889/4 3246/2888/4
f 2669/2881/15 3247/2884/15 2671/2887/15 928/2882/15
f 321/1212/15 1575/859/15 3247/2884/15 2669/2881/15
f 1575/859/4 137/858/4 1799/2885/4 3247/2884/4
f 1760/2837/4 3248/2880/4 2670/2883/4 509/2838/4
f 51/155/4 1082/1213/4 3248/2880/4 1760/2837/4
f 1082/1213/4 321/1212/4 2669/2881/4 3248/2880/4
f 1265/350/4 3249/2876/4 1303/2879/4 187/351/4
f 509/2838/4 2670/2883/4 3249/2876/4 1265/350/4
f 2670/2883/4 928/2882/4 2668/2877/4 3249/2876/4
f 2665/2869/4 3250/2872/4 2667/2875/4 927/2870/4
f 452/3759/4 1705/40/4 3250/2872/4 2665/2869/4
f 1705/40/4 16/39/4 1683/2873/4 3250/2872/4
f 1799/2885/4 3251/2868/4 2666/2871/4 548/2886/4
f 137/858/4 1212/3760/4 3251/2868/4 1799/2885/4
f 1212/3760/4 452/3759/4 2665/2869/4 3251/2868/4
f 1302/334/4 3252/2864/4 1304/2867/4 204/335/4
f 548/2886/4 2666/2871/4 3252/2864/4 1302/334/4
f 2666/2871/4 927/2870/4 2664/2865/4 3252/2864/4
f 2661/2857/4 3253/2860/4 2663/2863/4 926/2858/4
f 553/2842/4 1804/348/4 3253/2860/4 2661/2857/4
f 1804/348/4 205/347/4 1802/2861/4 3253/2860/4
f 1572/3305/4 3254/2856/4 2662/2859/4 318/3306/4
f 134/426/4 1307/2843/4 3254/2856/4 1572/3305/4
f 1307/2843/4 553/2842/4 2661/2857/4 3254/2856/4
f 1079/186/4 3255/2852/4 1136/2855/4 48/187/4
f 318/3306/4 2662/2859/4 3255/2852/4 1079/186/4
f 2662/2859/4 926/2858/4 2660/2853/4 3255/2852/4
f 2657/2845/4 3256/2848/4 2659/2851/4 925/2846/4
f 283/2318/4 1537/515/4 3256/2848/4 2657/2845/4
f 1537/515/4 100/514/4 1803/2849/4 3256/2848/4
f 1702/2589/4 3257/2844/4 2658/2847/4 449/2590/4
f 21/35/4 1044/2319/4 3257/2844/4 1702/2589/4
f 1044/2319/4 283/2318/4 2657/2845/4 3257/2844/4
f 1209/425/4 3258/2840/4 1307/2843/4 134/426/4
f 449/2590/4 2658/2847/4 3258/2840/4 1209/425/4
f 2658/2847/4 925/2846/4 2656/2841/4 3258/2840/4
f 2653/2833/4 3259/2836/4 2655/2839/4 924/2834/4
f 413/3394/4 1667/156/4 3259/2836/4 2653/2833/4
f 1667/156/4 51/155/4 1760/2837/4 3259/2836/4
f 1803/2849/4 3260/2832/4 2654/2835/4 552/2850/4
f 100/514/4 1174/3395/4 3260/2832/4 1803/2849/4
f 1174/3395/4 413/3394/4 2653/2833/4 3260/2832/4
f 1306/346/4 3261/2828/4 1308/2831/4 205/347/4
f 552/2850/4 2654/2835/4 3261/2828/4 1306/346/4
f 2654/2835/4 924/2834/4 2652/2829/4 3261/2828/4
f 2649/2821/4 3262/2824/4 2651/2827/4 923/2822/4
f 557/2806/4 1808/360/4 3262/2824/4 2649/2821/4
f 1808/360/4 206/359/4 1806/2825/4 3262/2824/4
f 1534/3790/4 3263/2820/4 2650/2823/4 280/3791/4
f 97/890/4 1311/2807/4 3263/2820/4 1534/3790/4
f 1311/2807/4 557/2806/4 2649/2821/4 3263/2820/4
f 1041/30/4 3264/2816/4 1031/2819/4 13/31/4
f 280/3791/4 2650/2823/4 3264/2816/4 1041/30/4
f 2650/2823/4 923/2822/4 2648/2817/4 3264/2816/4
f 2645/2809/4 3265/2812/4 2647/2815/4 922/2810/4
f 375/2854/4 1629/344/4 3265/2812/4 2645/2809/4
f 1629/344/4 188/343/4 1807/2813/4 3265/2812/4
f 1664/1123/4 3266/2808/4 2646/2811/4 410/1124/4
f 48/187/4 1136/2855/4 3266/2808/4 1664/1123/4
f 1136/2855/4 375/2854/4 2645/2809/4 3266/2808/4
f 1171/889/4 3267/2804/4 1311/2807/4 97/890/4
f 410/1124/4 2646/2811/4 3267/2804/4 1171/889/4
f 2646/2811/4 922/2810/4 2644/2805/4 3267/2804/4
f 2641/2797/4 3268/2800/4 2643/2803/4 921/2798/4
f 510/3238/4 1761/212/4 3268/2800/4 2641/2797/4
f 1761/212/4 69/211/4 1759/2801/4 3268/2800/4
f 1807/2813/4 3269/2796/4 2642/2799/4 556/2814/4
f 188/343/4 1266/3239/4 3269/2796/4 1807/2813/4
f 1266/3239/4 510/3238/4 2641/2797/4 3269/2796/4
f 1310/358/4 3270/2792/4 1312/2795/4 206/359/4
f 556/2814/4 2642/2799/4 3270/2792/4 1310/358/4
f 2642/2799/4 921/2798/4 2640/2793/4 3270/2792/4
f 2638/3934/14 3271/2788/14 2639/2791/14 920/3935/14 5298/3936/14
f 448/3937/14 1701/28/14 3271/2788/14 2638/3934/14 5323/3938/14
f 1701/28/5 19/27/5 1686/2789/5 3271/2788/5
f 2634/2780/9 5345/3939/9 3272/2783/9 2636/2787/9 919/2781/9
f 1532/3808/9 5347/3940/9 3273/2778/9 2635/2782/9 278/3809/9
f 1039/22/5 3274/2774/5 1029/2777/5 11/23/5
f 278/3809/5 2635/2782/5 3274/2774/5 1039/22/5
f 2635/2782/5 919/2781/5 2633/2775/5 3274/2774/5
f 2630/2766/5 3275/2769/5 2632/2773/5 918/2767/5
f 563/2750/5 1814/382/5 3275/2769/5 2630/2766/5
f 1814/382/6 207/381/6 5311/3941/6 1812/2770/6 3275/2769/6
f 1160/3942/16 3276/2765/16 2631/2768/16 399/3943/16 6308/3944/16
f 85/3945/16 1316/2751/16 3276/2765/16 1160/3942/16 6292/3946/16
f 1316/2751/5 563/2750/5 2630/2766/5 3276/2765/5
f 1653/3947/16 3277/2761/16 1132/2764/16 37/3948/16 6316/3949/16
f 399/3943/16 2631/2768/16 3277/2761/16 1653/3947/16 6300/3950/16
f 2631/2768/5 918/2767/5 2629/2762/5 3277/2761/5
f 2626/2753/5 3278/2756/5 2628/2760/5 917/2754/5
f 279/2663/5 1533/406/5 3278/2756/5 2626/2753/5
f 1533/406/6 96/405/6 5312/3951/6 1813/2757/6 3278/2756/6
f 1028/3952/16 3279/2752/16 2627/2755/16 267/3953/16 6304/3954/16
f 10/3955/16 1040/2664/16 3279/2752/16 1028/3952/16 6288/3956/16
f 1040/2664/5 279/2663/5 2626/2753/5 3279/2752/5
f 1521/3957/16 3280/2748/16 1316/2751/16 85/3945/16 6312/3958/16
f 267/3953/16 2627/2755/16 3280/2748/16 1521/3957/16 6296/3959/16
f 2627/2755/5 917/2754/5 2625/2749/5 3280/2748/5
f 2622/2741/5 3281/2744/5 2624/2747/5 916/2742/5
f 566/2725/5 1817/391/5 3281/2744/5 2622/2741/5
f 1817/391/6 208/390/6 5313/3960/6 1815/2745/6 3281/2744/6
f 1197/3961/16 3282/2740/16 2623/2743/16 436/3962/16 6310/3963/16
f 123/3964/16 1319/2726/16 3282/2740/16 1197/3961/16 6294/3965/16
f 1319/2726/5 566/2725/5 2622/2741/5 3282/2740/5
f 1689/3966/17 3283/2736/17 1017/2739/17 6416/3967/17 2/3968/17 6318/3969/17
f 436/3962/16 2623/2743/16 3283/2736/16 1689/3966/16 6302/3970/16
f 2623/2743/5 916/2742/5 2621/2737/5 3283/2736/5
f 2618/2728/5 3284/2731/5 2620/2735/5 915/2729/5
f 371/2763/5 1625/377/5 3284/2731/5 2618/2728/5
f 1625/377/6 185/376/6 5314/3971/6 1816/2732/6 3284/2731/6
f 1068/3972/16 3285/2727/16 2619/2730/16 307/3973/16 6306/3974/16
f 37/3948/16 1132/2764/16 3285/2727/16 1068/3972/16 6290/3975/16
f 1132/2764/5 371/2763/5 2618/2728/5 3285/2727/5
f 1561/3976/16 3286/2723/16 1319/2726/16 123/3964/16 6314/3977/16
f 307/3973/16 2619/2730/16 3286/2723/16 1561/3976/16 6298/3978/16
f 2619/2730/5 915/2729/5 2617/2724/5 3286/2723/5
f 2614/2716/5 3287/2719/5 2616/2722/5 914/2717/5
f 299/1248/5 1553/847/5 3287/2719/5 2614/2716/5
f 1553/847/5 115/846/5 1818/2720/5 3287/2719/5
f 1757/2679/5 3288/2715/5 2615/2718/5 506/2680/5
f 29/143/5 1060/1249/5 3288/2715/5 1757/2679/5
f 1060/1249/5 299/1248/5 2614/2716/5 3288/2715/5
f 506/2680/18 2615/2718/18 3289/3979/18 5349/3980/18 1263/3981/18
f 2615/2718/18 914/2717/18 2613/3982/18 5350/3983/18 3289/3979/18
f 2610/2708/5 3290/2711/5 2612/2714/5 913/2709/5
f 428/3747/5 1681/44/5 3290/2711/5 2610/2708/5
f 1681/44/5 14/43/5 1700/2712/5 3290/2711/5
f 1818/2720/5 3291/2707/5 2611/2710/5 567/2721/5
f 115/846/5 1189/3748/5 3291/2707/5 1818/2720/5
f 1189/3748/5 428/3747/5 2610/2708/5 3291/2707/5
f 567/2721/18 2611/2710/18 3292/3984/18 5351/3985/18 1320/3986/18
f 2611/2710/18 913/2709/18 2609/3987/18 5352/3988/18 3292/3984/18
f 2606/2699/5 3293/2702/5 2608/2706/5 912/2700/5
f 570/2684/5 1821/401/5 3293/2702/5 2606/2699/5
f 1821/401/6 209/400/6 5315/3989/6 1819/2703/6 3293/2702/6
f 1148/3990/16 3294/2698/16 2607/2701/16 387/3991/16 6307/3992/16
f 73/3993/16 1323/2685/16 3294/2698/16 1148/3990/16 6291/3994/16
f 1323/2685/5 570/2684/5 2606/2699/5 3294/2698/5
f 1641/3995/16 3295/2694/16 1130/2697/16 25/3996/16 6315/3997/16
f 387/3991/16 2607/2701/16 3295/2694/16 1641/3995/16 6299/3998/16
f 2607/2701/5 912/2700/5 2605/2695/5 3295/2694/5
f 2602/2687/5 3296/2690/5 2604/2693/5 911/2688/5
f 259/2209/5 1513/551/5 3296/2690/5 2602/2687/5
f 1513/551/5 77/550/5 1820/2691/5 3296/2690/5
f 1016/3999/16 3297/2686/16 2603/2689/16 255/4000/16 6303/4001/16
f 6/4002/19 6417/4003/19 1020/2210/19 3297/2686/19 1016/3999/19 6287/4004/19
f 1020/2210/20 259/2209/20 2602/2687/20 3297/2686/20
f 1509/4005/16 3298/2682/16 1323/2685/16 73/3993/16 6311/4006/16
f 255/4000/16 2603/2689/16 3298/2682/16 1509/4005/16 6295/4007/16
f 2603/2689/5 911/2688/5 2601/2683/5 3298/2682/5
f 2598/2675/5 3299/2678/5 2600/2681/5 910/2676/5
f 391/3430/5 1645/144/5 3299/2678/5 2598/2675/5
f 1645/144/5 29/143/5 1757/2679/5 3299/2678/5
f 1820/2691/5 3300/2674/5 2599/2677/5 569/2692/5
f 77/550/5 1152/3431/5 3300/2674/5 1820/2691/5
f 1152/3431/5 391/3430/5 2598/2675/5 3300/2674/5
f 569/2692/18 2599/2677/18 3301/4008/18 5353/4009/18 1322/398/18
f 2599/2677/18 910/2676/18 2597/4010/18 5354/4011/18 3301/4008/18
f 2594/2666/5 3302/2669/5 2596/2673/5 909/2667/5
f 573/2650/5 1824/411/5 3302/2669/5 2594/2666/5
f 1824/411/6 210/410/6 5316/4012/6 1822/2670/6 3302/2669/6
f 1185/4013/16 3303/2665/16 2595/2668/16 424/4014/16 6309/4015/16
f 111/4016/16 1326/2651/16 3303/2665/16 1185/4013/16 6293/4017/16
f 1326/2651/5 573/2650/5 2594/2666/5 3303/2665/5
f 1677/4018/16 3304/2661/16 1040/2664/16 10/3955/16 6317/4019/16
f 424/4014/16 2595/2668/16 3304/2661/16 1677/4018/16 6301/4020/16
f 2595/2668/5 909/2667/5 2593/2662/5 3304/2661/5
f 2590/2653/5 3305/2656/5 2592/2660/5 908/2654/5
f 369/2696/5 1623/396/5 3305/2656/5 2590/2653/5
f 1623/396/6 184/395/6 5317/4021/6 1823/2657/6 3305/2656/6
f 1056/4022/16 3306/2652/16 2591/2655/16 295/4023/16 6305/4024/16
f 25/3996/16 1130/2697/16 3306/2652/16 1056/4022/16 6289/4025/16
f 1130/2697/5 369/2696/5 2590/2653/5 3306/2652/5
f 1549/4026/16 3307/2648/16 1326/2651/16 111/4016/16 6313/4027/16
f 295/4023/16 2591/2655/16 3307/2648/16 1549/4026/16 6297/4028/16
f 2591/2655/5 908/2654/5 2589/2649/5 3307/2648/5
f 2586/2641/5 3308/2644/5 2588/2647/5 907/2642/5
f 311/1032/5 1565/923/5 3308/2644/5 2586/2641/5
f 1565/923/5 127/922/5 1825/2645/5 3308/2644/5
f 1755/2621/5 3309/2640/5 2587/2643/5 504/2622/5
f 41/219/5 1072/1033/5 3309/2640/5 1755/2621/5
f 1072/1033/5 311/1032/5 2586/2641/5 3309/2640/5
f 504/2622/18 2587/2643/18 3310/4029/18 5355/4030/18 1262/4031/18
f 2587/2643/18 907/2642/18 2585/4032/18 5356/4033/18 3310/4029/18
f 2582/2633/5 3311/2636/5 2584/2639/5 906/2634/5
f 440/3838/5 1693/12/5 3311/2636/5 2582/2633/5
f 1693/12/5 5/11/5 1698/2637/5 3311/2636/5
f 1825/2645/5 3312/2632/5 2583/2635/5 574/2646/5
f 127/922/5 1201/3839/5 3312/2632/5 1825/2645/5
f 1201/3839/5 440/3838/5 2582/2633/5 3312/2632/5
f 574/2646/18 2583/2635/18 3313/4034/18 5357/4035/18 1327/4036/18
f 2583/2635/18 906/2634/18 2581/4037/18 5358/4038/18 3313/4034/18
f 2578/2625/5 3314/2628/5 2580/2631/5 905/2626/5
f 271/2926/5 1525/320/5 3314/2628/5 2578/2625/5
f 1525/320/5 89/319/5 1827/2629/5 3314/2628/5
f 1700/2712/5 3315/2624/5 2579/2627/5 447/2713/5
f 14/43/5 1032/2927/5 3315/2624/5 1700/2712/5
f 1032/2927/5 271/2926/5 2578/2625/5 3315/2624/5
f 447/2713/18 2579/2627/18 3316/4039/18 5359/4040/18 1208/4041/18
f 2579/2627/18 905/2626/18 2577/4042/18 5360/4043/18 3316/4039/18
f 2574/2617/5 3317/2620/5 2576/2623/5 904/2618/5
f 403/3214/5 1657/220/5 3317/2620/5 2574/2617/5
f 1657/220/5 41/219/5 1755/2621/5 3317/2620/5
f 1827/2629/5 3318/2616/5 2575/2619/5 576/2630/5
f 89/319/5 1164/3215/5 3318/2616/5 1827/2629/5
f 1164/3215/5 403/3214/5 2574/2617/5 3318/2616/5
f 576/2630/18 2575/2619/18 3319/4044/18 5361/4045/18 1328/4046/18
f 2575/2619/18 904/2618/18 2573/4047/18 5362/4048/18 3319/4044/18
f 2570/2609/4 3320/2612/4 2572/2615/4 903/2610/4
f 579/2594/4 1830/423/4 3320/2612/4 2570/2609/4
f 1830/423/4 211/422/4 1828/2613/4 3320/2612/4
f 1620/3317/4 3321/2608/4 2571/2611/4 366/3318/4
f 181/438/4 1331/2595/4 3321/2608/4 1620/3317/4
f 1331/2595/4 579/2594/4 2570/2609/4 3321/2608/4
f 1127/182/4 3322/2604/4 1129/2607/4 68/183/4
f 366/3318/4 2571/2611/4 3322/2604/4 1127/182/4
f 2571/2611/4 903/2610/4 2569/2605/4 3322/2604/4
f 2566/2597/4 3323/2600/4 2568/2603/4 902/2598/4
f 320/1176/4 1574/871/4 3323/2600/4 2566/2597/4
f 1574/871/4 136/870/4 1829/2601/4 3323/2600/4
f 1752/2553/4 3324/2596/4 2567/2599/4 501/2554/4
f 50/167/4 1081/1177/4 3324/2596/4 1752/2553/4
f 1081/1177/4 320/1176/4 2566/2597/4 3324/2596/4
f 1259/437/4 3325/2592/4 1331/2595/4 181/438/4
f 501/2554/4 2567/2599/4 3325/2592/4 1259/437/4
f 2567/2599/4 902/2598/4 2565/2593/4 3325/2592/4
f 2562/2585/4 3326/2588/4 2564/2591/4 901/2586/4
f 451/3771/4 1704/36/4 3326/2588/4 2562/2585/4
f 1704/36/4 21/35/4 1702/2589/4 3326/2588/4
f 1829/2601/4 3327/2584/4 2563/2587/4 578/2602/4
f 136/870/4 1211/3772/4 3327/2584/4 1829/2601/4
f 1211/3772/4 451/3771/4 2562/2585/4 3327/2584/4
f 1330/421/4 3328/2580/4 1332/2583/4 211/422/4
f 578/2602/4 2563/2587/4 3328/2580/4 1330/421/4
f 2563/2587/4 901/2586/4 2561/2581/4 3328/2580/4
f 2558/2573/4 3329/2576/4 2560/2579/4 900/2574/4
f 583/2558/4 1834/435/4 3329/2576/4 2558/2573/4
f 1834/435/4 212/434/4 1832/2577/4 3329/2576/4
f 1170/4049/4 3330/2572/4 2559/2575/4 409/4050/4
f 95/4051/4 1335/2559/4 3330/2572/4 1170/4049/4
f 1335/2559/4 583/2558/4 2558/2573/4 3330/2572/4
f 1663/4052/4 3331/2568/4 1128/2571/4 47/4053/4
f 409/4050/4 2559/2575/4 3331/2568/4 1663/4052/4
f 2559/2575/4 900/2574/4 2557/2569/4 3331/2568/4
f 2554/2561/4 3332/2564/4 2556/2567/4 899/2562/4
f 282/2426/4 1536/479/4 3332/2564/4 2554/2561/4
f 1536/479/4 99/478/4 1833/2565/4 3332/2564/4
f 1038/4054/4 3333/2560/4 2555/2563/4 277/4055/4
f 20/4056/4 1043/2427/4 3333/2560/4 1038/4054/4
f 1043/2427/4 282/2426/4 2554/2561/4 3333/2560/4
f 1531/4057/4 3334/2556/4 1335/2559/4 95/4051/4
f 277/4055/4 2555/2563/4 3334/2556/4 1531/4057/4
f 2555/2563/4 899/2562/4 2553/2557/4 3334/2556/4
f 2550/2549/4 3335/2552/4 2552/2555/4 898/2550/4
f 412/3358/4 1666/168/4 3335/2552/4 2550/2549/4
f 1666/168/4 50/167/4 1752/2553/4 3335/2552/4
f 1833/2565/4 3336/2548/4 2551/2551/4 582/2566/4
f 99/478/4 1173/3359/4 3336/2548/4 1833/2565/4
f 1173/3359/4 412/3358/4 2550/2549/4 3336/2548/4
f 1334/433/4 3337/2544/4 1336/2547/4 212/434/4
f 582/2566/4 2551/2551/4 3337/2544/4 1334/433/4
f 2551/2551/4 898/2550/4 2549/2545/4 3337/2544/4
f 2546/2537/4 3338/2540/4 2548/2543/4 897/2538/4
f 587/2522/4 1838/447/4 3338/2540/4 2546/2537/4
f 1838/447/4 213/446/4 1836/2541/4 3338/2540/4
f 1207/4058/4 3339/2536/4 2547/2539/4 446/4059/4
f 133/4060/4 1339/2523/4 3339/2536/4 1207/4058/4
f 1339/2523/4 587/2522/4 2546/2537/4 3339/2536/4
f 1699/4061/4 3340/2532/4 1019/2535/4 4/4062/4
f 446/4059/4 2547/2539/4 3340/2532/4 1699/4061/4
f 2547/2539/4 897/2538/4 2545/2533/4 3340/2532/4
f 2542/2525/4 3341/2528/4 2544/2531/4 896/2526/4
f 367/2570/4 1621/431/4 3341/2528/4 2542/2525/4
f 1621/431/4 182/430/4 1837/2529/4 3341/2528/4
f 1078/4063/4 3342/2524/4 2543/2527/4 317/4064/4
f 47/4053/4 1128/2571/4 3342/2524/4 1078/4063/4
f 1128/2571/4 367/2570/4 2542/2525/4 3342/2524/4
f 1571/4065/4 3343/2520/4 1339/2523/4 133/4060/4
f 317/4064/4 2543/2527/4 3343/2520/4 1571/4065/4
f 2543/2527/4 896/2526/4 2541/2521/4 3343/2520/4
f 2538/2513/4 3344/2516/4 2540/2519/4 895/2514/4
f 502/3310/4 1753/184/4 3344/2516/4 2538/2513/4
f 1753/184/4 68/183/4 1751/2517/4 3344/2516/4
f 1837/2529/4 3345/2512/4 2539/2515/4 586/2530/4
f 182/430/4 1260/3311/4 3345/2512/4 1837/2529/4
f 1260/3311/4 502/3310/4 2538/2513/4 3345/2512/4
f 1338/445/4 3346/2508/4 1340/2511/4 213/446/4
f 586/2530/4 2539/2515/4 3346/2508/4 1338/445/4
f 2539/2515/4 895/2514/4 2537/2509/4 3346/2508/4
f 2534/2501/4 3347/2504/4 2536/2507/4 894/2502/4
f 591/2486/4 1842/459/4 3347/2504/4 2534/2501/4
f 1842/459/4 214/458/4 1840/2505/4 3347/2504/4
f 1616/3353/4 3348/2500/4 2535/2503/4 362/3354/4
f 177/474/4 1343/2487/4 3348/2500/4 1616/3353/4
f 1343/2487/4 591/2486/4 2534/2501/4 3348/2500/4
f 1123/170/4 3349/2496/4 1125/2499/4 67/171/4
f 362/3354/4 2535/2503/4 3349/2496/4 1123/170/4
f 2535/2503/4 894/2502/4 2533/2497/4 3349/2496/4
f 2530/2489/4 3350/2492/4 2532/2495/4 893/2490/4
f 296/1098/4 1550/899/4 3350/2492/4 2530/2489/4
f 1550/899/4 112/898/4 1841/2493/4 3350/2492/4
f 1748/2445/4 3351/2488/4 2531/2491/4 497/2446/4
f 26/195/4 1057/1099/4 3351/2488/4 1748/2445/4
f 1057/1099/4 296/1098/4 2530/2489/4 3351/2488/4
f 1255/473/4 3352/2484/4 1343/2487/4 177/474/4
f 497/2446/4 2531/2491/4 3352/2484/4 1255/473/4
f 2531/2491/4 893/2490/4 2529/2485/4 3352/2484/4
f 2526/2477/4 3353/2480/4 2528/2483/4 892/2478/4
f 425/3799/4 1678/24/4 3353/2480/4 2526/2477/4
f 1678/24/4 11/23/4 1703/2481/4 3353/2480/4
f 1841/2493/4 3354/2476/4 2527/2479/4 590/2494/4
f 112/898/4 1186/3800/4 3354/2476/4 1841/2493/4
f 1186/3800/4 425/3799/4 2526/2477/4 3354/2476/4
f 1342/457/4 3355/2472/4 1344/2475/4 214/458/4
f 590/2494/4 2527/2479/4 3355/2472/4 1342/457/4
f 2527/2479/4 892/2478/4 2525/2473/4 3355/2472/4
f 2522/2465/4 3356/2468/4 2524/2471/4 891/2466/4
f 595/2450/4 1846/471/4 3356/2468/4 2522/2465/4
f 1846/471/4 215/470/4 1844/2469/4 3356/2468/4
f 1158/4066/4 3357/2464/4 2523/2467/4 397/4067/4
f 83/4068/4 1347/2451/4 3357/2464/4 1158/4066/4
f 1347/2451/4 595/2450/4 2522/2465/4 3357/2464/4
f 1651/4069/4 3358/2460/4 1124/2463/4 35/4070/4
f 397/4067/4 2523/2467/4 3358/2460/4 1651/4069/4
f 2523/2467/4 891/2466/4 2521/2461/4 3358/2460/4
f 2518/2453/4 3359/2456/4 2520/2459/4 890/2454/4
f 256/2738/4 1510/386/4 3359/2456/4 2518/2453/4
f 1510/386/4 74/385/4 1845/2457/4 3359/2456/4
f 1026/4071/21 6421/4072/21 3360/2452/21 2519/2455/21 265/4073/21
f 6433/4074/4 6420/4075/4 3360/2452/4 6421/4072/4
f 1017/2739/22 256/2738/22 2518/2453/22 3360/2452/22 6420/4075/22
f 1519/4076/4 3361/2448/4 1347/2451/4 83/4068/4
f 265/4073/4 2519/2455/4 3361/2448/4 1519/4076/4
f 2519/2455/4 890/2454/4 2517/2449/4 3361/2448/4
f 2514/2441/4 3362/2444/4 2516/2447/4 889/2442/4
f 388/3280/4 1642/196/4 3362/2444/4 2514/2441/4
f 1642/196/4 26/195/4 1748/2445/4 3362/2444/4
f 1845/2457/4 3363/2440/4 2515/2443/4 594/2458/4
f 74/385/4 1149/3281/4 3363/2440/4 1845/2457/4
f 1149/3281/4 388/3280/4 2514/2441/4 3363/2440/4
f 1346/469/4 3364/2436/4 1348/2439/4 215/470/4
f 594/2458/4 2515/2443/4 3364/2436/4 1346/469/4
f 2515/2443/4 889/2442/4 2513/2437/4 3364/2436/4
f 2510/2429/4 3365/2432/4 2512/2435/4 888/2430/4
f 599/2414/4 1850/483/4 3365/2432/4 2510/2429/4
f 1850/483/4 216/482/4 1848/2433/4 3365/2432/4
f 1195/4077/4 3366/2428/4 2511/2431/4 434/4078/4
f 121/4079/4 1351/2415/4 3366/2428/4 1195/4077/4
f 1351/2415/4 599/2414/4 2510/2429/4 3366/2428/4
f 1687/4080/4 3367/2424/4 1043/2427/4 20/4056/4
f 434/4078/4 2511/2431/4 3367/2424/4 1687/4080/4
f 2511/2431/4 888/2430/4 2509/2425/4 3367/2424/4
f 2506/2417/4 3368/2420/4 2508/2423/4 887/2418/4
f 363/2462/4 1617/467/4 3368/2420/4 2506/2417/4
f 1617/467/4 178/466/4 1849/2421/4 3368/2420/4
f 1066/4081/4 3369/2416/4 2507/2419/4 305/4082/4
f 35/4070/4 1124/2463/4 3369/2416/4 1066/4081/4
f 1124/2463/4 363/2462/4 2506/2417/4 3369/2416/4
f 1559/4083/4 3370/2412/4 1351/2415/4 121/4079/4
f 305/4082/4 2507/2419/4 3370/2412/4 1559/4083/4
f 2507/2419/4 887/2418/4 2505/2413/4 3370/2412/4
f 2502/2405/4 3371/2408/4 2504/2411/4 886/2406/4
f 498/3346/4 1749/172/4 3371/2408/4 2502/2405/4
f 1749/172/4 67/171/4 1747/2409/4 3371/2408/4
f 1849/2421/4 3372/2404/4 2503/2407/4 598/2422/4
f 178/466/4 1256/3347/4 3372/2404/4 1849/2421/4
f 1256/3347/4 498/3346/4 2502/2405/4 3372/2404/4
f 1350/481/4 3373/2400/4 1352/2403/4 216/482/4
f 598/2422/4 2503/2407/4 3373/2400/4 1350/481/4
f 2503/2407/4 886/2406/4 2501/2401/4 3373/2400/4
f 2498/2393/15 3374/2396/15 2500/2399/15 885/2394/15
f 603/2378/15 1854/495/15 3374/2396/15 2498/2393/15
f 1854/495/4 217/494/4 1852/2397/4 3374/2396/4
f 1612/3389/4 3375/2392/4 2499/2395/4 358/3390/4
f 173/510/4 1355/2379/4 3375/2392/4 1612/3389/4
f 1355/2379/4 603/2378/4 2498/2393/4 3375/2392/4
f 1119/158/4 3376/2388/4 1121/2391/4 66/159/4
f 358/3390/4 2499/2395/4 3376/2388/4 1119/158/4
f 2499/2395/4 885/2394/4 2497/2389/4 3376/2388/4
f 2494/2381/15 3377/2384/15 2496/2387/15 884/2382/15
f 308/1084/15 1562/903/15 3377/2384/15 2494/2381/15
f 1562/903/4 124/902/4 1853/2385/4 3377/2384/4
f 1744/2337/4 3378/2380/4 2495/2383/4 493/2338/4
f 38/199/4 1069/1085/4 3378/2380/4 1744/2337/4
f 1069/1085/4 308/1084/4 2494/2381/4 3378/2380/4
f 1251/509/4 3379/2376/4 1355/2379/4 173/510/4
f 493/2338/4 2495/2383/4 3379/2376/4 1251/509/4
f 2495/2383/4 884/2382/4 2493/2377/4 3379/2376/4
f 2490/2369/4 3380/2372/4 2492/2375/4 883/2370/4
f 437/3813/4 1690/20/4 3380/2372/4 2490/2369/4
f 1690/20/4 1/19/4 1695/2373/4 3380/2372/4
f 1853/2385/4 3381/2368/4 2491/2371/4 602/2386/4
f 124/902/4 1198/3814/4 3381/2368/4 1853/2385/4
f 1198/3814/4 437/3813/4 2490/2369/4 3381/2368/4
f 1354/493/4 3382/2364/4 1356/2367/4 217/494/4
f 602/2386/4 2491/2371/4 3382/2364/4 1354/493/4
f 2491/2371/4 883/2370/4 2489/2365/4 3382/2364/4
f 2486/2357/4 3383/2360/4 2488/2363/4 882/2358/4
f 607/2342/4 1858/507/4 3383/2360/4 2486/2357/4
f 1858/507/4 218/506/4 1856/2361/4 3383/2360/4
f 1573/3341/4 3384/2356/4 2487/2359/4 319/3342/4
f 135/462/4 1359/2343/4 3384/2356/4 1573/3341/4
f 1359/2343/4 607/2342/4 2486/2357/4 3384/2356/4
f 1080/174/4 3385/2352/4 1120/2355/4 49/175/4
f 319/3342/4 2487/2359/4 3385/2352/4 1080/174/4
f 2487/2359/4 882/2358/4 2485/2353/4 3385/2352/4
f 2482/2345/4 3386/2348/4 2484/2351/4 881/2346/4
f 268/2776/4 1522/372/4 3386/2348/4 2482/2345/4
f 1522/372/4 86/371/4 1857/2349/4 3386/2348/4
f 1703/2481/4 3387/2344/4 2483/2347/4 450/2482/4
f 11/23/4 1029/2777/4 3387/2344/4 1703/2481/4
f 1029/2777/4 268/2776/4 2482/2345/4 3387/2344/4
f 1210/461/4 3388/2340/4 1359/2343/4 135/462/4
f 450/2482/4 2483/2347/4 3388/2340/4 1210/461/4
f 2483/2347/4 881/2346/4 2481/2341/4 3388/2340/4
f 2478/2333/4 3389/2336/4 2480/2339/4 880/2334/4
f 400/3266/4 1654/200/4 3389/2336/4 2478/2333/4
f 1654/200/4 38/199/4 1744/2337/4 3389/2336/4
f 1857/2349/4 3390/2332/4 2479/2335/4 606/2350/4
f 86/371/4 1161/3267/4 3390/2332/4 1857/2349/4
f 1161/3267/4 400/3266/4 2478/2333/4 3390/2332/4
f 1358/505/4 3391/2328/4 1360/2331/4 218/506/4
f 606/2350/4 2479/2335/4 3391/2328/4 1358/505/4
f 2479/2335/4 880/2334/4 2477/2329/4 3391/2328/4
f 2474/2321/4 3392/2324/4 2476/2327/4 879/2322/4
f 611/2306/4 1862/519/4 3392/2324/4 2474/2321/4
f 1862/519/4 219/518/4 1860/2325/4 3392/2324/4
f 1535/3778/4 3393/2320/4 2475/2323/4 281/3779/4
f 98/878/4 1363/2307/4 3393/2320/4 1535/3778/4
f 1363/2307/4 611/2306/4 2474/2321/4 3393/2320/4
f 1042/34/4 3394/2316/4 1044/2319/4 21/35/4
f 281/3779/4 2475/2323/4 3394/2316/4 1042/34/4
f 2475/2323/4 879/2322/4 2473/2317/4 3394/2316/4
f 2470/2309/4 3395/2312/4 2472/2315/4 878/2310/4
f 359/2354/4 1613/503/4 3395/2312/4 2470/2309/4
f 1613/503/4 174/502/4 1861/2313/4 3395/2312/4
f 1665/1159/4 3396/2308/4 2471/2311/4 411/1160/4
f 49/175/4 1120/2355/4 3396/2308/4 1665/1159/4
f 1120/2355/4 359/2354/4 2470/2309/4 3396/2308/4
f 1172/877/4 3397/2304/4 1363/2307/4 98/878/4
f 411/1160/4 2471/2311/4 3397/2304/4 1172/877/4
f 2471/2311/4 878/2310/4 2469/2305/4 3397/2304/4
f 2466/2297/4 3398/2300/4 2468/2303/4 877/2298/4
f 494/3382/4 1745/160/4 3398/2300/4 2466/2297/4
f 1745/160/4 66/159/4 1743/2301/4 3398/2300/4
f 1861/2313/4 3399/2296/4 2467/2299/4 610/2314/4
f 174/502/4 1252/3383/4 3399/2296/4 1861/2313/4
f 1252/3383/4 494/3382/4 2466/2297/4 3399/2296/4
f 1362/517/4 3400/2292/4 1364/2295/4 219/518/4
f 610/2314/4 2467/2299/4 3400/2292/4 1362/517/4
f 2467/2299/4 877/2298/4 2465/2293/4 3400/2292/4
f 2462/2285/3 3401/2288/3 2464/2291/3 876/2286/3
f 615/2270/3 1866/531/3 3401/2288/3 2462/2285/3
f 1866/531/3 220/530/3 1864/2289/3 3401/2288/3
f 1608/3425/3 3402/2284/3 2463/2287/3 354/3426/3
f 169/546/3 1367/2271/3 3402/2284/3 1608/3425/3
f 1367/2271/3 615/2270/3 2462/2285/3 3402/2284/3
f 1115/146/3 3403/2280/3 1117/2283/3 65/147/3
f 354/3426/3 2463/2287/3 3403/2280/3 1115/146/3
f 2463/2287/3 876/2286/3 2461/2281/3 3403/2280/3
f 2458/2273/3 3404/2276/3 2460/2279/3 875/2274/3
f 324/1284/3 1578/835/3 3404/2276/3 2458/2273/3
f 1578/835/3 140/834/3 1865/2277/3 3404/2276/3
f 1740/2229/3 3405/2272/3 2459/2275/3 489/2230/3
f 54/131/3 1085/1285/3 3405/2272/3 1740/2229/3
f 1085/1285/3 324/1284/3 2458/2273/3 3405/2272/3
f 1247/545/3 3406/2268/3 1367/2271/3 169/546/3
f 489/2230/3 2459/2275/3 3406/2268/3 1247/545/3
f 2459/2275/3 875/2274/3 2457/2269/3 3406/2268/3
f 2454/2261/3 3407/2264/3 2456/2267/3 874/2262/3
f 455/3735/3 1708/48/3 3407/2264/3 2454/2261/3
f 1708/48/3 22/47/3 1706/2265/3 3407/2264/3
f 1865/2277/3 3408/2260/3 2455/2263/3 614/2278/3
f 140/834/3 1215/3736/3 3408/2260/3 1865/2277/3
f 1215/3736/3 455/3735/3 2454/2261/3 3408/2260/3
f 1366/529/3 3409/2256/3 1368/2259/3 220/530/3
f 614/2278/3 2455/2263/3 3409/2256/3 1366/529/3
f 2455/2263/3 874/2262/3 2453/2257/3 3409/2256/3
f 2450/2249/3 3410/2252/3 2452/2255/3 873/2250/3
f 619/2234/3 1870/543/3 3410/2252/3 2450/2249/3
f 1870/543/3 221/542/3 1868/2253/3 3410/2252/3
f 1159/4084/3 3411/2248/3 2451/2251/3 398/4085/3
f 84/4086/3 1371/2235/3 3411/2248/3 1159/4084/3
f 1371/2235/3 619/2234/3 2450/2249/3 3411/2248/3
f 1652/4087/3 3412/2244/3 1116/2247/3 36/4088/3
f 398/4085/3 2451/2251/3 3412/2244/3 1652/4087/3
f 2451/2251/3 873/2250/3 2449/2245/3 3412/2244/3
f 2446/2237/3 3413/2240/3 2448/2243/3 872/2238/3
f 286/2101/3 1540/587/3 3413/2240/3 2446/2237/3
f 1540/587/3 103/586/3 1869/2241/3 3413/2240/3
f 1027/4089/3 3414/2236/3 2447/2239/3 266/4090/3
f 9/4091/3 1047/2102/3 3414/2236/3 1027/4089/3
f 1047/2102/3 286/2101/3 2446/2237/3 3414/2236/3
f 1520/4092/3 3415/2232/3 1371/2235/3 84/4086/3
f 266/4090/3 2447/2239/3 3415/2232/3 1520/4092/3
f 2447/2239/3 872/2238/3 2445/2233/3 3415/2232/3
f 2442/2225/3 3416/2228/3 2444/2231/3 871/2226/3
f 416/3466/3 1670/132/3 3416/2228/3 2442/2225/3
f 1670/132/3 54/131/3 1740/2229/3 3416/2228/3
f 1869/2241/3 3417/2224/3 2443/2227/3 618/2242/3
f 103/586/3 1177/3467/3 3417/2224/3 1869/2241/3
f 1177/3467/3 416/3466/3 2442/2225/3 3417/2224/3
f 1370/541/3 3418/2220/3 1372/2223/3 221/542/3
f 618/2242/3 2443/2227/3 3418/2220/3 1370/541/3
f 2443/2227/3 871/2226/3 2441/2221/3 3418/2220/3
f 2438/2213/3 3419/2216/3 2440/2219/3 870/2214/3
f 623/2197/3 1874/555/3 3419/2216/3 2438/2213/3
f 1874/555/3 222/554/3 1872/2217/3 3419/2216/3
f 1196/4093/3 3420/2212/3 2439/2215/3 435/4094/3
f 122/4095/3 1375/2198/3 3420/2212/3 1196/4093/3
f 1375/2198/3 623/2197/3 2438/2213/3 3420/2212/3
f 6432/4096/3 6422/2211/3 1020/2210/3 6417/4003/3
f 435/4094/23 2439/2215/23 3421/2207/23 6423/4097/23 1688/4098/23
f 2439/2215/24 870/2214/24 2437/2208/24 3421/2207/24
f 2434/2200/3 3422/2203/3 2436/2206/3 869/2201/3
f 355/2246/3 1609/539/3 3422/2203/3 2434/2200/3
f 1609/539/3 170/538/3 1873/2204/3 3422/2203/3
f 1067/4099/3 3423/2199/3 2435/2202/3 306/4100/3
f 36/4088/3 1116/2247/3 3423/2199/3 1067/4099/3
f 1116/2247/3 355/2246/3 2434/2200/3 3423/2199/3
f 1560/4101/3 3424/2195/3 1375/2198/3 122/4095/3
f 306/4100/3 2435/2202/3 3424/2195/3 1560/4101/3
f 2435/2202/3 869/2201/3 2433/2196/3 3424/2195/3
f 2430/2188/3 3425/2191/3 2432/2194/3 868/2189/3
f 490/3418/3 1741/148/3 3425/2191/3 2430/2188/3
f 1741/148/3 65/147/3 1739/2192/3 3425/2191/3
f 1873/2204/3 3426/2187/3 2431/2190/3 622/2205/3
f 170/538/3 1248/3419/3 3426/2187/3 1873/2204/3
f 1248/3419/3 490/3418/3 2430/2188/3 3426/2187/3
f 1374/553/3 3427/2183/3 1376/2186/3 222/554/3
f 622/2205/3 2431/2190/3 3427/2183/3 1374/553/3
f 2431/2190/3 868/2189/3 2429/2184/3 3427/2183/3
f 2426/2176/3 3428/2179/3 2428/2182/3 867/2177/3
f 627/2161/3 1878/567/3 3428/2179/3 2426/2176/3
f 1878/567/3 223/566/3 1876/2180/3 3428/2179/3
f 1604/3461/3 3429/2175/3 2427/2178/3 350/3462/3
f 165/582/3 1379/2162/3 3429/2175/3 1604/3461/3
f 1379/2162/3 627/2161/3 2426/2176/3 3429/2175/3
f 1111/134/3 3430/2171/3 1113/2174/3 64/135/3
f 350/3462/3 2427/2178/3 3430/2171/3 1111/134/3
f 2427/2178/3 867/2177/3 2425/2172/3 3430/2171/3
f 2422/2164/3 3431/2167/3 2424/2170/3 866/2165/3
f 401/4102/3 1162/4103/3 3431/2167/3 2422/2164/3
f 1162/4103/3 87/4104/3 1877/2168/3 3431/2167/3
f 1736/2120/3 3432/2163/3 2423/2166/3 485/2121/3
f 39/4105/3 1655/4106/3 3432/2163/3 1736/2120/3
f 1655/4106/3 401/4102/3 2422/2164/3 3432/2163/3
f 1243/581/3 3433/2159/3 1379/2162/3 165/582/3
f 485/2121/3 2423/2166/3 3433/2159/3 1243/581/3
f 2423/2166/3 866/2165/3 2421/2160/3 3433/2159/3
f 2418/2152/3 3434/2155/3 2420/2158/3 865/2153/3
f 269/4107/3 1030/4108/3 3434/2155/3 2418/2152/3
f 1030/4108/3 12/4109/3 1707/2156/3 3434/2155/3
f 1877/2168/3 3435/2151/3 2419/2154/3 626/2169/3
f 87/4104/3 1523/4110/3 3435/2151/3 1877/2168/3
f 1523/4110/3 269/4107/3 2418/2152/3 3435/2151/3
f 1378/565/3 3436/2147/3 1380/2150/3 223/566/3
f 626/2169/3 2419/2154/3 3436/2147/3 1378/565/3
f 2419/2154/3 865/2153/3 2417/2148/3 3436/2147/3
f 2414/2140/3 3437/2143/3 2416/2146/3 864/2141/3
f 631/2125/3 1882/579/3 3437/2143/3 2414/2140/3
f 1882/579/3 224/578/3 1880/2144/3 3437/2143/3
f 1147/4111/3 3438/2139/3 2415/2142/3 386/4112/3
f 72/4113/3 1383/2126/3 3438/2139/3 1147/4111/3
f 1383/2126/3 631/2125/3 2414/2140/3 3438/2139/3
f 1640/4114/3 3439/2135/3 1112/2138/3 24/4115/3
f 386/4112/3 2415/2142/3 3439/2135/3 1640/4114/3
f 2415/2142/3 864/2141/3 2413/2136/3 3439/2135/3
f 2410/2128/3 3440/2131/3 2412/2134/3 863/2129/3
f 438/4116/3 1199/4117/3 3440/2131/3 2410/2128/3
f 1199/4117/3 125/4118/3 1881/2132/3 3440/2131/3
f 1015/4119/3 3441/2127/3 2411/2130/3 254/4120/3
f 8/4121/3 1691/4122/3 3441/2127/3 1015/4119/3
f 1691/4122/3 438/4116/3 2410/2128/3 3441/2127/3
f 1508/4123/3 3442/2123/3 1383/2126/3 72/4113/3
f 254/4120/3 2411/2130/3 3442/2123/3 1508/4123/3
f 2411/2130/3 863/2129/3 2409/2124/3 3442/2123/3
f 2406/2116/3 3443/2119/3 2408/2122/3 862/2117/3
f 309/4124/3 1070/4125/3 3443/2119/3 2406/2116/3
f 1070/4125/3 39/4105/3 1736/2120/3 3443/2119/3
f 1881/2132/3 3444/2115/3 2407/2118/3 630/2133/3
f 125/4118/3 1563/4126/3 3444/2115/3 1881/2132/3
f 1563/4126/3 309/4124/3 2406/2116/3 3444/2115/3
f 1382/577/3 3445/2111/3 1384/2114/3 224/578/3
f 630/2133/3 2407/2118/3 3445/2111/3 1382/577/3
f 2407/2118/3 862/2117/3 2405/2112/3 3445/2111/3
f 2402/2104/3 3446/2107/3 2404/2110/3 861/2105/3
f 635/2089/3 1886/591/3 3446/2107/3 2402/2104/3
f 1886/591/3 225/590/3 1884/2108/3 3446/2107/3
f 1184/4127/3 3447/2103/3 2403/2106/3 423/4128/3
f 110/4129/3 1387/2090/3 3447/2103/3 1184/4127/3
f 1387/2090/3 635/2089/3 2402/2104/3 3447/2103/3
f 1676/4130/3 3448/2099/3 1047/2102/3 9/4091/3
f 423/4128/3 2403/2106/3 3448/2099/3 1676/4130/3
f 2403/2106/3 861/2105/3 2401/2100/3 3448/2099/3
f 2398/2092/3 3449/2095/3 2400/2098/3 860/2093/3
f 351/2137/3 1605/575/3 3449/2095/3 2398/2092/3
f 1605/575/3 166/574/3 1885/2096/3 3449/2095/3
f 1055/4131/3 3450/2091/3 2399/2094/3 294/4132/3
f 24/4115/3 1112/2138/3 3450/2091/3 1055/4131/3
f 1112/2138/3 351/2137/3 2398/2092/3 3450/2091/3
f 1548/4133/3 3451/2087/3 1387/2090/3 110/4129/3
f 294/4132/3 2399/2094/3 3451/2087/3 1548/4133/3
f 2399/2094/3 860/2093/3 2397/2088/3 3451/2087/3
f 2394/2080/3 3452/2083/3 2396/2086/3 859/2081/3
f 486/3454/3 1737/136/3 3452/2083/3 2394/2080/3
f 1737/136/3 64/135/3 1735/2084/3 3452/2083/3
f 1885/2096/3 3453/2079/3 2395/2082/3 634/2097/3
f 166/574/3 1244/3455/3 3453/2079/3 1885/2096/3
f 1244/3455/3 486/3454/3 2394/2080/3 3453/2079/3
f 1386/589/3 3454/2075/3 1388/2078/3 225/590/3
f 634/2097/3 2395/2082/3 3454/2075/3 1386/589/3
f 2395/2082/3 859/2081/3 2393/2076/3 3454/2075/3
f 2390/2068/3 3455/2071/3 2392/2074/3 858/2069/3
f 639/2053/3 1890/603/3 3455/2071/3 2390/2068/3
f 1890/603/3 226/602/3 1888/2072/3 3455/2071/3
f 1600/3497/3 3456/2067/3 2391/2070/3 346/3498/3
f 161/618/3 1391/2054/3 3456/2067/3 1600/3497/3
f 1391/2054/3 639/2053/3 2390/2068/3 3456/2067/3
f 1107/122/3 3457/2063/3 1109/2066/3 63/123/3
f 346/3498/3 2391/2070/3 3457/2063/3 1107/122/3
f 2391/2070/3 858/2069/3 2389/2064/3 3457/2063/3
f 2386/2056/3 3458/2059/3 2388/2062/3 857/2057/3
f 389/4134/3 1150/4135/3 3458/2059/3 2386/2056/3
f 1150/4135/3 75/4136/3 1889/2060/3 3458/2059/3
f 1732/2012/3 3459/2055/3 2387/2058/3 481/2013/3
f 27/4137/3 1643/4138/3 3459/2055/3 1732/2012/3
f 1643/4138/3 389/4134/3 2386/2056/3 3459/2055/3
f 1239/617/3 3460/2051/3 1391/2054/3 161/618/3
f 481/2013/3 2387/2058/3 3460/2051/3 1239/617/3
f 2387/2058/3 857/2057/3 2385/2052/3 3460/2051/3
f 2382/2044/3 3461/2047/3 2384/2050/3 856/2045/3
f 257/4139/3 1018/4140/3 3461/2047/3 2382/2044/3
f 1018/4140/3 7/4141/3 1697/2048/3 3461/2047/3
f 1889/2060/3 3462/2043/3 2383/2046/3 638/2061/3
f 75/4136/3 1511/4142/3 3462/2043/3 1889/2060/3
f 1511/4142/3 257/4139/3 2382/2044/3 3462/2043/3
f 1390/601/3 3463/2039/3 1392/2042/3 226/602/3
f 638/2061/3 2383/2046/3 3463/2039/3 1390/601/3
f 2383/2046/3 856/2045/3 2381/2040/3 3463/2039/3
f 2378/2032/3 3464/2035/3 2380/2038/3 855/2033/3
f 643/2017/3 1894/615/3 3464/2035/3 2378/2032/3
f 1894/615/3 227/614/3 1892/2036/3 3464/2035/3
f 1577/3449/3 3465/2031/3 2379/2034/3 323/3450/3
f 139/570/3 1395/2018/3 3465/2031/3 1577/3449/3
f 1395/2018/3 643/2017/3 2378/2032/3 3465/2031/3
f 1084/138/3 3466/2027/3 1108/2030/3 53/139/3
f 323/3450/3 2379/2034/3 3466/2027/3 1084/138/3
f 2379/2034/3 855/2033/3 2377/2028/3 3466/2027/3
f 2374/2020/3 3467/2023/3 2376/2026/3 854/2021/3
f 426/4143/3 1187/4144/3 3467/2023/3 2374/2020/3
f 1187/4144/3 113/4145/3 1893/2024/3 3467/2023/3
f 1707/2156/3 3468/2019/3 2375/2022/3 454/2157/3
f 12/4109/3 1679/4146/3 3468/2019/3 1707/2156/3
f 1679/4146/3 426/4143/3 2374/2020/3 3468/2019/3
f 1214/569/3 3469/2015/3 1395/2018/3 139/570/3
f 454/2157/3 2375/2022/3 3469/2015/3 1214/569/3
f 2375/2022/3 854/2021/3 2373/2016/3 3469/2015/3
f 2370/2008/3 3470/2011/3 2372/2014/3 853/2009/3
f 297/4147/3 1058/4148/3 3470/2011/3 2370/2008/3
f 1058/4148/3 27/4137/3 1732/2012/3 3470/2011/3
f 1893/2024/3 3471/2007/3 2371/2010/3 642/2025/3
f 113/4145/3 1551/4149/3 3471/2007/3 1893/2024/3
f 1551/4149/3 297/4147/3 2370/2008/3 3471/2007/3
f 1394/613/3 3472/2003/3 1396/2006/3 227/614/3
f 642/2025/3 2371/2010/3 3472/2003/3 1394/613/3
f 2371/2010/3 853/2009/3 2369/2004/3 3472/2003/3
f 2366/1996/3 3473/1999/3 2368/2002/3 852/1997/3
f 647/1981/3 1898/627/3 3473/1999/3 2366/1996/3
f 1898/627/3 228/626/3 1896/2000/3 3473/1999/3
f 1539/3742/3 3474/1995/3 2367/1998/3 285/3743/3
f 102/842/3 1399/1982/3 3474/1995/3 1539/3742/3
f 1399/1982/3 647/1981/3 2366/1996/3 3474/1995/3
f 1046/46/3 3475/1991/3 1048/1994/3 22/47/3
f 285/3743/3 2367/1998/3 3475/1991/3 1046/46/3
f 2367/1998/3 852/1997/3 2365/1992/3 3475/1991/3
f 2362/1984/3 3476/1987/3 2364/1990/3 851/1985/3
f 347/2029/3 1601/611/3 3476/1987/3 2362/1984/3
f 1601/611/3 162/610/3 1897/1988/3 3476/1987/3
f 1669/1267/3 3477/1983/3 2363/1986/3 415/1268/3
f 53/139/3 1108/2030/3 3477/1983/3 1669/1267/3
f 1108/2030/3 347/2029/3 2362/1984/3 3477/1983/3
f 1176/841/3 3478/1979/3 1399/1982/3 102/842/3
f 415/1268/3 2363/1986/3 3478/1979/3 1176/841/3
f 2363/1986/3 851/1985/3 2361/1980/3 3478/1979/3
f 2358/1972/3 3479/1975/3 2360/1978/3 850/1973/3
f 482/3490/3 1733/124/3 3479/1975/3 2358/1972/3
f 1733/124/3 63/123/3 1731/1976/3 3479/1975/3
f 1897/1988/3 3480/1971/3 2359/1974/3 646/1989/3
f 162/610/3 1240/3491/3 3480/1971/3 1897/1988/3
f 1240/3491/3 482/3490/3 2358/1972/3 3480/1971/3
f 1398/625/3 3481/1967/3 1400/1970/3 228/626/3
f 646/1989/3 2359/1974/3 3481/1967/3 1398/625/3
f 2359/1974/3 850/1973/3 2357/1968/3 3481/1967/3
f 2354/1960/2 3482/1963/2 2356/1966/2 849/1961/2
f 651/1945/2 1902/639/2 3482/1963/2 2354/1960/2
f 1902/639/2 229/638/2 1900/1964/2 3482/1963/2
f 1167/4150/2 3483/1959/2 2355/1962/2 406/4151/2
f 92/4152/2 1403/1946/2 3483/1959/2 1167/4150/2
f 1403/1946/2 651/1945/2 2354/1960/2 3483/1959/2
f 1660/4153/2 3484/1955/2 1105/1958/2 44/4154/2
f 406/4151/2 2355/1962/2 3484/1955/2 1660/4153/2
f 2355/1962/2 849/1961/2 2353/1956/2 3484/1955/2
f 2350/1948/2 3485/1951/2 2352/1954/2 848/1949/2
f 289/1836/2 1543/659/2 3485/1951/2 2350/1948/2
f 1543/659/2 105/658/2 1901/1952/2 3485/1951/2
f 1035/4155/2 3486/1947/2 2351/1950/2 274/4156/2
f 17/4157/2 1050/1837/2 3486/1947/2 1035/4155/2
f 1050/1837/2 289/1836/2 2350/1948/2 3486/1947/2
f 1528/4158/2 3487/1943/2 1403/1946/2 92/4152/2
f 274/4156/2 2351/1950/2 3487/1943/2 1528/4158/2
f 2351/1950/2 848/1949/2 2349/1944/2 3487/1943/2
f 1901/1952/2 3488/1938/2 2348/1942/2 650/1953/2
f 105/658/2 1179/3549/2 3488/1938/2 1901/1952/2
f 1179/3549/2 418/3548/2 5730/4159/2 2347/1939/2 3488/1938/2
f 1402/637/2 3489/1933/2 1404/1937/2 229/638/2
f 650/1953/2 2348/1942/2 3489/1933/2 1402/637/2
f 2348/1942/2 847/1941/2 5729/4160/2 2346/1934/2 3489/1933/2
f 2343/1926/2 3490/1929/2 2345/1932/2 846/1927/2
f 655/1911/2 1905/647/2 3490/1929/2 2343/1926/2
f 1905/647/2 230/646/2 1903/1930/2 3490/1929/2
f 1204/4161/2 3491/1925/2 2344/1928/2 443/4162/2
f 130/4163/2 1407/1912/2 3491/1925/2 1204/4161/2
f 1407/1912/2 655/1911/2 2343/1926/2 3491/1925/2
f 1696/4164/2 3492/1921/2 1691/1924/2 8/4165/2
f 443/4162/2 2344/1928/2 3492/1921/2 1696/4164/2
f 2344/1928/2 846/1927/2 2342/1922/2 3492/1921/2
f 2339/1914/2 3493/1917/2 2341/1920/2 845/1915/2
f 344/1957/2 1598/635/2 3493/1917/2 2339/1914/2
f 1598/635/2 159/634/2 1904/1918/2 3493/1917/2
f 1075/4166/2 3494/1913/2 2340/1916/2 314/4167/2
f 44/4154/2 1105/1958/2 3494/1913/2 1075/4166/2
f 1105/1958/2 344/1957/2 2339/1914/2 3494/1913/2
f 1568/4168/2 3495/1909/2 1407/1912/2 130/4163/2
f 314/4167/2 2340/1916/2 3495/1909/2 1568/4168/2
f 2340/1916/2 845/1915/2 2338/1910/2 3495/1909/2
f 1904/1918/2 3496/1904/2 2337/1908/2 654/1919/2
f 159/634/2 1237/3516/2 3496/1904/2 1904/1918/2
f 1237/3516/2 479/3515/2 5728/4169/2 2336/1905/2 3496/1904/2
f 1406/645/2 3497/1899/2 1408/1903/2 230/646/2
f 654/1919/2 2337/1908/2 3497/1899/2 1406/645/2
f 2337/1908/2 844/1907/2 5727/4170/2 2335/1900/2 3497/1899/2
f 2332/1892/2 3498/1895/2 2334/1898/2 843/1893/2
f 298/1140/2 1552/883/2 3498/1895/2 2332/1892/2
f 1552/883/2 114/882/2 1906/1896/2 3498/1895/2
f 1730/1856/2 3499/1891/2 2333/1894/2 477/1857/2
f 28/179/2 1059/1141/2 3499/1891/2 1730/1856/2
f 1059/1141/2 298/1140/2 2332/1892/2 3499/1891/2
f 477/1857/2 2333/1894/2 3500/4171/2 5763/4172/2 1235/4173/2
f 2333/1894/2 843/1893/2 2331/4174/2 5764/4175/2 3500/4171/2
f 2328/1884/2 3501/1887/2 2330/1890/2 842/1885/2
f 427/3783/2 1680/32/2 3501/1887/2 2328/1884/2
f 1680/32/2 13/31/2 1710/1888/2 3501/1887/2
f 1906/1896/2 3502/1883/2 2329/1886/2 657/1897/2
f 114/882/2 1188/3784/2 3502/1883/2 1906/1896/2
f 1188/3784/2 427/3783/2 2328/1884/2 3502/1883/2
f 657/1897/2 2329/1886/2 3503/4176/2 5765/4177/2 1409/4178/2
f 2329/1886/2 842/1885/2 2327/4179/2 5766/4180/2 3503/4176/2
f 2324/1876/2 3504/1879/2 2326/1882/2 841/1877/2
f 660/1861/2 1909/655/2 3504/1879/2 2324/1876/2
f 1909/655/2 231/654/2 1907/1880/2 3504/1879/2
f 1155/4181/2 3505/1875/2 2325/1878/2 394/4182/2
f 80/4183/2 1412/1862/2 3505/1875/2 1155/4181/2
f 1412/1862/2 660/1861/2 2324/1876/2 3505/1875/2
f 1648/4184/2 3506/1871/2 1103/1874/2 32/4185/2
f 394/4182/2 2325/1878/2 3506/1871/2 1648/4184/2
f 2325/1878/2 841/1877/2 2323/1872/2 3506/1871/2
f 2320/1864/2 3507/1867/2 2322/1870/2 840/1865/2
f 258/2534/2 1512/443/2 3507/1867/2 2320/1864/2
f 1512/443/2 76/442/2 1908/1868/2 3507/1867/2
f 1023/4186/2 3508/1863/2 2321/1866/2 262/4187/2
f 4/4062/2 1019/2535/2 3508/1863/2 1023/4186/2
f 1019/2535/2 258/2534/2 2320/1864/2 3508/1863/2
f 1516/4188/2 3509/1859/2 1412/1862/2 80/4183/2
f 262/4187/2 2321/1866/2 3509/1859/2 1516/4188/2
f 2321/1866/2 840/1865/2 2319/1860/2 3509/1859/2
f 2316/1852/2 3510/1855/2 2318/1858/2 839/1853/2
f 390/3322/2 1644/180/2 3510/1855/2 2316/1852/2
f 1644/180/2 28/179/2 1730/1856/2 3510/1855/2
f 1908/1868/2 3511/1851/2 2317/1854/2 659/1869/2
f 76/442/2 1151/3323/2 3511/1851/2 1908/1868/2
f 1151/3323/2 390/3322/2 2316/1852/2 3511/1851/2
f 1411/653/2 3512/1846/2 1413/1850/2 231/654/2
f 659/1869/2 2317/1854/2 3512/1846/2 1411/653/2
f 2317/1854/2 839/1853/2 2315/1847/2 3512/1846/2
f 2312/1839/2 3513/1842/2 2314/1845/2 838/1840/2
f 664/1824/2 1912/663/2 3513/1842/2 2312/1839/2
f 1912/663/2 232/662/2 1910/1843/2 3513/1842/2
f 1192/4189/2 3514/1838/2 2313/1841/2 431/4190/2
f 118/4191/2 1416/1825/2 3514/1838/2 1192/4189/2
f 1416/1825/2 664/1824/2 2312/1839/2 3514/1838/2
f 1684/4192/2 3515/1834/2 1050/1837/2 17/4157/2
f 431/4190/2 2313/1841/2 3515/1834/2 1684/4192/2
f 2313/1841/2 838/1840/2 2311/1835/2 3515/1834/2
f 2308/1827/2 3516/1830/2 2310/1833/2 837/1828/2
f 342/1873/2 1596/651/2 3516/1830/2 2308/1827/2
f 1596/651/2 158/650/2 1911/1831/2 3516/1830/2
f 1063/4193/2 3517/1826/2 2309/1829/2 302/4194/2
f 32/4185/2 1103/1874/2 3517/1826/2 1063/4193/2
f 1103/1874/2 342/1873/2 2308/1827/2 3517/1826/2
f 1556/4195/2 3518/1822/2 1416/1825/2 118/4191/2
f 302/4194/2 2309/1829/2 3518/1822/2 1556/4195/2
f 2309/1829/2 837/1828/2 2307/1823/2 3518/1822/2
f 1911/1831/2 3519/1817/2 2306/1821/2 663/1832/2
f 158/650/2 1236/3539/2 3519/1817/2 1911/1831/2
f 1236/3539/2 478/3538/2 5726/4196/2 2305/1818/2 3519/1817/2
f 1415/661/2 3520/1812/2 1417/1816/2 232/662/2
f 663/1832/2 2306/1821/2 3520/1812/2 1415/661/2
f 2306/1821/2 836/1820/2 5725/4197/2 2304/1813/2 3520/1812/2
f 2301/1805/2 3521/1808/2 2303/1811/2 835/1806/2
f 310/1068/2 1564/911/2 3521/1808/2 2301/1805/2
f 1564/911/2 126/910/2 1913/1809/2 3521/1808/2
f 1728/1785/2 3522/1804/2 2302/1807/2 475/1786/2
f 40/207/2 1071/1069/2 3522/1804/2 1728/1785/2
f 1071/1069/2 310/1068/2 2301/1805/2 3522/1804/2
f 475/1786/2 2302/1807/2 3523/4198/2 5767/4199/2 1234/4200/2
f 2302/1807/2 835/1806/2 2300/4201/2 5768/4202/2 3523/4198/2
f 2297/1797/2 3524/1800/2 2299/1803/2 834/1798/2
f 439/3826/2 1692/16/2 3524/1800/2 2297/1797/2
f 1692/16/2 3/15/2 1694/1801/2 3524/1800/2
f 1913/1809/2 3525/1796/2 2298/1799/2 666/1810/2
f 126/910/2 1200/3827/2 3525/1796/2 1913/1809/2
f 1200/3827/2 439/3826/2 2297/1797/2 3525/1796/2
f 666/1810/2 2298/1799/2 3526/4203/2 5769/4204/2 1418/4205/2
f 2298/1799/2 834/1798/2 2296/4206/2 5770/4207/2 3526/4203/2
f 2293/1789/2 3527/1792/2 2295/1795/2 833/1790/2
f 270/2818/2 1524/356/2 3527/1792/2 2293/1789/2
f 1524/356/2 88/355/2 1915/1793/2 3527/1792/2
f 1710/1888/2 3528/1788/2 2294/1791/2 457/1889/2
f 13/31/2 1031/2819/2 3528/1788/2 1710/1888/2
f 1031/2819/2 270/2818/2 2293/1789/2 3528/1788/2
f 457/1889/2 2294/1791/2 3529/4208/2 5771/4209/2 1217/4210/2
f 2294/1791/2 833/1790/2 2292/4211/2 5772/4212/2 3529/4208/2
f 2289/1781/2 3530/1784/2 2291/1787/2 832/1782/2
f 402/3250/2 1656/208/2 3530/1784/2 2289/1781/2
f 1656/208/2 40/207/2 1728/1785/2 3530/1784/2
f 1915/1793/2 3531/1780/2 2290/1783/2 668/1794/2
f 88/355/2 1163/3251/2 3531/1780/2 1915/1793/2
f 1163/3251/2 402/3250/2 2289/1781/2 3531/1780/2
f 668/1794/2 2290/1783/2 3532/4213/2 5773/4214/2 1419/4215/2
f 2290/1783/2 832/1782/2 2288/4216/2 5774/4217/2 3532/4213/2
f 2285/1773/1 3533/1776/1 2287/1779/1 831/1774/1
f 671/1758/1 1918/675/1 3533/1776/1 2285/1773/1
f 1918/675/1 233/674/1 1916/1777/1 3533/1776/1
f 1593/3580/1 3534/1772/1 2286/1775/1 339/3581/1
f 155/690/1 1422/1759/1 3534/1772/1 1593/3580/1
f 1422/1759/1 671/1758/1 2285/1773/1 3534/1772/1
f 1100/102/1 3535/1768/1 1102/1771/1 62/103/1
f 339/3581/1 2286/1775/1 3535/1768/1 1100/102/1
f 2286/1775/1 831/1774/1 2284/1769/1 3535/1768/1
f 2281/1761/1 3536/1764/1 2283/1767/1 830/1762/1
f 328/1410/1 1582/791/1 3536/1764/1 2281/1761/1
f 1582/791/1 144/790/1 1917/1765/1 3536/1764/1
f 1725/1717/1 3537/1760/1 2282/1763/1 472/1718/1
f 58/87/1 1089/1411/1 3537/1760/1 1725/1717/1
f 1089/1411/1 328/1410/1 2281/1761/1 3537/1760/1
f 1231/689/1 3538/1756/1 1422/1759/1 155/690/1
f 472/1718/1 2282/1763/1 3538/1756/1 1231/689/1
f 2282/1763/1 830/1762/1 2280/1757/1 3538/1756/1
f 2277/1749/1 3539/1752/1 2279/1755/1 829/1750/1
f 461/3681/1 1714/68/1 3539/1752/1 2277/1749/1
f 1714/68/1 23/67/1 1712/1753/1 3539/1752/1
f 1917/1765/1 3540/1748/1 2278/1751/1 670/1766/1
f 144/790/1 1220/3682/1 3540/1748/1 1917/1765/1
f 1220/3682/1 461/3681/1 2277/1749/1 3540/1748/1
f 1421/673/1 3541/1744/1 1423/1747/1 233/674/1
f 670/1766/1 2278/1751/1 3541/1744/1 1421/673/1
f 2278/1751/1 829/1750/1 2276/1745/1 3541/1744/1
f 2273/1737/1 3542/1740/1 2275/1743/1 828/1738/1
f 675/1722/1 1922/687/1 3542/1740/1 2273/1737/1
f 1922/687/7 234/686/7 1920/1741/7 3542/1740/7
f 1555/3233/1 3543/1736/1 2274/1739/1 301/3234/1
f 117/339/1 1426/1723/1 3543/1736/1 1555/3233/1
f 1426/1723/1 675/1722/1 2273/1737/1 3543/1736/1
f 1062/214/1 3544/1732/1 1101/1735/1 31/215/1
f 301/3234/25 2274/1739/25 3544/1732/25 1062/214/25
f 2274/1739/25 828/1738/25 2272/1733/25 3544/1732/25
f 2269/1725/1 3545/1728/1 2271/1731/1 827/1726/1
f 292/1590/1 1546/731/1 3545/1728/1 2269/1725/1
f 1546/731/7 108/730/7 1921/1729/7 3545/1728/7
f 1683/2873/1 3546/1724/1 2270/1727/1 430/2874/1
f 16/39/1 1053/1591/1 3546/1724/1 1683/2873/1
f 1053/1591/1 292/1590/1 2269/1725/1 3546/1724/1
f 1191/338/1 3547/1720/1 1426/1723/1 117/339/1
f 430/2874/1 2270/1727/1 3547/1720/1 1191/338/1
f 2270/1727/1 827/1726/1 2268/1721/1 3547/1720/1
f 2265/1713/1 3548/1716/1 2267/1719/1 826/1714/1
f 421/3621/1 1674/88/1 3548/1716/1 2265/1713/1
f 1674/88/1 58/87/1 1725/1717/1 3548/1716/1
f 1921/1729/1 3549/1712/1 2266/1715/1 674/1730/1
f 108/730/1 1182/3622/1 3549/1712/1 1921/1729/1
f 1182/3622/1 421/3621/1 2265/1713/1 3549/1712/1
f 1425/685/1 3550/1708/1 1427/1711/1 234/686/1
f 674/1730/1 2266/1715/1 3550/1708/1 1425/685/1
f 2266/1715/1 826/1714/1 2264/1709/1 3550/1708/1
f 2261/1701/26 3551/1704/26 2263/1707/26 825/1702/26
f 679/1686/26 1926/699/26 3551/1704/26 2261/1701/26
f 1926/699/7 235/698/7 1924/1705/7 3551/1704/7
f 1515/3833/1 3552/1700/1 2262/1703/1 261/3834/1
f 79/918/1 1430/1687/1 3552/1700/1 1515/3833/1
f 1430/1687/1 679/1686/1 2261/1701/1 3552/1700/1
f 1022/14/1 3553/1696/1 1694/1699/1 3/15/1
f 261/3834/27 2262/1703/27 3553/1696/27 1022/14/27
f 2262/1703/27 825/1702/27 2260/1697/27 3553/1696/27
f 2257/1689/26 3554/1692/26 2259/1695/26 824/1690/26
f 340/1734/26 1594/683/26 3554/1692/26 2257/1689/26
f 1594/683/7 156/682/7 1925/1693/7 3554/1692/7
f 1647/1051/1 3555/1688/1 2258/1691/1 393/1052/1
f 31/215/1 1101/1735/1 3555/1688/1 1647/1051/1
f 1101/1735/1 340/1734/1 2257/1689/1 3555/1688/1
f 1154/917/1 3556/1684/1 1430/1687/1 79/918/1
f 393/1052/1 2258/1691/1 3556/1684/1 1154/917/1
f 2258/1691/1 824/1690/1 2256/1685/1 3556/1684/1
f 2253/1677/1 3557/1680/1 2255/1683/1 823/1678/1
f 473/3573/1 1726/104/1 3557/1680/1 2253/1677/1
f 1726/104/1 62/103/1 1724/1681/1 3557/1680/1
f 1925/1693/1 3558/1676/1 2254/1679/1 678/1694/1
f 156/682/1 1232/3574/1 3558/1676/1 1925/1693/1
f 1232/3574/1 473/3573/1 2253/1677/1 3558/1676/1
f 1429/697/1 3559/1672/1 1431/1675/1 235/698/1
f 678/1694/1 2254/1679/1 3559/1672/1 1429/697/1
f 2254/1679/1 823/1678/1 2252/1673/1 3559/1672/1
f 2249/1665/1 3560/1668/1 2251/1671/1 822/1666/1
f 683/1650/1 1930/711/1 3560/1668/1 2249/1665/1
f 1930/711/1 236/710/1 1928/1669/1 3560/1668/1
f 1589/3616/1 3561/1664/1 2250/1667/1 335/3617/1
f 151/726/1 1434/1651/1 3561/1664/1 1589/3616/1
f 1434/1651/1 683/1650/1 2249/1665/1 3561/1664/1
f 1096/90/1 3562/1660/1 1098/1663/1 61/91/1
f 335/3617/1 2250/1667/1 3562/1660/1 1096/90/1
f 2250/1667/1 822/1666/1 2248/1661/1 3562/1660/1
f 2245/1653/1 3563/1656/1 2247/1659/1 821/1654/1
f 304/4218/1 1558/4219/1 3563/1656/1 2245/1653/1
f 1558/4219/1 120/4220/1 1929/1657/1 3563/1656/1
f 1721/1609/1 3564/1652/1 2246/1655/1 468/1610/1
f 34/4221/1 1065/4222/1 3564/1652/1 1721/1609/1
f 1065/4222/1 304/4218/1 2245/1653/1 3564/1652/1
f 1227/725/1 3565/1648/1 1434/1651/1 151/726/1
f 468/1610/1 2246/1655/1 3565/1648/1 1227/725/1
f 2246/1655/1 821/1654/1 2244/1649/1 3565/1648/1
f 2241/1641/1 3566/1644/1 2243/1647/1 820/1642/1
f 433/4223/1 1686/4224/1 3566/1644/1 2241/1641/1
f 1686/4224/1 19/4225/1 1713/1645/1 3566/1644/1
f 1929/1657/1 3567/1640/1 2242/1643/1 682/1658/1
f 120/4220/1 1194/4226/1 3567/1640/1 1929/1657/1
f 1194/4226/1 433/4223/1 2241/1641/1 3567/1640/1
f 1433/709/1 3568/1636/1 1435/1639/1 236/710/1
f 682/1658/1 2242/1643/1 3568/1636/1 1433/709/1
f 2242/1643/1 820/1642/1 2240/1637/1 3568/1636/1
f 2237/1629/1 3569/1632/1 2239/1635/1 819/1630/1
f 687/1614/1 1934/723/1 3569/1632/1 2237/1629/1
f 1934/723/7 237/722/7 1932/1633/7 3569/1632/7
f 1567/3377/1 3570/1628/1 2238/1631/1 313/3378/1
f 129/498/1 1438/1615/1 3570/1628/1 1567/3377/1
f 1438/1615/1 687/1614/1 2237/1629/1 3570/1628/1
f 1074/162/1 3571/1624/1 1097/1627/1 43/163/1
f 313/3378/1 2238/1631/1 3571/1624/1 1074/162/1
f 2238/1631/1 819/1630/1 2236/1625/1 3571/1624/1
f 2233/1617/28 3572/1620/28 2235/1623/28 818/1618/28
f 264/4227/28 1518/4228/28 3572/1620/28 2233/1617/28
f 1518/4228/7 82/4229/7 1933/1621/7 3572/1620/7
f 1695/2373/1 3573/1616/1 2234/1619/1 442/2374/1
f 1/19/1 1025/4230/1 3573/1616/1 1695/2373/1
f 1025/4230/1 264/4227/1 2233/1617/1 3573/1616/1
f 1203/497/10 3574/1612/10 1438/1615/10 129/498/10
f 442/2374/1 2234/1619/1 3574/1612/1 1203/497/1
f 2234/1619/1 818/1618/1 2232/1613/1 3574/1612/1
f 2229/1605/1 3575/1608/1 2231/1611/1 817/1606/1
f 396/4231/1 1650/4232/1 3575/1608/1 2229/1605/1
f 1650/4232/1 34/4221/1 1721/1609/1 3575/1608/1
f 1933/1621/1 3576/1604/1 2230/1607/1 686/1622/1
f 82/4229/1 1157/4233/1 3576/1604/1 1933/1621/1
f 1157/4233/1 396/4231/1 2229/1605/1 3576/1604/1
f 1437/721/1 3577/1600/1 1439/1603/1 237/722/1
f 686/1622/1 2230/1607/1 3577/1600/1 1437/721/1
f 2230/1607/1 817/1606/1 2228/1601/1 3577/1600/1
f 2225/1593/1 3578/1596/1 2227/1599/1 816/1594/1
f 691/1578/1 1938/735/1 3578/1596/1 2225/1593/1
f 1938/735/7 238/734/7 1936/1597/7 3578/1596/7
f 1527/3766/1 3579/1592/1 2226/1595/1 273/3767/1
f 91/866/1 1442/1579/1 3579/1592/1 1527/3766/1
f 1442/1579/1 691/1578/1 2225/1593/1 3579/1592/1
f 1034/38/1 3580/1588/1 1053/1591/1 16/39/1
f 273/3767/1 2226/1595/1 3580/1588/1 1034/38/1
f 2226/1595/1 816/1594/1 2224/1589/1 3580/1588/1
f 2221/1581/1 3581/1584/1 2223/1587/1 815/1582/1
f 336/1626/1 1590/719/1 3581/1584/1 2221/1581/1
f 1590/719/7 152/718/7 1937/1585/7 3581/1584/7
f 1659/1195/1 3582/1580/1 2222/1583/1 405/1196/1
f 43/163/1 1097/1627/1 3582/1580/1 1659/1195/1
f 1097/1627/1 336/1626/1 2221/1581/1 3582/1580/1
f 1166/865/1 3583/1576/1 1442/1579/1 91/866/1
f 405/1196/1 2222/1583/1 3583/1576/1 1166/865/1
f 2222/1583/1 815/1582/1 2220/1577/1 3583/1576/1
f 2217/1569/1 3584/1572/1 2219/1575/1 814/1570/1
f 469/3609/1 1722/92/1 3584/1572/1 2217/1569/1
f 1722/92/1 61/91/1 1720/1573/1 3584/1572/1
f 1937/1585/1 3585/1568/1 2218/1571/1 690/1586/1
f 152/718/1 1228/3610/1 3585/1568/1 1937/1585/1
f 1228/3610/1 469/3609/1 2217/1569/1 3585/1568/1
f 1441/733/1 3586/1564/1 1443/1567/1 238/734/1
f 690/1586/1 2218/1571/1 3586/1564/1 1441/733/1
f 2218/1571/1 814/1570/1 2216/1565/1 3586/1564/1
f 2213/1557/1 3587/1560/1 2215/1563/1 813/1558/1
f 695/1542/1 1942/747/1 3587/1560/1 2213/1557/1
f 1942/747/1 239/746/1 1940/1561/1 3587/1560/1
f 1585/3652/1 3588/1556/1 2214/1559/1 331/3653/1
f 147/762/1 1446/1543/1 3588/1556/1 1585/3652/1
f 1446/1543/1 695/1542/1 2213/1557/1 3588/1556/1
f 1092/78/1 3589/1552/1 1094/1555/1 60/79/1
f 331/3653/1 2214/1559/1 3589/1552/1 1092/78/1
f 2214/1559/1 813/1558/1 2212/1553/1 3589/1552/1
f 2209/1545/1 3590/1548/1 2211/1551/1 812/1546/1
f 316/4234/1 1570/4235/1 3590/1548/1 2209/1545/1
f 1570/4235/1 132/4236/1 1941/1549/1 3590/1548/1
f 1717/1501/1 3591/1544/1 2210/1547/1 464/1502/1
f 46/4237/1 1077/4238/1 3591/1544/1 1717/1501/1
f 1077/4238/1 316/4234/1 2209/1545/1 3591/1544/1
f 1223/761/1 3592/1540/1 1446/1543/1 147/762/1
f 464/1502/1 2210/1547/1 3592/1540/1 1223/761/1
f 2210/1547/1 812/1546/1 2208/1541/1 3592/1540/1
f 2205/1533/1 3593/1536/1 2207/1539/1 811/1534/1
f 445/4239/1 1698/4240/1 3593/1536/1 2205/1533/1
f 1698/4240/1 5/4241/1 1024/1537/1 3593/1536/1
f 1941/1549/1 3594/1532/1 2206/1535/1 694/1550/1
f 132/4236/1 1206/4242/1 3594/1532/1 1941/1549/1
f 1206/4242/8 445/4239/8 2205/1533/8 3594/1532/8
f 1445/745/1 3595/1528/1 1447/1531/1 239/746/1
f 694/1550/1 2206/1535/1 3595/1528/1 1445/745/1
f 2206/1535/8 811/1534/8 2204/1529/8 3595/1528/8
f 2201/1521/1 3596/1524/1 2203/1527/1 810/1522/1
f 699/1506/1 1946/759/1 3596/1524/1 2201/1521/1
f 1946/759/1 240/758/1 1944/1525/1 3596/1524/1
f 1581/3604/1 3597/1520/1 2202/1523/1 327/3605/1
f 143/714/1 1450/1507/1 3597/1520/1 1581/3604/1
f 1450/1507/1 699/1506/1 2201/1521/1 3597/1520/1
f 1088/94/1 3598/1516/1 1093/1519/1 57/95/1
f 327/3605/1 2202/1523/1 3598/1516/1 1088/94/1
f 2202/1523/1 810/1522/1 2200/1517/1 3598/1516/1
f 2197/1509/1 3599/1512/1 2199/1515/1 809/1510/1
f 276/4243/1 1530/4244/1 3599/1512/1 2197/1509/1
f 1530/4244/1 94/4245/1 1945/1513/1 3599/1512/1
f 1713/1645/1 3600/1508/1 2198/1511/1 460/1646/1
f 19/4225/1 1037/4246/1 3600/1508/1 1713/1645/1
f 1037/4246/1 276/4243/1 2197/1509/1 3600/1508/1
f 1219/713/1 3601/1504/1 1450/1507/1 143/714/1
f 460/1646/1 2198/1511/1 3601/1504/1 1219/713/1
f 2198/1511/1 809/1510/1 2196/1505/1 3601/1504/1
f 2193/1497/1 3602/1500/1 2195/1503/1 808/1498/1
f 408/4247/1 1662/4248/1 3602/1500/1 2193/1497/1
f 1662/4248/1 46/4237/1 1717/1501/1 3602/1500/1
f 1945/1513/1 3603/1496/1 2194/1499/1 698/1514/1
f 94/4245/1 1169/4249/1 3603/1496/1 1945/1513/1
f 1169/4249/1 408/4247/1 2193/1497/1 3603/1496/1
f 1449/757/1 3604/1492/1 1451/1495/1 240/758/1
f 698/1514/1 2194/1499/1 3604/1492/1 1449/757/1
f 2194/1499/1 808/1498/1 2192/1493/1 3604/1492/1
f 2189/1485/1 3605/1488/1 2191/1491/1 807/1486/1
f 703/1470/1 1950/771/1 3605/1488/1 2189/1485/1
f 1950/771/1 241/770/1 1948/1489/1 3605/1488/1
f 1545/3688/1 3606/1484/1 2190/1487/1 291/3689/1
f 107/798/1 1454/1471/1 3606/1484/1 1545/3688/1
f 1454/1471/1 703/1470/1 2189/1485/1 3606/1484/1
f 1052/66/1 3607/1480/1 1054/1483/1 23/67/1
f 291/3689/1 2190/1487/1 3607/1480/1 1052/66/1
f 2190/1487/1 807/1486/1 2188/1481/1 3607/1480/1
f 2185/1473/1 3608/1476/1 2187/1479/1 806/1474/1
f 332/1518/1 1586/755/1 3608/1476/1 2185/1473/1
f 1586/755/1 148/754/1 1949/1477/1 3608/1476/1
f 1673/1393/1 3609/1472/1 2186/1475/1 420/1394/1
f 57/95/1 1093/1519/1 3609/1472/1 1673/1393/1
f 1093/1519/1 332/1518/1 2185/1473/1 3609/1472/1
f 1181/797/1 3610/1468/1 1454/1471/1 107/798/1
f 420/1394/1 2186/1475/1 3610/1468/1 1181/797/1
f 2186/1475/1 806/1474/1 2184/1469/1 3610/1468/1
f 2181/1461/1 3611/1464/1 2183/1467/1 805/1462/1
f 465/3645/1 1718/80/1 3611/1464/1 2181/1461/1
f 1718/80/1 60/79/1 1716/1465/1 3611/1464/1
f 1949/1477/1 3612/1460/1 2182/1463/1 702/1478/1
f 148/754/1 1224/3646/1 3612/1460/1 1949/1477/1
f 1224/3646/1 465/3645/1 2181/1461/1 3612/1460/1
f 1453/769/1 3613/1456/1 1455/1459/1 241/770/1
f 702/1478/1 2182/1463/1 3613/1456/1 1453/769/1
f 2182/1463/1 805/1462/1 2180/1457/1 3613/1456/1
f 2177/1449/1 3614/1452/1 2179/1455/1 804/1450/1
f 707/1434/1 1954/783/1 3614/1452/1 2177/1449/1
f 1954/783/1 242/782/1 1952/1453/1 3614/1452/1
f 1584/3664/1 3615/1448/1 2178/1451/1 330/3665/1
f 146/774/1 1458/1435/1 3615/1448/1 1584/3664/1
f 1458/1435/1 707/1434/1 2177/1449/1 3615/1448/1
f 1091/74/1 3616/1444/1 1090/1447/1 59/75/1
f 330/3665/1 2178/1451/1 3616/1444/1 1091/74/1
f 2178/1451/1 804/1450/1 2176/1445/1 3616/1444/1
f 2173/1437/1 3617/1440/1 2175/1443/1 803/1438/1
f 333/1554/1 1587/743/1 3617/1440/1 2173/1437/1
f 1587/743/1 149/742/1 1953/1441/1 3617/1440/1
f 1716/1465/1 3618/1436/1 2174/1439/1 463/1466/1
f 60/79/1 1094/1555/1 3618/1436/1 1716/1465/1
f 1094/1555/1 333/1554/1 2173/1437/1 3618/1436/1
f 1222/773/1 3619/1432/1 1458/1435/1 146/774/1
f 463/1466/1 2174/1439/1 3619/1432/1 1222/773/1
f 2174/1439/1 803/1438/1 2172/1433/1 3619/1432/1
f 2169/1425/1 3620/1428/1 2171/1431/1 802/1426/1
f 466/3633/1 1719/84/1 3620/1428/1 2169/1425/1
f 1719/84/1 33/83/1 1064/1429/1 3620/1428/1
f 1953/1441/1 3621/1424/1 2170/1427/1 706/1442/1
f 149/742/1 1225/3634/1 3621/1424/1 1953/1441/1
f 1225/3634/8 466/3633/8 2169/1425/8 3621/1424/8
f 1457/781/1 3622/1420/1 1459/1423/1 242/782/1
f 706/1442/1 2170/1427/1 3622/1420/1 1457/781/1
f 2170/1427/8 802/1426/8 2168/1421/8 3622/1420/8
f 2165/1413/1 3623/1416/1 2167/1419/1 801/1414/1
f 711/1398/1 1958/795/1 3623/1416/1 2165/1413/1
f 1958/795/1 243/794/1 1956/1417/1 3623/1416/1
f 1588/3628/1 3624/1412/1 2166/1415/1 334/3629/1
f 150/738/1 1462/1399/1 3624/1412/1 1588/3628/1
f 1462/1399/1 711/1398/1 2165/1413/1 3624/1412/1
f 1095/86/1 3625/1408/1 1089/1411/1 58/87/1
f 334/3629/1 2166/1415/1 3625/1408/1 1095/86/1
f 2166/1415/1 801/1414/1 2164/1409/1 3625/1408/1
f 2161/1401/1 3626/1404/1 2163/1407/1 800/1402/1
f 337/1662/1 1591/707/1 3626/1404/1 2161/1401/1
f 1591/707/1 153/706/1 1957/1405/1 3626/1404/1
f 1720/1573/1 3627/1400/1 2162/1403/1 467/1574/1
f 61/91/1 1098/1663/1 3627/1400/1 1720/1573/1
f 1098/1663/1 337/1662/1 2161/1401/1 3627/1400/1
f 1226/737/1 3628/1396/1 1462/1399/1 150/738/1
f 467/1574/1 2162/1403/1 3628/1396/1 1226/737/1
f 2162/1403/1 800/1402/1 2160/1397/1 3628/1396/1
f 2157/1389/1 3629/1392/1 2159/1395/1 799/1390/1
f 470/3597/1 1723/96/1 3629/1392/1 2157/1389/1
f 1723/96/1 57/95/1 1673/1393/1 3629/1392/1
f 1957/1405/1 3630/1388/1 2158/1391/1 710/1406/1
f 153/706/1 1229/3598/1 3630/1388/1 1957/1405/1
f 1229/3598/1 470/3597/1 2157/1389/1 3630/1388/1
f 1461/793/1 3631/1384/1 1463/1387/1 243/794/1
f 710/1406/1 2158/1391/1 3631/1384/1 1461/793/1
f 2158/1391/1 799/1390/1 2156/1385/1 3631/1384/1
f 2153/1377/1 3632/1380/1 2155/1383/1 798/1378/1
f 715/1362/1 1962/807/1 3632/1380/1 2153/1377/1
f 1962/807/1 244/806/1 1960/1381/1 3632/1380/1
f 1592/3592/1 3633/1376/1 2154/1379/1 338/3593/1
f 154/702/1 1466/1363/1 3633/1376/1 1592/3592/1
f 1466/1363/1 715/1362/1 2153/1377/1 3633/1376/1
f 1099/98/1 3634/1372/1 1658/1375/1 42/99/1
f 338/3593/1 2154/1379/1 3634/1372/1 1099/98/1
f 2154/1379/1 798/1378/1 2152/1373/1 3634/1372/1
f 2149/1365/1 3635/1368/1 2151/1371/1 797/1366/1
f 341/1770/1 1595/671/1 3635/1368/1 2149/1365/1
f 1595/671/1 157/670/1 1961/1369/1 3635/1368/1
f 1724/1681/1 3636/1364/1 2150/1367/1 471/1682/1
f 62/103/1 1102/1771/1 3636/1364/1 1724/1681/1
f 1102/1771/1 341/1770/1 2149/1365/1 3636/1364/1
f 1230/701/1 3637/1360/1 1466/1363/1 154/702/1
f 471/1682/1 2150/1367/1 3637/1360/1 1230/701/1
f 2150/1367/1 797/1366/1 2148/1361/1 3637/1360/1
f 2145/1353/1 3638/1356/1 2147/1359/1 796/1354/1
f 474/3561/1 1727/108/1 3638/1356/1 2145/1353/1
f 1727/108/1 56/107/1 1672/1357/1 3638/1356/1
f 1961/1369/1 3639/1352/1 2146/1355/1 714/1370/1
f 157/670/1 1233/3562/1 3639/1352/1 1961/1369/1
f 1233/3562/1 474/3561/1 2145/1353/1 3639/1352/1
f 1465/805/1 3640/1348/1 1467/1351/1 244/806/1
f 714/1370/1 2146/1355/1 3640/1348/1 1465/805/1
f 2146/1355/1 796/1354/1 2144/1349/1 3640/1348/1
f 2142/4250/2 3641/1344/2 2143/1347/2 795/4251/2 5698/4252/2
f 476/4253/2 1729/112/2 3641/1344/2 2142/4250/2 5724/4254/2
f 1729/112/2 42/111/2 1658/1345/2 3641/1344/2
f 2138/1336/2 5775/4255/2 3642/1339/2 2140/1343/2 794/1337/2
f 1597/3532/2 5777/4256/2 3643/1334/2 2139/1338/2 343/3533/2
f 1104/114/2 3644/1330/2 1655/1333/2 39/115/2
f 343/3533/2 2139/1338/2 3644/1330/2 1104/114/2
f 2139/1338/2 794/1337/2 2137/1331/2 3644/1330/2
f 2134/1323/3 3645/1326/3 2136/1329/3 793/1324/3
f 721/1308/3 1968/827/3 3645/1326/3 2134/1323/3
f 1968/827/3 245/826/3 1966/1327/3 3645/1326/3
f 1599/3509/3 3646/1322/3 2135/1325/3 345/3510/3
f 160/630/3 1471/1309/3 3646/1322/3 1599/3509/3
f 1471/1309/3 721/1308/3 2134/1323/3 3646/1322/3
f 1106/118/3 3647/1318/3 1086/1321/3 55/119/3
f 345/3510/3 2135/1325/3 3647/1318/3 1106/118/3
f 2135/1325/3 793/1324/3 2133/1319/3 3647/1318/3
f 2130/1311/3 3648/1314/3 2132/1317/3 792/1312/3
f 348/2065/3 1602/599/3 3648/1314/3 2130/1311/3
f 1602/599/3 163/598/3 1967/1315/3 3648/1314/3
f 1731/1976/3 3649/1310/3 2131/1313/3 480/1977/3
f 63/123/3 1109/2066/3 3649/1310/3 1731/1976/3
f 1109/2066/3 348/2065/3 2130/1311/3 3649/1310/3
f 1238/629/3 3650/1306/3 1471/1309/3 160/630/3
f 480/1977/3 2131/1313/3 3650/1306/3 1238/629/3
f 2131/1313/3 792/1312/3 2129/1307/3 3650/1306/3
f 2126/1299/3 3651/1302/3 2128/1305/3 791/1300/3
f 483/3478/3 1734/128/3 3651/1302/3 2126/1299/3
f 1734/128/3 45/127/3 1661/1303/3 3651/1302/3
f 1967/1315/3 3652/1298/3 2127/1301/3 720/1316/3
f 163/598/3 1241/3479/3 3652/1298/3 1967/1315/3
f 1241/3479/3 483/3478/3 2126/1299/3 3652/1298/3
f 1470/825/3 3653/1294/3 1472/1297/3 245/826/3
f 720/1316/3 2127/1301/3 3653/1294/3 1470/825/3
f 2127/1301/3 791/1300/3 2125/1295/3 3653/1294/3
f 2122/1287/3 3654/1290/3 2124/1293/3 790/1288/3
f 725/1272/3 1972/839/3 3654/1290/3 2122/1287/3
f 1972/839/3 246/838/3 1970/1291/3 3654/1290/3
f 1603/3473/3 3655/1286/3 2123/1289/3 349/3474/3
f 164/594/3 1475/1273/3 3655/1286/3 1603/3473/3
f 1475/1273/3 725/1272/3 2122/1287/3 3655/1286/3
f 1110/130/3 3656/1282/3 1085/1285/3 54/131/3
f 349/3474/3 2123/1289/3 3656/1282/3 1110/130/3
f 2123/1289/3 790/1288/3 2121/1283/3 3656/1282/3
f 2118/1275/3 3657/1278/3 2120/1281/3 789/1276/3
f 352/2173/3 1606/563/3 3657/1278/3 2118/1275/3
f 1606/563/3 167/562/3 1971/1279/3 3657/1278/3
f 1735/2084/3 3658/1274/3 2119/1277/3 484/2085/3
f 64/135/3 1113/2174/3 3658/1274/3 1735/2084/3
f 1113/2174/3 352/2173/3 2118/1275/3 3658/1274/3
f 1242/593/3 3659/1270/3 1475/1273/3 164/594/3
f 484/2085/3 2119/1277/3 3659/1270/3 1242/593/3
f 2119/1277/3 789/1276/3 2117/1271/3 3659/1270/3
f 2114/1263/3 3660/1266/3 2116/1269/3 788/1264/3
f 487/3442/3 1738/140/3 3660/1266/3 2114/1263/3
f 1738/140/3 53/139/3 1669/1267/3 3660/1266/3
f 1971/1279/3 3661/1262/3 2115/1265/3 724/1280/3
f 167/562/3 1245/3443/3 3661/1262/3 1971/1279/3
f 1245/3443/3 487/3442/3 2114/1263/3 3661/1262/3
f 1474/837/3 3662/1258/3 1476/1261/3 246/838/3
f 724/1280/3 2115/1265/3 3662/1258/3 1474/837/3
f 2115/1265/3 788/1264/3 2113/1259/3 3662/1258/3
f 2110/1251/3 3663/1254/3 2112/1257/3 787/1252/3
f 729/1236/3 1976/851/3 3663/1254/3 2110/1251/3
f 1976/851/3 247/850/3 1974/1255/3 3663/1254/3
f 1607/3437/3 3664/1250/3 2111/1253/3 353/3438/3
f 168/558/3 1479/1237/3 3664/1250/3 1607/3437/3
f 1479/1237/3 729/1236/3 2110/1251/3 3664/1250/3
f 1114/142/3 3665/1246/3 1060/1249/3 29/143/3
f 353/3438/3 2111/1253/3 3665/1246/3 1114/142/3
f 2111/1253/3 787/1252/3 2109/1247/3 3665/1246/3
f 2106/1239/3 3666/1242/3 2108/1245/3 786/1240/3
f 356/2282/3 1610/527/3 3666/1242/3 2106/1239/3
f 1610/527/3 171/526/3 1975/1243/3 3666/1242/3
f 1739/2192/3 3667/1238/3 2107/1241/3 488/2193/3
f 65/147/3 1117/2283/3 3667/1238/3 1739/2192/3
f 1117/2283/3 356/2282/3 2106/1239/3 3667/1238/3
f 1246/557/3 3668/1234/3 1479/1237/3 168/558/3
f 488/2193/3 2107/1241/3 3668/1234/3 1246/557/3
f 2107/1241/3 786/1240/3 2105/1235/3 3668/1234/3
f 2102/1227/3 3669/1230/3 2104/1233/3 785/1228/3
f 491/3406/3 1742/152/3 3669/1230/3 2102/1227/3
f 1742/152/3 52/151/3 1668/1231/3 3669/1230/3
f 1975/1243/3 3670/1226/3 2103/1229/3 728/1244/3
f 171/526/3 1249/3407/3 3670/1226/3 1975/1243/3
f 1249/3407/3 491/3406/3 2102/1227/3 3670/1226/3
f 1478/849/3 3671/1222/3 1480/1225/3 247/850/3
f 728/1244/3 2103/1229/3 3671/1222/3 1478/849/3
f 2103/1229/3 785/1228/3 2101/1223/3 3671/1222/3
f 2098/1215/15 3672/1218/15 2100/1221/15 784/1216/15
f 733/1200/15 1980/863/15 3672/1218/15 2098/1215/15
f 1980/863/4 248/862/4 1978/1219/4 3672/1218/4
f 1611/3401/4 3673/1214/4 2099/1217/4 357/3402/4
f 172/522/4 1483/1201/4 3673/1214/4 1611/3401/4
f 1483/1201/4 733/1200/4 2098/1215/4 3673/1214/4
f 1118/154/4 3674/1210/4 1082/1213/4 51/155/4
f 357/3402/4 2099/1217/4 3674/1210/4 1118/154/4
f 2099/1217/4 784/1216/4 2097/1211/4 3674/1210/4
f 2094/1203/15 3675/1206/15 2096/1209/15 783/1204/15
f 360/2390/15 1614/491/15 3675/1206/15 2094/1203/15
f 1614/491/4 175/490/4 1979/1207/4 3675/1206/4
f 1743/2301/4 3676/1202/4 2095/1205/4 492/2302/4
f 66/159/4 1121/2391/4 3676/1202/4 1743/2301/4
f 1121/2391/4 360/2390/4 2094/1203/4 3676/1202/4
f 1250/521/4 3677/1198/4 1483/1201/4 172/522/4
f 492/2302/4 2095/1205/4 3677/1198/4 1250/521/4
f 2095/1205/4 783/1204/4 2093/1199/4 3677/1198/4
f 2090/1191/4 3678/1194/4 2092/1197/4 782/1192/4
f 495/3370/4 1746/164/4 3678/1194/4 2090/1191/4
f 1746/164/4 43/163/4 1659/1195/4 3678/1194/4
f 1979/1207/4 3679/1190/4 2091/1193/4 732/1208/4
f 175/490/4 1253/3371/4 3679/1190/4 1979/1207/4
f 1253/3371/4 495/3370/4 2090/1191/4 3679/1190/4
f 1482/861/4 3680/1186/4 1484/1189/4 248/862/4
f 732/1208/4 2091/1193/4 3680/1186/4 1482/861/4
f 2091/1193/4 782/1192/4 2089/1187/4 3680/1186/4
f 2086/1179/4 3681/1182/4 2088/1185/4 781/1180/4
f 737/1164/4 1984/875/4 3681/1182/4 2086/1179/4
f 1984/875/4 249/874/4 1982/1183/4 3681/1182/4
f 1615/3365/4 3682/1178/4 2087/1181/4 361/3366/4
f 176/486/4 1487/1165/4 3682/1178/4 1615/3365/4
f 1487/1165/4 737/1164/4 2086/1179/4 3682/1178/4
f 1122/166/4 3683/1174/4 1081/1177/4 50/167/4
f 361/3366/4 2087/1181/4 3683/1174/4 1122/166/4
f 2087/1181/4 781/1180/4 2085/1175/4 3683/1174/4
f 2082/1167/4 3684/1170/4 2084/1173/4 780/1168/4
f 364/2498/4 1618/455/4 3684/1170/4 2082/1167/4
f 1618/455/4 179/454/4 1983/1171/4 3684/1170/4
f 1747/2409/4 3685/1166/4 2083/1169/4 496/2410/4
f 67/171/4 1125/2499/4 3685/1166/4 1747/2409/4
f 1125/2499/4 364/2498/4 2082/1167/4 3685/1166/4
f 1254/485/4 3686/1162/4 1487/1165/4 176/486/4
f 496/2410/4 2083/1169/4 3686/1162/4 1254/485/4
f 2083/1169/4 780/1168/4 2081/1163/4 3686/1162/4
f 2078/1155/4 3687/1158/4 2080/1161/4 779/1156/4
f 499/3334/4 1750/176/4 3687/1158/4 2078/1155/4
f 1750/176/4 49/175/4 1665/1159/4 3687/1158/4
f 1983/1171/4 3688/1154/4 2079/1157/4 736/1172/4
f 179/454/4 1257/3335/4 3688/1154/4 1983/1171/4
f 1257/3335/4 499/3334/4 2078/1155/4 3688/1154/4
f 1486/873/4 3689/1150/4 1488/1153/4 249/874/4
f 736/1172/4 2079/1157/4 3689/1150/4 1486/873/4
f 2079/1157/4 779/1156/4 2077/1151/4 3689/1150/4
f 2074/1143/4 3690/1146/4 2076/1149/4 778/1144/4
f 741/1128/4 1988/887/4 3690/1146/4 2074/1143/4
f 1988/887/4 250/886/4 1986/1147/4 3690/1146/4
f 1619/3329/4 3691/1142/4 2075/1145/4 365/3330/4
f 180/450/4 1491/1129/4 3691/1142/4 1619/3329/4
f 1491/1129/4 741/1128/4 2074/1143/4 3691/1142/4
f 1126/178/4 3692/1138/4 1059/1141/4 28/179/4
f 365/3330/4 2075/1145/4 3692/1138/4 1126/178/4
f 2075/1145/4 778/1144/4 2073/1139/4 3692/1138/4
f 2070/1131/4 3693/1134/4 2072/1137/4 777/1132/4
f 368/2606/4 1622/419/4 3693/1134/4 2070/1131/4
f 1622/419/4 183/418/4 1987/1135/4 3693/1134/4
f 1751/2517/4 3694/1130/4 2071/1133/4 500/2518/4
f 68/183/4 1129/2607/4 3694/1130/4 1751/2517/4
f 1129/2607/4 368/2606/4 2070/1131/4 3694/1130/4
f 1258/449/4 3695/1126/4 1491/1129/4 180/450/4
f 500/2518/4 2071/1133/4 3695/1126/4 1258/449/4
f 2071/1133/4 777/1132/4 2069/1127/4 3695/1126/4
f 2066/1119/4 3696/1122/4 2068/1125/4 776/1120/4
f 503/3298/4 1754/188/4 3696/1122/4 2066/1119/4
f 1754/188/4 48/187/4 1664/1123/4 3696/1122/4
f 1987/1135/4 3697/1118/4 2067/1121/4 740/1136/4
f 183/418/4 1261/3299/4 3697/1118/4 1987/1135/4
f 1261/3299/4 503/3298/4 2066/1119/4 3697/1118/4
f 1490/885/4 3698/1114/4 1492/1117/4 250/886/4
f 740/1136/4 2067/1121/4 3698/1114/4 1490/885/4
f 2067/1121/4 776/1120/4 2065/1115/4 3698/1114/4
f 2063/4257/14 3699/1110/14 2064/1113/14 775/4258/14 5295/4259/14
f 505/4260/14 1756/192/14 3699/1110/14 2063/4257/14 5321/4261/14
f 1756/192/5 46/191/5 1662/1111/5 3699/1110/5
f 2059/1102/9 5363/4262/9 3700/1105/9 2061/1109/9 774/1103/9
f 1624/3289/9 5365/4263/9 3701/1100/9 2060/1104/9 370/3290/9
f 1131/194/5 3702/1096/5 1057/1099/5 26/195/5
f 370/3290/5 2060/1104/5 3702/1096/5 1131/194/5
f 2060/1104/5 774/1103/5 2058/1097/5 3702/1096/5
f 2055/1088/9 5367/4264/9 3703/1091/9 2057/1095/9 773/1089/9
f 1626/3275/9 5369/4265/9 3704/1086/9 2056/1090/9 372/3276/9
f 1133/198/5 3705/1082/5 1069/1085/5 38/199/5
f 372/3276/5 2056/1090/5 3705/1082/5 1133/198/5
f 2056/1090/5 773/1089/5 2054/1083/5 3705/1082/5
f 2052/4266/14 3706/1078/14 2053/1081/14 772/4267/14 5293/4268/14
f 507/4269/14 1758/204/14 3706/1078/14 2052/4266/14 5319/4270/14
f 1758/204/5 34/203/5 1650/1079/5 3706/1078/5
f 2048/1071/15 3707/1074/15 2050/1077/15 771/1072/15
f 749/1056/15 1996/915/15 3707/1074/15 2048/1071/15
f 1996/915/4 251/914/4 1994/1075/4 3707/1074/4
f 1627/3257/4 3708/1070/4 2049/1073/4 373/3258/4
f 186/363/4 1497/1057/4 3708/1070/4 1627/3257/4
f 1497/1057/4 749/1056/4 2048/1071/4 3708/1070/4
f 1134/206/4 3709/1066/4 1071/1069/4 40/207/4
f 373/3258/4 2049/1073/4 3709/1066/4 1134/206/4
f 2049/1073/4 771/1072/4 2047/1067/4 3709/1066/4
f 2044/1059/15 3710/1062/15 2046/1065/15 770/1060/15
f 376/2890/15 1630/332/15 3710/1062/15 2044/1059/15
f 1630/332/4 189/331/4 1995/1063/4 3710/1062/4
f 1759/2801/4 3711/1058/4 2045/1061/4 508/2802/4
f 69/211/4 1137/2891/4 3711/1058/4 1759/2801/4
f 1137/2891/4 376/2890/4 2044/1059/4 3711/1058/4
f 1264/362/4 3712/1054/4 1497/1057/4 186/363/4
f 508/2802/4 2045/1061/4 3712/1054/4 1264/362/4
f 2045/1061/4 770/1060/4 2043/1055/4 3712/1054/4
f 2040/1047/4 3713/1050/4 2042/1053/4 769/1048/4
f 511/3226/4 1762/216/4 3713/1050/4 2040/1047/4
f 1762/216/4 31/215/4 1647/1051/4 3713/1050/4
f 1995/1063/4 3714/1046/4 2041/1049/4 748/1064/4
f 189/331/4 1267/3227/4 3714/1046/4 1995/1063/4
f 1267/3227/4 511/3226/4 2040/1047/4 3714/1046/4
f 1496/913/4 3715/1042/4 1498/1045/4 251/914/4
f 748/1064/4 2041/1049/4 3715/1042/4 1496/913/4
f 2041/1049/4 769/1048/4 2039/1043/4 3715/1042/4
f 2036/1035/3 3716/1038/3 2038/1041/3 768/1036/3
f 753/1020/3 2000/927/3 3716/1038/3 2036/1035/3
f 2000/927/3 252/926/3 1998/1039/3 3716/1038/3
f 1631/3221/3 3717/1034/3 2037/1037/3 377/3222/3
f 190/327/3 1501/1021/3 3717/1034/3 1631/3221/3
f 1501/1021/3 753/1020/3 2036/1035/3 3717/1034/3
f 1138/218/3 3718/1030/3 1072/1033/3 41/219/3
f 377/3222/3 2037/1037/3 3718/1030/3 1138/218/3
f 2037/1037/3 768/1036/3 2035/1031/3 3718/1030/3
f 2032/1023/3 3719/1026/3 2034/1029/3 767/1024/3
f 380/2998/3 1634/296/3 3719/1026/3 2032/1023/3
f 1634/296/3 193/295/3 1999/1027/3 3719/1026/3
f 1763/2909/3 3720/1022/3 2033/1025/3 512/2910/3
f 70/223/3 1141/2999/3 3720/1022/3 1763/2909/3
f 1141/2999/3 380/2998/3 2032/1023/3 3720/1022/3
f 1268/326/3 3721/1018/3 1501/1021/3 190/327/3
f 512/2910/3 2033/1025/3 3721/1018/3 1268/326/3
f 2033/1025/3 767/1024/3 2031/1019/3 3721/1018/3
f 2028/1011/3 3722/1014/3 2030/1017/3 766/1012/3
f 515/3190/3 1766/228/3 3722/1014/3 2028/1011/3
f 1766/228/3 33/227/3 1649/1015/3 3722/1014/3
f 1999/1027/3 3723/1010/3 2029/1013/3 752/1028/3
f 193/295/3 1271/3191/3 3723/1010/3 1999/1027/3
f 1271/3191/3 515/3190/3 2028/1011/3 3723/1010/3
f 1500/925/3 3724/1006/3 1502/1009/3 252/926/3
f 752/1028/3 2029/1013/3 3724/1006/3 1500/925/3
f 2029/1013/3 766/1012/3 2027/1007/3 3724/1006/3
f 2024/998/2 5779/4271/2 3725/1001/2 2026/1005/2 765/999/2
f 1635/3185/2 5781/4272/2 3726/996/2 2025/1000/2 381/3186/2
f 1142/230/2 3727/992/2 1643/995/2 27/231/2
f 381/3186/2 2025/1000/2 3727/992/2 1142/230/2
f 2025/1000/2 765/999/2 2023/993/2 3727/992/2
f 2021/4273/2 3728/988/2 2022/991/2 764/4274/2 5696/4275/2
f 516/4276/2 1767/236/2 3728/988/2 2021/4273/2 5722/4277/2
f 1767/236/2 30/235/2 1646/989/2 3728/988/2
f 2017/981/1 3729/984/1 2019/987/1 763/982/1
f 759/966/1 2006/947/1 3729/984/1 2017/981/1
f 2006/947/1 253/946/1 2004/985/1 3729/984/1
f 1636/3167/1 3730/980/1 2018/983/1 382/3168/1
f 194/283/1 1506/967/1 3730/980/1 1636/3167/1
f 1506/967/1 759/966/1 2017/981/1 3730/980/1
f 1143/238/1 3731/976/1 1646/979/1 30/239/1
f 382/3168/1 2018/983/1 3731/976/1 1143/238/1
f 2018/983/1 763/982/1 2016/977/1 3731/976/1
f 2013/969/1 3732/972/1 2015/975/1 762/970/1
f 385/3124/1 1639/252/1 3732/972/1 2013/969/1
f 1639/252/1 197/251/1 2005/973/1 3732/972/1
f 1768/3035/1 3733/968/1 2014/971/1 517/3036/1
f 71/243/1 1146/3125/1 3733/968/1 1768/3035/1
f 1146/3125/1 385/3124/1 2013/969/1 3733/968/1
f 1272/282/1 3734/964/1 1506/967/1 194/283/1
f 517/3036/1 2014/971/1 3734/964/1 1272/282/1
f 2014/971/1 762/970/1 2012/965/1 3734/964/1
f 2009/957/1 3735/960/1 2011/963/1 761/958/1
f 520/3136/1 1771/248/1 3735/960/1 2009/957/1
f 1771/248/1 45/247/1 1076/961/1 3735/960/1
f 2005/973/1 3736/956/1 2010/959/1 758/974/1
f 197/251/1 1275/3137/1 3736/956/1 2005/973/1
f 1275/3137/8 520/3136/8 2009/957/8 3736/956/8
f 1505/945/1 3737/952/1 1507/955/1 253/946/1
f 758/974/1 2010/959/1 3737/952/1 1505/945/1
f 2010/959/8 761/958/8 2008/953/8 3737/952/8
f 2008/953/1 3738/948/1 2007/951/1 760/954/1
f 761/958/1 2011/963/1 3738/948/1 2008/953/1
f 2011/963/1 315/962/1 1569/949/1 3738/948/1
f 2012/965/1 3739/944/1 2006/947/1 759/966/1
f 762/970/1 2015/975/1 3739/944/1 2012/965/1
f 2015/975/1 758/974/1 1505/945/1 3739/944/1
f 2016/977/1 3740/940/1 1153/943/1 392/978/1
f 763/982/1 2019/987/1 3740/940/1 2016/977/1
f 2019/987/1 757/986/1 1504/941/1 3740/940/1
f 2020/4278/2 3741/936/2 2003/939/2 756/3873/2 5695/4279/2
f 764/4274/2 2022/991/2 3741/936/2 2020/4278/2 5721/4280/2
f 2022/991/2 392/990/2 1153/937/2 3741/936/2
f 2023/993/2 3742/932/2 1150/935/2 389/994/2
f 765/999/2 2026/1005/2 3742/932/2 2023/993/2
f 2026/1005/2 755/1004/2 1503/933/2 3742/932/2
f 2027/1007/3 3743/928/3 2001/931/3 754/1008/3
f 766/1012/3 2030/1017/3 3743/928/3 2027/1007/3
f 2030/1017/3 395/1016/3 1156/929/3 3743/928/3
f 2031/1019/3 3744/924/3 2000/927/3 753/1020/3
f 767/1024/3 2034/1029/3 3744/924/3 2031/1019/3
f 2034/1029/3 752/1028/3 1500/925/3 3744/924/3
f 2035/1031/3 3745/920/3 1565/923/3 311/1032/3
f 768/1036/3 2038/1041/3 3745/920/3 2035/1031/3
f 2038/1041/3 751/1040/3 1499/921/3 3745/920/3
f 2039/1043/4 3746/916/4 1997/919/4 750/1044/4
f 769/1048/4 2042/1053/4 3746/916/4 2039/1043/4
f 2042/1053/4 393/1052/4 1154/917/4 3746/916/4
f 2043/1055/15 3747/912/15 1996/915/15 749/1056/15
f 770/1060/15 2046/1065/15 3747/912/15 2043/1055/15
f 2046/1065/4 748/1064/4 1496/913/4 3747/912/4
f 2047/1067/15 3748/908/15 1564/911/15 310/1068/15
f 771/1072/15 2050/1077/15 3748/908/15 2047/1067/15
f 2050/1077/4 747/1076/4 1495/909/4 3748/908/4
f 2051/4281/14 3749/904/14 1993/907/14 746/3876/14 5292/4282/14
f 772/4267/14 2053/1081/14 3749/904/14 2051/4281/14 5318/4283/14
f 2053/1081/5 396/1080/5 1157/905/5 3749/904/5
f 2054/1083/5 3750/900/5 1562/903/5 308/1084/5
f 773/1089/5 2057/1095/5 3750/900/5 2054/1083/5
f 2057/1095/5 745/1094/5 1494/901/5 3750/900/5
f 2058/1097/5 3751/896/5 1550/899/5 296/1098/5
f 774/1103/5 2061/1109/5 3751/896/5 2058/1097/5
f 2061/1109/5 744/1108/5 1493/897/5 3751/896/5
f 5694/3908/29 5376/3907/29 4110/3907/29 5510/3908/29
f 5693/3910/29 5375/3906/29 4159/3906/29 5535/3910/29
f 5692/4284/29 5408/4260/29 4094/4260/29 5509/4284/29
f 5691/4285/29 5377/4286/29 4158/4286/29 5534/4285/29
f 5690/4268/29 5385/4267/29 4106/4267/29 5501/4268/29
f 5689/4038/4 5378/4037/4 4146/4037/4 5566/4038/4
f 5688/4287/29 5379/3909/29 4103/3909/29 5504/4287/29
f 5687/4282/29 5406/3876/29 4105/3876/29 5500/4282/29
f 2062/4288/14 3752/892/14 1990/895/14 743/3884/14 5294/4289/14
f 775/4258/14 2064/1113/14 3752/892/14 2062/4288/14 5320/4290/14
f 2064/1113/5 408/1112/5 1169/893/5 3752/892/5
f 5686/3283/3 5384/3282/3 4168/3282/3 5548/3283/3
f 5685/4035/4 5382/4034/4 4177/4034/4 5565/4035/4
f 5684/4270/29 5383/4266/29 4139/4266/29 5527/4270/29
f 5683/3912/3 5413/2745/3 4131/2745/3 5547/3912/3
f 5682/4283/29 5386/4281/29 4138/4281/29 5526/4283/29
f 5681/3288/3 5387/3287/3 4167/3287/3 5546/3288/3
f 2065/1115/4 3753/888/4 1989/891/4 742/1116/4
f 776/1120/4 2068/1125/4 3753/888/4 2065/1115/4
f 2068/1125/4 410/1124/4 1171/889/4 3753/888/4
f 2069/1127/4 3754/884/4 1988/887/4 741/1128/4
f 777/1132/4 2072/1137/4 3754/884/4 2069/1127/4
f 2072/1137/4 740/1136/4 1490/885/4 3754/884/4
f 2073/1139/4 3755/880/4 1552/883/4 298/1140/4
f 778/1144/4 2076/1149/4 3755/880/4 2073/1139/4
f 2076/1149/4 739/1148/4 1489/881/4 3755/880/4
f 2077/1151/4 3756/876/4 1985/879/4 738/1152/4
f 779/1156/4 2080/1161/4 3756/876/4 2077/1151/4
f 2080/1161/4 411/1160/4 1172/877/4 3756/876/4
f 2081/1163/4 3757/872/4 1984/875/4 737/1164/4
f 780/1168/4 2084/1173/4 3757/872/4 2081/1163/4
f 2084/1173/4 736/1172/4 1486/873/4 3757/872/4
f 2085/1175/4 3758/868/4 1574/871/4 320/1176/4
f 781/1180/4 2088/1185/4 3758/868/4 2085/1175/4
f 2088/1185/4 735/1184/4 1485/869/4 3758/868/4
f 2089/1187/4 3759/864/4 1981/867/4 734/1188/4
f 782/1192/4 2092/1197/4 3759/864/4 2089/1187/4
f 2092/1197/4 405/1196/4 1166/865/4 3759/864/4
f 2093/1199/15 3760/860/15 1980/863/15 733/1200/15
f 783/1204/15 2096/1209/15 3760/860/15 2093/1199/15
f 2096/1209/4 732/1208/4 1482/861/4 3760/860/4
f 2097/1211/15 3761/856/15 1575/859/15 321/1212/15
f 784/1216/15 2100/1221/15 3761/856/15 2097/1211/15
f 2100/1221/4 731/1220/4 1481/857/4 3761/856/4
f 2101/1223/3 3762/852/3 1977/855/3 730/1224/3
f 785/1228/3 2104/1233/3 3762/852/3 2101/1223/3
f 2104/1233/3 414/1232/3 1175/853/3 3762/852/3
f 2105/1235/3 3763/848/3 1976/851/3 729/1236/3
f 786/1240/3 2108/1245/3 3763/848/3 2105/1235/3
f 2108/1245/3 728/1244/3 1478/849/3 3763/848/3
f 2109/1247/3 3764/844/3 1553/847/3 299/1248/3
f 787/1252/3 2112/1257/3 3764/844/3 2109/1247/3
f 2112/1257/3 727/1256/3 1477/845/3 3764/844/3
f 2113/1259/3 3765/840/3 1973/843/3 726/1260/3
f 788/1264/3 2116/1269/3 3765/840/3 2113/1259/3
f 2116/1269/3 415/1268/3 1176/841/3 3765/840/3
f 2117/1271/3 3766/836/3 1972/839/3 725/1272/3
f 789/1276/3 2120/1281/3 3766/836/3 2117/1271/3
f 2120/1281/3 724/1280/3 1474/837/3 3766/836/3
f 2121/1283/3 3767/832/3 1578/835/3 324/1284/3
f 790/1288/3 2124/1293/3 3767/832/3 2121/1283/3
f 2124/1293/3 723/1292/3 1473/833/3 3767/832/3
f 2125/1295/3 3768/828/3 1969/831/3 722/1296/3
f 791/1300/3 2128/1305/3 3768/828/3 2125/1295/3
f 2128/1305/3 407/1304/3 1168/829/3 3768/828/3
f 2129/1307/3 3769/824/3 1968/827/3 721/1308/3
f 792/1312/3 2132/1317/3 3769/824/3 2129/1307/3
f 2132/1317/3 720/1316/3 1470/825/3 3769/824/3
f 2133/1319/3 3770/820/3 1579/823/3 325/1320/3
f 793/1324/3 2136/1329/3 3770/820/3 2133/1319/3
f 2136/1329/3 719/1328/3 1469/821/3 3770/820/3
f 2137/1331/2 3771/816/2 1162/819/2 401/1332/2
f 794/1337/2 2140/1343/2 3771/816/2 2137/1331/2
f 2140/1343/2 718/1342/2 1468/817/2 3771/816/2
f 6286/1940/1 5842/1939/1 4042/1939/1 5926/1940/1
f 6285/3898/1 5893/1815/1 3996/1815/1 5986/3898/1
f 6284/1935/1 5847/1934/1 4041/1934/1 5925/1935/1
f 6283/3899/1 5808/3553/1 4009/3553/1 5985/3899/1
f 2141/4291/2 3772/812/2 1964/815/2 717/3891/2 5697/4292/2
f 795/4251/2 2143/1347/2 3772/812/2 2141/4291/2 5723/4293/2
f 2143/1347/2 404/1346/2 1165/813/2 3772/812/2
f 6282/4207/3 5793/4206/3 4032/4206/3 6044/4207/3
f 6281/4277/29 5816/4273/29 4025/4273/29 5959/4277/29
f 6280/4204/3 5787/4203/3 4073/4203/3 6043/4204/3
f 6279/4280/29 5819/4278/29 4024/4278/29 5958/4280/29
f 6278/3900/1 5852/1849/1 3995/1849/1 5984/3900/1
f 6277/3890/29 5860/3889/29 4011/3889/29 5944/3890/29
f 2144/1349/1 3773/808/1 1963/811/1 716/1350/1
f 796/1354/1 2147/1359/1 3773/808/1 2144/1349/1
f 2147/1359/1 419/1358/1 1180/809/1 3773/808/1
f 2148/1361/1 3774/804/1 1962/807/1 715/1362/1
f 797/1366/1 2151/1371/1 3774/804/1 2148/1361/1
f 2151/1371/1 714/1370/1 1465/805/1 3774/804/1
f 2152/1373/1 3775/800/1 1165/803/1 404/1374/1
f 798/1378/1 2155/1383/1 3775/800/1 2152/1373/1
f 2155/1383/1 713/1382/1 1464/801/1 3775/800/1
f 2156/1385/1 3776/796/1 1959/799/1 712/1386/1
f 799/1390/1 2159/1395/1 3776/796/1 2156/1385/1
f 2159/1395/1 420/1394/1 1181/797/1 3776/796/1
f 2160/1397/1 3777/792/1 1958/795/1 711/1398/1
f 800/1402/1 2163/1407/1 3777/792/1 2160/1397/1
f 2163/1407/1 710/1406/1 1461/793/1 3777/792/1
f 2164/1409/1 3778/788/1 1582/791/1 328/1410/1
f 801/1414/1 2167/1419/1 3778/788/1 2164/1409/1
f 2167/1419/1 709/1418/1 1460/789/1 3778/788/1
f 2168/1421/1 3779/784/1 1955/787/1 708/1422/1
f 802/1426/1 2171/1431/1 3779/784/1 2168/1421/1
f 2171/1431/1 303/1430/1 1557/785/1 3779/784/1
f 2172/1433/1 3780/780/1 1954/783/1 707/1434/1
f 803/1438/1 2175/1443/1 3780/780/1 2172/1433/1
f 2175/1443/1 706/1442/1 1457/781/1 3780/780/1
f 2176/1445/1 3781/776/1 1583/779/1 329/1446/1
f 804/1450/1 2179/1455/1 3781/776/1 2176/1445/1
f 2179/1455/1 705/1454/1 1456/777/1 3781/776/1
f 2180/1457/1 3782/772/1 1951/775/1 704/1458/1
f 805/1462/1 2183/1467/1 3782/772/1 2180/1457/1
f 2183/1467/1 463/1466/1 1222/773/1 3782/772/1
f 2184/1469/1 3783/768/1 1950/771/1 703/1470/1
f 806/1474/1 2187/1479/1 3783/768/1 2184/1469/1
f 2187/1479/1 702/1478/1 1453/769/1 3783/768/1
f 2188/1481/1 3784/764/1 1547/767/1 293/1482/1
f 807/1486/1 2191/1491/1 3784/764/1 2188/1481/1
f 2191/1491/1 701/1490/1 1452/765/1 3784/764/1
f 2192/1493/1 3785/760/1 1947/763/1 700/1494/1
f 808/1498/1 2195/1503/1 3785/760/1 2192/1493/1
f 2195/1503/1 464/1502/1 1223/761/1 3785/760/1
f 2196/1505/1 3786/756/1 1946/759/1 699/1506/1
f 809/1510/1 2199/1515/1 3786/756/1 2196/1505/1
f 2199/1515/1 698/1514/1 1449/757/1 3786/756/1
f 2200/1517/1 3787/752/1 1586/755/1 332/1518/1
f 810/1522/1 2203/1527/1 3787/752/1 2200/1517/1
f 2203/1527/1 697/1526/1 1448/753/1 3787/752/1
f 2204/1529/1 3788/748/1 1943/751/1 696/1530/1
f 811/1534/1 2207/1539/1 3788/748/1 2204/1529/1
f 2207/1539/1 263/1538/1 1517/749/1 3788/748/1
f 2208/1541/1 3789/744/1 1942/747/1 695/1542/1
f 812/1546/1 2211/1551/1 3789/744/1 2208/1541/1
f 2211/1551/1 694/1550/1 1445/745/1 3789/744/1
f 2212/1553/1 3790/740/1 1587/743/1 333/1554/1
f 813/1558/1 2215/1563/1 3790/740/1 2212/1553/1
f 2215/1563/1 693/1562/1 1444/741/1 3790/740/1
f 2216/1565/1 3791/736/1 1939/739/1 692/1566/1
f 814/1570/1 2219/1575/1 3791/736/1 2216/1565/1
f 2219/1575/1 467/1574/1 1226/737/1 3791/736/1
f 2220/1577/1 3792/732/1 1938/735/1 691/1578/1
f 815/1582/1 2223/1587/1 3792/732/1 2220/1577/1
f 2223/1587/7 690/1586/7 1441/733/7 3792/732/7
f 2224/1589/1 3793/728/1 1546/731/1 292/1590/1
f 816/1594/1 2227/1599/1 3793/728/1 2224/1589/1
f 2227/1599/7 689/1598/7 1440/729/7 3793/728/7
f 2228/1601/1 3794/724/1 1935/727/1 688/1602/1
f 817/1606/1 2231/1611/1 3794/724/1 2228/1601/1
f 2231/1611/1 468/1610/1 1227/725/1 3794/724/1
f 2232/1613/30 3795/720/30 1934/723/30 687/1614/30
f 818/1618/28 2235/1623/28 3795/720/28 2232/1613/28
f 2235/1623/7 686/1622/7 1437/721/7 3795/720/7
f 2236/1625/1 3796/716/1 1590/719/1 336/1626/1
f 819/1630/1 2239/1635/1 3796/716/1 2236/1625/1
f 2239/1635/7 685/1634/7 1436/717/7 3796/716/7
f 2240/1637/1 3797/712/1 1931/715/1 684/1638/1
f 820/1642/1 2243/1647/1 3797/712/1 2240/1637/1
f 2243/1647/1 460/1646/1 1219/713/1 3797/712/1
f 2244/1649/1 3798/708/1 1930/711/1 683/1650/1
f 821/1654/1 2247/1659/1 3798/708/1 2244/1649/1
f 2247/1659/1 682/1658/1 1433/709/1 3798/708/1
f 2248/1661/1 3799/704/1 1591/707/1 337/1662/1
f 822/1666/1 2251/1671/1 3799/704/1 2248/1661/1
f 2251/1671/1 681/1670/1 1432/705/1 3799/704/1
f 2252/1673/1 3800/700/1 1927/703/1 680/1674/1
f 823/1678/1 2255/1683/1 3800/700/1 2252/1673/1
f 2255/1683/1 471/1682/1 1230/701/1 3800/700/1
f 2256/1685/26 3801/696/26 1926/699/26 679/1686/26
f 824/1690/26 2259/1695/26 3801/696/26 2256/1685/26
f 2259/1695/7 678/1694/7 1429/697/7 3801/696/7
f 2260/1697/1 3802/692/1 1202/695/1 441/1698/1
f 825/1702/31 2263/1707/31 3802/692/31 2260/1697/31
f 2263/1707/7 677/1706/7 1428/693/7 3802/692/7
f 2264/1709/1 3803/688/1 1923/691/1 676/1710/1
f 826/1714/1 2267/1719/1 3803/688/1 2264/1709/1
f 2267/1719/1 472/1718/1 1231/689/1 3803/688/1
f 2268/1721/1 3804/684/1 1922/687/1 675/1722/1
f 827/1726/1 2271/1731/1 3804/684/1 2268/1721/1
f 2271/1731/7 674/1730/7 1425/685/7 3804/684/7
f 2272/1733/26 3805/680/26 1594/683/26 340/1734/26
f 828/1738/32 2275/1743/32 3805/680/32 2272/1733/32
f 2275/1743/7 673/1742/7 1424/681/7 3805/680/7
f 2276/1745/1 3806/676/1 1919/679/1 672/1746/1
f 829/1750/1 2279/1755/1 3806/676/1 2276/1745/1
f 2279/1755/1 459/1754/1 1218/677/1 3806/676/1
f 2280/1757/1 3807/672/1 1918/675/1 671/1758/1
f 830/1762/1 2283/1767/1 3807/672/1 2280/1757/1
f 2283/1767/1 670/1766/1 1421/673/1 3807/672/1
f 2284/1769/1 3808/668/1 1595/671/1 341/1770/1
f 831/1774/1 2287/1779/1 3808/668/1 2284/1769/1
f 2287/1779/1 669/1778/1 1420/669/1 3808/668/1
f 6276/3901/1 5821/3543/1 4008/3543/1 5983/3901/1
f 6275/4294/29 5829/3930/29 3987/3930/29 5943/4294/29
f 6274/4295/3 5812/4215/3 4017/4215/3 6072/4295/3
f 6273/4296/3 5790/4297/3 4081/4297/3 6071/4296/3
f 6272/4180/3 5797/4179/3 4037/4179/3 6037/4180/3
f 6271/4177/3 5791/4176/3 4071/4176/3 6036/4177/3
f 6270/4298/3 5792/4178/3 4015/4178/3 6085/4298/3
f 6269/4299/29 5887/3896/29 3997/3896/29 5914/4299/29
f 6268/4300/3 5801/4200/3 4013/4200/3 6069/4300/3
f 6267/4301/3 5794/4302/3 4085/4302/3 6084/4301/3
f 832/1782/2 2291/1787/2 3809/4303/2 5783/4304/2 2288/4216/2
f 2291/1787/2 475/1786/2 1234/4200/2 5784/4300/2 3809/4303/2
f 6266/4304/3 5795/4303/3 4080/4303/3 6068/4304/3
f 833/1790/2 2295/1795/2 3810/4297/2 5785/4296/2 2292/4211/2
f 2295/1795/2 668/1794/2 1419/4215/2 5786/4295/2 3810/4297/2
f 6265/1906/1 5879/1905/1 4040/1905/1 5923/1906/1
f 6264/3903/1 5796/1902/1 3994/1902/1 5982/3903/1
f 6263/1901/1 5885/1900/1 4039/1900/1 5922/1901/1
f 2296/4206/2 3811/664/2 1914/667/2 667/3896/2 5699/4299/2
f 834/1798/2 2299/1803/2 3811/664/2 2296/4206/2
f 2299/1803/2 441/1802/2 1202/665/2 3811/664/2
f 6262/3895/29 5891/3894/29 4010/3894/29 5942/3895/29
f 835/1806/2 2303/1811/2 3812/4305/2 5788/4306/2 2300/4201/2
f 2303/1811/2 666/1810/2 1418/4205/2 5789/4307/2 3812/4305/2
f 6261/4308/3 5833/4210/3 4012/4210/3 6082/4308/3
f 6260/4309/29 5836/4253/29 3988/4253/29 5941/4309/29
f 6259/4202/3 5877/4201/3 4033/4201/3 6041/4202/3
f 6258/4310/3 5798/4311/3 4084/4311/3 6081/4310/3
f 6257/3874/29 5859/3854/29 4061/3854/29 5994/3874/29
f 6256/4199/3 5804/4198/3 4072/4198/3 6040/4199/3
f 2307/1823/2 3813/660/2 1912/663/2 664/1824/2
f 837/1828/2 2310/1833/2 3813/660/2 2307/1823/2
f 2310/1833/2 663/1832/2 1415/661/2 3813/660/2
f 2311/1835/2 3814/656/2 1543/659/2 289/1836/2
f 838/1840/2 2314/1845/2 3814/656/2 2311/1835/2
f 2314/1845/2 662/1844/2 1414/657/2 3814/656/2
f 6255/3904/1 5807/1936/1 3993/1936/1 5981/3904/1
f 839/1853/2 2318/1858/2 3815/4312/2 5799/4313/2 2315/1847/2
f 2318/1858/2 477/1857/2 1235/4173/2 5800/4314/2 3815/4312/2
f 2319/1860/2 3816/652/2 1909/655/2 660/1861/2
f 840/1865/2 2322/1870/2 3816/652/2 2319/1860/2
f 2322/1870/2 659/1869/2 1411/653/2 3816/652/2
f 2323/1872/2 3817/648/2 1596/651/2 342/1873/2
f 841/1877/2 2326/1882/2 3817/648/2 2323/1872/2
f 2326/1882/2 658/1881/2 1410/649/2 3817/648/2
f 6254/3552/1 5809/3551/1 4055/3551/1 5939/3552/1
f 842/1885/2 2330/1890/2 3818/4311/2 5802/4310/2 2327/4179/2
f 2330/1890/2 457/1889/2 1217/4210/2 5803/4308/2 3818/4311/2
f 6253/3905/1 5837/3520/1 4007/3520/1 5980/3905/1
f 843/1893/2 2334/1898/2 3819/4302/2 5805/4301/2 2331/4174/2
f 2334/1898/2 657/1897/2 1409/4178/2 5806/4298/2 3819/4302/2
f 6252/4217/3 5810/4216/3 4030/4216/3 6050/4217/3
f 6251/3547/1 5811/3546/1 4054/3546/1 5938/3547/1
f 6250/4214/3 5813/4213/3 4075/4213/3 6049/4214/3
f 6249/1335/4 5815/1334/4 4077/1334/4 6058/1335/4
f 6248/3926/29 5845/3922/29 4047/3922/29 5977/3926/29
f 6247/4175/3 5814/4174/3 4038/4174/3 6034/4175/3
f 2338/1910/2 3820/644/2 1905/647/2 655/1911/2
f 845/1915/2 2341/1920/2 3820/644/2 2338/1910/2
f 2341/1920/2 654/1919/2 1406/645/2 3820/644/2
f 2342/1922/2 3821/640/2 1199/643/2 438/1923/2
f 846/1927/2 2345/1932/2 3821/640/2 2342/1922/2
f 2345/1932/2 653/1931/2 1405/641/2 3821/640/2
f 6246/4256/4 5849/3532/4 4019/3532/4 6057/4256/4
f 6245/4275/29 5817/4274/29 4000/4274/29 5909/4275/29
f 6244/4315/29 5850/4316/29 4046/4316/29 5976/4315/29
f 2349/1944/2 3822/636/2 1902/639/2 651/1945/2
f 848/1949/2 2352/1954/2 3822/636/2 2349/1944/2
f 2352/1954/2 650/1953/2 1402/637/2 3822/636/2
f 2353/1956/2 3823/632/2 1598/635/2 344/1957/2
f 849/1961/2 2356/1966/2 3823/632/2 2353/1956/2
f 2356/1966/2 649/1965/2 1401/633/2 3823/632/2
f 6243/4172/3 5818/4171/3 4070/4171/3 6033/4172/3
f 6242/4279/29 5820/3873/29 3999/3873/29 5908/4279/29
f 6241/3542/1 5822/3541/1 4053/3541/1 5936/3542/1
f 6240/3537/1 5823/3536/1 4052/3536/1 5935/3537/1
f 6239/1340/4 5824/1339/4 4076/1339/4 6055/1340/4
f 6238/997/4 5826/996/4 4079/996/4 6064/997/4
f 6237/4255/4 5825/1336/4 4027/1336/4 6054/4255/4
f 6236/4272/4 5862/3185/4 4020/3185/4 6063/4272/4
f 6235/4314/3 5827/4173/3 4014/4173/3 6079/4314/3
f 2357/1968/3 3824/628/3 1899/631/3 648/1969/3
f 850/1973/3 2360/1978/3 3824/628/3 2357/1968/3
f 2360/1978/3 480/1977/3 1238/629/3 3824/628/3
f 2361/1980/3 3825/624/3 1898/627/3 647/1981/3
f 851/1985/3 2364/1990/3 3825/624/3 2361/1980/3
f 2364/1990/3 646/1989/3 1398/625/3 3825/624/3
f 2365/1992/3 3826/620/3 1541/623/3 287/1993/3
f 852/1997/3 2368/2002/3 3826/620/3 2365/1992/3
f 2368/2002/3 645/2001/3 1397/621/3 3826/620/3
f 2369/2004/3 3827/616/3 1895/619/3 644/2005/3
f 853/2009/3 2372/2014/3 3827/616/3 2369/2004/3
f 2372/2014/3 481/2013/3 1239/617/3 3827/616/3
f 2373/2016/3 3828/612/3 1894/615/3 643/2017/3
f 854/2021/3 2376/2026/3 3828/612/3 2373/2016/3
f 2376/2026/3 642/2025/3 1394/613/3 3828/612/3
f 2377/2028/3 3829/608/3 1601/611/3 347/2029/3
f 855/2033/3 2380/2038/3 3829/608/3 2377/2028/3
f 2380/2038/3 641/2037/3 1393/609/3 3829/608/3
f 2381/2040/3 3830/604/3 1891/607/3 640/2041/3
f 856/2045/3 2384/2050/3 3830/604/3 2381/2040/3
f 2384/2050/3 444/2049/3 1205/605/3 3830/604/3
f 2385/2052/3 3831/600/3 1890/603/3 639/2053/3
f 857/2057/3 2388/2062/3 3831/600/3 2385/2052/3
f 2388/2062/3 638/2061/3 1390/601/3 3831/600/3
f 2389/2064/3 3832/596/3 1602/599/3 348/2065/3
f 858/2069/3 2392/2074/3 3832/596/3 2389/2064/3
f 2392/2074/3 637/2073/3 1389/597/3 3832/596/3
f 2393/2076/3 3833/592/3 1887/595/3 636/2077/3
f 859/2081/3 2396/2086/3 3833/592/3 2393/2076/3
f 2396/2086/3 484/2085/3 1242/593/3 3833/592/3
f 2397/2088/3 3834/588/3 1886/591/3 635/2089/3
f 860/2093/3 2400/2098/3 3834/588/3 2397/2088/3
f 2400/2098/3 634/2097/3 1386/589/3 3834/588/3
f 2401/2100/3 3835/584/3 1540/587/3 286/2101/3
f 861/2105/3 2404/2110/3 3835/584/3 2401/2100/3
f 2404/2110/3 633/2109/3 1385/585/3 3835/584/3
f 2405/2112/3 3836/580/3 1883/583/3 632/2113/3
f 862/2117/3 2408/2122/3 3836/580/3 2405/2112/3
f 2408/2122/3 485/2121/3 1243/581/3 3836/580/3
f 2409/2124/3 3837/576/3 1882/579/3 631/2125/3
f 863/2129/3 2412/2134/3 3837/576/3 2409/2124/3
f 2412/2134/3 630/2133/3 1382/577/3 3837/576/3
f 2413/2136/3 3838/572/3 1605/575/3 351/2137/3
f 864/2141/3 2416/2146/3 3838/572/3 2413/2136/3
f 2416/2146/3 629/2145/3 1381/573/3 3838/572/3
f 2417/2148/3 3839/568/3 1879/571/3 628/2149/3
f 865/2153/3 2420/2158/3 3839/568/3 2417/2148/3
f 2420/2158/3 454/2157/3 1214/569/3 3839/568/3
f 2421/2160/3 3840/564/3 1878/567/3 627/2161/3
f 866/2165/3 2424/2170/3 3840/564/3 2421/2160/3
f 2424/2170/3 626/2169/3 1378/565/3 3840/564/3
f 2425/2172/3 3841/560/3 1606/563/3 352/2173/3
f 867/2177/3 2428/2182/3 3841/560/3 2425/2172/3
f 2428/2182/3 625/2181/3 1377/561/3 3841/560/3
f 2429/2184/3 3842/556/3 1875/559/3 624/2185/3
f 868/2189/3 2432/2194/3 3842/556/3 2429/2184/3
f 2432/2194/3 488/2193/3 1246/557/3 3842/556/3
f 2433/2196/3 3843/552/3 1874/555/3 623/2197/3
f 869/2201/3 2436/2206/3 3843/552/3 2433/2196/3
f 2436/2206/3 622/2205/3 1374/553/3 3843/552/3
f 2437/2208/3 3844/548/3 1513/551/3 259/2209/3
f 870/2214/3 2440/2219/3 3844/548/3 2437/2208/3
f 2440/2219/3 621/2218/3 1373/549/3 3844/548/3
f 2441/2221/3 3845/544/3 1871/547/3 620/2222/3
f 871/2226/3 2444/2231/3 3845/544/3 2441/2221/3
f 2444/2231/3 489/2230/3 1247/545/3 3845/544/3
f 2445/2233/3 3846/540/3 1870/543/3 619/2234/3
f 872/2238/3 2448/2243/3 3846/540/3 2445/2233/3
f 2448/2243/3 618/2242/3 1370/541/3 3846/540/3
f 2449/2245/3 3847/536/3 1609/539/3 355/2246/3
f 873/2250/3 2452/2255/3 3847/536/3 2449/2245/3
f 2452/2255/3 617/2254/3 1369/537/3 3847/536/3
f 2453/2257/3 3848/532/3 1867/535/3 616/2258/3
f 874/2262/3 2456/2267/3 3848/532/3 2453/2257/3
f 2456/2267/3 453/2266/3 1213/533/3 3848/532/3
f 2457/2269/3 3849/528/3 1866/531/3 615/2270/3
f 875/2274/3 2460/2279/3 3849/528/3 2457/2269/3
f 2460/2279/3 614/2278/3 1366/529/3 3849/528/3
f 2461/2281/3 3850/524/3 1610/527/3 356/2282/3
f 876/2286/3 2464/2291/3 3850/524/3 2461/2281/3
f 2464/2291/3 613/2290/3 1365/525/3 3850/524/3
f 6415/4024/5 6319/4023/5 4284/4023/5 6370/4024/5
f 431/4190/2 1684/4192/2 4677/4192/2 4325/4190/2
f 1055/4131/3 294/4132/3 4283/4132/3 4491/4131/3
f 1696/4164/2 8/4165/2 4193/4165/2 4681/4164/2
f 6414/4015/5 6320/4014/5 4324/4014/5 6374/4015/5
f 1648/4184/2 32/4185/2 4201/4185/2 4665/4184/2
f 95/4051/4 1170/4049/4 4526/4049/4 4222/4051/4
f 6413/3977/5 6325/3964/5 4232/3964/5 6379/3977/5
f 1184/4127/3 423/4128/3 4323/4128/3 4531/4127/3
f 1560/4101/3 122/4095/3 4231/4095/3 4639/4101/3
f 20/4056/4 1038/4054/4 4486/4054/4 4197/4056/4
f 1559/4083/4 121/4079/4 4230/4079/4 4638/4083/4
f 6412/4006/5 6326/3993/5 4216/3993/5 6376/4006/5
f 92/4152/2 1167/4150/2 4525/4150/2 4221/4152/2
f 6411/4028/5 6321/4026/5 4636/4026/5 6362/4028/5
f 1508/4123/3 72/4113/3 4215/4113/3 4623/4123/3
f 294/4132/3 1548/4133/3 4635/4133/3 4283/4132/3
f 17/4157/2 1035/4155/2 4485/4155/2 4196/4157/2
f 1556/4195/2 118/4191/2 4229/4191/2 4637/4195/2
f 6410/4020/5 6323/4018/5 4676/4018/5 6366/4020/5
f 6409/3969/33 6322/3968/33 6430/3968/33 4190/3968/33 6383/3969/33
f 423/4128/3 1676/4130/3 4675/4130/3 4323/4128/3
f 6408/3997/5 6330/3996/5 4200/3996/5 6380/3997/5
f 1688/4098/3 6419/4317/3 6/4002/3 6425/4002/3 6327/4002/3 6431/4002/3 4192/4002/3 6429/4317/3 4679/4098/3 6427/4098/3
f 1640/4114/3 24/4115/3 4199/4115/3 4663/4114/3
f 1687/4080/4 20/4056/4 4197/4056/4 4678/4080/4
f 47/4053/4 1078/4063/4 4498/4063/4 4206/4053/4
f 6407/3946/5 6328/3942/5 4524/3942/5 6357/3946/5
f 133/4060/4 1207/4058/4 4538/4058/4 4234/4060/4
f 84/4086/3 1159/4084/3 4523/4084/3 4219/4086/3
f 1684/4192/2 17/4157/2 4196/4157/2 4677/4192/2
f 6406/3956/5 6329/3952/5 4484/3952/5 6353/3956/5
f 83/4068/4 1158/4066/4 4522/4066/4 4218/4068/4
f 6405/4027/5 6332/4016/5 4228/4016/5 6378/4027/5
f 44/4154/2 1075/4166/2 4497/4166/2 4205/4154/2
f 9/4091/3 1027/4089/3 4483/4089/3 4194/4091/3
f 1548/4133/3 110/4129/3 4227/4129/3 4635/4133/3
f 130/4163/2 1204/4161/2 4537/4161/2 4233/4163/2
f 2/3968/4 6418/4318/4 1026/4071/4 6426/4071/4 4482/4071/4 6428/4318/4 4190/3968/4 6430/3968/4 6322/3968/4 6424/3968/4
f 80/4183/2 1155/4181/2 4521/4181/2 4217/4183/2
f 4/4062/2 1023/4186/2 4481/4186/2 4191/4062/2
f 6404/4019/5 6324/3955/5 4195/3955/5 6382/4019/5
f 1170/4049/4 409/4050/4 4318/4050/4 4526/4049/4
f 6403/3975/5 6336/3972/5 4496/3972/5 6355/3975/5
f 1676/4130/3 9/4091/3 4194/4091/3 4675/4130/3
f 36/4088/3 1067/4099/3 4495/4099/3 4203/4088/3
f 1038/4054/4 277/4055/4 4278/4055/4 4486/4054/4
f 6402/3965/5 6337/3961/5 4536/3961/5 6359/3965/5
f 35/4070/4 1066/4081/4 4494/4081/4 4202/4070/4
f 1167/4150/2 406/4151/2 4317/4151/2 4525/4150/2
f 122/4095/3 1196/4093/3 4535/4093/3 4231/4095/3
f 6401/3994/5 6338/3990/5 4520/3990/5 6356/3994/5
f 121/4079/4 1195/4077/4 4534/4077/4 4230/4079/4
f 2465/2293/4 3851/520/4 1863/523/4 612/2294/4
f 877/2298/4 2468/2303/4 3851/520/4 2465/2293/4
f 2468/2303/4 492/2302/4 1250/521/4 3851/520/4
f 2469/2305/4 3852/516/4 1862/519/4 611/2306/4
f 878/2310/4 2472/2315/4 3852/516/4 2469/2305/4
f 2472/2315/4 610/2314/4 1362/517/4 3852/516/4
f 2473/2317/4 3853/512/4 1537/515/4 283/2318/4
f 879/2322/4 2476/2327/4 3853/512/4 2473/2317/4
f 2476/2327/4 609/2326/4 1361/513/4 3853/512/4
f 2477/2329/4 3854/508/4 1859/511/4 608/2330/4
f 880/2334/4 2480/2339/4 3854/508/4 2477/2329/4
f 2480/2339/4 493/2338/4 1251/509/4 3854/508/4
f 2481/2341/4 3855/504/4 1858/507/4 607/2342/4
f 881/2346/4 2484/2351/4 3855/504/4 2481/2341/4
f 2484/2351/4 606/2350/4 1358/505/4 3855/504/4
f 2485/2353/4 3856/500/4 1613/503/4 359/2354/4
f 882/2358/4 2488/2363/4 3856/500/4 2485/2353/4
f 2488/2363/4 605/2362/4 1357/501/4 3856/500/4
f 2489/2365/4 3857/496/4 1855/499/4 604/2366/4
f 883/2370/4 2492/2375/4 3857/496/4 2489/2365/4
f 2492/2375/4 442/2374/4 1203/497/4 3857/496/4
f 2493/2377/15 3858/492/15 1854/495/15 603/2378/15
f 884/2382/15 2496/2387/15 3858/492/15 2493/2377/15
f 2496/2387/4 602/2386/4 1354/493/4 3858/492/4
f 2497/2389/15 3859/488/15 1614/491/15 360/2390/15
f 885/2394/15 2500/2399/15 3859/488/15 2497/2389/15
f 2500/2399/4 601/2398/4 1353/489/4 3859/488/4
f 2501/2401/4 3860/484/4 1851/487/4 600/2402/4
f 886/2406/4 2504/2411/4 3860/484/4 2501/2401/4
f 2504/2411/4 496/2410/4 1254/485/4 3860/484/4
f 2505/2413/4 3861/480/4 1850/483/4 599/2414/4
f 887/2418/4 2508/2423/4 3861/480/4 2505/2413/4
f 2508/2423/4 598/2422/4 1350/481/4 3861/480/4
f 2509/2425/4 3862/476/4 1536/479/4 282/2426/4
f 888/2430/4 2512/2435/4 3862/476/4 2509/2425/4
f 2512/2435/4 597/2434/4 1349/477/4 3862/476/4
f 2513/2437/4 3863/472/4 1847/475/4 596/2438/4
f 889/2442/4 2516/2447/4 3863/472/4 2513/2437/4
f 2516/2447/4 497/2446/4 1255/473/4 3863/472/4
f 2517/2449/4 3864/468/4 1846/471/4 595/2450/4
f 890/2454/4 2520/2459/4 3864/468/4 2517/2449/4
f 2520/2459/4 594/2458/4 1346/469/4 3864/468/4
f 2521/2461/4 3865/464/4 1617/467/4 363/2462/4
f 891/2466/4 2524/2471/4 3865/464/4 2521/2461/4
f 2524/2471/4 593/2470/4 1345/465/4 3865/464/4
f 2525/2473/4 3866/460/4 1843/463/4 592/2474/4
f 892/2478/4 2528/2483/4 3866/460/4 2525/2473/4
f 2528/2483/4 450/2482/4 1210/461/4 3866/460/4
f 2529/2485/4 3867/456/4 1842/459/4 591/2486/4
f 893/2490/4 2532/2495/4 3867/456/4 2529/2485/4
f 2532/2495/4 590/2494/4 1342/457/4 3867/456/4
f 2533/2497/4 3868/452/4 1618/455/4 364/2498/4
f 894/2502/4 2536/2507/4 3868/452/4 2533/2497/4
f 2536/2507/4 589/2506/4 1341/453/4 3868/452/4
f 2537/2509/4 3869/448/4 1839/451/4 588/2510/4
f 895/2514/4 2540/2519/4 3869/448/4 2537/2509/4
f 2540/2519/4 500/2518/4 1258/449/4 3869/448/4
f 2541/2521/4 3870/444/4 1838/447/4 587/2522/4
f 896/2526/4 2544/2531/4 3870/444/4 2541/2521/4
f 2544/2531/4 586/2530/4 1338/445/4 3870/444/4
f 2545/2533/4 3871/440/4 1512/443/4 258/2534/4
f 897/2538/4 2548/2543/4 3871/440/4 2545/2533/4
f 2548/2543/4 585/2542/4 1337/441/4 3871/440/4
f 2549/2545/4 3872/436/4 1835/439/4 584/2546/4
f 898/2550/4 2552/2555/4 3872/436/4 2549/2545/4
f 2552/2555/4 501/2554/4 1259/437/4 3872/436/4
f 2553/2557/4 3873/432/4 1834/435/4 583/2558/4
f 899/2562/4 2556/2567/4 3873/432/4 2553/2557/4
f 2556/2567/4 582/2566/4 1334/433/4 3873/432/4
f 2557/2569/4 3874/428/4 1621/431/4 367/2570/4
f 900/2574/4 2560/2579/4 3874/428/4 2557/2569/4
f 2560/2579/4 581/2578/4 1333/429/4 3874/428/4
f 2561/2581/4 3875/424/4 1831/427/4 580/2582/4
f 901/2586/4 2564/2591/4 3875/424/4 2561/2581/4
f 2564/2591/4 449/2590/4 1209/425/4 3875/424/4
f 2565/2593/4 3876/420/4 1830/423/4 579/2594/4
f 902/2598/4 2568/2603/4 3876/420/4 2565/2593/4
f 2568/2603/4 578/2602/4 1330/421/4 3876/420/4
f 2569/2605/4 3877/416/4 1622/419/4 368/2606/4
f 903/2610/4 2572/2615/4 3877/416/4 2569/2605/4
f 2572/2615/4 577/2614/4 1329/417/4 3877/416/4
f 5680/3988/4 5456/3987/4 4149/3987/4 5560/3988/4
f 5679/4021/1 5461/395/1 4087/395/1 5525/4021/1
f 5678/3911/3 5388/3284/3 4157/3284/3 5545/3911/3
f 5677/3985/4 5389/3984/4 4174/3984/4 5559/3985/4
f 5676/4012/1 5434/410/1 4092/410/1 5524/4012/1
f 5675/2658/1 5390/2657/1 4135/2657/1 5499/2658/1
f 5674/2671/1 5393/2670/1 4134/2670/1 5498/2671/1
f 5673/4319/4 5396/4036/4 4123/4036/4 5584/4319/4
f 5672/3989/1 5454/400/1 4091/400/1 5523/3989/1
f 5671/4320/4 5399/4321/4 4186/4321/4 5583/4320/4
f 904/2618/18 2576/2623/18 3878/4322/18 5371/4323/18 2573/4047/18
f 2576/2623/18 504/2622/18 1262/4031/18 5372/4324/18 3878/4322/18
f 5670/2704/1 5400/2703/1 4133/2703/1 5497/2704/1
f 905/2626/18 2580/2631/18 3879/4325/18 5373/4326/18 2577/4042/18
f 2580/2631/18 576/2630/18 1328/4046/18 5374/4327/18 3879/4325/18
f 5669/4033/4 5401/4032/4 4147/4032/4 5564/4033/4
f 5668/4030/4 5402/4029/4 4176/4029/4 5563/4030/4
f 5667/1101/3 5403/1100/3 4181/1100/3 5574/1101/3
f 2581/4037/14 3880/412/14 1826/415/14 575/3909/14 5296/4287/14
f 906/2634/5 2584/2639/5 3880/412/5 2581/4037/5
f 2584/2639/5 445/2638/5 1206/413/5 3880/412/5
f 5666/4259/29 5411/4258/29 4107/4258/29 5503/4259/29
f 907/2642/18 2588/2647/18 3881/4321/18 5380/4320/18 2585/4032/18
f 2588/2647/18 574/2646/18 1327/4036/18 5381/4319/18 3881/4321/18
f 5665/4048/4 5438/4047/4 4144/4047/4 5570/4048/4
f 5664/4263/3 5404/3289/3 4126/3289/3 5573/4263/3
f 5663/4289/29 5446/3884/29 4104/3884/29 5502/4289/29
f 5662/3269/3 5407/3268/3 4170/3268/3 5552/3269/3
f 5661/4045/4 5405/4044/4 4179/4044/4 5569/4045/4
f 5660/3877/29 5453/3817/29 4163/3817/29 5538/3877/29
f 2589/2649/5 3882/407/5 1824/411/5 573/2650/5
f 908/2654/5 2592/2660/5 3882/407/5 2589/2649/5
f 2592/2660/6 572/2659/6 5310/4328/6 1325/408/6 3882/407/6
f 2593/2662/5 3883/402/5 1533/406/5 279/2663/5
f 909/2667/5 2596/2673/5 3883/402/5 2593/2662/5
f 2596/2673/6 571/2672/6 5309/4329/6 1324/403/6 3883/402/6
f 5659/3914/3 5440/2785/3 4128/2785/3 5551/3914/3
f 910/2676/18 2600/2681/18 3884/4330/18 5391/4331/18 2597/4010/18
f 2600/2681/18 506/2680/18 1263/3981/18 5392/4332/18 3884/4330/18
f 2601/2683/5 3885/397/5 1821/401/5 570/2684/5
f 911/2688/5 2604/2693/5 3885/397/5 2601/2683/5
f 2604/2693/5 569/2692/5 1322/398/5 3885/397/5
f 2605/2695/5 3886/392/5 1623/396/5 369/2696/5
f 912/2700/5 2608/2706/5 3886/392/5 2605/2695/5
f 2608/2706/6 568/2705/6 5308/4333/6 1321/393/6 3886/392/6
f 5658/3983/4 5436/3982/4 4150/3982/4 5558/3983/4
f 913/2709/18 2612/2714/18 3887/4334/18 5394/4335/18 2609/3987/18
f 2612/2714/18 447/2713/18 1208/4041/18 5395/4336/18 3887/4334/18
f 5657/4261/29 5409/4257/29 4143/4257/29 5529/4261/29
f 914/2717/18 2616/2722/18 3888/4337/18 5397/4338/18 2613/3982/18
f 2616/2722/18 567/2721/18 1320/3986/18 5398/4339/18 3888/4337/18
f 5656/3971/1 5480/376/1 4088/376/1 5522/3971/1
f 5655/3980/4 5410/3979/4 4173/3979/4 5557/3980/4
f 5654/3802/3 5415/3801/3 4166/3801/3 5544/3802/3
f 5653/4290/29 5412/4288/29 4142/4288/29 5528/4290/29
f 5652/3960/1 5471/390/1 4090/390/1 5521/3960/1
f 5651/2733/1 5414/2732/1 4132/2732/1 5496/2733/1
f 2617/2724/5 3889/387/5 1817/391/5 566/2725/5
f 915/2729/5 2620/2735/5 3889/387/5 2617/2724/5
f 2620/2735/6 565/2734/6 5307/4340/6 1318/388/6 3889/387/6
f 2621/2737/5 3890/383/5 1510/386/5 256/2738/5
f 916/2742/5 2624/2747/5 3890/383/5 2621/2737/5
f 2624/2747/5 564/2746/5 1317/384/5 3890/383/5
f 5650/1106/3 5417/1105/3 4180/1105/3 5572/1106/3
f 5649/3880/3 5416/1107/3 4136/1107/3 5543/3880/3
f 5648/4262/3 5418/1102/3 4141/1102/3 5571/4262/3
f 2625/2749/5 3891/378/5 1814/382/5 563/2750/5
f 917/2754/5 2628/2760/5 3891/378/5 2625/2749/5
f 2628/2760/6 562/2759/6 5306/4341/6 1315/379/6 3891/378/6
f 2629/2762/5 3892/373/5 1625/377/5 371/2763/5
f 918/2767/5 2632/2773/5 3892/373/5 2629/2762/5
f 2632/2773/6 561/2772/6 5305/4342/6 1314/374/6 3892/373/6
f 5647/3274/3 5419/3273/3 4169/3273/3 5550/3274/3
f 5646/4011/4 5478/4010/4 4148/4010/4 5562/4011/4
f 5645/3913/3 5420/3270/3 4156/3270/3 5549/3913/3
f 5644/3951/1 5441/405/1 4086/405/1 5520/3951/1
f 5643/4009/4 5421/4008/4 4175/4008/4 5561/4009/4
f 5642/4327/4 5422/4046/4 4124/4046/4 5582/4327/4
f 5641/3807/3 5425/3806/3 4165/3806/3 5542/3807/3
f 5640/3941/1 5476/381/1 4089/381/1 5519/3941/1
f 5639/2758/1 5423/2757/1 4130/2757/1 5495/2758/1
f 5638/4326/4 5424/4325/4 4185/4325/4 5581/4326/4
f 5637/2779/3 5428/2778/3 4172/2778/3 5556/2779/3
f 5636/3879/3 5426/3803/3 4162/3803/3 5541/3879/3
f 5635/2771/1 5427/2770/1 4129/2770/1 5494/2771/1
f 5634/3940/3 5429/3808/3 4125/3808/3 5555/3940/3
f 5633/4328/1 5430/2659/1 4102/2659/1 5518/4328/1
f 2633/2775/5 3893/369/5 1522/372/5 268/2776/5
f 919/2781/5 2636/2787/5 3893/369/5 2633/2775/5
f 2636/2787/5 560/2786/5 1313/370/5 3893/369/5
f 5632/4339/4 5431/3986/4 4118/3986/4 5590/4339/4
f 5631/4324/4 5432/4031/4 4113/4031/4 5580/4324/4
f 5630/4329/1 5433/2672/1 4101/2672/1 5517/4329/1
f 5629/409/1 5435/408/1 4122/408/1 5493/409/1
f 5628/4338/4 5437/4337/4 4189/4337/4 5589/4338/4
f 5627/4323/4 5439/4322/4 4184/4322/4 5579/4323/4
f 5626/2784/3 5444/2783/3 4171/2783/3 5554/2784/3
f 5625/404/1 5442/403/1 4121/403/1 5492/404/1
f 5624/4043/4 5443/4042/4 4145/4042/4 5568/4043/4
f 2637/4343/14 3894/365/14 1810/368/14 559/3918/14 5297/4344/14
f 920/3935/14 2639/2791/14 3894/365/14 2637/4343/14 5322/4345/14
f 2639/2791/5 433/2790/5 1194/366/5 3894/365/5
f 5623/3883/29 5450/3882/29 4111/3882/29 5512/3883/29
f 5622/3939/3 5445/2780/3 4151/2780/3 5553/3939/3
f 5621/3885/29 5447/3881/29 4161/3881/29 5537/3885/29
f 5620/4346/29 5482/3937/29 4093/3937/29 5511/4346/29
f 5619/4040/4 5448/4039/4 4178/4039/4 5567/4040/4
f 5618/4336/4 5449/4041/4 4112/4041/4 5588/4336/4
f 2640/2793/4 3895/361/4 1809/364/4 558/2794/4
f 921/2798/4 2643/2803/4 3895/361/4 2640/2793/4
f 2643/2803/4 508/2802/4 1264/362/4 3895/361/4
f 2644/2805/4 3896/357/4 1808/360/4 557/2806/4
f 922/2810/4 2647/2815/4 3896/357/4 2644/2805/4
f 2647/2815/4 556/2814/4 1310/358/4 3896/357/4
f 2648/2817/4 3897/353/4 1524/356/4 270/2818/4
f 923/2822/4 2651/2827/4 3897/353/4 2648/2817/4
f 2651/2827/4 555/2826/4 1309/354/4 3897/353/4
f 2652/2829/4 3898/349/4 1805/352/4 554/2830/4
f 924/2834/4 2655/2839/4 3898/349/4 2652/2829/4
f 2655/2839/4 509/2838/4 1265/350/4 3898/349/4
f 2656/2841/4 3899/345/4 1804/348/4 553/2842/4
f 925/2846/4 2659/2851/4 3899/345/4 2656/2841/4
f 2659/2851/4 552/2850/4 1306/346/4 3899/345/4
f 2660/2853/4 3900/341/4 1629/344/4 375/2854/4
f 926/2858/4 2663/2863/4 3900/341/4 2660/2853/4
f 2663/2863/4 551/2862/4 1305/342/4 3900/341/4
f 2664/2865/4 3901/337/4 1801/340/4 550/2866/4
f 927/2870/4 2667/2875/4 3901/337/4 2664/2865/4
f 2667/2875/4 430/2874/4 1191/338/4 3901/337/4
f 2668/2877/15 3902/333/15 1800/336/15 549/2878/15
f 928/2882/15 2671/2887/15 3902/333/15 2668/2877/15
f 2671/2887/4 548/2886/4 1302/334/4 3902/333/4
f 2672/2889/15 3903/329/15 1630/332/15 376/2890/15
f 929/2894/15 2675/2899/15 3903/329/15 2672/2889/15
f 2675/2899/4 547/2898/4 1301/330/4 3903/329/4
f 72/4113/3 1147/4111/3 4519/4111/3 4215/4113/3
f 1035/4155/2 274/4156/2 4277/4156/2 4485/4155/2
f 409/4050/4 1663/4052/4 4670/4052/4 4318/4050/4
f 6400/4004/5 6341/3999/5 4480/3999/5 6352/4004/5
f 32/4185/2 1063/4193/2 4493/4193/2 4201/4185/2
f 8/4121/3 1015/4119/3 4479/4119/3 4193/4121/3
f 118/4191/2 1192/4189/2 4533/4189/2 4229/4191/2
f 277/4055/4 1531/4057/4 4630/4057/4 4278/4055/4
f 406/4151/2 1660/4153/2 4669/4153/2 4317/4151/2
f 1078/4063/4 317/4064/4 4290/4064/4 4498/4063/4
f 6399/3944/5 6334/3943/5 4316/3943/5 6373/3944/5
f 274/4156/2 1528/4158/2 4629/4158/2 4277/4156/2
f 1207/4058/4 446/4059/4 4330/4059/4 4538/4058/4
f 1159/4084/3 398/4085/3 4315/4085/3 4523/4084/3
f 6398/3954/5 6335/3953/5 4276/3953/5 6369/3954/5
f 1158/4066/4 397/4067/4 4314/4067/4 4522/4066/4
f 1075/4166/2 314/4167/2 4289/4167/2 4497/4166/2
f 6397/4025/5 6331/4022/5 4492/4022/5 6354/4025/5
f 1027/4089/3 266/4090/3 4275/4090/3 4483/4089/3
f 1204/4161/2 443/4162/2 4329/4162/2 4537/4161/2
f 1531/4057/4 95/4051/4 4222/4051/4 4630/4057/4
f 24/4115/3 1055/4131/3 4491/4131/3 4199/4115/3
f 1026/4071/21 265/4073/21 4274/4073/21 4482/4071/21 6426/4071/21
f 6396/4017/5 6333/4013/5 4532/4013/5 6358/4017/5
f 317/4064/4 1571/4065/4 4642/4065/4 4290/4064/4
f 110/4129/3 1184/4127/3 4531/4127/3 4227/4129/3
f 1155/4181/2 394/4182/2 4313/4182/2 4521/4181/2
f 2676/2901/3 3904/325/3 1797/328/3 546/2902/3
f 930/2906/3 2679/2911/3 3904/325/3 2676/2901/3
f 2679/2911/3 512/2910/3 1268/326/3 3904/325/3
f 2680/2913/3 3905/321/3 1796/324/3 545/2914/3
f 931/2918/3 2683/2923/3 3905/321/3 2680/2913/3
f 2683/2923/3 544/2922/3 1298/322/3 3905/321/3
f 2684/2925/3 3906/317/3 1525/320/3 271/2926/3
f 932/2930/3 2687/2935/3 3906/317/3 2684/2925/3
f 2687/2935/3 543/2934/3 1297/318/3 3906/317/3
f 2688/2937/3 3907/313/3 1793/316/3 542/2938/3
f 933/2942/3 2691/2947/3 3907/313/3 2688/2937/3
f 2691/2947/3 513/2946/3 1269/314/3 3907/313/3
f 2692/2949/3 3908/309/3 1792/312/3 541/2950/3
f 934/2954/3 2695/2959/3 3908/309/3 2692/2949/3
f 2695/2959/3 540/2958/3 1294/310/3 3908/309/3
f 2696/2961/3 3909/305/3 1633/308/3 379/2962/3
f 935/2966/3 2699/2971/3 3909/305/3 2696/2961/3
f 2699/2971/3 539/2970/3 1293/306/3 3909/305/3
f 2700/2973/3 3910/301/3 1789/304/3 538/2974/3
f 936/2978/3 2703/2983/3 3910/301/3 2700/2973/3
f 2703/2983/3 432/2982/3 1193/302/3 3910/301/3
f 2704/2985/3 3911/297/3 1788/300/3 537/2986/3
f 937/2990/3 2707/2995/3 3911/297/3 2704/2985/3
f 2707/2995/3 536/2994/3 1290/298/3 3911/297/3
f 2708/2997/3 3912/293/3 1634/296/3 380/2998/3
f 938/3002/3 2711/3007/3 3912/293/3 2708/2997/3
f 2711/3007/3 535/3006/3 1289/294/3 3912/293/3
f 6234/4313/3 5828/4312/3 4083/4312/3 6078/4313/3
f 6233/3931/29 5870/3927/29 4045/3927/29 5974/3931/29
f 6232/1002/4 5830/1001/4 4078/1001/4 6061/1002/4
f 6231/4347/29 5872/4348/29 4044/4348/29 5973/4347/29
f 6230/4271/4 5831/998/4 4026/998/4 6060/4271/4
f 6229/4212/3 5832/4211/3 4031/4211/3 6047/4212/3
f 2712/3009/2 3913/289/2 1187/292/2 426/3010/2
f 939/3015/2 2715/3021/2 3913/289/2 2712/3009/2
f 2715/3021/2 534/3020/2 1288/290/2 3913/289/2
f 6228/4209/3 5834/4208/3 4074/4208/3 6046/4209/3
f 6227/4196/1 5835/3538/1 3989/3538/1 5967/4196/1
f 6226/4254/29 5840/4250/29 4029/4250/29 5964/4254/29
f 6225/4197/1 5889/1820/1 4002/1820/1 5966/4197/1
f 6224/4293/29 5844/4291/29 4028/4291/29 5963/4293/29
f 6223/3519/1 5838/3518/1 4050/3518/1 5933/3519/1
f 6222/3514/1 5839/3513/1 4049/3513/1 5932/3514/1
f 6221/4252/29 5841/4251/29 4001/4251/29 5911/4252/29
f 6220/4159/1 5843/3548/1 3986/3548/1 5971/4159/1
f 2716/4348/2 3914/285/2 1784/288/2 533/3925/2 5707/4349/2
f 940/3928/2 2718/3025/2 3914/285/2 2716/4348/2 5731/4347/2
f 2718/3025/2 429/3024/2 1190/286/2 3914/285/2
f 6219/4292/29 5857/3891/29 3998/3891/29 5910/4292/29
f 6218/3924/29 5846/3923/29 4006/3923/29 5931/3924/29
f 6217/4160/1 5848/1941/1 4004/1941/1 5970/4160/1
f 6216/3531/4 5854/3530/4 4065/3530/4 6012/3531/4
f 6215/4350/29 5851/4276/29 3991/4276/29 5930/4350/29
f 6214/3179/4 5856/3178/4 4067/3178/4 6019/3179/4
f 2719/3027/1 3915/281/1 1783/284/1 532/3028/1
f 941/3032/1 2722/3037/1 3915/281/1 2719/3027/1
f 2722/3037/1 517/3036/1 1272/282/1 3915/281/1
f 2723/3039/1 3916/277/1 1782/280/1 531/3040/1
f 942/3044/1 2726/3049/1 3916/277/1 2723/3039/1
f 2726/3049/1 530/3048/1 1285/278/1 3916/277/1
f 2727/3051/1 3917/273/1 1190/276/1 429/3052/1
f 943/3056/1 2730/3061/1 3917/273/1 2727/3051/1
f 2730/3061/1 529/3060/1 1284/274/1 3917/273/1
f 2731/3063/1 3918/269/1 1779/272/1 528/3064/1
f 944/3068/1 2734/3073/1 3918/269/1 2731/3063/1
f 2734/3073/1 518/3072/1 1273/270/1 3918/269/1
f 2735/3075/1 3919/265/1 1778/268/1 527/3076/1
f 945/3080/1 2738/3085/1 3919/265/1 2735/3075/1
f 2738/3085/1 526/3084/1 1281/266/1 3919/265/1
f 2739/3087/1 3920/261/1 1638/264/1 384/3088/1
f 946/3092/1 2742/3097/1 3920/261/1 2739/3087/1
f 2742/3097/1 525/3096/1 1280/262/1 3920/261/1
f 2743/3099/1 3921/257/1 1775/260/1 524/3100/1
f 947/3104/1 2746/3109/1 3921/257/1 2743/3099/1
f 2746/3109/1 275/3108/1 1529/258/1 3921/257/1
f 2747/3111/1 3922/253/1 1774/256/1 523/3112/1
f 948/3116/1 2750/3121/1 3922/253/1 2747/3111/1
f 2750/3121/1 522/3120/1 1277/254/1 3922/253/1
f 2751/3123/1 3923/249/1 1639/252/1 385/3124/1
f 949/3128/1 2754/3133/1 3923/249/1 2751/3123/1
f 2754/3133/1 521/3132/1 1276/250/1 3923/249/1
f 2755/3135/1 3924/245/1 1771/248/1 520/3136/1
f 950/3140/1 2758/3145/1 3924/245/1 2755/3135/1
f 2758/3145/1 407/3144/1 1661/246/1 3924/245/1
f 2759/3147/1 3925/241/1 1770/244/1 519/3148/1
f 951/3152/1 2762/3157/1 3925/241/1 2759/3147/1
f 2762/3157/1 383/3156/1 1144/242/1 3925/241/1
f 2763/3159/1 3926/237/1 1061/240/1 300/3160/1
f 952/3164/1 2766/3169/1 3926/237/1 2763/3159/1
f 2766/3169/1 382/3168/1 1143/238/1 3926/237/1
f 2767/4316/2 3927/233/2 1767/236/2 516/4276/2 5709/4350/2
f 953/3923/2 2769/3173/2 3927/233/2 2767/4316/2 5733/4315/2
f 2769/3173/2 300/3172/2 1061/234/2 3927/233/2
f 6213/1848/1 5853/1847/1 4036/1847/1 5919/1848/1
f 6212/3902/4 5855/3527/4 4051/3527/4 6011/3902/4
f 6211/3921/4 5876/3019/4 4021/3019/4 6018/3921/4
f 2770/3175/2 3928/229/2 1058/232/2 297/3176/2
f 954/3181/2 2773/3187/2 3928/229/2 2770/3175/2
f 2773/3187/2 381/3186/2 1142/230/2 3928/229/2
f 2774/3189/3 3929/225/3 1766/228/3 515/3190/3
f 955/3194/3 2777/3199/3 3929/225/3 2774/3189/3
f 2777/3199/3 303/3198/3 1064/226/3 3929/225/3
f 2778/3201/3 3930/221/3 1765/224/3 514/3202/3
f 956/3206/3 2781/3211/3 3930/221/3 2778/3201/3
f 2781/3211/3 378/3210/3 1139/222/3 3930/221/3
f 2782/3213/3 3931/217/3 1657/220/3 403/3214/3
f 957/3218/3 2785/3223/3 3931/217/3 2782/3213/3
f 2785/3223/3 377/3222/3 1138/218/3 3931/217/3
f 6395/3950/5 6348/3947/5 4668/3947/5 6365/3950/5
f 398/4085/3 1652/4087/3 4667/4087/3 4315/4085/3
f 1528/4158/2 92/4152/2 4221/4152/2 4629/4158/2
f 1023/4186/2 262/4187/2 4273/4187/2 4481/4186/2
f 446/4059/4 1699/4061/4 4682/4061/4 4330/4059/4
f 6394/3959/5 6339/3957/5 4628/3957/5 6361/3959/5
f 397/4067/4 1651/4069/4 4666/4069/4 4314/4067/4
f 314/4167/2 1568/4168/2 4641/4168/2 4289/4167/2
f 1663/4052/4 47/4053/4 4206/4053/4 4670/4052/4
f 2786/3225/4 3932/213/4 1762/216/4 511/3226/4
f 958/3230/4 2789/3235/4 3932/213/4 2786/3225/4
f 2789/3235/4 301/3234/4 1062/214/4 3932/213/4
f 2790/3237/4 3933/209/4 1761/212/4 510/3238/4
f 959/3242/4 2793/3247/4 3933/209/4 2790/3237/4
f 2793/3247/4 374/3246/4 1135/210/4 3933/209/4
f 2794/3249/4 3934/205/4 1656/208/4 402/3250/4
f 960/3254/4 2797/3259/4 3934/205/4 2794/3249/4
f 2797/3259/4 373/3258/4 1134/206/4 3934/205/4
f 2798/4351/14 3935/201/14 1758/204/14 507/4269/14 5299/4352/14
f 961/3916/14 2800/3263/14 3935/201/14 2798/4351/14 5324/4353/14
f 2800/3263/5 304/3262/5 1065/202/5 3935/201/5
f 5617/4354/29 5451/4355/29 4160/4355/29 5536/4354/29
f 5616/1087/3 5458/1086/3 4183/1086/3 5578/1087/3
f 5615/4333/1 5452/2705/1 4100/2705/1 5516/4333/1
f 2801/3265/5 3936/197/5 1654/200/5 400/3266/5
f 962/3271/5 2804/3277/5 3936/197/5 2801/3265/5
f 2804/3277/5 372/3276/5 1133/198/5 3936/197/5
f 5614/3816/3 5460/3815/3 4164/3815/3 5540/3816/3
f 5613/399/1 5455/398/1 4120/398/1 5491/399/1
f 5612/4335/4 5457/4334/4 4188/4334/4 5587/4335/4
f 5611/4265/3 5459/3275/3 4127/3275/3 5577/4265/3
f 5610/3878/3 5464/1093/3 4137/1093/3 5539/3878/3
f 5609/394/1 5462/393/1 4119/393/1 5490/394/1
f 2805/3279/5 3937/193/5 1642/196/5 388/3280/5
f 963/3285/5 2808/3291/5 3937/193/5 2805/3279/5
f 2808/3291/5 370/3290/5 1131/194/5 3937/193/5
f 5608/3919/29 5463/3915/29 4155/3915/29 5533/3919/29
f 5607/3917/29 5465/3916/29 4109/3916/29 5508/3917/29
f 5606/1092/3 5468/1091/3 4182/1091/3 5576/1092/3
f 5605/4353/29 5466/4351/29 4154/4351/29 5532/4353/29
f 5604/4352/29 5467/4269/29 4095/4269/29 5507/4352/29
f 5603/4264/3 5469/1088/3 4140/1088/3 5575/4264/3
f 5602/4340/1 5470/2734/1 4099/2734/1 5515/4340/1
f 5601/389/1 5472/388/1 4117/388/1 5489/389/1
f 5600/4341/1 5473/2759/1 4098/2759/1 5514/4341/1
f 2809/4286/14 3938/189/14 1756/192/14 505/4260/14 5301/4284/14
f 964/3907/14 2811/3295/14 3938/189/14 2809/4286/14 5326/4285/14
f 2811/3295/5 316/3294/5 1077/190/5 3938/189/5
f 5599/4332/4 5474/3981/4 4114/3981/4 5586/4332/4
f 5598/4342/1 5475/2772/1 4097/2772/1 5513/4342/1
f 5597/380/1 5477/379/1 4116/379/1 5488/380/1
f 5596/4331/4 5479/4330/4 4187/4330/4 5585/4331/4
f 5595/375/1 5481/374/1 4115/374/1 5487/375/1
f 5594/3938/29 5483/3934/29 4153/3934/29 5531/3938/29
f 2812/3297/4 3939/185/4 1754/188/4 503/3298/4
f 965/3302/4 2815/3307/4 3939/185/4 2812/3297/4
f 2815/3307/4 318/3306/4 1079/186/4 3939/185/4
f 2816/3309/4 3940/181/4 1753/184/4 502/3310/4
f 966/3314/4 2819/3319/4 3940/181/4 2816/3309/4
f 2819/3319/4 366/3318/4 1127/182/4 3940/181/4
f 2820/3321/4 3941/177/4 1644/180/4 390/3322/4
f 967/3326/4 2823/3331/4 3941/177/4 2820/3321/4
f 2823/3331/4 365/3330/4 1126/178/4 3941/177/4
f 2824/3333/4 3942/173/4 1750/176/4 499/3334/4
f 968/3338/4 2827/3343/4 3942/173/4 2824/3333/4
f 2827/3343/4 319/3342/4 1080/174/4 3942/173/4
f 2828/3345/4 3943/169/4 1749/172/4 498/3346/4
f 969/3350/4 2831/3355/4 3943/169/4 2828/3345/4
f 2831/3355/4 362/3354/4 1123/170/4 3943/169/4
f 2832/3357/4 3944/165/4 1666/168/4 412/3358/4
f 970/3362/4 2835/3367/4 3944/165/4 2832/3357/4
f 2835/3367/4 361/3366/4 1122/166/4 3944/165/4
f 2836/3369/4 3945/161/4 1746/164/4 495/3370/4
f 971/3374/4 2839/3379/4 3945/161/4 2836/3369/4
f 2839/3379/4 313/3378/4 1074/162/4 3945/161/4
f 2840/3381/4 3946/157/4 1745/160/4 494/3382/4
f 972/3386/4 2843/3391/4 3946/157/4 2840/3381/4
f 2843/3391/4 358/3390/4 1119/158/4 3946/157/4
f 2844/3393/4 3947/153/4 1667/156/4 413/3394/4
f 973/3398/4 2847/3403/4 3947/153/4 2844/3393/4
f 2847/3403/4 357/3402/4 1118/154/4 3947/153/4
f 266/4090/3 1520/4092/3 4627/4092/3 4275/4090/3
f 6393/3974/5 6342/3973/5 4288/3973/5 6371/3974/5
f 265/4073/4 1519/4076/4 4626/4076/4 4274/4073/4
f 443/4162/2 1696/4164/2 4681/4164/2 4329/4162/2
f 1067/4099/3 306/4100/3 4287/4100/3 4495/4099/3
f 6392/3963/5 6344/3962/5 4328/3962/5 6375/3963/5
f 394/4182/2 1648/4184/2 4665/4184/2 4313/4182/2
f 1660/4153/2 44/4154/2 4205/4154/2 4669/4153/2
f 1066/4081/4 305/4082/4 4286/4082/4 4494/4081/4
f 1196/4093/3 435/4094/3 4327/4094/3 4535/4093/3
f 6391/3992/5 6346/3991/5 4312/3991/5 6372/3992/5
f 262/4187/2 1516/4188/2 4625/4188/2 4273/4187/2
f 1195/4077/4 434/4078/4 4326/4078/4 4534/4077/4
f 1147/4111/3 386/4112/3 4311/4112/3 4519/4111/3
f 1571/4065/4 133/4060/4 4234/4060/4 4642/4065/4
f 6390/3958/5 6340/3945/5 4220/3945/5 6377/3958/5
f 6389/4001/5 6350/4000/5 4272/4000/5 6368/4001/5
f 1063/4193/2 302/4194/2 4285/4194/2 4493/4193/2
f 6388/3978/5 6343/3976/5 4640/3976/5 6363/3978/5
f 1520/4092/3 84/4086/3 4219/4086/3 4627/4092/3
f 1015/4119/3 254/4120/3 4271/4120/3 4479/4119/3
f 1192/4189/2 431/4190/2 4325/4190/2 4533/4189/2
f 306/4100/3 1560/4101/3 4639/4101/3 4287/4100/3
f 1519/4076/4 83/4068/4 4218/4068/4 4626/4076/4
f 1568/4168/2 130/4163/2 4233/4163/2 4641/4168/2
f 305/4082/4 1559/4083/4 4638/4083/4 4286/4082/4
f 6387/3970/5 6345/3966/5 4680/3966/5 6367/3970/5
f 2848/3405/3 3948/149/3 1742/152/3 491/3406/3
f 974/3410/3 2851/3415/3 3948/149/3 2848/3405/3
f 2851/3415/3 322/3414/3 1083/150/3 3948/149/3
f 2852/3417/3 3949/145/3 1741/148/3 490/3418/3
f 975/3422/3 2855/3427/3 3949/145/3 2852/3417/3
f 2855/3427/3 354/3426/3 1115/146/3 3949/145/3
f 2856/3429/3 3950/141/3 1645/144/3 391/3430/3
f 976/3434/3 2859/3439/3 3950/141/3 2856/3429/3
f 2859/3439/3 353/3438/3 1114/142/3 3950/141/3
f 2860/3441/3 3951/137/3 1738/140/3 487/3442/3
f 977/3446/3 2863/3451/3 3951/137/3 2860/3441/3
f 2863/3451/3 323/3450/3 1084/138/3 3951/137/3
f 2864/3453/3 3952/133/3 1737/136/3 486/3454/3
f 978/3458/3 2867/3463/3 3952/133/3 2864/3453/3
f 2867/3463/3 350/3462/3 1111/134/3 3952/133/3
f 2868/3465/3 3953/129/3 1670/132/3 416/3466/3
f 979/3470/3 2871/3475/3 3953/129/3 2868/3465/3
f 2871/3475/3 349/3474/3 1110/130/3 3953/129/3
f 2872/3477/3 3954/125/3 1734/128/3 483/3478/3
f 980/3482/3 2875/3487/3 3954/125/3 2872/3477/3
f 2875/3487/3 315/3486/3 1076/126/3 3954/125/3
f 2876/3489/3 3955/121/3 1733/124/3 482/3490/3
f 981/3494/3 2879/3499/3 3955/121/3 2876/3489/3
f 2879/3499/3 346/3498/3 1107/122/3 3955/121/3
f 2880/3501/3 3956/117/3 1671/120/3 417/3502/3
f 982/3506/3 2883/3511/3 3956/117/3 2880/3501/3
f 2883/3511/3 345/3510/3 1106/118/3 3956/117/3
f 6210/3892/29 5858/3888/29 4059/3888/29 5991/3892/29
f 6209/3853/4 5863/3852/4 4062/3852/4 5997/3853/4
f 6208/4356/29 5861/4357/29 4058/4357/29 5990/4356/29
f 6207/3184/4 5865/3183/4 4066/3183/4 6016/3184/4
f 6206/3875/4 5864/1003/4 4023/1003/4 5996/3875/4
f 6205/3712/4 5867/3711/4 4064/3711/4 6003/3712/4
f 2887/3523/2 3957/113/2 1070/116/2 309/3524/2
f 984/3528/2 2890/3534/2 3957/113/2 2887/3523/2
f 2890/3534/2 343/3533/2 1104/114/2 3957/113/2
f 6204/3013/4 5869/3012/4 4069/3012/4 6029/3013/4
f 6203/3920/4 5866/3180/4 4048/3180/4 6015/3920/4
f 6202/3887/4 5868/1341/4 4022/1341/4 6002/3887/4
f 6201/3933/4 5875/3718/4 4018/3718/4 6028/3933/4
f 6200/3929/29 5871/3928/29 4005/3928/29 5929/3929/29
f 6199/4349/29 5873/3925/29 3992/3925/29 5928/4349/29
f 6198/4307/3 5874/4205/3 4016/4205/3 6075/4307/3
f 6197/3717/4 5881/3716/4 4063/3716/4 6000/3717/4
f 6196/3018/4 5883/3017/4 4068/3017/4 6026/3018/4
f 2897/4358/2 3958/109/2 1729/112/2 476/4253/2 5717/4309/2
f 987/3894/2 2899/3558/2 3958/109/2 2897/4358/2 5742/4359/2
f 2899/3558/2 312/3557/2 1073/110/2 3958/109/2
f 6195/4306/3 5878/4305/3 4082/4305/3 6074/4306/3
f 6194/4169/1 5880/3515/1 3990/3515/1 5969/4169/1
f 6193/3886/4 5882/3713/4 4060/3713/4 5999/3886/4
f 6192/3932/4 5884/3014/4 4043/3014/4 6025/3932/4
f 6191/4170/1 5886/1907/1 4003/1907/1 5968/4170/1
f 6190/3897/29 5888/3893/29 4057/3893/29 5988/3897/29
f 2900/3560/1 3959/105/1 1727/108/1 474/3561/1
f 988/3565/1 2903/3570/1 3959/105/1 2900/3560/1
f 2903/3570/1 326/3569/1 1087/106/1 3959/105/1
f 2904/3572/1 3960/101/1 1726/104/1 473/3573/1
f 989/3577/1 2907/3582/1 3960/101/1 2904/3572/1
f 2907/3582/1 339/3581/1 1100/102/1 3960/101/1
f 2908/3584/1 3961/97/1 1073/100/1 312/3585/1
f 990/3589/1 2911/3594/1 3961/97/1 2908/3584/1
f 2911/3594/1 338/3593/1 1099/98/1 3961/97/1
f 2912/3596/1 3962/93/1 1723/96/1 470/3597/1
f 991/3601/1 2915/3606/1 3962/93/1 2912/3596/1
f 2915/3606/1 327/3605/1 1088/94/1 3962/93/1
f 2916/3608/1 3963/89/1 1722/92/1 469/3609/1
f 992/3613/1 2919/3618/1 3963/89/1 2916/3608/1
f 2919/3618/1 335/3617/1 1096/90/1 3963/89/1
f 2920/3620/1 3964/85/1 1674/88/1 421/3621/1
f 993/3625/1 2923/3630/1 3964/85/1 2920/3620/1
f 2923/3630/1 334/3629/1 1095/86/1 3964/85/1
f 2924/3632/1 3965/81/1 1719/84/1 466/3633/1
f 994/3637/1 2927/3642/1 3965/81/1 2924/3632/1
f 2927/3642/1 395/3641/1 1649/82/1 3965/81/1
f 2928/3644/1 3966/77/1 1718/80/1 465/3645/1
f 995/3649/1 2931/3654/1 3966/77/1 2928/3644/1
f 2931/3654/1 331/3653/1 1092/78/1 3966/77/1
f 2932/3656/1 3967/73/1 1675/76/1 422/3657/1
f 996/3661/1 2935/3666/1 3967/73/1 2932/3656/1
f 2935/3666/1 330/3665/1 1091/74/1 3967/73/1
f 2936/3668/1 3968/69/1 1715/72/1 462/3669/1
f 997/3673/1 2939/3678/1 3968/69/1 2936/3668/1
f 2939/3678/1 432/3677/1 1685/70/1 3968/69/1
f 2940/3680/1 3969/65/1 1714/68/1 461/3681/1
f 998/3685/1 2943/3690/1 3969/65/1 2940/3680/1
f 2943/3690/1 291/3689/1 1052/66/1 3969/65/1
f 2944/3692/1 3970/61/1 1033/64/1 272/3693/1
f 999/3697/1 2947/3702/1 3970/61/1 2944/3692/1
f 2947/3702/1 290/3701/1 1051/62/1 3970/61/1
f 2948/4357/2 3971/57/2 1711/60/2 458/3930/2 5719/4294/2
f 1000/3889/2 2950/3706/2 3971/57/2 2948/4357/2 5744/4356/2
f 2950/3706/2 272/3705/2 1033/58/2 3971/57/2
f 6189/1819/1 5890/1818/1 4035/1818/1 5917/1819/1
f 6188/4359/29 5892/4358/29 4056/4358/29 5987/4359/29
f 6187/1814/1 5894/1813/1 4034/1813/1 5916/1814/1
f 2951/3708/2 3972/53/2 1030/56/2 269/3709/2
f 1001/3714/2 2954/3720/2 3972/53/2 2951/3708/2
f 2954/3720/2 288/3719/2 1049/54/2 3972/53/2
f 2955/3722/3 3973/49/3 1709/52/3 456/3723/3
f 1002/3727/3 2958/3732/3 3973/49/3 2955/3722/3
f 2958/3732/3 275/3731/3 1036/50/3 3973/49/3
f 2959/3734/3 3974/45/3 1708/48/3 455/3735/3
f 1003/3739/3 2962/3744/3 3974/45/3 2959/3734/3
f 2962/3744/3 285/3743/3 1046/46/3 3974/45/3
f 2963/3746/3 3975/41/3 1681/44/3 428/3747/3
f 1004/3751/3 2966/3756/3 3975/41/3 2963/3746/3
f 2966/3756/3 284/3755/3 1045/42/3 3975/41/3
f 6386/3998/5 6347/3995/5 4664/3995/5 6364/3998/5
f 435/4094/23 1688/4098/23 6427/4098/23 4679/4098/23 4327/4094/23
f 6385/3949/5 6349/3948/5 4204/3948/5 6381/3949/5
f 386/4112/3 1640/4114/3 4663/4114/3 4311/4112/3
f 1516/4188/2 80/4183/2 4217/4183/2 4625/4188/2
f 434/4078/4 1687/4080/4 4678/4080/4 4326/4078/4
f 1652/4087/3 36/4088/3 4203/4088/3 4667/4087/3
f 6384/4007/5 6351/4005/5 4624/4005/5 6360/4007/5
f 1699/4061/4 4/4062/4 4191/4062/4 4682/4061/4
f 2967/3758/4 3976/37/4 1705/40/4 452/3759/4
f 1005/3763/4 2970/3768/4 3976/37/4 2967/3758/4
f 2970/3768/4 273/3767/4 1034/38/4 3976/37/4
f 2971/3770/4 3977/33/4 1704/36/4 451/3771/4
f 1006/3775/4 2974/3780/4 3977/33/4 2971/3770/4
f 2974/3780/4 281/3779/4 1042/34/4 3977/33/4
f 2975/3782/4 3978/29/4 1680/32/4 427/3783/4
f 1007/3787/4 2978/3792/4 3978/29/4 2975/3782/4
f 2978/3792/4 280/3791/4 1041/30/4 3978/29/4
f 2979/4355/14 3979/25/14 1701/28/14 448/3937/14 5303/4346/14
f 1008/3882/14 2981/3796/14 3979/25/14 2979/4355/14 5328/4354/14
f 2981/3796/5 276/3795/5 1037/26/5 3979/25/5
f 5593/4345/29 5485/4343/29 4152/4343/29 5530/4345/29
f 5592/3936/29 5484/3935/29 4108/3935/29 5506/3936/29
f 5591/4344/29 5486/3918/29 4096/3918/29 5505/4344/29
f 2982/3798/5 3980/21/5 1678/24/5 425/3799/5
f 1009/3804/5 2985/3810/5 3980/21/5 2982/3798/5
f 2985/3810/5 278/3809/5 1039/22/5 3980/21/5
f 2986/3812/5 3981/17/5 1690/20/5 437/3813/5
f 1010/3818/5 2989/3823/5 3981/17/5 2986/3812/5
f 2989/3823/5 264/3822/5 1025/18/5 3981/17/5
f 2990/3825/4 3982/13/4 1692/16/4 439/3826/4
f 1011/3830/4 2993/3835/4 3982/13/4 2990/3825/4
f 2993/3835/4 261/3834/4 1022/14/4 3982/13/4
f 302/4194/2 1556/4195/2 4637/4195/2 4285/4194/2
f 1651/4069/4 35/4070/4 4202/4070/4 4666/4069/4
f 254/4120/3 1508/4123/3 4623/4123/3 4271/4120/3
f 2994/3837/3 3983/9/3 1693/12/3 440/3838/3
f 1012/3842/3 2997/3847/3 3983/9/3 2994/3837/3
f 2997/3847/3 263/3846/3 1024/10/3 3983/9/3
f 2998/3849/2 3984/5/2 1018/8/2 257/3850/2
f 1013/3855/2 3001/3860/2 3984/5/2 2998/3849/2
f 3001/3860/2 260/3859/2 1021/6/2 3984/5/2
f 3002/3862/1 3985/1/1 1021/4/1 260/3863/1
f 1014/3867/1 3005/3872/1 3985/1/1 3002/3862/1
f 3005/3872/1 444/3871/1 1697/2/1 3985/1/1
f 6180/4360/2 5908/4279/2 3999/3873/2 5951/4361/2
f 6179/4362/2 5909/4275/2 4000/4274/2 5960/4363/2
f 6178/4364/2 5910/4292/2 3998/3891/2 5950/4365/2
f 6177/4366/2 5911/4252/2 4001/4251/2 5965/4367/2
f 6174/4368/2 5914/4299/2 3997/3896/2 5949/4369/2
f 6170/4370/2 5928/4349/2 3992/3925/2 5948/4371/2
f 6169/4372/2 5929/3929/2 4005/3928/2 5975/4373/2
f 6168/4374/2 5930/4350/2 3991/4276/2 5947/4375/2
f 6167/4376/2 5931/3924/2 4006/3923/2 5978/4377/2
f 6166/4378/2 5941/4309/2 3988/4253/2 5946/4379/2
f 6165/4380/2 5942/3895/2 4010/3894/2 5989/4381/2
f 6164/4382/2 5943/4294/2 3987/3930/2 5945/4383/2
f 6163/4384/2 5944/3890/2 4011/3889/2 5992/4385/2
f 6162/4386/2 5995/4387/2 4062/3852/2 5996/3875/2
f 6161/4388/2 5994/3874/2 4061/3854/2 5997/3853/2
f 6160/4389/2 5998/4390/2 4063/3716/2 5999/3886/2
f 6159/4391/2 5952/4392/2 4018/3718/2 6000/3717/2
f 6158/4393/2 6001/4394/2 4064/3711/2 6002/3887/2
f 6157/4395/2 5993/4396/2 4060/3713/2 6003/3712/2
f 6156/4397/2 5991/3892/2 4059/3888/2 6004/4398/2
f 6155/4399/2 5990/4356/2 4058/4357/2 6005/4400/2
f 6154/4401/2 5988/3897/2 4057/3893/2 6006/4402/2
f 6153/4403/2 5987/4359/2 4056/4358/2 6007/4404/2
f 6148/4405/2 6010/4406/2 4065/3530/2 6011/3902/2
f 6147/4407/2 5953/4408/2 4019/3532/2 6012/3531/2
f 6144/4409/2 6014/4410/2 4066/3183/2 6015/3920/2
f 6143/4411/2 5954/4412/2 4020/3185/2 6016/3184/2
f 6142/4413/2 6017/4414/2 4067/3178/2 6018/3921/2
f 6141/4415/2 5979/4416/2 4048/3180/2 6019/3179/2
f 6140/4417/2 5977/3926/2 4047/3922/2 6020/4418/2
f 6139/4419/2 5976/4315/2 4046/4316/2 6021/4420/2
f 6138/4421/2 5974/3931/2 4045/3927/2 6022/4422/2
f 6137/4423/2 5973/4347/2 4044/4348/2 6023/4424/2
f 6136/4425/2 6024/4426/2 4068/3017/2 6025/3932/2
f 6135/4427/2 5955/4428/2 4021/3019/2 6026/3018/2
f 6134/4429/2 6027/4430/2 4069/3012/2 6028/3933/2
f 6133/4431/2 5972/4432/2 4043/3014/2 6029/3013/2
f 6120/4433/2 5964/4254/2 4029/4250/2 6051/4434/2
f 6119/4435/2 5963/4293/2 4028/4291/2 6052/4436/2
f 6118/4437/2 6053/4438/2 4076/1339/2 6054/4255/2
f 6117/4439/2 5956/4440/2 4022/1341/2 6055/1340/2
f 6116/4441/2 6056/4442/2 4077/1334/2 6057/4256/2
f 6115/4443/2 5962/4444/2 4027/1336/2 6058/1335/2
f 6114/4445/2 6059/4446/2 4078/1001/2 6060/4271/2
f 6113/4447/2 5957/4448/2 4023/1003/2 6061/1002/2
f 6112/4449/2 6062/4450/2 4079/996/2 6063/4272/2
f 6111/4451/2 5961/4452/2 4026/998/2 6064/997/2
f 6110/4453/2 5959/4277/2 4025/4273/2 6065/4454/2
f 6109/4455/2 5958/4280/2 4024/4278/2 6066/4456/2
f 5278/4457/29 4682/4061/29 4191/4062/29 4481/4458/29
f 5277/4459/29 4487/4460/29 4196/4461/29 4485/4462/29
f 5276/4463/29 4488/4464/29 4198/4465/29 4685/4466/29
f 5275/4467/29 4678/4080/29 4197/4056/29 4686/4468/29
f 5274/4469/29 4503/4470/29 4210/4471/29 4674/4472/29
f 5273/4473/29 4504/4474/29 4211/4475/29 4689/4476/29
f 5272/4477/29 4666/4069/29 4202/4070/29 4690/4478/29
f 5271/4479/29 4507/4480/29 4209/4481/29 4673/4482/29
f 5270/4483/29 4508/4484/29 4212/4485/29 4693/4486/29
f 5269/4487/29 4500/4488/29 4208/4489/29 4694/4490/29
f 5268/4491/29 4511/4492/29 4205/4493/29 4497/4494/29
f 5267/4495/29 4512/4496/29 4213/4497/29 4697/4498/29
f 5266/4499/29 4499/4500/29 4207/4501/29 4698/4502/29
f 5265/4503/29 4515/4504/29 4201/4505/29 4493/4506/29
f 5264/4507/29 4516/4508/29 4214/4509/29 4701/4510/29
f 5263/4511/29 4670/4052/29 4206/4053/29 4702/4512/29
f 5262/4513/29 4559/4514/29 4254/4515/29 4662/4516/29
f 5261/4517/29 4560/4518/29 4255/4519/29 4705/4520/29
f 5260/4521/29 4630/4057/29 4222/4051/29 4706/4522/29
f 5259/4523/29 4563/4524/29 4253/4525/29 4661/4526/29
f 5258/4527/29 4564/4528/29 4256/4529/29 4709/4530/29
f 5257/4531/29 4556/4532/29 4252/4533/29 4710/4534/29
f 5256/4535/29 4567/4536/29 4229/4537/29 4533/4538/29
f 5255/4539/29 4568/4540/29 4257/4541/29 4713/4542/29
f 5254/4543/29 4555/4544/29 4251/4545/29 4714/4546/29
f 5253/4547/29 4571/4548/29 4250/4549/29 4658/4550/29
f 5252/4551/29 4572/4552/29 4258/4553/29 4717/4554/29
f 5251/4555/29 4539/4556/29 4235/4557/29 4718/4558/29
f 5250/4559/29 4575/4560/29 4249/4561/29 4657/4562/29
f 5249/4563/29 4576/4564/29 4259/4565/29 4721/4566/29
f 5248/4567/29 4552/4568/29 4248/4569/29 4722/4570/29
f 5247/4571/29 4579/4572/29 4233/4573/29 4537/4574/29
f 5246/4575/29 4580/4576/29 4260/4577/29 4725/4578/29
f 5245/4579/29 4551/4580/29 4247/4581/29 4726/4582/29
f 5244/4583/29 4583/4584/29 4246/4585/29 4654/4586/29
f 5243/4587/29 4584/4588/29 4261/4589/29 4729/4590/29
f 5242/4591/29 4540/4592/29 4236/4593/29 4730/4594/29
f 5241/4595/29 4587/4596/29 4245/4597/29 4653/4598/29
f 5240/4599/29 4588/4600/29 4262/4601/29 4733/4602/29
f 5239/4603/29 4548/4604/29 4244/4605/29 4734/4606/29
f 5238/4607/29 4591/4608/29 4225/4609/29 4633/4610/29
f 5237/4611/29 4592/4612/29 4263/4613/29 4737/4614/29
f 5236/4615/29 4547/4616/29 4243/4617/29 4738/4618/29
f 5235/4619/29 4595/4620/29 4242/4621/29 4650/4622/29
f 5234/4623/29 4596/4624/29 4264/4625/29 4741/4626/29
f 5233/4627/29 4626/4076/29 4218/4068/29 4742/4628/29
f 5232/4629/29 4599/4630/29 4241/4631/29 4649/4632/29
f 5231/4633/29 4600/4634/29 4265/4635/29 4745/4636/29
f 5230/4637/29 4544/4638/29 4240/4639/29 4746/4640/29
f 5229/4641/29 4603/4642/29 4226/4643/29 4634/4644/29
f 5228/4645/29 4604/4646/29 4266/4647/29 4749/4648/29
f 5227/4649/29 4543/4650/29 4239/4651/29 4750/4652/29
f 5226/4653/29 4607/4654/29 4238/4655/29 4646/4656/29
f 5225/4657/29 4608/4658/29 4267/4659/29 4753/4660/29
f 5224/4661/29 4638/4083/29 4230/4079/29 4754/4662/29
f 5223/4663/29 4611/4664/29 4237/4665/29 4645/4666/29
f 5222/4667/29 4612/4668/29 4268/4669/29 4757/4670/29
f 5221/4671/29 4528/4672/29 4224/4673/29 4758/4674/29
f 5220/4675/29 4615/4676/29 4221/4677/29 4525/4678/29
f 5219/4679/29 4616/4680/29 4269/4681/29 4761/4682/29
f 5218/4683/29 4527/4684/29 4223/4685/29 4762/4686/29
f 5217/4687/29 4619/4688/29 4217/4689/29 4521/4690/29
f 5216/4691/29 4620/4692/29 4270/4693/29 4765/4694/29
f 5215/4695/29 4642/4065/29 4234/4060/29 4766/4696/29
f 5214/4697/29 4767/4698/29 4414/4699/29 4622/4700/29
f 5213/4701/29 4768/4702/29 4415/4703/29 4769/4704/29
f 5212/4705/29 4498/4063/29 4290/4064/29 4770/4706/29
f 5211/4707/29 4771/4708/29 4413/4709/29 4621/4710/29
f 5210/4711/29 4772/4712/29 4416/4713/29 4773/4714/29
f 5209/4715/29 4764/4716/29 4412/4717/29 4774/4718/29
f 5208/4719/29 4775/4720/29 4313/4721/29 4665/4722/29
f 5207/4723/29 4776/4724/29 4417/4725/29 4777/4726/29
f 5206/4727/29 4763/4728/29 4411/4729/29 4778/4730/29
f 5205/4731/29 4779/4732/29 4410/4733/29 4618/4734/29
f 5204/4735/29 4780/4736/29 4418/4737/29 4781/4738/29
f 5203/4739/29 4671/4740/29 4319/4741/29 4782/4742/29
f 5202/4743/29 4783/4744/29 4409/4745/29 4617/4746/29
f 5201/4747/29 4784/4748/29 4419/4749/29 4785/4750/29
f 5200/4751/29 4760/4752/29 4408/4753/29 4786/4754/29
f 5199/4755/29 4787/4756/29 4317/4757/29 4669/4758/29
f 5198/4759/29 4788/4760/29 4420/4761/29 4789/4762/29
f 5197/4763/29 4759/4764/29 4407/4765/29 4790/4766/29
f 5196/4767/29 4791/4768/29 4406/4769/29 4614/4770/29
f 5195/4771/29 4792/4772/29 4421/4773/29 4793/4774/29
f 5194/4775/29 4672/4776/29 4320/4777/29 4794/4778/29
f 5193/4779/29 4795/4780/29 4405/4781/29 4613/4782/29
f 5192/4783/29 4796/4784/29 4422/4785/29 4797/4786/29
f 5191/4787/29 4756/4788/29 4404/4789/29 4798/4790/29
f 5190/4791/29 4799/4792/29 4293/4793/29 4501/4794/29
f 5189/4795/29 4800/4796/29 4423/4797/29 4801/4798/29
f 5188/4799/29 4755/4800/29 4403/4801/29 4802/4802/29
f 5187/4803/29 4803/4804/29 4402/4805/29 4610/4806/29
f 5186/4807/29 4804/4808/29 4424/4809/29 4805/4810/29
f 5185/4811/29 4494/4081/29 4286/4082/29 4806/4812/29
f 5184/4813/29 4807/4814/29 4401/4815/29 4609/4816/29
f 5183/4817/29 4808/4818/29 4425/4819/29 4809/4820/29
f 5182/4821/29 4752/4822/29 4400/4823/29 4810/4824/29
f 5181/4825/29 4811/4826/29 4294/4827/29 4502/4828/29
f 5180/4829/29 4812/4830/29 4426/4831/29 4813/4832/29
f 5179/4833/29 4751/4834/29 4399/4835/29 4814/4836/29
f 5178/4837/29 4815/4838/29 4398/4839/29 4606/4840/29
f 5177/4841/29 4816/4842/29 4427/4843/29 4817/4844/29
f 5176/4845/29 4687/4846/29 4335/4847/29 4818/4848/29
f 5175/4849/29 4819/4850/29 4397/4851/29 4605/4852/29
f 5174/4853/29 4820/4854/29 4428/4855/29 4821/4856/29
f 5173/4857/29 4748/4858/29 4396/4859/29 4822/4860/29
f 5172/4861/29 4823/4862/29 4282/4863/29 4490/4864/29
f 5171/4865/29 4824/4866/29 4429/4867/29 4825/4868/29
f 5170/4869/29 4747/4870/29 4395/4871/29 4826/4872/29
f 5169/4873/29 4827/4874/29 4394/4875/29 4602/4876/29
f 5168/4877/29 4828/4878/29 4430/4879/29 4829/4880/29
f 5167/4881/29 4688/4882/29 4336/4883/29 4830/4884/29
f 5166/4885/29 4831/4886/29 4393/4887/29 4601/4888/29
f 5165/4889/29 4832/4890/29 4431/4891/29 4833/4892/29
f 5164/4893/29 4744/4894/29 4392/4895/29 4834/4896/29
f 5163/4897/29 4835/4898/29 4297/4899/29 4505/4900/29
f 5162/4901/29 4836/4902/29 4432/4903/29 4837/4904/29
f 5161/4905/29 4743/4906/29 4391/4907/29 4838/4908/29
f 5160/4909/29 4839/4910/29 4390/4911/29 4598/4912/29
f 5159/4913/29 4840/4914/29 4433/4915/29 4841/4916/29
f 5158/4917/34 4482/4071/34 4274/4073/34 4842/4918/34
f 5157/4919/29 4843/4920/29 4389/4921/29 4597/4922/29
f 5156/4923/29 4844/4924/29 4434/4925/29 4845/4926/29
f 5155/4927/29 4740/4928/29 4388/4929/29 4846/4930/29
f 5154/4931/29 4847/4932/29 4298/4933/29 4506/4934/29
f 5153/4935/29 4848/4936/29 4435/4937/29 4849/4938/29
f 5152/4939/29 4739/4940/29 4387/4941/29 4850/4942/29
f 5151/4943/29 4851/4944/29 4386/4945/29 4594/4946/29
f 5150/4947/29 4852/4948/29 4436/4949/29 4853/4950/29
f 5149/4951/29 4691/4952/29 4339/4953/29 4854/4954/29
f 5148/4955/29 4855/4956/29 4385/4957/29 4593/4958/29
f 5147/4959/29 4856/4960/29 4437/4961/29 4857/4962/29
f 5146/4963/29 4736/4964/29 4384/4965/29 4858/4966/29
f 5145/4967/29 4859/4968/29 4281/4969/29 4489/4970/29
f 5144/4971/29 4860/4972/29 4438/4973/29 4861/4974/29
f 5143/4975/29 4735/4976/29 4383/4977/29 4862/4978/29
f 5142/4979/29 4863/4980/29 4382/4981/29 4590/4982/29
f 5141/4983/29 4864/4984/29 4439/4985/29 4865/4986/29
f 5140/4987/29 4692/4988/29 4340/4989/29 4866/4990/29
f 5139/4991/29 4867/4992/29 4381/4993/29 4589/4994/29
f 5138/4995/29 4868/4996/29 4440/4997/29 4869/4998/29
f 5137/4999/29 4732/5000/29 4380/5001/29 4870/5002/29
f 5136/5003/29 4871/5004/29 4301/5005/29 4509/5006/29
f 5135/5007/29 4872/5008/29 4441/5009/29 4873/5010/29
f 5134/5011/29 4731/5012/29 4379/5013/29 4874/5014/29
f 5133/5015/29 4875/5016/29 4378/5017/29 4586/5018/29
f 5132/5019/29 4876/5020/29 4442/5021/29 4877/5022/29
f 5131/5023/29 4684/5024/29 4332/5025/29 4878/5026/29
f 5130/5027/29 4879/5028/29 4377/5029/29 4585/5030/29
f 5129/5031/29 4880/5032/29 4443/5033/29 4881/5034/29
f 5128/5035/29 4728/5036/29 4376/5037/29 4882/5038/29
f 5127/5039/29 4883/5040/29 4302/5041/29 4510/5042/29
f 5126/5043/29 4884/5044/29 4444/5045/29 4885/5046/29
f 5125/5047/29 4727/5048/29 4375/5049/29 4886/5050/29
f 5124/5051/29 4887/5052/29 4374/5053/29 4582/5054/29
f 5123/5055/29 4888/5056/29 4445/5057/29 4889/5058/29
f 5122/5059/29 4695/5060/29 4343/5061/29 4890/5062/29
f 5121/5063/29 4891/5064/29 4373/5065/29 4581/5066/29
f 5120/5067/29 4892/5068/29 4446/5069/29 4893/5070/29
f 5119/5071/29 4724/5072/29 4372/5073/29 4894/5074/29
f 5118/5075/29 4895/5076/29 4329/5077/29 4681/5078/29
f 5117/5079/29 4896/5080/29 4447/5081/29 4897/5082/29
f 5116/5083/29 4723/5084/29 4371/5085/29 4898/5086/29
f 5115/5087/29 4899/5088/29 4370/5089/29 4578/5090/29
f 5114/5091/29 4900/5092/29 4448/5093/29 4901/5094/29
f 5113/5095/29 4696/5096/29 4344/5097/29 4902/5098/29
f 5112/5099/29 4903/5100/29 4369/5101/29 4577/5102/29
f 5111/5103/29 4904/5104/29 4449/5105/29 4905/5106/29
f 5110/5107/29 4720/5108/29 4368/5109/29 4906/5110/29
f 5109/5111/29 4907/5112/29 4305/5113/29 4513/5114/29
f 5108/5115/29 4908/5116/29 4450/5117/29 4909/5118/29
f 5107/5119/29 4719/5120/29 4367/5121/29 4910/5122/29
f 5106/5123/29 4911/5124/29 4366/5125/29 4574/5126/29
f 5105/5127/29 4912/5128/29 4451/5129/29 4913/5130/29
f 5104/5131/29 4683/5132/29 4331/5133/29 4914/5134/29
f 5103/5135/29 4915/5136/29 4365/5137/29 4573/5138/29
f 5102/5139/29 4916/5140/29 4452/5141/29 4917/5142/29
f 5101/5143/29 4716/5144/29 4364/5145/29 4918/5146/29
f 5100/5147/29 4919/5148/29 4306/5149/29 4514/5150/29
f 5099/5151/29 4920/5152/29 4453/5153/29 4921/5154/29
f 5098/5155/29 4715/5156/29 4363/5157/29 4922/5158/29
f 5097/5159/29 4923/5160/29 4362/5161/29 4570/5162/29
f 5096/5163/29 4924/5164/29 4454/5165/29 4925/5166/29
f 5095/5167/29 4699/5168/29 4347/5169/29 4926/5170/29
f 5094/5171/29 4927/5172/29 4361/5173/29 4569/5174/29
f 5093/5175/29 4928/5176/29 4455/5177/29 4929/5178/29
f 5092/5179/29 4712/5180/29 4360/5181/29 4930/5182/29
f 5091/5183/29 4931/5184/29 4325/5185/29 4677/5186/29
f 5090/5187/29 4932/5188/29 4456/5189/29 4933/5190/29
f 5089/5191/29 4711/5192/29 4359/5193/29 4934/5194/29
f 5088/5195/29 4935/5196/29 4358/5197/29 4566/5198/29
f 5087/5199/29 4936/5200/29 4457/5201/29 4937/5202/29
f 5086/5203/29 4700/5204/29 4348/5205/29 4938/5206/29
f 5085/5207/29 4939/5208/29 4357/5209/29 4565/5210/29
f 5084/5211/29 4940/5212/29 4458/5213/29 4941/5214/29
f 5083/5215/29 4708/5216/29 4356/5217/29 4942/5218/29
f 5082/5219/29 4943/5220/29 4309/5221/29 4517/5222/29
f 5081/5223/29 4944/5224/29 4459/5225/29 4945/5226/29
f 5080/5227/29 4707/5228/29 4355/5229/29 4946/5230/29
f 5079/5231/29 4947/5232/29 4354/5233/29 4562/5234/29
f 5078/5235/29 4948/5236/29 4460/5237/29 4949/5238/29
f 5077/5239/29 4486/4054/29 4278/4055/29 4950/5240/29
f 5076/5241/29 4951/5242/29 4353/5243/29 4561/5244/29
f 5075/5245/29 4952/5246/29 4461/5247/29 4953/5248/29
f 5074/5249/29 4704/5250/29 4352/5251/29 4954/5252/29
f 5073/5253/29 4955/5254/29 4310/5255/29 4518/5256/29
f 5072/5257/29 4956/5258/29 4462/5259/29 4957/5260/29
f 5071/5261/29 4703/5262/29 4351/5263/29 4958/5264/29
f 5070/5265/29 4959/5266/29 4350/5267/29 4558/5268/29
f 5069/5269/29 4960/5270/29 4463/5271/29 4961/5272/29
f 5068/5273/29 4526/4049/29 4318/4050/29 4962/5274/29
f 5067/5275/29 4963/5276/29 4349/5277/29 4557/5278/29
f 5066/5279/29 4964/5280/29 4464/5281/29 4965/5282/29
f 5065/5283/29 4660/5284/29 4308/5285/29 4966/5286/29
f 5064/5287/29 4967/5288/29 4285/5289/29 4637/5290/29
f 5063/5291/29 4968/5292/29 4465/5293/29 4969/5294/29
f 5062/5295/29 4659/5296/29 4307/5297/29 4970/5298/29
f 5061/5299/29 4971/5300/29 4346/5301/29 4554/5302/29
f 5060/5303/29 4972/5304/29 4466/5305/29 4973/5306/29
f 5059/5307/29 4643/5308/29 4291/5309/29 4974/5310/29
f 5058/5311/29 4975/5312/29 4345/5313/29 4553/5314/29
f 5057/5315/29 4976/5316/29 4467/5317/29 4977/5318/29
f 5056/5319/29 4656/5320/29 4304/5321/29 4978/5322/29
f 5055/5323/29 4979/5324/29 4289/5325/29 4641/5326/29
f 5054/5327/29 4980/5328/29 4468/5329/29 4981/5330/29
f 5053/5331/29 4655/5332/29 4303/5333/29 4982/5334/29
f 5052/5335/29 4983/5336/29 4342/5337/29 4550/5338/29
f 5051/5339/29 4984/5340/29 4469/5341/29 4985/5342/29
f 5050/5343/29 4644/5344/29 4292/5345/29 4986/5346/29
f 5049/5347/29 4987/5348/29 4341/5349/29 4549/5350/29
f 5048/5351/29 4988/5352/29 4470/5353/29 4989/5354/29
f 5047/5355/29 4652/5356/29 4300/5357/29 4990/5358/29
f 5046/5359/29 4991/5360/29 4321/5361/29 4529/5362/29
f 5045/5363/29 4992/5364/29 4471/5365/29 4993/5366/29
f 5044/5367/29 4651/5368/29 4299/5369/29 4994/5370/29
f 5043/5371/29 4995/5372/29 4338/5373/29 4546/5374/29
f 5042/5375/29 4996/5376/29 4472/5377/29 4997/5378/29
f 5041/5379/29 4522/4066/29 4314/4067/29 4998/5380/29
f 5040/5381/29 4999/5382/29 4337/5383/29 4545/5384/29
f 5039/5385/29 5000/5386/29 4473/5387/29 5001/5388/29
f 5038/5389/29 4648/5390/29 4296/5391/29 5002/5392/29
f 5037/5393/29 5003/5394/29 4322/5395/29 4530/5396/29
f 5036/5397/29 5004/5398/29 4474/5399/29 5005/5400/29
f 5035/5401/29 4647/5402/29 4295/5403/29 5006/5404/29
f 5034/5405/29 5007/5406/29 4334/5407/29 4542/5408/29
f 5033/5409/29 5008/5410/29 4475/5411/29 5009/5412/29
f 5032/5413/29 4534/4077/29 4326/4078/29 5010/5414/29
f 5031/5415/29 5011/5416/29 4333/5417/29 4541/5418/29
f 5030/5419/29 5012/5420/29 4476/5421/29 5013/5422/29
f 5029/5423/29 4632/5424/29 4280/5425/29 5014/5426/29
f 5028/5427/29 5015/5428/29 4277/5429/29 4629/5430/29
f 5027/5431/29 5016/5432/29 4477/5433/29 5017/5434/29
f 5026/5435/29 4631/5436/29 4279/5437/29 5018/5438/29
f 5025/5439/29 5019/5440/29 4273/5441/29 4625/5442/29
f 5024/5443/29 5020/5444/29 4478/5445/29 5021/5446/29
f 5023/5447/29 4538/4058/29 4330/4059/29 5022/5448/29
f 5020/5444/29 5023/5447/29 5022/5448/29 4478/5445/29
f 4414/4699/29 4766/4696/29 5023/5447/29 5020/5444/29
f 4766/4696/29 4234/4060/29 4538/4058/29 5023/5447/29
f 4763/4728/29 5024/5443/29 5021/5446/29 4411/4729/29
f 4270/4693/29 4622/4700/29 5024/5443/29 4763/4728/29
f 4622/4700/29 4414/4699/29 5020/5444/29 5024/5443/29
f 4619/4688/29 5025/5439/29 4625/5442/29 4217/4689/29
f 4411/4729/29 5021/5446/29 5025/5439/29 4619/4688/29
f 5021/5446/29 4478/5445/29 5019/5440/29 5025/5439/29
f 5016/5432/29 5026/5435/29 5018/5438/29 4477/5433/29
f 4410/4733/29 4762/4686/29 5026/5435/29 5016/5432/29
f 4762/4686/29 4223/4685/29 4631/5436/29 5026/5435/29
f 4759/4764/29 5027/5431/29 5017/5434/29 4407/4765/29
f 4269/4681/29 4618/4734/29 5027/5431/29 4759/4764/29
f 4618/4734/29 4410/4733/29 5016/5432/29 5027/5431/29
f 4615/4676/29 5028/5427/29 4629/5430/29 4221/4677/29
f 4407/4765/29 5017/5434/29 5028/5427/29 4615/4676/29
f 5017/5434/29 4477/5433/29 5015/5428/29 5028/5427/29
f 5012/5420/29 5029/5423/29 5014/5426/29 4476/5421/29
f 4406/4769/29 4758/4674/29 5029/5423/29 5012/5420/29
f 4758/4674/29 4224/4673/29 4632/5424/29 5029/5423/29
f 4755/4800/29 5030/5419/29 5013/5422/29 4403/4801/29
f 4268/4669/29 4614/4770/29 5030/5419/29 4755/4800/29
f 4614/4770/29 4406/4769/29 5012/5420/29 5030/5419/29
f 4611/4664/29 5031/5415/29 4541/5418/29 4237/4665/29
f 4403/4801/29 5013/5422/29 5031/5415/29 4611/4664/29
f 5013/5422/29 4476/5421/29 5011/5416/29 5031/5415/29
f 5008/5410/29 5032/5413/29 5010/5414/29 4475/5411/29
f 4402/4805/29 4754/4662/29 5032/5413/29 5008/5410/29
f 4754/4662/29 4230/4079/29 4534/4077/29 5032/5413/29
f 4751/4834/29 5033/5409/29 5009/5412/29 4399/4835/29
f 4267/4659/29 4610/4806/29 5033/5409/29 4751/4834/29
f 4610/4806/29 4402/4805/29 5008/5410/29 5033/5409/29
f 4607/4654/29 5034/5405/29 4542/5408/29 4238/4655/29
f 4399/4835/29 5009/5412/29 5034/5405/29 4607/4654/29
f 5009/5412/29 4475/5411/29 5007/5406/29 5034/5405/29
f 5004/5398/29 5035/5401/29 5006/5404/29 4474/5399/29
f 4398/4839/29 4750/4652/29 5035/5401/29 5004/5398/29
f 4750/4652/29 4239/4651/29 4647/5402/29 5035/5401/29
f 4747/4870/29 5036/5397/29 5005/5400/29 4395/4871/29
f 4266/4647/29 4606/4840/29 5036/5397/29 4747/4870/29
f 4606/4840/29 4398/4839/29 5004/5398/29 5036/5397/29
f 4603/4642/29 5037/5393/29 4530/5396/29 4226/4643/29
f 4395/4871/29 5005/5400/29 5037/5393/29 4603/4642/29
f 5005/5400/29 4474/5399/29 5003/5394/29 5037/5393/29
f 5000/5386/29 5038/5389/29 5002/5392/29 4473/5387/29
f 4394/4875/29 4746/4640/29 5038/5389/29 5000/5386/29
f 4746/4640/29 4240/4639/29 4648/5390/29 5038/5389/29
f 4743/4906/29 5039/5385/29 5001/5388/29 4391/4907/29
f 4265/4635/29 4602/4876/29 5039/5385/29 4743/4906/29
f 4602/4876/29 4394/4875/29 5000/5386/29 5039/5385/29
f 4599/4630/29 5040/5381/29 4545/5384/29 4241/4631/29
f 4391/4907/29 5001/5388/29 5040/5381/29 4599/4630/29
f 5001/5388/29 4473/5387/29 4999/5382/29 5040/5381/29
f 4996/5376/29 5041/5379/29 4998/5380/29 4472/5377/29
f 4390/4911/29 4742/4628/29 5041/5379/29 4996/5376/29
f 4742/4628/29 4218/4068/29 4522/4066/29 5041/5379/29
f 4739/4940/29 5042/5375/29 4997/5378/29 4387/4941/29
f 4264/4625/29 4598/4912/29 5042/5375/29 4739/4940/29
f 4598/4912/29 4390/4911/29 4996/5376/29 5042/5375/29
f 4595/4620/29 5043/5371/29 4546/5374/29 4242/4621/29
f 4387/4941/29 4997/5378/29 5043/5371/29 4595/4620/29
f 4997/5378/29 4472/5377/29 4995/5372/29 5043/5371/29
f 4992/5364/29 5044/5367/29 4994/5370/29 4471/5365/29
f 4386/4945/29 4738/4618/29 5044/5367/29 4992/5364/29
f 4738/4618/29 4243/4617/29 4651/5368/29 5044/5367/29
f 4735/4976/29 5045/5363/29 4993/5366/29 4383/4977/29
f 4263/4613/29 4594/4946/29 5045/5363/29 4735/4976/29
f 4594/4946/29 4386/4945/29 4992/5364/29 5045/5363/29
f 4591/4608/29 5046/5359/29 4529/5362/29 4225/4609/29
f 4383/4977/29 4993/5366/29 5046/5359/29 4591/4608/29
f 4993/5366/29 4471/5365/29 4991/5360/29 5046/5359/29
f 4988/5352/29 5047/5355/29 4990/5358/29 4470/5353/29
f 4382/4981/29 4734/4606/29 5047/5355/29 4988/5352/29
f 4734/4606/29 4244/4605/29 4652/5356/29 5047/5355/29
f 4731/5012/29 5048/5351/29 4989/5354/29 4379/5013/29
f 4262/4601/29 4590/4982/29 5048/5351/29 4731/5012/29
f 4590/4982/29 4382/4981/29 4988/5352/29 5048/5351/29
f 4587/4596/29 5049/5347/29 4549/5350/29 4245/4597/29
f 4379/5013/29 4989/5354/29 5049/5347/29 4587/4596/29
f 4989/5354/29 4470/5353/29 4987/5348/29 5049/5347/29
f 4984/5340/29 5050/5343/29 4986/5346/29 4469/5341/29
f 4378/5017/29 4730/4594/29 5050/5343/29 4984/5340/29
f 4730/4594/29 4236/4593/29 4644/5344/29 5050/5343/29
f 4727/5048/29 5051/5339/29 4985/5342/29 4375/5049/29
f 4261/4589/29 4586/5018/29 5051/5339/29 4727/5048/29
f 4586/5018/29 4378/5017/29 4984/5340/29 5051/5339/29
f 4583/4584/29 5052/5335/29 4550/5338/29 4246/4585/29
f 4375/5049/29 4985/5342/29 5052/5335/29 4583/4584/29
f 4985/5342/29 4469/5341/29 4983/5336/29 5052/5335/29
f 4980/5328/29 5053/5331/29 4982/5334/29 4468/5329/29
f 4374/5053/29 4726/4582/29 5053/5331/29 4980/5328/29
f 4726/4582/29 4247/4581/29 4655/5332/29 5053/5331/29
f 4723/5084/29 5054/5327/29 4981/5330/29 4371/5085/29
f 4260/4577/29 4582/5054/29 5054/5327/29 4723/5084/29
f 4582/5054/29 4374/5053/29 4980/5328/29 5054/5327/29
f 4579/4572/29 5055/5323/29 4641/5326/29 4233/4573/29
f 4371/5085/29 4981/5330/29 5055/5323/29 4579/4572/29
f 4981/5330/29 4468/5329/29 4979/5324/29 5055/5323/29
f 4976/5316/29 5056/5319/29 4978/5322/29 4467/5317/29
f 4370/5089/29 4722/4570/29 5056/5319/29 4976/5316/29
f 4722/4570/29 4248/4569/29 4656/5320/29 5056/5319/29
f 4719/5120/29 5057/5315/29 4977/5318/29 4367/5121/29
f 4259/4565/29 4578/5090/29 5057/5315/29 4719/5120/29
f 4578/5090/29 4370/5089/29 4976/5316/29 5057/5315/29
f 4575/4560/29 5058/5311/29 4553/5314/29 4249/4561/29
f 4367/5121/29 4977/5318/29 5058/5311/29 4575/4560/29
f 4977/5318/29 4467/5317/29 4975/5312/29 5058/5311/29
f 4972/5304/29 5059/5307/29 4974/5310/29 4466/5305/29
f 4366/5125/29 4718/4558/29 5059/5307/29 4972/5304/29
f 4718/4558/29 4235/4557/29 4643/5308/29 5059/5307/29
f 4715/5156/29 5060/5303/29 4973/5306/29 4363/5157/29
f 4258/4553/29 4574/5126/29 5060/5303/29 4715/5156/29
f 4574/5126/29 4366/5125/29 4972/5304/29 5060/5303/29
f 4571/4548/29 5061/5299/29 4554/5302/29 4250/4549/29
f 4363/5157/29 4973/5306/29 5061/5299/29 4571/4548/29
f 4973/5306/29 4466/5305/29 4971/5300/29 5061/5299/29
f 4968/5292/29 5062/5295/29 4970/5298/29 4465/5293/29
f 4362/5161/29 4714/4546/29 5062/5295/29 4968/5292/29
f 4714/4546/29 4251/4545/29 4659/5296/29 5062/5295/29
f 4711/5192/29 5063/5291/29 4969/5294/29 4359/5193/29
f 4257/4541/29 4570/5162/29 5063/5291/29 4711/5192/29
f 4570/5162/29 4362/5161/29 4968/5292/29 5063/5291/29
f 4567/4536/29 5064/5287/29 4637/5290/29 4229/4537/29
f 4359/5193/29 4969/5294/29 5064/5287/29 4567/4536/29
f 4969/5294/29 4465/5293/29 4967/5288/29 5064/5287/29
f 4964/5280/29 5065/5283/29 4966/5286/29 4464/5281/29
f 4358/5197/29 4710/4534/29 5065/5283/29 4964/5280/29
f 4710/4534/29 4252/4533/29 4660/5284/29 5065/5283/29
f 4707/5228/29 5066/5279/29 4965/5282/29 4355/5229/29
f 4256/4529/29 4566/5198/29 5066/5279/29 4707/5228/29
f 4566/5198/29 4358/5197/29 4964/5280/29 5066/5279/29
f 4563/4524/29 5067/5275/29 4557/5278/29 4253/4525/29
f 4355/5229/29 4965/5282/29 5067/5275/29 4563/4524/29
f 4965/5282/29 4464/5281/29 4963/5276/29 5067/5275/29
f 4960/5270/29 5068/5273/29 4962/5274/29 4463/5271/29
f 4354/5233/29 4706/4522/29 5068/5273/29 4960/5270/29
f 4706/4522/29 4222/4051/29 4526/4049/29 5068/5273/29
f 4703/5262/29 5069/5269/29 4961/5272/29 4351/5263/29
f 4255/4519/29 4562/5234/29 5069/5269/29 4703/5262/29
f 4562/5234/29 4354/5233/29 4960/5270/29 5069/5269/29
f 4559/4514/29 5070/5265/29 4558/5268/29 4254/4515/29
f 4351/5263/29 4961/5272/29 5070/5265/29 4559/4514/29
f 4961/5272/29 4463/5271/29 4959/5266/29 5070/5265/29
f 4956/5258/29 5071/5261/29 4958/5264/29 4462/5259/29
f 4353/5243/29 4705/4520/29 5071/5261/29 4956/5258/29
f 4705/4520/29 4255/4519/29 4703/5262/29 5071/5261/29
f 4660/5284/29 5072/5257/29 4957/5260/29 4308/5285/29
f 4252/4533/29 4561/5244/29 5072/5257/29 4660/5284/29
f 4561/5244/29 4353/5243/29 4956/5258/29 5072/5257/29
f 4516/4508/29 5073/5253/29 4518/5256/29 4214/4509/29
f 4308/5285/29 4957/5260/29 5073/5253/29 4516/4508/29
f 4957/5260/29 4462/5259/29 4955/5254/29 5073/5253/29
f 4952/5246/29 5074/5249/29 4954/5252/29 4461/5247/29
f 4294/4827/29 4646/4656/29 5074/5249/29 4952/5246/29
f 4646/4656/29 4238/4655/29 4704/5250/29 5074/5249/29
f 4700/5204/29 5075/5245/29 4953/5248/29 4348/5205/29
f 4210/4471/29 4502/4828/29 5075/5245/29 4700/5204/29
f 4502/4828/29 4294/4827/29 4952/5246/29 5075/5245/29
f 4556/4532/29 5076/5241/29 4561/5244/29 4252/4533/29
f 4348/5205/29 4953/5248/29 5076/5241/29 4556/4532/29
f 4953/5248/29 4461/5247/29 4951/5242/29 5076/5241/29
f 4948/5236/29 5077/5239/29 4950/5240/29 4460/5237/29
f 4334/5407/29 4686/4468/29 5077/5239/29 4948/5236/29
f 4686/4468/29 4197/4056/29 4486/4054/29 5077/5239/29
f 4704/5250/29 5078/5235/29 4949/5238/29 4352/5251/29
f 4238/4655/29 4542/5408/29 5078/5235/29 4704/5250/29
f 4542/5408/29 4334/5407/29 4948/5236/29 5078/5235/29
f 4560/4518/29 5079/5231/29 4562/5234/29 4255/4519/29
f 4352/5251/29 4949/5238/29 5079/5231/29 4560/4518/29
f 4949/5238/29 4460/5237/29 4947/5232/29 5079/5231/29
f 4944/5224/29 5080/5227/29 4946/5230/29 4459/5225/29
f 4357/5209/29 4709/4530/29 5080/5227/29 4944/5224/29
f 4709/4530/29 4256/4529/29 4707/5228/29 5080/5227/29
f 4643/5308/29 5081/5223/29 4945/5226/29 4291/5309/29
f 4235/4557/29 4565/5210/29 5081/5223/29 4643/5308/29
f 4565/5210/29 4357/5209/29 4944/5224/29 5081/5223/29
f 4499/4500/29 5082/5219/29 4517/5222/29 4207/4501/29
f 4291/5309/29 4945/5226/29 5082/5219/29 4499/4500/29
f 4945/5226/29 4459/5225/29 4943/5220/29 5082/5219/29
f 4940/5212/29 5083/5215/29 4942/5218/29 4458/5213/29
f 4282/4863/29 4634/4644/29 5083/5215/29 4940/5212/29
f 4634/4644/29 4226/4643/29 4708/5216/29 5083/5215/29
f 4683/5132/29 5084/5211/29 4941/5214/29 4331/5133/29
f 4198/4465/29 4490/4864/29 5084/5211/29 4683/5132/29
f 4490/4864/29 4282/4863/29 4940/5212/29 5084/5211/29
f 4539/4556/29 5085/5207/29 4565/5210/29 4235/4557/29
f 4331/5133/29 4941/5214/29 5085/5207/29 4539/4556/29
f 4941/5214/29 4458/5213/29 4939/5208/29 5085/5207/29
f 4936/5200/29 5086/5203/29 4938/5206/29 4457/5201/29
f 4322/5395/29 4674/4472/29 5086/5203/29 4936/5200/29
f 4674/4472/29 4210/4471/29 4700/5204/29 5086/5203/29
f 4708/5216/29 5087/5199/29 4937/5202/29 4356/5217/29
f 4226/4643/29 4530/5396/29 5087/5199/29 4708/5216/29
f 4530/5396/29 4322/5395/29 4936/5200/29 5087/5199/29
f 4564/4528/29 5088/5195/29 4566/5198/29 4256/4529/29
f 4356/5217/29 4937/5202/29 5088/5195/29 4564/4528/29
f 4937/5202/29 4457/5201/29 4935/5196/29 5088/5195/29
f 4932/5188/29 5089/5191/29 4934/5194/29 4456/5189/29
f 4361/5173/29 4713/4542/29 5089/5191/29 4932/5188/29
f 4713/4542/29 4257/4541/29 4711/5192/29 5089/5191/29
f 4631/5436/29 5090/5187/29 4933/5190/29 4279/5437/29
f 4223/4685/29 4569/5174/29 5090/5187/29 4631/5436/29
f 4569/5174/29 4361/5173/29 4932/5188/29 5090/5187/29
f 4487/4460/29 5091/5183/29 4677/5186/29 4196/4461/29
f 4279/5437/29 4933/5190/29 5091/5183/29 4487/4460/29
f 4933/5190/29 4456/5189/29 4931/5184/29 5091/5183/29
f 4928/5176/29 5092/5179/29 4930/5182/29 4455/5177/29
f 4309/5221/29 4661/4526/29 5092/5179/29 4928/5176/29
f 4661/4526/29 4253/4525/29 4712/5180/29 5092/5179/29
f 4671/4740/29 5093/5175/29 4929/5178/29 4319/4741/29
f 4207/4501/29 4517/5222/29 5093/5175/29 4671/4740/29
f 4517/5222/29 4309/5221/29 4928/5176/29 5093/5175/29
f 4527/4684/29 5094/5171/29 4569/5174/29 4223/4685/29
f 4319/4741/29 4929/5178/29 5094/5171/29 4527/4684/29
f 4929/5178/29 4455/5177/29 4927/5172/29 5094/5171/29
f 4924/5164/29 5095/5167/29 4926/5170/29 4454/5165/29
f 4349/5277/29 4701/4510/29 5095/5167/29 4924/5164/29
f 4701/4510/29 4214/4509/29 4699/5168/29 5095/5167/29
f 4712/5180/29 5096/5163/29 4925/5166/29 4360/5181/29
f 4253/4525/29 4557/5278/29 5096/5163/29 4712/5180/29
f 4557/5278/29 4349/5277/29 4924/5164/29 5096/5163/29
f 4568/4540/29 5097/5159/29 4570/5162/29 4257/4541/29
f 4360/5181/29 4925/5166/29 5097/5159/29 4568/4540/29
f 4925/5166/29 4454/5165/29 4923/5160/29 5097/5159/29
f 4920/5152/29 5098/5155/29 4922/5158/29 4453/5153/29
f 4365/5137/29 4717/4554/29 5098/5155/29 4920/5152/29
f 4717/4554/29 4258/4553/29 4715/5156/29 5098/5155/29
f 4656/5320/29 5099/5151/29 4921/5154/29 4304/5321/29
f 4248/4569/29 4573/5138/29 5099/5151/29 4656/5320/29
f 4573/5138/29 4365/5137/29 4920/5152/29 5099/5151/29
f 4512/4496/29 5100/5147/29 4514/5150/29 4213/4497/29
f 4304/5321/29 4921/5154/29 5100/5147/29 4512/4496/29
f 4921/5154/29 4453/5153/29 4919/5148/29 5100/5147/29
f 4916/5140/29 5101/5143/29 4918/5146/29 4452/5141/29
f 4293/4793/29 4645/4666/29 5101/5143/29 4916/5140/29
f 4645/4666/29 4237/4665/29 4716/5144/29 5101/5143/29
f 4696/5096/29 5102/5139/29 4917/5142/29 4344/5097/29
f 4209/4481/29 4501/4794/29 5102/5139/29 4696/5096/29
f 4501/4794/29 4293/4793/29 4916/5140/29 5102/5139/29
f 4552/4568/29 5103/5135/29 4573/5138/29 4248/4569/29
f 4344/5097/29 4917/5142/29 5103/5135/29 4552/4568/29
f 4917/5142/29 4452/5141/29 4915/5136/29 5103/5135/29
f 4912/5128/29 5104/5131/29 4914/5134/29 4451/5129/29
f 4333/5417/29 4685/4466/29 5104/5131/29 4912/5128/29
f 4685/4466/29 4198/4465/29 4683/5132/29 5104/5131/29
f 4716/5144/29 5105/5127/29 4913/5130/29 4364/5145/29
f 4237/4665/29 4541/5418/29 5105/5127/29 4716/5144/29
f 4541/5418/29 4333/5417/29 4912/5128/29 5105/5127/29
f 4572/4552/29 5106/5123/29 4574/5126/29 4258/4553/29
f 4364/5145/29 4913/5130/29 5106/5123/29 4572/4552/29
f 4913/5130/29 4451/5129/29 4911/5124/29 5106/5123/29
f 4908/5116/29 5107/5119/29 4910/5122/29 4450/5117/29
f 4369/5101/29 4721/4566/29 5107/5119/29 4908/5116/29
f 4721/4566/29 4259/4565/29 4719/5120/29 5107/5119/29
f 4635/5449/29 5108/5115/29 4909/5118/29 4283/5450/29
f 4227/5451/29 4577/5102/29 5108/5115/29 4635/5449/29
f 4577/5102/29 4369/5101/29 4908/5116/29 5108/5115/29
f 4491/5452/29 5109/5111/29 4513/5114/29 4199/5453/29
f 4283/5450/29 4909/5118/29 5109/5111/29 4491/5452/29
f 4909/5118/29 4450/5117/29 4907/5112/29 5109/5111/29
f 4904/5104/29 5110/5107/29 4906/5110/29 4449/5105/29
f 4281/4969/29 4633/4610/29 5110/5107/29 4904/5104/29
f 4633/4610/29 4225/4609/29 4720/5108/29 5110/5107/29
f 4675/5454/29 5111/5103/29 4905/5106/29 4323/5455/29
f 4194/5456/29 4489/4970/29 5111/5103/29 4675/5454/29
f 4489/4970/29 4281/4969/29 4904/5104/29 5111/5103/29
f 4531/5457/29 5112/5099/29 4577/5102/29 4227/5451/29
f 4323/5455/29 4905/5106/29 5112/5099/29 4531/5457/29
f 4905/5106/29 4449/5105/29 4903/5100/29 5112/5099/29
f 4900/5092/29 5113/5095/29 4902/5098/29 4448/5093/29
f 4321/5361/29 4673/4482/29 5113/5095/29 4900/5092/29
f 4673/4482/29 4209/4481/29 4696/5096/29 5113/5095/29
f 4720/5108/29 5114/5091/29 4901/5094/29 4368/5109/29
f 4225/4609/29 4529/5362/29 5114/5091/29 4720/5108/29
f 4529/5362/29 4321/5361/29 4900/5092/29 5114/5091/29
f 4576/4564/29 5115/5087/29 4578/5090/29 4259/4565/29
f 4368/5109/29 4901/5094/29 5115/5087/29 4576/4564/29
f 4901/5094/29 4448/5093/29 4899/5088/29 5115/5087/29
f 4896/5080/29 5116/5083/29 4898/5086/29 4447/5081/29
f 4373/5065/29 4725/4578/29 5116/5083/29 4896/5080/29
f 4725/4578/29 4260/4577/29 4723/5084/29 5116/5083/29
f 4623/5458/29 5117/5079/29 4897/5082/29 4271/5459/29
f 4215/5460/29 4581/5066/29 5117/5079/29 4623/5458/29
f 4581/5066/29 4373/5065/29 4896/5080/29 5117/5079/29
f 4479/5461/29 5118/5075/29 4681/5078/29 4193/5462/29
f 4271/5459/29 4897/5082/29 5118/5075/29 4479/5461/29
f 4897/5082/29 4447/5081/29 4895/5076/29 5118/5075/29
f 4892/5068/29 5119/5071/29 4894/5074/29 4446/5069/29
f 4305/5113/29 4657/4562/29 5119/5071/29 4892/5068/29
f 4657/4562/29 4249/4561/29 4724/5072/29 5119/5071/29
f 4663/5463/29 5120/5067/29 4893/5070/29 4311/5464/29
f 4199/5453/29 4513/5114/29 5120/5067/29 4663/5463/29
f 4513/5114/29 4305/5113/29 4892/5068/29 5120/5067/29
f 4519/5465/29 5121/5063/29 4581/5066/29 4215/5460/29
f 4311/5464/29 4893/5070/29 5121/5063/29 4519/5465/29
f 4893/5070/29 4446/5069/29 4891/5064/29 5121/5063/29
f 4888/5056/29 5122/5059/29 4890/5062/29 4445/5057/29
f 4345/5313/29 4697/4498/29 5122/5059/29 4888/5056/29
f 4697/4498/29 4213/4497/29 4695/5060/29 5122/5059/29
f 4724/5072/29 5123/5055/29 4889/5058/29 4372/5073/29
f 4249/4561/29 4553/5314/29 5123/5055/29 4724/5072/29
f 4553/5314/29 4345/5313/29 4888/5056/29 5123/5055/29
f 4580/4576/29 5124/5051/29 4582/5054/29 4260/4577/29
f 4372/5073/29 4889/5058/29 5124/5051/29 4580/4576/29
f 4889/5058/29 4445/5057/29 4887/5052/29 5124/5051/29
f 4884/5044/29 5125/5047/29 4886/5050/29 4444/5045/29
f 4377/5029/29 4729/4590/29 5125/5047/29 4884/5044/29
f 4729/4590/29 4261/4589/29 4727/5048/29 5125/5047/29
f 4652/5356/29 5126/5043/29 4885/5046/29 4300/5357/29
f 4244/4605/29 4585/5030/29 5126/5043/29 4652/5356/29
f 4585/5030/29 4377/5029/29 4884/5044/29 5126/5043/29
f 4508/4484/29 5127/5039/29 4510/5042/29 4212/4485/29
f 4300/5357/29 4885/5046/29 5127/5039/29 4508/4484/29
f 4885/5046/29 4444/5045/29 4883/5040/29 5127/5039/29
f 4880/5032/29 5128/5035/29 4882/5038/29 4443/5033/29
f 4284/5466/29 6362/5467/29 4636/5468/29 5128/5035/29 4880/5032/29
f 4636/5468/29 6378/5469/29 4228/5470/29 4728/5036/29 5128/5035/29
f 4692/4988/29 5129/5031/29 4881/5034/29 4340/4989/29
f 4200/5471/29 6354/5472/29 4492/5473/29 5129/5031/29 4692/4988/29
f 4492/5473/29 6370/5474/29 4284/5466/29 4880/5032/29 5129/5031/29
f 4548/4604/29 5130/5027/29 4585/5030/29 4244/4605/29
f 4340/4989/29 4881/5034/29 5130/5027/29 4548/4604/29
f 4881/5034/29 4443/5033/29 4879/5028/29 5130/5027/29
f 4876/5020/29 5131/5023/29 4878/5026/29 4442/5021/29
f 4324/5475/29 6366/5476/29 4676/5477/29 5131/5023/29 4876/5020/29
f 4676/5477/29 6382/5478/29 4195/5479/29 4684/5024/29 5131/5023/29
f 4728/5036/29 5132/5019/29 4877/5022/29 4376/5037/29
f 4228/5470/29 6358/5480/29 4532/5481/29 5132/5019/29 4728/5036/29
f 4532/5481/29 6374/5482/29 4324/5475/29 4876/5020/29 5132/5019/29
f 4584/4588/29 5133/5015/29 4586/5018/29 4261/4589/29
f 4376/5037/29 4877/5022/29 5133/5015/29 4584/4588/29
f 4877/5022/29 4442/5021/29 4875/5016/29 5133/5015/29
f 4872/5008/29 5134/5011/29 4874/5014/29 4441/5009/29
f 4381/4993/29 4733/4602/29 5134/5011/29 4872/5008/29
f 4733/4602/29 4262/4601/29 4731/5012/29 5134/5011/29
f 4639/5483/29 5135/5007/29 4873/5010/29 4287/5484/29
f 4231/5485/29 4589/4994/29 5135/5007/29 4639/5483/29
f 4589/4994/29 4381/4993/29 4872/5008/29 5135/5007/29
f 4495/5486/29 5136/5003/29 4509/5006/29 4203/5487/29
f 4287/5484/29 4873/5010/29 5136/5003/29 4495/5486/29
f 4873/5010/29 4441/5009/29 4871/5004/29 5136/5003/29
f 4868/4996/29 5137/4999/29 4870/5002/29 4440/4997/29
f 4272/5488/29 6360/5489/29 4624/5490/29 5137/4999/29 4868/4996/29
f 4624/5490/29 6376/5491/29 4216/5492/29 4732/5000/29 5137/4999/29
f 4679/5493/35 5138/4995/35 4869/4998/35 4327/5494/35
f 4192/5495/36 6352/5496/36 4480/5497/36 5138/4995/36 4679/5493/36 6429/5498/36
f 4480/5497/29 6368/5499/29 4272/5488/29 4868/4996/29 5138/4995/29
f 4535/5500/29 5139/4991/29 4589/4994/29 4231/5485/29
f 4327/5494/29 4869/4998/29 5139/4991/29 4535/5500/29
f 4869/4998/29 4440/4997/29 4867/4992/29 5139/4991/29
f 4864/4984/29 5140/4987/29 4866/4990/29 4439/4985/29
f 4312/5501/29 6364/5502/29 4664/5503/29 5140/4987/29 4864/4984/29
f 4664/5503/29 6380/5504/29 4200/5471/29 4692/4988/29 5140/4987/29
f 4732/5000/29 5141/4983/29 4865/4986/29 4380/5001/29
f 4216/5492/29 6356/5505/29 4520/5506/29 5141/4983/29 4732/5000/29
f 4520/5506/29 6372/5507/29 4312/5501/29 4864/4984/29 5141/4983/29
f 4588/4600/29 5142/4979/29 4590/4982/29 4262/4601/29
f 4380/5001/29 4865/4986/29 5142/4979/29 4588/4600/29
f 4865/4986/29 4439/4985/29 4863/4980/29 5142/4979/29
f 4860/4972/29 5143/4975/29 4862/4978/29 4438/4973/29
f 4385/4957/29 4737/4614/29 5143/4975/29 4860/4972/29
f 4737/4614/29 4263/4613/29 4735/4976/29 5143/4975/29
f 4627/5508/29 5144/4971/29 4861/4974/29 4275/5509/29
f 4219/5510/29 4593/4958/29 5144/4971/29 4627/5508/29
f 4593/4958/29 4385/4957/29 4860/4972/29 5144/4971/29
f 4483/5511/29 5145/4967/29 4489/4970/29 4194/5456/29
f 4275/5509/29 4861/4974/29 5145/4967/29 4483/5511/29
f 4861/4974/29 4438/4973/29 4859/4968/29 5145/4967/29
f 4856/4960/29 5146/4963/29 4858/4966/29 4437/4961/29
f 4301/5005/29 4653/4598/29 5146/4963/29 4856/4960/29
f 4653/4598/29 4245/4597/29 4736/4964/29 5146/4963/29
f 4667/5512/29 5147/4959/29 4857/4962/29 4315/5513/29
f 4203/5487/29 4509/5006/29 5147/4959/29 4667/5512/29
f 4509/5006/29 4301/5005/29 4856/4960/29 5147/4959/29
f 4523/5514/29 5148/4955/29 4593/4958/29 4219/5510/29
f 4315/5513/29 4857/4962/29 5148/4955/29 4523/5514/29
f 4857/4962/29 4437/4961/29 4855/4956/29 5148/4955/29
f 4852/4948/29 5149/4951/29 4854/4954/29 4436/4949/29
f 4341/5349/29 4693/4486/29 5149/4951/29 4852/4948/29
f 4693/4486/29 4212/4485/29 4691/4952/29 5149/4951/29
f 4736/4964/29 5150/4947/29 4853/4950/29 4384/4965/29
f 4245/4597/29 4549/5350/29 5150/4947/29 4736/4964/29
f 4549/5350/29 4341/5349/29 4852/4948/29 5150/4947/29
f 4592/4612/29 5151/4943/29 4594/4946/29 4263/4613/29
f 4384/4965/29 4853/4950/29 5151/4943/29 4592/4612/29
f 4853/4950/29 4436/4949/29 4851/4944/29 5151/4943/29
f 4848/4936/29 5152/4939/29 4850/4942/29 4435/4937/29
f 4389/4921/29 4741/4626/29 5152/4939/29 4848/4936/29
f 4741/4626/29 4264/4625/29 4739/4940/29 5152/4939/29
f 4648/5390/29 5153/4935/29 4849/4938/29 4296/5391/29
f 4240/4639/29 4597/4922/29 5153/4935/29 4648/5390/29
f 4597/4922/29 4389/4921/29 4848/4936/29 5153/4935/29
f 4504/4474/29 5154/4931/29 4506/4934/29 4211/4475/29
f 4296/5391/29 4849/4938/29 5154/4931/29 4504/4474/29
f 4849/4938/29 4435/4937/29 4847/4932/29 5154/4931/29
f 4844/4924/29 5155/4927/29 4846/4930/29 4434/4925/29
f 4288/5515/29 6363/5516/29 4640/5517/29 5155/4927/29 4844/4924/29
f 4640/5517/29 6379/5518/29 4232/5519/29 4740/4928/29 5155/4927/29
f 4688/4882/29 5156/4923/29 4845/4926/29 4336/4883/29
f 4204/5520/29 6355/5521/29 4496/5522/29 5156/4923/29 4688/4882/29
f 4496/5522/29 6371/5523/29 4288/5515/29 4844/4924/29 5156/4923/29
f 4544/4638/29 5157/4919/29 4597/4922/29 4240/4639/29
f 4336/4883/29 4845/4926/29 5157/4919/29 4544/4638/29
f 4845/4926/29 4434/4925/29 4843/4920/29 5157/4919/29
f 4840/4914/29 5158/4917/29 4842/4918/29 4433/4915/29
f 4328/5524/29 6367/5525/29 4680/5526/29 5158/4917/29 4840/4914/29
f 4680/5526/37 6383/5527/37 4190/3968/37 6428/4318/37 4482/4071/37 5158/4917/37
f 4740/4928/29 5159/4913/29 4841/4916/29 4388/4929/29
f 4232/5519/29 6359/5528/29 4536/5529/29 5159/4913/29 4740/4928/29
f 4536/5529/29 6375/5530/29 4328/5524/29 4840/4914/29 5159/4913/29
f 4596/4624/29 5160/4909/29 4598/4912/29 4264/4625/29
f 4388/4929/29 4841/4916/29 5160/4909/29 4596/4624/29
f 4841/4916/29 4433/4915/29 4839/4910/29 5160/4909/29
f 4836/4902/29 5161/4905/29 4838/4908/29 4432/4903/29
f 4393/4887/29 4745/4636/29 5161/4905/29 4836/4902/29
f 4745/4636/29 4265/4635/29 4743/4906/29 5161/4905/29
f 4644/5344/29 5162/4901/29 4837/4904/29 4292/5345/29
f 4236/4593/29 4601/4888/29 5162/4901/29 4644/5344/29
f 4601/4888/29 4393/4887/29 4836/4902/29 5162/4901/29
f 4500/4488/29 5163/4897/29 4505/4900/29 4208/4489/29
f 4292/5345/29 4837/4904/29 5163/4897/29 4500/4488/29
f 4837/4904/29 4432/4903/29 4835/4898/29 5163/4897/29
f 4832/4890/29 5164/4893/29 4834/4896/29 4431/4891/29
f 4276/5531/29 6361/5532/29 4628/5533/29 5164/4893/29 4832/4890/29
f 4628/5533/29 6377/5534/29 4220/5535/29 4744/4894/29 5164/4893/29
f 4684/5024/29 5165/4889/29 4833/4892/29 4332/5025/29
f 4195/5479/29 6353/5536/29 4484/5537/29 5165/4889/29 4684/5024/29
f 4484/5537/29 6369/5538/29 4276/5531/29 4832/4890/29 5165/4889/29
f 4540/4592/29 5166/4885/29 4601/4888/29 4236/4593/29
f 4332/5025/29 4833/4892/29 5166/4885/29 4540/4592/29
f 4833/4892/29 4431/4891/29 4831/4886/29 5166/4885/29
f 4828/4878/29 5167/4881/29 4830/4884/29 4430/4879/29
f 4316/5539/29 6365/5540/29 4668/5541/29 5167/4881/29 4828/4878/29
f 4668/5541/29 6381/5542/29 4204/5520/29 4688/4882/29 5167/4881/29
f 4744/4894/29 5168/4877/29 4829/4880/29 4392/4895/29
f 4220/5535/29 6357/5543/29 4524/5544/29 5168/4877/29 4744/4894/29
f 4524/5544/29 6373/5545/29 4316/5539/29 4828/4878/29 5168/4877/29
f 4600/4634/29 5169/4873/29 4602/4876/29 4265/4635/29
f 4392/4895/29 4829/4880/29 5169/4873/29 4600/4634/29
f 4829/4880/29 4430/4879/29 4827/4874/29 5169/4873/29
f 4824/4866/29 5170/4869/29 4826/4872/29 4429/4867/29
f 4397/4851/29 4749/4648/29 5170/4869/29 4824/4866/29
f 4749/4648/29 4266/4647/29 4747/4870/29 5170/4869/29
f 4632/5424/29 5171/4865/29 4825/4868/29 4280/5425/29
f 4224/4673/29 4605/4852/29 5171/4865/29 4632/5424/29
f 4605/4852/29 4397/4851/29 4824/4866/29 5171/4865/29
f 4488/4464/29 5172/4861/29 4490/4864/29 4198/4465/29
f 4280/5425/29 4825/4868/29 5172/4861/29 4488/4464/29
f 4825/4868/29 4429/4867/29 4823/4862/29 5172/4861/29
f 4820/4854/29 5173/4857/29 4822/4860/29 4428/4855/29
f 4297/4899/29 4649/4632/29 5173/4857/29 4820/4854/29
f 4649/4632/29 4241/4631/29 4748/4858/29 5173/4857/29
f 4672/4776/29 5174/4853/29 4821/4856/29 4320/4777/29
f 4208/4489/29 4505/4900/29 5174/4853/29 4672/4776/29
f 4505/4900/29 4297/4899/29 4820/4854/29 5174/4853/29
f 4528/4672/29 5175/4849/29 4605/4852/29 4224/4673/29
f 4320/4777/29 4821/4856/29 5175/4849/29 4528/4672/29
f 4821/4856/29 4428/4855/29 4819/4850/29 5175/4849/29
f 4816/4842/29 5176/4845/29 4818/4848/29 4427/4843/29
f 4337/5383/29 4689/4476/29 5176/4845/29 4816/4842/29
f 4689/4476/29 4211/4475/29 4687/4846/29 5176/4845/29
f 4748/4858/29 5177/4841/29 4817/4844/29 4396/4859/29
f 4241/4631/29 4545/5384/29 5177/4841/29 4748/4858/29
f 4545/5384/29 4337/5383/29 4816/4842/29 5177/4841/29
f 4604/4646/29 5178/4837/29 4606/4840/29 4266/4647/29
f 4396/4859/29 4817/4844/29 5178/4837/29 4604/4646/29
f 4817/4844/29 4427/4843/29 4815/4838/29 5178/4837/29
f 4812/4830/29 5179/4833/29 4814/4836/29 4426/4831/29
f 4401/4815/29 4753/4660/29 5179/4833/29 4812/4830/29
f 4753/4660/29 4267/4659/29 4751/4834/29 5179/4833/29
f 4647/5402/29 5180/4829/29 4813/4832/29 4295/5403/29
f 4239/4651/29 4609/4816/29 5180/4829/29 4647/5402/29
f 4609/4816/29 4401/4815/29 4812/4830/29 5180/4829/29
f 4503/4470/29 5181/4825/29 4502/4828/29 4210/4471/29
f 4295/5403/29 4813/4832/29 5181/4825/29 4503/4470/29
f 4813/4832/29 4426/4831/29 4811/4826/29 5181/4825/29
f 4808/4818/29 5182/4821/29 4810/4824/29 4425/4819/29
f 4298/4933/29 4650/4622/29 5182/4821/29 4808/4818/29
f 4650/4622/29 4242/4621/29 4752/4822/29 5182/4821/29
f 4687/4846/29 5183/4817/29 4809/4820/29 4335/4847/29
f 4211/4475/29 4506/4934/29 5183/4817/29 4687/4846/29
f 4506/4934/29 4298/4933/29 4808/4818/29 5183/4817/29
f 4543/4650/29 5184/4813/29 4609/4816/29 4239/4651/29
f 4335/4847/29 4809/4820/29 5184/4813/29 4543/4650/29
f 4809/4820/29 4425/4819/29 4807/4814/29 5184/4813/29
f 4804/4808/29 5185/4811/29 4806/4812/29 4424/4809/29
f 4338/5373/29 4690/4478/29 5185/4811/29 4804/4808/29
f 4690/4478/29 4202/4070/29 4494/4081/29 5185/4811/29
f 4752/4822/29 5186/4807/29 4805/4810/29 4400/4823/29
f 4242/4621/29 4546/5374/29 5186/4807/29 4752/4822/29
f 4546/5374/29 4338/5373/29 4804/4808/29 5186/4807/29
f 4608/4658/29 5187/4803/29 4610/4806/29 4267/4659/29
f 4400/4823/29 4805/4810/29 5187/4803/29 4608/4658/29
f 4805/4810/29 4424/4809/29 4803/4804/29 5187/4803/29
f 4800/4796/29 5188/4799/29 4802/4802/29 4423/4797/29
f 4405/4781/29 4757/4670/29 5188/4799/29 4800/4796/29
f 4757/4670/29 4268/4669/29 4755/4800/29 5188/4799/29
f 4651/5368/29 5189/4795/29 4801/4798/29 4299/5369/29
f 4243/4617/29 4613/4782/29 5189/4795/29 4651/5368/29
f 4613/4782/29 4405/4781/29 4800/4796/29 5189/4795/29
f 4507/4480/29 5190/4791/29 4501/4794/29 4209/4481/29
f 4299/5369/29 4801/4798/29 5190/4791/29 4507/4480/29
f 4801/4798/29 4423/4797/29 4799/4792/29 5190/4791/29
f 4796/4784/29 5191/4787/29 4798/4790/29 4422/4785/29
f 4302/5041/29 4654/4586/29 5191/4787/29 4796/4784/29
f 4654/4586/29 4246/4585/29 4756/4788/29 5191/4787/29
f 4691/4952/29 5192/4783/29 4797/4786/29 4339/4953/29
f 4212/4485/29 4510/5042/29 5192/4783/29 4691/4952/29
f 4510/5042/29 4302/5041/29 4796/4784/29 5192/4783/29
f 4547/4616/29 5193/4779/29 4613/4782/29 4243/4617/29
f 4339/4953/29 4797/4786/29 5193/4779/29 4547/4616/29
f 4797/4786/29 4422/4785/29 4795/4780/29 5193/4779/29
f 4792/4772/29 5194/4775/29 4794/4778/29 4421/4773/29
f 4342/5337/29 4694/4490/29 5194/4775/29 4792/4772/29
f 4694/4490/29 4208/4489/29 4672/4776/29 5194/4775/29
f 4756/4788/29 5195/4771/29 4793/4774/29 4404/4789/29
f 4246/4585/29 4550/5338/29 5195/4771/29 4756/4788/29
f 4550/5338/29 4342/5337/29 4792/4772/29 5195/4771/29
f 4612/4668/29 5196/4767/29 4614/4770/29 4268/4669/29
f 4404/4789/29 4793/4774/29 5196/4767/29 4612/4668/29
f 4793/4774/29 4421/4773/29 4791/4768/29 5196/4767/29
f 4788/4760/29 5197/4763/29 4790/4766/29 4420/4761/29
f 4409/4745/29 4761/4682/29 5197/4763/29 4788/4760/29
f 4761/4682/29 4269/4681/29 4759/4764/29 5197/4763/29
f 4655/5332/29 5198/4759/29 4789/4762/29 4303/5333/29
f 4247/4581/29 4617/4746/29 5198/4759/29 4655/5332/29
f 4617/4746/29 4409/4745/29 4788/4760/29 5198/4759/29
f 4511/4492/29 5199/4755/29 4669/4758/29 4205/4493/29
f 4303/5333/29 4789/4762/29 5199/4755/29 4511/4492/29
f 4789/4762/29 4420/4761/29 4787/4756/29 5199/4755/29
f 4784/4748/29 5200/4751/29 4786/4754/29 4419/4749/29
f 4306/5149/29 4658/4550/29 5200/4751/29 4784/4748/29
f 4658/4550/29 4250/4549/29 4760/4752/29 5200/4751/29
f 4695/5060/29 5201/4747/29 4785/4750/29 4343/5061/29
f 4213/4497/29 4514/5150/29 5201/4747/29 4695/5060/29
f 4514/5150/29 4306/5149/29 4784/4748/29 5201/4747/29
f 4551/4580/29 5202/4743/29 4617/4746/29 4247/4581/29
f 4343/5061/29 4785/4750/29 5202/4743/29 4551/4580/29
f 4785/4750/29 4419/4749/29 4783/4744/29 5202/4743/29
f 4780/4736/29 5203/4739/29 4782/4742/29 4418/4737/29
f 4346/5301/29 4698/4502/29 5203/4739/29 4780/4736/29
f 4698/4502/29 4207/4501/29 4671/4740/29 5203/4739/29
f 4760/4752/29 5204/4735/29 4781/4738/29 4408/4753/29
f 4250/4549/29 4554/5302/29 5204/4735/29 4760/4752/29
f 4554/5302/29 4346/5301/29 4780/4736/29 5204/4735/29
f 4616/4680/29 5205/4731/29 4618/4734/29 4269/4681/29
f 4408/4753/29 4781/4738/29 5205/4731/29 4616/4680/29
f 4781/4738/29 4418/4737/29 4779/4732/29 5205/4731/29
f 4776/4724/29 5206/4727/29 4778/4730/29 4417/4725/29
f 4413/4709/29 4765/4694/29 5206/4727/29 4776/4724/29
f 4765/4694/29 4270/4693/29 4763/4728/29 5206/4727/29
f 4659/5296/29 5207/4723/29 4777/4726/29 4307/5297/29
f 4251/4545/29 4621/4710/29 5207/4723/29 4659/5296/29
f 4621/4710/29 4413/4709/29 4776/4724/29 5207/4723/29
f 4515/4504/29 5208/4719/29 4665/4722/29 4201/4505/29
f 4307/5297/29 4777/4726/29 5208/4719/29 4515/4504/29
f 4777/4726/29 4417/4725/29 4775/4720/29 5208/4719/29
f 4772/4712/29 5209/4715/29 4774/4718/29 4416/4713/29
f 4310/5255/29 4662/4516/29 5209/4715/29 4772/4712/29
f 4662/4516/29 4254/4515/29 4764/4716/29 5209/4715/29
f 4699/5168/29 5210/4711/29 4773/4714/29 4347/5169/29
f 4214/4509/29 4518/5256/29 5210/4711/29 4699/5168/29
f 4518/5256/29 4310/5255/29 4772/4712/29 5210/4711/29
f 4555/4544/29 5211/4707/29 4621/4710/29 4251/4545/29
f 4347/5169/29 4773/4714/29 5211/4707/29 4555/4544/29
f 4773/4714/29 4416/4713/29 4771/4708/29 5211/4707/29
f 4768/4702/29 5212/4705/29 4770/4706/29 4415/4703/29
f 4350/5267/29 4702/4512/29 5212/4705/29 4768/4702/29
f 4702/4512/29 4206/4053/29 4498/4063/29 5212/4705/29
f 4764/4716/29 5213/4701/29 4769/4704/29 4412/4717/29
f 4254/4515/29 4558/5268/29 5213/4701/29 4764/4716/29
f 4558/5268/29 4350/5267/29 4768/4702/29 5213/4701/29
f 4620/4692/29 5214/4697/29 4622/4700/29 4270/4693/29
f 4412/4717/29 4769/4704/29 5214/4697/29 4620/4692/29
f 4769/4704/29 4415/4703/29 4767/4698/29 5214/4697/29
f 4767/4698/29 5215/4695/29 4766/4696/29 4414/4699/29
f 4415/4703/29 4770/4706/29 5215/4695/29 4767/4698/29
f 4770/4706/29 4290/4064/29 4642/4065/29 5215/4695/29
f 4771/4708/29 5216/4691/29 4765/4694/29 4413/4709/29
f 4416/4713/29 4774/4718/29 5216/4691/29 4771/4708/29
f 4774/4718/29 4412/4717/29 4620/4692/29 5216/4691/29
f 4775/4720/29 5217/4687/29 4521/4690/29 4313/4721/29
f 4417/4725/29 4778/4730/29 5217/4687/29 4775/4720/29
f 4778/4730/29 4411/4729/29 4619/4688/29 5217/4687/29
f 4779/4732/29 5218/4683/29 4762/4686/29 4410/4733/29
f 4418/4737/29 4782/4742/29 5218/4683/29 4779/4732/29
f 4782/4742/29 4319/4741/29 4527/4684/29 5218/4683/29
f 4783/4744/29 5219/4679/29 4761/4682/29 4409/4745/29
f 4419/4749/29 4786/4754/29 5219/4679/29 4783/4744/29
f 4786/4754/29 4408/4753/29 4616/4680/29 5219/4679/29
f 4787/4756/29 5220/4675/29 4525/4678/29 4317/4757/29
f 4420/4761/29 4790/4766/29 5220/4675/29 4787/4756/29
f 4790/4766/29 4407/4765/29 4615/4676/29 5220/4675/29
f 4791/4768/29 5221/4671/29 4758/4674/29 4406/4769/29
f 4421/4773/29 4794/4778/29 5221/4671/29 4791/4768/29
f 4794/4778/29 4320/4777/29 4528/4672/29 5221/4671/29
f 4795/4780/29 5222/4667/29 4757/4670/29 4405/4781/29
f 4422/4785/29 4798/4790/29 5222/4667/29 4795/4780/29
f 4798/4790/29 4404/4789/29 4612/4668/29 5222/4667/29
f 4799/4792/29 5223/4663/29 4645/4666/29 4293/4793/29
f 4423/4797/29 4802/4802/29 5223/4663/29 4799/4792/29
f 4802/4802/29 4403/4801/29 4611/4664/29 5223/4663/29
f 4803/4804/29 5224/4661/29 4754/4662/29 4402/4805/29
f 4424/4809/29 4806/4812/29 5224/4661/29 4803/4804/29
f 4806/4812/29 4286/4082/29 4638/4083/29 5224/4661/29
f 4807/4814/29 5225/4657/29 4753/4660/29 4401/4815/29
f 4425/4819/29 4810/4824/29 5225/4657/29 4807/4814/29
f 4810/4824/29 4400/4823/29 4608/4658/29 5225/4657/29
f 4811/4826/29 5226/4653/29 4646/4656/29 4294/4827/29
f 4426/4831/29 4814/4836/29 5226/4653/29 4811/4826/29
f 4814/4836/29 4399/4835/29 4607/4654/29 5226/4653/29
f 4815/4838/29 5227/4649/29 4750/4652/29 4398/4839/29
f 4427/4843/29 4818/4848/29 5227/4649/29 4815/4838/29
f 4818/4848/29 4335/4847/29 4543/4650/29 5227/4649/29
f 4819/4850/29 5228/4645/29 4749/4648/29 4397/4851/29
f 4428/4855/29 4822/4860/29 5228/4645/29 4819/4850/29
f 4822/4860/29 4396/4859/29 4604/4646/29 5228/4645/29
f 4823/4862/29 5229/4641/29 4634/4644/29 4282/4863/29
f 4429/4867/29 4826/4872/29 5229/4641/29 4823/4862/29
f 4826/4872/29 4395/4871/29 4603/4642/29 5229/4641/29
f 4827/4874/29 5230/4637/29 4746/4640/29 4394/4875/29
f 4430/4879/29 4830/4884/29 5230/4637/29 4827/4874/29
f 4830/4884/29 4336/4883/29 4544/4638/29 5230/4637/29
f 4831/4886/29 5231/4633/29 4745/4636/29 4393/4887/29
f 4431/4891/29 4834/4896/29 5231/4633/29 4831/4886/29
f 4834/4896/29 4392/4895/29 4600/4634/29 5231/4633/29
f 4835/4898/29 5232/4629/29 4649/4632/29 4297/4899/29
f 4432/4903/29 4838/4908/29 5232/4629/29 4835/4898/29
f 4838/4908/29 4391/4907/29 4599/4630/29 5232/4629/29
f 4839/4910/29 5233/4627/29 4742/4628/29 4390/4911/29
f 4433/4915/29 4842/4918/29 5233/4627/29 4839/4910/29
f 4842/4918/29 4274/4073/29 4626/4076/29 5233/4627/29
f 4843/4920/29 5234/4623/29 4741/4626/29 4389/4921/29
f 4434/4925/29 4846/4930/29 5234/4623/29 4843/4920/29
f 4846/4930/29 4388/4929/29 4596/4624/29 5234/4623/29
f 4847/4932/29 5235/4619/29 4650/4622/29 4298/4933/29
f 4435/4937/29 4850/4942/29 5235/4619/29 4847/4932/29
f 4850/4942/29 4387/4941/29 4595/4620/29 5235/4619/29
f 4851/4944/29 5236/4615/29 4738/4618/29 4386/4945/29
f 4436/4949/29 4854/4954/29 5236/4615/29 4851/4944/29
f 4854/4954/29 4339/4953/29 4547/4616/29 5236/4615/29
f 4855/4956/29 5237/4611/29 4737/4614/29 4385/4957/29
f 4437/4961/29 4858/4966/29 5237/4611/29 4855/4956/29
f 4858/4966/29 4384/4965/29 4592/4612/29 5237/4611/29
f 4859/4968/29 5238/4607/29 4633/4610/29 4281/4969/29
f 4438/4973/29 4862/4978/29 5238/4607/29 4859/4968/29
f 4862/4978/29 4383/4977/29 4591/4608/29 5238/4607/29
f 4863/4980/29 5239/4603/29 4734/4606/29 4382/4981/29
f 4439/4985/29 4866/4990/29 5239/4603/29 4863/4980/29
f 4866/4990/29 4340/4989/29 4548/4604/29 5239/4603/29
f 4867/4992/29 5240/4599/29 4733/4602/29 4381/4993/29
f 4440/4997/29 4870/5002/29 5240/4599/29 4867/4992/29
f 4870/5002/29 4380/5001/29 4588/4600/29 5240/4599/29
f 4871/5004/29 5241/4595/29 4653/4598/29 4301/5005/29
f 4441/5009/29 4874/5014/29 5241/4595/29 4871/5004/29
f 4874/5014/29 4379/5013/29 4587/4596/29 5241/4595/29
f 4875/5016/29 5242/4591/29 4730/4594/29 4378/5017/29
f 4442/5021/29 4878/5026/29 5242/4591/29 4875/5016/29
f 4878/5026/29 4332/5025/29 4540/4592/29 5242/4591/29
f 4879/5028/29 5243/4587/29 4729/4590/29 4377/5029/29
f 4443/5033/29 4882/5038/29 5243/4587/29 4879/5028/29
f 4882/5038/29 4376/5037/29 4584/4588/29 5243/4587/29
f 4883/5040/29 5244/4583/29 4654/4586/29 4302/5041/29
f 4444/5045/29 4886/5050/29 5244/4583/29 4883/5040/29
f 4886/5050/29 4375/5049/29 4583/4584/29 5244/4583/29
f 4887/5052/29 5245/4579/29 4726/4582/29 4374/5053/29
f 4445/5057/29 4890/5062/29 5245/4579/29 4887/5052/29
f 4890/5062/29 4343/5061/29 4551/4580/29 5245/4579/29
f 4891/5064/29 5246/4575/29 4725/4578/29 4373/5065/29
f 4446/5069/29 4894/5074/29 5246/4575/29 4891/5064/29
f 4894/5074/29 4372/5073/29 4580/4576/29 5246/4575/29
f 4895/5076/29 5247/4571/29 4537/4574/29 4329/5077/29
f 4447/5081/29 4898/5086/29 5247/4571/29 4895/5076/29
f 4898/5086/29 4371/5085/29 4579/4572/29 5247/4571/29
f 4899/5088/29 5248/4567/29 4722/4570/29 4370/5089/29
f 4448/5093/29 4902/5098/29 5248/4567/29 4899/5088/29
f 4902/5098/29 4344/5097/29 4552/4568/29 5248/4567/29
f 4903/5100/29 5249/4563/29 4721/4566/29 4369/5101/29
f 4449/5105/29 4906/5110/29 5249/4563/29 4903/5100/29
f 4906/5110/29 4368/5109/29 4576/4564/29 5249/4563/29
f 4907/5112/29 5250/4559/29 4657/4562/29 4305/5113/29
f 4450/5117/29 4910/5122/29 5250/4559/29 4907/5112/29
f 4910/5122/29 4367/5121/29 4575/4560/29 5250/4559/29
f 4911/5124/29 5251/4555/29 4718/4558/29 4366/5125/29
f 4451/5129/29 4914/5134/29 5251/4555/29 4911/5124/29
f 4914/5134/29 4331/5133/29 4539/4556/29 5251/4555/29
f 4915/5136/29 5252/4551/29 4717/4554/29 4365/5137/29
f 4452/5141/29 4918/5146/29 5252/4551/29 4915/5136/29
f 4918/5146/29 4364/5145/29 4572/4552/29 5252/4551/29
f 4919/5148/29 5253/4547/29 4658/4550/29 4306/5149/29
f 4453/5153/29 4922/5158/29 5253/4547/29 4919/5148/29
f 4922/5158/29 4363/5157/29 4571/4548/29 5253/4547/29
f 4923/5160/29 5254/4543/29 4714/4546/29 4362/5161/29
f 4454/5165/29 4926/5170/29 5254/4543/29 4923/5160/29
f 4926/5170/29 4347/5169/29 4555/4544/29 5254/4543/29
f 4927/5172/29 5255/4539/29 4713/4542/29 4361/5173/29
f 4455/5177/29 4930/5182/29 5255/4539/29 4927/5172/29
f 4930/5182/29 4360/5181/29 4568/4540/29 5255/4539/29
f 4931/5184/29 5256/4535/29 4533/4538/29 4325/5185/29
f 4456/5189/29 4934/5194/29 5256/4535/29 4931/5184/29
f 4934/5194/29 4359/5193/29 4567/4536/29 5256/4535/29
f 4935/5196/29 5257/4531/29 4710/4534/29 4358/5197/29
f 4457/5201/29 4938/5206/29 5257/4531/29 4935/5196/29
f 4938/5206/29 4348/5205/29 4556/4532/29 5257/4531/29
f 4939/5208/29 5258/4527/29 4709/4530/29 4357/5209/29
f 4458/5213/29 4942/5218/29 5258/4527/29 4939/5208/29
f 4942/5218/29 4356/5217/29 4564/4528/29 5258/4527/29
f 4943/5220/29 5259/4523/29 4661/4526/29 4309/5221/29
f 4459/5225/29 4946/5230/29 5259/4523/29 4943/5220/29
f 4946/5230/29 4355/5229/29 4563/4524/29 5259/4523/29
f 4947/5232/29 5260/4521/29 4706/4522/29 4354/5233/29
f 4460/5237/29 4950/5240/29 5260/4521/29 4947/5232/29
f 4950/5240/29 4278/4055/29 4630/4057/29 5260/4521/29
f 4951/5242/29 5261/4517/29 4705/4520/29 4353/5243/29
f 4461/5247/29 4954/5252/29 5261/4517/29 4951/5242/29
f 4954/5252/29 4352/5251/29 4560/4518/29 5261/4517/29
f 4955/5254/29 5262/4513/29 4662/4516/29 4310/5255/29
f 4462/5259/29 4958/5264/29 5262/4513/29 4955/5254/29
f 4958/5264/29 4351/5263/29 4559/4514/29 5262/4513/29
f 4959/5266/29 5263/4511/29 4702/4512/29 4350/5267/29
f 4463/5271/29 4962/5274/29 5263/4511/29 4959/5266/29
f 4962/5274/29 4318/4050/29 4670/4052/29 5263/4511/29
f 4963/5276/29 5264/4507/29 4701/4510/29 4349/5277/29
f 4464/5281/29 4966/5286/29 5264/4507/29 4963/5276/29
f 4966/5286/29 4308/5285/29 4516/4508/29 5264/4507/29
f 4967/5288/29 5265/4503/29 4493/4506/29 4285/5289/29
f 4465/5293/29 4970/5298/29 5265/4503/29 4967/5288/29
f 4970/5298/29 4307/5297/29 4515/4504/29 5265/4503/29
f 4971/5300/29 5266/4499/29 4698/4502/29 4346/5301/29
f 4466/5305/29 4974/5310/29 5266/4499/29 4971/5300/29
f 4974/5310/29 4291/5309/29 4499/4500/29 5266/4499/29
f 4975/5312/29 5267/4495/29 4697/4498/29 4345/5313/29
f 4467/5317/29 4978/5322/29 5267/4495/29 4975/5312/29
f 4978/5322/29 4304/5321/29 4512/4496/29 5267/4495/29
f 4979/5324/29 5268/4491/29 4497/4494/29 4289/5325/29
f 4468/5329/29 4982/5334/29 5268/4491/29 4979/5324/29
f 4982/5334/29 4303/5333/29 4511/4492/29 5268/4491/29
f 4983/5336/29 5269/4487/29 4694/4490/29 4342/5337/29
f 4469/5341/29 4986/5346/29 5269/4487/29 4983/5336/29
f 4986/5346/29 4292/5345/29 4500/4488/29 5269/4487/29
f 4987/5348/29 5270/4483/29 4693/4486/29 4341/5349/29
f 4470/5353/29 4990/5358/29 5270/4483/29 4987/5348/29
f 4990/5358/29 4300/5357/29 4508/4484/29 5270/4483/29
f 4991/5360/29 5271/4479/29 4673/4482/29 4321/5361/29
f 4471/5365/29 4994/5370/29 5271/4479/29 4991/5360/29
f 4994/5370/29 4299/5369/29 4507/4480/29 5271/4479/29
f 4995/5372/29 5272/4477/29 4690/4478/29 4338/5373/29
f 4472/5377/29 4998/5380/29 5272/4477/29 4995/5372/29
f 4998/5380/29 4314/4067/29 4666/4069/29 5272/4477/29
f 4999/5382/29 5273/4473/29 4689/4476/29 4337/5383/29
f 4473/5387/29 5002/5392/29 5273/4473/29 4999/5382/29
f 5002/5392/29 4296/5391/29 4504/4474/29 5273/4473/29
f 5003/5394/29 5274/4469/29 4674/4472/29 4322/5395/29
f 4474/5399/29 5006/5404/29 5274/4469/29 5003/5394/29
f 5006/5404/29 4295/5403/29 4503/4470/29 5274/4469/29
f 5007/5406/29 5275/4467/29 4686/4468/29 4334/5407/29
f 4475/5411/29 5010/5414/29 5275/4467/29 5007/5406/29
f 5010/5414/29 4326/4078/29 4678/4080/29 5275/4467/29
f 5011/5416/29 5276/4463/29 4685/4466/29 4333/5417/29
f 4476/5421/29 5014/5426/29 5276/4463/29 5011/5416/29
f 5014/5426/29 4280/5425/29 4488/4464/29 5276/4463/29
f 5015/5428/29 5277/4459/29 4485/4462/29 4277/5429/29
f 4477/5433/29 5018/5438/29 5277/4459/29 5015/5428/29
f 5018/5438/29 4279/5437/29 4487/4460/29 5277/4459/29
f 5019/5440/29 5278/4457/29 4481/4458/29 4273/5441/29
f 4478/5445/29 5022/5448/29 5278/4457/29 5019/5440/29
f 5022/5448/29 4330/4059/29 4682/4061/29 5278/4457/29
f 5485/4343/29 5591/4344/29 5505/4344/29 4152/4343/29
f 2637/4343/29 5297/4344/29 5591/4344/29 5485/4343/29
f 5297/4344/29 559/3918/29 5486/3918/29 5591/4344/29
f 5483/3934/29 5592/3936/29 5506/3936/29 4153/3934/29
f 2638/3934/29 5298/3936/29 5592/3936/29 5483/3934/29
f 5298/3936/29 920/3935/29 5484/3935/29 5592/3936/29
f 5484/3935/29 5593/4345/29 5530/4345/29 4108/3935/29
f 920/3935/29 5322/4345/29 5593/4345/29 5484/3935/29
f 5322/4345/29 2637/4343/29 5485/4343/29 5593/4345/29
f 5482/3937/29 5594/3938/29 5531/3938/29 4093/3937/29
f 448/3937/29 5323/3938/29 5594/3938/29 5482/3937/29
f 5323/3938/29 2638/3934/29 5483/3934/29 5594/3938/29
f 5480/376/1 5595/375/1 5487/375/1 4088/376/1
f 185/376/1 5279/375/1 5595/375/1 5480/376/1
f 5279/375/1 1314/374/1 5481/374/1 5595/375/1
f 5478/4010/4 5596/4331/4 5585/4331/4 4148/4010/4
f 2597/4010/4 5391/4331/4 5596/4331/4 5478/4010/4
f 5391/4331/4 3884/4330/4 5479/4330/4 5596/4331/4
f 5476/381/1 5597/380/1 5488/380/1 4089/381/1
f 207/381/1 5280/380/1 5597/380/1 5476/381/1
f 5280/380/1 1315/379/1 5477/379/1 5597/380/1
f 5481/374/1 5598/4342/1 5513/4342/1 4115/374/1
f 1314/374/1 5305/4342/1 5598/4342/1 5481/374/1
f 5305/4342/1 561/2772/1 5475/2772/1 5598/4342/1
f 5479/4330/4 5599/4332/4 5586/4332/4 4187/4330/4
f 3884/4330/4 5392/4332/4 5599/4332/4 5479/4330/4
f 5392/4332/4 1263/3981/4 5474/3981/4 5599/4332/4
f 5477/379/1 5600/4341/1 5514/4341/1 4116/379/1
f 1315/379/1 5306/4341/1 5600/4341/1 5477/379/1
f 5306/4341/1 562/2759/1 5473/2759/1 5600/4341/1
f 5471/390/1 5601/389/1 5489/389/1 4090/390/1
f 208/390/1 5281/389/1 5601/389/1 5471/390/1
f 5281/389/1 1318/388/1 5472/388/1 5601/389/1
f 5472/388/1 5602/4340/1 5515/4340/1 4117/388/1
f 1318/388/1 5307/4340/1 5602/4340/1 5472/388/1
f 5307/4340/1 565/2734/1 5470/2734/1 5602/4340/1
f 5468/1091/3 5603/4264/3 5575/4264/3 4182/1091/3
f 3703/1091/3 5367/4264/3 5603/4264/3 5468/1091/3
f 5367/4264/3 2055/1088/3 5469/1088/3 5603/4264/3
f 5466/4351/29 5604/4352/29 5507/4352/29 4154/4351/29
f 2798/4351/29 5299/4352/29 5604/4352/29 5466/4351/29
f 5299/4352/29 507/4269/29 5467/4269/29 5604/4352/29
f 5465/3916/29 5605/4353/29 5532/4353/29 4109/3916/29
f 961/3916/29 5324/4353/29 5605/4353/29 5465/3916/29
f 5324/4353/29 2798/4351/29 5466/4351/29 5605/4353/29
f 5464/1093/3 5606/1092/3 5576/1092/3 4137/1093/3
f 1992/1093/3 5368/1092/3 5606/1092/3 5464/1093/3
f 5368/1092/3 3703/1091/3 5468/1091/3 5606/1092/3
f 5463/3915/29 5607/3917/29 5508/3917/29 4155/3915/29
f 2799/3915/29 5300/3917/29 5607/3917/29 5463/3915/29
f 5300/3917/29 961/3916/29 5465/3916/29 5607/3917/29
f 5486/3918/29 5608/3919/29 5533/3919/29 4096/3918/29
f 559/3918/29 5325/3919/29 5608/3919/29 5486/3918/29
f 5325/3919/29 2799/3915/29 5463/3915/29 5608/3919/29
f 5461/395/1 5609/394/1 5490/394/1 4087/395/1
f 184/395/1 5282/394/1 5609/394/1 5461/395/1
f 5282/394/1 1321/393/1 5462/393/1 5609/394/1
f 5460/3815/3 5610/3878/3 5539/3878/3 4164/3815/3
f 3019/3815/3 5331/3878/3 5610/3878/3 5460/3815/3
f 5331/3878/3 1992/1093/3 5464/1093/3 5610/3878/3
f 5458/1086/3 5611/4265/3 5577/4265/3 4183/1086/3
f 3704/1086/3 5369/4265/3 5611/4265/3 5458/1086/3
f 5369/4265/3 1626/3275/3 5459/3275/3 5611/4265/3
f 5456/3987/4 5612/4335/4 5587/4335/4 4149/3987/4
f 2609/3987/4 5394/4335/4 5612/4335/4 5456/3987/4
f 5394/4335/4 3887/4334/4 5457/4334/4 5612/4335/4
f 5454/400/1 5613/399/1 5491/399/1 4091/400/1
f 209/400/1 5283/399/1 5613/399/1 5454/400/1
f 5283/399/1 1322/398/1 5455/398/1 5613/399/1
f 5453/3817/3 5614/3816/3 5540/3816/3 4163/3817/3
f 2987/3817/3 5332/3816/3 5614/3816/3 5453/3817/3
f 5332/3816/3 3019/3815/3 5460/3815/3 5614/3816/3
f 5462/393/1 5615/4333/1 5516/4333/1 4119/393/1
f 1321/393/1 5308/4333/1 5615/4333/1 5462/393/1
f 5308/4333/1 568/2705/1 5452/2705/1 5615/4333/1
f 5469/1088/3 5616/1087/3 5578/1087/3 4140/1088/3
f 2055/1088/3 5370/1087/3 5616/1087/3 5469/1088/3
f 5370/1087/3 3704/1086/3 5458/1086/3 5616/1087/3
f 5450/3882/29 5617/4354/29 5536/4354/29 4111/3882/29
f 1008/3882/29 5328/4354/29 5617/4354/29 5450/3882/29
f 5328/4354/29 2979/4355/29 5451/4355/29 5617/4354/29
f 5457/4334/4 5618/4336/4 5588/4336/4 4188/4334/4
f 3887/4334/4 5395/4336/4 5618/4336/4 5457/4334/4
f 5395/4336/4 1208/4041/4 5449/4041/4 5618/4336/4
f 5449/4041/4 5619/4040/4 5567/4040/4 4112/4041/4
f 1208/4041/4 5359/4040/4 5619/4040/4 5449/4041/4
f 5359/4040/4 3316/4039/4 5448/4039/4 5619/4040/4
f 5451/4355/29 5620/4346/29 5511/4346/29 4160/4355/29
f 2979/4355/29 5303/4346/29 5620/4346/29 5451/4355/29
f 5303/4346/29 448/3937/29 5482/3937/29 5620/4346/29
f 5446/3884/29 5621/3885/29 5537/3885/29 4104/3884/29
f 743/3884/29 5329/3885/29 5621/3885/29 5446/3884/29
f 5329/3885/29 2980/3881/29 5447/3881/29 5621/3885/29
f 5444/2783/3 5622/3939/3 5553/3939/3 4171/2783/3
f 3272/2783/3 5345/3939/3 5622/3939/3 5444/2783/3
f 5345/3939/3 2634/2780/3 5445/2780/3 5622/3939/3
f 5447/3881/29 5623/3883/29 5512/3883/29 4161/3881/29
f 2980/3881/29 5304/3883/29 5623/3883/29 5447/3881/29
f 5304/3883/29 1008/3882/29 5450/3882/29 5623/3883/29
f 5448/4039/4 5624/4043/4 5568/4043/4 4178/4039/4
f 3316/4039/4 5360/4043/4 5624/4043/4 5448/4039/4
f 5360/4043/4 2577/4042/4 5443/4042/4 5624/4043/4
f 5441/405/1 5625/404/1 5492/404/1 4086/405/1
f 96/405/1 5284/404/1 5625/404/1 5441/405/1
f 5284/404/1 1324/403/1 5442/403/1 5625/404/1
f 5440/2785/3 5626/2784/3 5554/2784/3 4128/2785/3
f 1811/2785/3 5346/2784/3 5626/2784/3 5440/2785/3
f 5346/2784/3 3272/2783/3 5444/2783/3 5626/2784/3
f 5438/4047/4 5627/4323/4 5579/4323/4 4144/4047/4
f 2573/4047/4 5371/4323/4 5627/4323/4 5438/4047/4
f 5371/4323/4 3878/4322/4 5439/4322/4 5627/4323/4
f 5436/3982/4 5628/4338/4 5589/4338/4 4150/3982/4
f 2613/3982/4 5397/4338/4 5628/4338/4 5436/3982/4
f 5397/4338/4 3888/4337/4 5437/4337/4 5628/4338/4
f 5434/410/1 5629/409/1 5493/409/1 4092/410/1
f 210/410/1 5285/409/1 5629/409/1 5434/410/1
f 5285/409/1 1325/408/1 5435/408/1 5629/409/1
f 5442/403/1 5630/4329/1 5517/4329/1 4121/403/1
f 1324/403/1 5309/4329/1 5630/4329/1 5442/403/1
f 5309/4329/1 571/2672/1 5433/2672/1 5630/4329/1
f 5439/4322/4 5631/4324/4 5580/4324/4 4184/4322/4
f 3878/4322/4 5372/4324/4 5631/4324/4 5439/4322/4
f 5372/4324/4 1262/4031/4 5432/4031/4 5631/4324/4
f 5437/4337/4 5632/4339/4 5590/4339/4 4189/4337/4
f 3888/4337/4 5398/4339/4 5632/4339/4 5437/4337/4
f 5398/4339/4 1320/3986/4 5431/3986/4 5632/4339/4
f 5435/408/1 5633/4328/1 5518/4328/1 4122/408/1
f 1325/408/1 5310/4328/1 5633/4328/1 5435/408/1
f 5310/4328/1 572/2659/1 5430/2659/1 5633/4328/1
f 5428/2778/3 5634/3940/3 5555/3940/3 4172/2778/3
f 3273/2778/3 5347/3940/3 5634/3940/3 5428/2778/3
f 5347/3940/3 1532/3808/3 5429/3808/3 5634/3940/3
f 5475/2772/1 5635/2771/1 5494/2771/1 4097/2772/1
f 561/2772/1 5286/2771/1 5635/2771/1 5475/2772/1
f 5286/2771/1 1812/2770/1 5427/2770/1 5635/2771/1
f 5425/3806/3 5636/3879/3 5541/3879/3 4165/3806/3
f 3021/3806/3 5333/3879/3 5636/3879/3 5425/3806/3
f 5333/3879/3 2983/3803/3 5426/3803/3 5636/3879/3
f 5445/2780/3 5637/2779/3 5556/2779/3 4151/2780/3
f 2634/2780/3 5348/2779/3 5637/2779/3 5445/2780/3
f 5348/2779/3 3273/2778/3 5428/2778/3 5637/2779/3
f 5443/4042/4 5638/4326/4 5581/4326/4 4145/4042/4
f 2577/4042/4 5373/4326/4 5638/4326/4 5443/4042/4
f 5373/4326/4 3879/4325/4 5424/4325/4 5638/4326/4
f 5473/2759/1 5639/2758/1 5495/2758/1 4098/2759/1
f 562/2759/1 5287/2758/1 5639/2758/1 5473/2759/1
f 5287/2758/1 1813/2757/1 5423/2757/1 5639/2758/1
f 5427/2770/1 5640/3941/1 5519/3941/1 4129/2770/1
f 1812/2770/1 5311/3941/1 5640/3941/1 5427/2770/1
f 5311/3941/1 207/381/1 5476/381/1 5640/3941/1
f 5429/3808/3 5641/3807/3 5542/3807/3 4125/3808/3
f 1532/3808/3 5334/3807/3 5641/3807/3 5429/3808/3
f 5334/3807/3 3021/3806/3 5425/3806/3 5641/3807/3
f 5424/4325/4 5642/4327/4 5582/4327/4 4185/4325/4
f 3879/4325/4 5374/4327/4 5642/4327/4 5424/4325/4
f 5374/4327/4 1328/4046/4 5422/4046/4 5642/4327/4
f 5455/398/4 5643/4009/4 5561/4009/4 4120/398/4
f 1322/398/4 5353/4009/4 5643/4009/4 5455/398/4
f 5353/4009/4 3301/4008/4 5421/4008/4 5643/4009/4
f 5423/2757/1 5644/3951/1 5520/3951/1 4130/2757/1
f 1813/2757/1 5312/3951/1 5644/3951/1 5423/2757/1
f 5312/3951/1 96/405/1 5441/405/1 5644/3951/1
f 5419/3273/3 5645/3913/3 5549/3913/3 4169/3273/3
f 3151/3273/3 5341/3913/3 5645/3913/3 5419/3273/3
f 5341/3913/3 2802/3270/3 5420/3270/3 5645/3913/3
f 5421/4008/4 5646/4011/4 5562/4011/4 4175/4008/4
f 3301/4008/4 5354/4011/4 5646/4011/4 5421/4008/4
f 5354/4011/4 2597/4010/4 5478/4010/4 5646/4011/4
f 5459/3275/3 5647/3274/3 5550/3274/3 4127/3275/3
f 1626/3275/3 5342/3274/3 5647/3274/3 5459/3275/3
f 5342/3274/3 3151/3273/3 5419/3273/3 5647/3274/3
f 5417/1105/3 5648/4262/3 5571/4262/3 4180/1105/3
f 3700/1105/3 5363/4262/3 5648/4262/3 5417/1105/3
f 5363/4262/3 2059/1102/3 5418/1102/3 5648/4262/3
f 5415/3801/3 5649/3880/3 5543/3880/3 4166/3801/3
f 3022/3801/3 5335/3880/3 5649/3880/3 5415/3801/3
f 5335/3880/3 1991/1107/3 5416/1107/3 5649/3880/3
f 5416/1107/3 5650/1106/3 5572/1106/3 4136/1107/3
f 1991/1107/3 5364/1106/3 5650/1106/3 5416/1107/3
f 5364/1106/3 3700/1105/3 5417/1105/3 5650/1106/3
f 5470/2734/1 5651/2733/1 5496/2733/1 4099/2734/1
f 565/2734/1 5288/2733/1 5651/2733/1 5470/2734/1
f 5288/2733/1 1816/2732/1 5414/2732/1 5651/2733/1
f 5413/2745/1 5652/3960/1 5521/3960/1 4131/2745/1
f 1815/2745/1 5313/3960/1 5652/3960/1 5413/2745/1
f 5313/3960/1 208/390/1 5471/390/1 5652/3960/1
f 5411/4258/29 5653/4290/29 5528/4290/29 4107/4258/29
f 775/4258/29 5320/4290/29 5653/4290/29 5411/4258/29
f 5320/4290/29 2062/4288/29 5412/4288/29 5653/4290/29
f 5426/3803/3 5654/3802/3 5544/3802/3 4162/3803/3
f 2983/3803/3 5336/3802/3 5654/3802/3 5426/3803/3
f 5336/3802/3 3022/3801/3 5415/3801/3 5654/3802/3
f 5474/3981/4 5655/3980/4 5557/3980/4 4114/3981/4
f 1263/3981/4 5349/3980/4 5655/3980/4 5474/3981/4
f 5349/3980/4 3289/3979/4 5410/3979/4 5655/3980/4
f 5414/2732/1 5656/3971/1 5522/3971/1 4132/2732/1
f 1816/2732/1 5314/3971/1 5656/3971/1 5414/2732/1
f 5314/3971/1 185/376/1 5480/376/1 5656/3971/1
f 5408/4260/29 5657/4261/29 5529/4261/29 4094/4260/29
f 505/4260/29 5321/4261/29 5657/4261/29 5408/4260/29
f 5321/4261/29 2063/4257/29 5409/4257/29 5657/4261/29
f 5410/3979/4 5658/3983/4 5558/3983/4 4173/3979/4
f 3289/3979/4 5350/3983/4 5658/3983/4 5410/3979/4
f 5350/3983/4 2613/3982/4 5436/3982/4 5658/3983/4
f 5407/3268/3 5659/3914/3 5551/3914/3 4170/3268/3
f 3152/3268/3 5343/3914/3 5659/3914/3 5407/3268/3
f 5343/3914/3 1811/2785/3 5440/2785/3 5659/3914/3
f 5406/3876/29 5660/3877/29 5538/3877/29 4105/3876/29
f 746/3876/29 5330/3877/29 5660/3877/29 5406/3876/29
f 5330/3877/29 2987/3817/29 5453/3817/29 5660/3877/29
f 5422/4046/4 5661/4045/4 5569/4045/4 4124/4046/4
f 1328/4046/4 5361/4045/4 5661/4045/4 5422/4046/4
f 5361/4045/4 3319/4044/4 5405/4044/4 5661/4045/4
f 5420/3270/3 5662/3269/3 5552/3269/3 4156/3270/3
f 2802/3270/3 5344/3269/3 5662/3269/3 5420/3270/3
f 5344/3269/3 3152/3268/3 5407/3268/3 5662/3269/3
f 5412/4288/29 5663/4289/29 5502/4289/29 4142/4288/29
f 2062/4288/29 5294/4289/29 5663/4289/29 5412/4288/29
f 5294/4289/29 743/3884/29 5446/3884/29 5663/4289/29
f 5403/1100/3 5664/4263/3 5573/4263/3 4181/1100/3
f 3701/1100/3 5365/4263/3 5664/4263/3 5403/1100/3
f 5365/4263/3 1624/3289/3 5404/3289/3 5664/4263/3
f 5405/4044/4 5665/4048/4 5570/4048/4 4179/4044/4
f 3319/4044/4 5362/4048/4 5665/4048/4 5405/4044/4
f 5362/4048/4 2573/4047/4 5438/4047/4 5665/4048/4
f 5409/4257/29 5666/4259/29 5503/4259/29 4143/4257/29
f 2063/4257/29 5295/4259/29 5666/4259/29 5409/4257/29
f 5295/4259/29 775/4258/29 5411/4258/29 5666/4259/29
f 5418/1102/3 5667/1101/3 5574/1101/3 4141/1102/3
f 2059/1102/3 5366/1101/3 5667/1101/3 5418/1102/3
f 5366/1101/3 3701/1100/3 5403/1100/3 5667/1101/3
f 5432/4031/4 5668/4030/4 5563/4030/4 4113/4031/4
f 1262/4031/4 5355/4030/4 5668/4030/4 5432/4031/4
f 5355/4030/4 3310/4029/4 5402/4029/4 5668/4030/4
f 5402/4029/4 5669/4033/4 5564/4033/4 4176/4029/4
f 3310/4029/4 5356/4033/4 5669/4033/4 5402/4029/4
f 5356/4033/4 2585/4032/4 5401/4032/4 5669/4033/4
f 5452/2705/1 5670/2704/1 5497/2704/1 4100/2705/1
f 568/2705/1 5289/2704/1 5670/2704/1 5452/2705/1
f 5289/2704/1 1819/2703/1 5400/2703/1 5670/2704/1
f 5401/4032/4 5671/4320/4 5583/4320/4 4147/4032/4
f 2585/4032/4 5380/4320/4 5671/4320/4 5401/4032/4
f 5380/4320/4 3881/4321/4 5399/4321/4 5671/4320/4
f 5400/2703/1 5672/3989/1 5523/3989/1 4133/2703/1
f 1819/2703/1 5315/3989/1 5672/3989/1 5400/2703/1
f 5315/3989/1 209/400/1 5454/400/1 5672/3989/1
f 5399/4321/4 5673/4319/4 5584/4319/4 4186/4321/4
f 3881/4321/4 5381/4319/4 5673/4319/4 5399/4321/4
f 5381/4319/4 1327/4036/4 5396/4036/4 5673/4319/4
f 5433/2672/1 5674/2671/1 5498/2671/1 4101/2672/1
f 571/2672/1 5290/2671/1 5674/2671/1 5433/2672/1
f 5290/2671/1 1822/2670/1 5393/2670/1 5674/2671/1
f 5430/2659/1 5675/2658/1 5499/2658/1 4102/2659/1
f 572/2659/1 5291/2658/1 5675/2658/1 5430/2659/1
f 5291/2658/1 1823/2657/1 5390/2657/1 5675/2658/1
f 5393/2670/1 5676/4012/1 5524/4012/1 4134/2670/1
f 1822/2670/1 5316/4012/1 5676/4012/1 5393/2670/1
f 5316/4012/1 210/410/1 5434/410/1 5676/4012/1
f 5431/3986/4 5677/3985/4 5559/3985/4 4118/3986/4
f 1320/3986/4 5351/3985/4 5677/3985/4 5431/3986/4
f 5351/3985/4 3292/3984/4 5389/3984/4 5677/3985/4
f 5387/3287/3 5678/3911/3 5545/3911/3 4167/3287/3
f 3148/3287/3 5337/3911/3 5678/3911/3 5387/3287/3
f 5337/3911/3 2806/3284/3 5388/3284/3 5678/3911/3
f 5390/2657/1 5679/4021/1 5525/4021/1 4135/2657/1
f 1823/2657/1 5317/4021/1 5679/4021/1 5390/2657/1
f 5317/4021/1 184/395/1 5461/395/1 5679/4021/1
f 5389/3984/4 5680/3988/4 5560/3988/4 4174/3984/4
f 3292/3984/4 5352/3988/4 5680/3988/4 5389/3984/4
f 5352/3988/4 2609/3987/4 5456/3987/4 5680/3988/4
f 5404/3289/3 5681/3288/3 5546/3288/3 4126/3289/3
f 1624/3289/3 5338/3288/3 5681/3288/3 5404/3289/3
f 5338/3288/3 3148/3287/3 5387/3287/3 5681/3288/3
f 5385/4267/29 5682/4283/29 5526/4283/29 4106/4267/29
f 772/4267/29 5318/4283/29 5682/4283/29 5385/4267/29
f 5318/4283/29 2051/4281/29 5386/4281/29 5682/4283/29
f 5384/3282/3 5683/3912/3 5547/3912/3 4168/3282/3
f 3149/3282/3 5339/3912/3 5683/3912/3 5384/3282/3
f 5339/3912/3 1815/2745/3 5413/2745/3 5683/3912/3
f 5467/4269/29 5684/4270/29 5527/4270/29 4095/4269/29
f 507/4269/29 5319/4270/29 5684/4270/29 5467/4269/29
f 5319/4270/29 2052/4266/29 5383/4266/29 5684/4270/29
f 5396/4036/4 5685/4035/4 5565/4035/4 4123/4036/4
f 1327/4036/4 5357/4035/4 5685/4035/4 5396/4036/4
f 5357/4035/4 3313/4034/4 5382/4034/4 5685/4035/4
f 5388/3284/3 5686/3283/3 5548/3283/3 4157/3284/3
f 2806/3284/3 5340/3283/3 5686/3283/3 5388/3284/3
f 5340/3283/3 3149/3282/3 5384/3282/3 5686/3283/3
f 5386/4281/29 5687/4282/29 5500/4282/29 4138/4281/29
f 2051/4281/29 5292/4282/29 5687/4282/29 5386/4281/29
f 5292/4282/29 746/3876/29 5406/3876/29 5687/4282/29
f 5378/4037/29 5688/4287/29 5504/4287/29 4146/4037/29
f 2581/4037/29 5296/4287/29 5688/4287/29 5378/4037/29
f 5296/4287/29 575/3909/29 5379/3909/29 5688/4287/29
f 5382/4034/4 5689/4038/4 5566/4038/4 4177/4034/4
f 3313/4034/4 5358/4038/4 5689/4038/4 5382/4034/4
f 5358/4038/4 2581/4037/4 5378/4037/4 5689/4038/4
f 5383/4266/29 5690/4268/29 5501/4268/29 4139/4266/29
f 2052/4266/29 5293/4268/29 5690/4268/29 5383/4266/29
f 5293/4268/29 772/4267/29 5385/4267/29 5690/4268/29
f 5376/3907/29 5691/4285/29 5534/4285/29 4110/3907/29
f 964/3907/29 5326/4285/29 5691/4285/29 5376/3907/29
f 5326/4285/29 2809/4286/29 5377/4286/29 5691/4285/29
f 5377/4286/29 5692/4284/29 5509/4284/29 4158/4286/29
f 2809/4286/29 5301/4284/29 5692/4284/29 5377/4286/29
f 5301/4284/29 505/4260/29 5408/4260/29 5692/4284/29
f 5379/3909/29 5693/3910/29 5535/3910/29 4103/3909/29
f 575/3909/29 5327/3910/29 5693/3910/29 5379/3909/29
f 5327/3910/29 2810/3906/29 5375/3906/29 5693/3910/29
f 5375/3906/29 5694/3908/29 5510/3908/29 4159/3906/29
f 2810/3906/29 5302/3908/29 5694/3908/29 5375/3906/29
f 5302/3908/29 964/3907/29 5376/3907/29 5694/3908/29
f 5985/3899/2 6091/5546/2 6090/5547/2 4054/3546/2
f 4009/3553/2 5940/5548/2 6091/5546/2 5985/3899/2
f 5938/3547/2 6092/5549/2 5901/5550/2 3986/3548/2
f 4054/3546/2 6090/5547/2 6092/5549/2 5938/3547/2
f 5983/3901/2 6093/5551/2 6089/5552/2 4052/3536/2
f 4008/3543/2 5937/5553/2 6093/5551/2 5983/3901/2
f 5935/3537/2 6094/5554/2 5902/5555/2 3989/3538/2
f 4052/3536/2 6089/5552/2 6094/5554/2 5935/3537/2
f 5980/3905/2 6095/5556/2 6088/5557/2 4049/3513/2
f 4007/3520/2 5934/5558/2 6095/5556/2 5980/3905/2
f 5932/3514/2 6096/5559/2 5903/5560/2 3990/3515/2
f 4049/3513/2 6088/5557/2 6096/5559/2 5932/3514/2
f 5970/4160/2 6097/5561/2 6087/5562/2 4041/1934/2
f 4004/1941/2 5927/5563/2 6097/5561/2 5970/4160/2
f 5925/1935/2 6098/5564/2 5904/5565/2 3993/1936/2
f 4041/1934/2 6087/5562/2 6098/5564/2 5925/1935/2
f 5968/4170/2 6099/5566/2 6086/5567/2 4039/1900/2
f 4003/1907/2 5924/5568/2 6099/5566/2 5968/4170/2
f 5922/1901/2 6100/5569/2 5905/5570/2 3994/1902/2
f 4039/1900/2 6086/5567/2 6100/5569/2 5922/1901/2
f 4038/4174/2 6084/4301/2 6101/5571/2 5921/5572/2
f 6084/4301/2 4085/4302/2 6083/5573/2 6101/5571/2
f 4037/4179/2 6081/4310/2 6102/5574/2 5920/5575/2
f 6081/4310/2 4084/4311/2 6080/5576/2 6102/5574/2
f 5919/1848/2 6103/5577/2 5906/5578/2 3995/1849/2
f 4036/1847/2 6078/4313/2 6103/5577/2 5919/1848/2
f 6078/4313/2 4083/4312/2 6077/5579/2 6103/5577/2
f 5966/4197/2 6104/5580/2 6076/5581/2 4034/1813/2
f 4002/1820/2 5918/5582/2 6104/5580/2 5966/4197/2
f 5916/1814/2 6105/5583/2 5907/5584/2 3996/1815/2
f 4034/1813/2 6076/5581/2 6105/5583/2 5916/1814/2
f 4033/4201/2 6074/4306/2 6106/5585/2 5915/5586/2
f 6074/4306/2 4082/4305/2 6073/5587/2 6106/5585/2
f 4031/4211/2 6071/4296/2 6107/5588/2 5913/5589/2
f 6071/4296/2 4081/4297/2 6070/5590/2 6107/5588/2
f 4030/4216/2 6068/4304/2 6108/5591/2 5912/5592/2
f 6068/4304/2 4080/4303/2 6067/5593/2 6108/5591/2
f 5960/4363/2 4000/4274/2 5958/4280/2 6109/4455/2
f 5947/4375/2 3991/4276/2 5959/4277/2 6110/4453/2
f 6062/4450/2 6111/4451/2 6064/997/2 4079/996/2
f 5954/4412/2 6112/4449/2 6063/4272/2 4020/3185/2
f 6059/4446/2 6113/4447/2 6061/1002/2 4078/1001/2
f 5961/4452/2 6114/4445/2 6060/4271/2 4026/998/2
f 6056/4442/2 6115/4443/2 6058/1335/2 4077/1334/2
f 5953/4408/2 6116/4441/2 6057/4256/2 4019/3532/2
f 6053/4438/2 6117/4439/2 6055/1340/2 4076/1339/2
f 5962/4444/2 6118/4437/2 6054/4255/2 4027/1336/2
f 5965/4367/2 4001/4251/2 5963/4293/2 6119/4435/2
f 5946/4379/2 3988/4253/2 5964/4254/2 6120/4433/2
f 4017/4215/2 6049/4214/2 6121/5594/2 5900/5595/2
f 6049/4214/2 4075/4213/2 6048/5596/2 6121/5594/2
f 4012/4210/2 6046/4209/2 6122/5597/2 5895/5598/2
f 6046/4209/2 4074/4208/2 6045/5599/2 6122/5597/2
f 4016/4205/2 6043/4204/2 6123/5600/2 5899/5601/2
f 6043/4204/2 4073/4203/2 6042/5602/2 6123/5600/2
f 4013/4200/2 6040/4199/2 6124/5603/2 5896/5604/2
f 6040/4199/2 4072/4198/2 6039/5605/2 6124/5603/2
f 5967/4196/2 6125/5606/2 6038/5607/2 4035/1818/2
f 3989/3538/2 5902/5555/2 6125/5606/2 5967/4196/2
f 5917/1819/2 6126/5608/2 5918/5582/2 4002/1820/2
f 4035/1818/2 6038/5607/2 6126/5608/2 5917/1819/2
f 4015/4178/2 6036/4177/2 6127/5609/2 5898/5610/2
f 6036/4177/2 4071/4176/2 6035/5611/2 6127/5609/2
f 4014/4173/2 6033/4172/2 6128/5612/2 5897/5613/2
f 6033/4172/2 4070/4171/2 6032/5614/2 6128/5612/2
f 5969/4169/2 6129/5615/2 6031/5616/2 4040/1905/2
f 3990/3515/2 5903/5560/2 6129/5615/2 5969/4169/2
f 5923/1906/2 6130/5617/2 5924/5568/2 4003/1907/2
f 4040/1905/2 6031/5616/2 6130/5617/2 5923/1906/2
f 5971/4159/2 6131/5618/2 6030/5619/2 4042/1939/2
f 3986/3548/2 5901/5550/2 6131/5618/2 5971/4159/2
f 5926/1940/2 6132/5620/2 5927/5563/2 4004/1941/2
f 4042/1939/2 6030/5619/2 6132/5620/2 5926/1940/2
f 6027/4430/2 6133/4431/2 6029/3013/2 4069/3012/2
f 5952/4392/2 6134/4429/2 6028/3933/2 4018/3718/2
f 6024/4426/2 6135/4427/2 6026/3018/2 4068/3017/2
f 5972/4432/2 6136/4425/2 6025/3932/2 4043/3014/2
f 5975/4373/2 4005/3928/2 5973/4347/2 6137/4423/2
f 5945/4383/2 3987/3930/2 5974/3931/2 6138/4421/2
f 5978/4377/2 4006/3923/2 5976/4315/2 6139/4419/2
f 5948/4371/2 3992/3925/2 5977/3926/2 6140/4417/2
f 6017/4414/2 6141/4415/2 6019/3179/2 4067/3178/2
f 5955/4428/2 6142/4413/2 6018/3921/2 4021/3019/2
f 6014/4410/2 6143/4411/2 6016/3184/2 4066/3183/2
f 5979/4416/2 6144/4409/2 6015/3920/2 4048/3180/2
f 5981/3904/2 6145/5621/2 6013/5622/2 4050/3518/2
f 3993/1936/2 5904/5565/2 6145/5621/2 5981/3904/2
f 5933/3519/2 6146/5623/2 5934/5558/2 4007/3520/2
f 4050/3518/2 6013/5622/2 6146/5623/2 5933/3519/2
f 6010/4406/2 6147/4407/2 6012/3531/2 4065/3530/2
f 5982/3903/2 6148/4405/2 6011/3902/2 4051/3527/2
f 3994/1902/2 5905/5570/2 6148/4405/2 5982/3903/2
f 5984/3900/2 6149/5624/2 6009/5625/2 4053/3541/2
f 3995/1849/2 5906/5578/2 6149/5624/2 5984/3900/2
f 5936/3542/2 6150/5626/2 5937/5553/2 4008/3543/2
f 4053/3541/2 6009/5625/2 6150/5626/2 5936/3542/2
f 5986/3898/2 6151/5627/2 6008/5628/2 4055/3551/2
f 3996/1815/2 5907/5584/2 6151/5627/2 5986/3898/2
f 5939/3552/2 6152/5629/2 5940/5548/2 4009/3553/2
f 4055/3551/2 6008/5628/2 6152/5629/2 5939/3552/2
f 5989/4381/2 4010/3894/2 5987/4359/2 6153/4403/2
f 5949/4369/2 3997/3896/2 5988/3897/2 6154/4401/2
f 5992/4385/2 4011/3889/2 5990/4356/2 6155/4399/2
f 5950/4365/2 3998/3891/2 5991/3892/2 6156/4397/2
f 6001/4394/2 6157/4395/2 6003/3712/2 4064/3711/2
f 5956/4440/2 6158/4393/2 6002/3887/2 4022/1341/2
f 5998/4390/2 6159/4391/2 6000/3717/2 4063/3716/2
f 5993/4396/2 6160/4389/2 5999/3886/2 4060/3713/2
f 5995/4387/2 6161/4388/2 5997/3853/2 4062/3852/2
f 5951/4361/2 3999/3873/2 5994/3874/2 6161/4388/2
f 5957/4448/2 6162/4386/2 5996/3875/2 4023/1003/2
f 6004/4398/2 4059/3888/2 5944/3890/2 6163/4384/2
f 6005/4400/2 4058/4357/2 5943/4294/2 6164/4382/2
f 6006/4402/2 4057/3893/2 5942/3895/2 6165/4380/2
f 6007/4404/2 4056/4358/2 5941/4309/2 6166/4378/2
f 6020/4418/2 4047/3922/2 5931/3924/2 6167/4376/2
f 6021/4420/2 4046/4316/2 5930/4350/2 6168/4374/2
f 6022/4422/2 4045/3927/2 5929/3929/2 6169/4372/2
f 6023/4424/2 4044/4348/2 5928/4349/2 6170/4370/2
f 4070/4171/2 6034/4175/2 6171/5630/2 6032/5614/2
f 6034/4175/2 4038/4174/2 5921/5572/2 6171/5630/2
f 4071/4176/2 6037/4180/2 6172/5631/2 6035/5611/2
f 6037/4180/2 4037/4179/2 5920/5575/2 6172/5631/2
f 4072/4198/2 6041/4202/2 6173/5632/2 6039/5605/2
f 6041/4202/2 4033/4201/2 5915/5586/2 6173/5632/2
f 4073/4203/2 6044/4207/2 6174/4368/2 6042/5602/2
f 6044/4207/2 4032/4206/2 5914/4299/2 6174/4368/2
f 4074/4208/2 6047/4212/2 6175/5633/2 6045/5599/2
f 6047/4212/2 4031/4211/2 5913/5589/2 6175/5633/2
f 4075/4213/2 6050/4217/2 6176/5634/2 6048/5596/2
f 6050/4217/2 4030/4216/2 5912/5592/2 6176/5634/2
f 6051/4434/2 4029/4250/2 5911/4252/2 6177/4366/2
f 6052/4436/2 4028/4291/2 5910/4292/2 6178/4364/2
f 6065/4454/2 4025/4273/2 5909/4275/2 6179/4362/2
f 6066/4456/2 4024/4278/2 5908/4279/2 6180/4360/2
f 4080/4303/2 6069/4300/2 6181/5635/2 6067/5593/2
f 6069/4300/2 4013/4200/2 5896/5604/2 6181/5635/2
f 4081/4297/2 6072/4295/2 6182/5636/2 6070/5590/2
f 6072/4295/2 4017/4215/2 5900/5595/2 6182/5636/2
f 4082/4305/2 6075/4307/2 6183/5637/2 6073/5587/2
f 6075/4307/2 4016/4205/2 5899/5601/2 6183/5637/2
f 4083/4312/2 6079/4314/2 6184/5638/2 6077/5579/2
f 6079/4314/2 4014/4173/2 5897/5613/2 6184/5638/2
f 4084/4311/2 6082/4308/2 6185/5639/2 6080/5576/2
f 6082/4308/2 4012/4210/2 5895/5598/2 6185/5639/2
f 4085/4302/2 6085/4298/2 6186/5640/2 6083/5573/2
f 6085/4298/2 4015/4178/2 5898/5610/2 6186/5640/2
f 5893/1815/1 6187/1814/1 5916/1814/1 3996/1815/1
f 665/1815/1 5700/1814/1 6187/1814/1 5893/1815/1
f 5700/1814/1 2304/1813/1 5894/1813/1 6187/1814/1
f 5891/3894/29 6188/4359/29 5987/4359/29 4010/3894/29
f 987/3894/29 5742/4359/29 6188/4359/29 5891/3894/29
f 5742/4359/29 2897/4358/29 5892/4358/29 6188/4359/29
f 5889/1820/1 6189/1819/1 5917/1819/1 4002/1820/1
f 836/1820/1 5701/1819/1 6189/1819/1 5889/1820/1
f 5701/1819/1 2305/1818/1 5890/1818/1 6189/1819/1
f 5887/3896/29 6190/3897/29 5988/3897/29 3997/3896/29
f 667/3896/29 5743/3897/29 6190/3897/29 5887/3896/29
f 5743/3897/29 2898/3893/29 5888/3893/29 6190/3897/29
f 5885/1900/1 6191/4170/1 5968/4170/1 4039/1900/1
f 2335/1900/1 5727/4170/1 6191/4170/1 5885/1900/1
f 5727/4170/1 844/1907/1 5886/1907/1 6191/4170/1
f 5883/3017/4 6192/3932/4 6025/3932/4 4068/3017/4
f 3214/3017/4 5759/3932/4 6192/3932/4 5883/3017/4
f 5759/3932/4 2713/3014/4 5884/3014/4 6192/3932/4
f 5881/3716/4 6193/3886/4 5999/3886/4 4063/3716/4
f 3043/3716/4 5749/3886/4 6193/3886/4 5881/3716/4
f 5749/3886/4 2952/3713/4 5882/3713/4 6193/3886/4
f 5879/1905/1 6194/4169/1 5969/4169/1 4040/1905/1
f 2336/1905/1 5728/4169/1 6194/4169/1 5879/1905/1
f 5728/4169/1 479/3515/1 5880/3515/1 6194/4169/1
f 5877/4201/3 6195/4306/3 6074/4306/3 4033/4201/3
f 2300/4201/3 5788/4306/3 6195/4306/3 5877/4201/3
f 5788/4306/3 3812/4305/3 5878/4305/3 6195/4306/3
f 5876/3019/4 6196/3018/4 6026/3018/4 4021/3019/4
f 1785/3019/4 5760/3018/4 6196/3018/4 5876/3019/4
f 5760/3018/4 3214/3017/4 5883/3017/4 6196/3018/4
f 5875/3718/4 6197/3717/4 6000/3717/4 4018/3718/4
f 1542/3718/4 5750/3717/4 6197/3717/4 5875/3718/4
f 5750/3717/4 3043/3716/4 5881/3716/4 6197/3717/4
f 5878/4305/3 6198/4307/3 6075/4307/3 4082/4305/3
f 3812/4305/3 5789/4307/3 6198/4307/3 5878/4305/3
f 5789/4307/3 1418/4205/3 5874/4205/3 6198/4307/3
f 5872/4348/29 6199/4349/29 5928/4349/29 4044/4348/29
f 2716/4348/29 5707/4349/29 6199/4349/29 5872/4348/29
f 5707/4349/29 533/3925/29 5873/3925/29 6199/4349/29
f 5870/3927/29 6200/3929/29 5929/3929/29 4045/3927/29
f 2717/3927/29 5708/3929/29 6200/3929/29 5870/3927/29
f 5708/3929/29 940/3928/29 5871/3928/29 6200/3929/29
f 5869/3012/4 6201/3933/4 6028/3933/4 4069/3012/4
f 3215/3012/4 5761/3933/4 6201/3933/4 5869/3012/4
f 5761/3933/4 1542/3718/4 5875/3718/4 6201/3933/4
f 5867/3711/4 6202/3887/4 6002/3887/4 4064/3711/4
f 3044/3711/4 5751/3887/4 6202/3887/4 5867/3711/4
f 5751/3887/4 1965/1341/4 5868/1341/4 6202/3887/4
f 5865/3183/4 6203/3920/4 6015/3920/4 4066/3183/4
f 3173/3183/4 5755/3920/4 6203/3920/4 5865/3183/4
f 5755/3920/4 2771/3180/4 5866/3180/4 6203/3920/4
f 5884/3014/4 6204/3013/4 6029/3013/4 4043/3014/4
f 2713/3014/4 5762/3013/4 6204/3013/4 5884/3014/4
f 5762/3013/4 3215/3012/4 5869/3012/4 6204/3013/4
f 5882/3713/4 6205/3712/4 6003/3712/4 4060/3713/4
f 2952/3713/4 5752/3712/4 6205/3712/4 5882/3713/4
f 5752/3712/4 3044/3711/4 5867/3711/4 6205/3712/4
f 5863/3852/4 6206/3875/4 5996/3875/4 4062/3852/4
f 3010/3852/4 5747/3875/4 6206/3875/4 5863/3852/4
f 5747/3875/4 2002/1003/4 5864/1003/4 6206/3875/4
f 5862/3185/4 6207/3184/4 6016/3184/4 4020/3185/4
f 1635/3185/4 5756/3184/4 6207/3184/4 5862/3185/4
f 5756/3184/4 3173/3183/4 5865/3183/4 6207/3184/4
f 5860/3889/29 6208/4356/29 5990/4356/29 4011/3889/29
f 1000/3889/29 5744/4356/29 6208/4356/29 5860/3889/29
f 5744/4356/29 2948/4357/29 5861/4357/29 6208/4356/29
f 5859/3854/4 6209/3853/4 5997/3853/4 4061/3854/4
f 2999/3854/3 5748/3853/3 6209/3853/3 5859/3854/3
f 5748/3853/4 3010/3852/4 5863/3852/4 6209/3853/4
f 5857/3891/29 6210/3892/29 5991/3892/29 3998/3891/29
f 717/3891/29 5745/3892/29 6210/3892/29 5857/3891/29
f 5745/3892/29 2949/3888/29 5858/3888/29 6210/3892/29
f 5856/3178/4 6211/3921/4 6018/3921/4 4067/3178/4
f 3174/3178/4 5757/3921/4 6211/3921/4 5856/3178/4
f 5757/3921/4 1785/3019/4 5876/3019/4 6211/3921/4
f 5854/3530/4 6212/3902/4 6011/3902/4 4065/3530/4
f 3088/3530/4 5753/3902/4 6212/3902/4 5854/3530/4
f 5753/3902/4 2888/3527/4 5855/3527/4 6212/3902/4
f 5852/1849/1 6213/1848/1 5919/1848/1 3995/1849/1
f 661/1849/1 5702/1848/1 6213/1848/1 5852/1849/1
f 5702/1848/1 2315/1847/1 5853/1847/1 6213/1848/1
f 5866/3180/4 6214/3179/4 6019/3179/4 4048/3180/4
f 2771/3180/4 5758/3179/4 6214/3179/4 5866/3180/4
f 5758/3179/4 3174/3178/4 5856/3178/4 6214/3179/4
f 5850/4316/29 6215/4350/29 5930/4350/29 4046/4316/29
f 2767/4316/29 5709/4350/29 6215/4350/29 5850/4316/29
f 5709/4350/29 516/4276/29 5851/4276/29 6215/4350/29
f 5849/3532/4 6216/3531/4 6012/3531/4 4019/3532/4
f 1597/3532/4 5754/3531/4 6216/3531/4 5849/3532/4
f 5754/3531/4 3088/3530/4 5854/3530/4 6216/3531/4
f 5847/1934/1 6217/4160/1 5970/4160/1 4041/1934/1
f 2346/1934/1 5729/4160/1 6217/4160/1 5847/1934/1
f 5729/4160/1 847/1941/1 5848/1941/1 6217/4160/1
f 5845/3922/29 6218/3924/29 5931/3924/29 4047/3922/29
f 2768/3922/29 5710/3924/29 6218/3924/29 5845/3922/29
f 5710/3924/29 953/3923/29 5846/3923/29 6218/3924/29
f 5844/4291/29 6219/4292/29 5910/4292/29 4028/4291/29
f 2141/4291/29 5697/4292/29 6219/4292/29 5844/4291/29
f 5697/4292/29 717/3891/29 5857/3891/29 6219/4292/29
f 5842/1939/1 6220/4159/1 5971/4159/1 4042/1939/1
f 2347/1939/1 5730/4159/1 6220/4159/1 5842/1939/1
f 5730/4159/1 418/3548/1 5843/3548/1 6220/4159/1
f 5840/4250/29 6221/4252/29 5911/4252/29 4029/4250/29
f 2142/4250/29 5698/4252/29 6221/4252/29 5840/4250/29
f 5698/4252/29 795/4251/29 5841/4251/29 6221/4252/29
f 5880/3515/1 6222/3514/1 5932/3514/1 3990/3515/1
f 479/3515/1 5711/3514/1 6222/3514/1 5880/3515/1
f 5711/3514/1 2884/3513/1 5839/3513/1 6222/3514/1
f 5837/3520/1 6223/3519/1 5933/3519/1 4007/3520/1
f 983/3520/1 5712/3519/1 6223/3519/1 5837/3520/1
f 5712/3519/1 2885/3518/1 5838/3518/1 6223/3519/1
f 5841/4251/29 6224/4293/29 5963/4293/29 4001/4251/29
f 795/4251/29 5723/4293/29 6224/4293/29 5841/4251/29
f 5723/4293/29 2141/4291/29 5844/4291/29 6224/4293/29
f 5894/1813/1 6225/4197/1 5966/4197/1 4034/1813/1
f 2304/1813/1 5725/4197/1 6225/4197/1 5894/1813/1
f 5725/4197/1 836/1820/1 5889/1820/1 6225/4197/1
f 5836/4253/29 6226/4254/29 5964/4254/29 3988/4253/29
f 476/4253/29 5724/4254/29 6226/4254/29 5836/4253/29
f 5724/4254/29 2142/4250/29 5840/4250/29 6226/4254/29
f 5890/1818/1 6227/4196/1 5967/4196/1 4035/1818/1
f 2305/1818/1 5726/4196/1 6227/4196/1 5890/1818/1
f 5726/4196/1 478/3538/1 5835/3538/1 6227/4196/1
f 5833/4210/3 6228/4209/3 6046/4209/3 4012/4210/3
f 1217/4210/3 5771/4209/3 6228/4209/3 5833/4210/3
f 5771/4209/3 3529/4208/3 5834/4208/3 6228/4209/3
f 5834/4208/3 6229/4212/3 6047/4212/3 4074/4208/3
f 3529/4208/3 5772/4212/3 6229/4212/3 5834/4208/3
f 5772/4212/3 2292/4211/3 5832/4211/3 6229/4212/3
f 5830/1001/4 6230/4271/4 6060/4271/4 4078/1001/4
f 3725/1001/4 5779/4271/4 6230/4271/4 5830/1001/4
f 5779/4271/4 2024/998/4 5831/998/4 6230/4271/4
f 5871/3928/29 6231/4347/29 5973/4347/29 4005/3928/29
f 940/3928/29 5731/4347/29 6231/4347/29 5871/3928/29
f 5731/4347/29 2716/4348/29 5872/4348/29 6231/4347/29
f 5864/1003/4 6232/1002/4 6061/1002/4 4023/1003/4
f 2002/1003/4 5780/1002/4 6232/1002/4 5864/1003/4
f 5780/1002/4 3725/1001/4 5830/1001/4 6232/1002/4
f 5829/3930/29 6233/3931/29 5974/3931/29 3987/3930/29
f 458/3930/29 5732/3931/29 6233/3931/29 5829/3930/29
f 5732/3931/29 2717/3927/29 5870/3927/29 6233/3931/29
f 5853/1847/3 6234/4313/3 6078/4313/3 4036/1847/3
f 2315/1847/3 5799/4313/3 6234/4313/3 5853/1847/3
f 5799/4313/3 3815/4312/3 5828/4312/3 6234/4313/3
f 5828/4312/3 6235/4314/3 6079/4314/3 4083/4312/3
f 3815/4312/3 5800/4314/3 6235/4314/3 5828/4312/3
f 5800/4314/3 1235/4173/3 5827/4173/3 6235/4314/3
f 5826/996/4 6236/4272/4 6063/4272/4 4079/996/4
f 3726/996/4 5781/4272/4 6236/4272/4 5826/996/4
f 5781/4272/4 1635/3185/4 5862/3185/4 6236/4272/4
f 5824/1339/4 6237/4255/4 6054/4255/4 4076/1339/4
f 3642/1339/4 5775/4255/4 6237/4255/4 5824/1339/4
f 5775/4255/4 2138/1336/4 5825/1336/4 6237/4255/4
f 5831/998/4 6238/997/4 6064/997/4 4026/998/4
f 2024/998/4 5782/997/4 6238/997/4 5831/998/4
f 5782/997/4 3726/996/4 5826/996/4 6238/997/4
f 5868/1341/4 6239/1340/4 6055/1340/4 4022/1341/4
f 1965/1341/4 5776/1340/4 6239/1340/4 5868/1341/4
f 5776/1340/4 3642/1339/4 5824/1339/4 6239/1340/4
f 5835/3538/1 6240/3537/1 5935/3537/1 3989/3538/1
f 478/3538/1 5713/3537/1 6240/3537/1 5835/3538/1
f 5713/3537/1 2891/3536/1 5823/3536/1 6240/3537/1
f 5821/3543/1 6241/3542/1 5936/3542/1 4008/3543/1
f 985/3543/1 5714/3542/1 6241/3542/1 5821/3543/1
f 5714/3542/1 2892/3541/1 5822/3541/1 6241/3542/1
f 5819/4278/29 6242/4279/29 5908/4279/29 4024/4278/29
f 2020/4278/29 5695/4279/29 6242/4279/29 5819/4278/29
f 5695/4279/29 756/3873/29 5820/3873/29 6242/4279/29
f 5827/4173/3 6243/4172/3 6033/4172/3 4014/4173/3
f 1235/4173/3 5763/4172/3 6243/4172/3 5827/4173/3
f 5763/4172/3 3500/4171/3 5818/4171/3 6243/4172/3
f 5846/3923/29 6244/4315/29 5976/4315/29 4006/3923/29
f 953/3923/29 5733/4315/29 6244/4315/29 5846/3923/29
f 5733/4315/29 2767/4316/29 5850/4316/29 6244/4315/29
f 5816/4273/29 6245/4275/29 5909/4275/29 4025/4273/29
f 2021/4273/29 5696/4275/29 6245/4275/29 5816/4273/29
f 5696/4275/29 764/4274/29 5817/4274/29 6245/4275/29
f 5815/1334/4 6246/4256/4 6057/4256/4 4077/1334/4
f 3643/1334/4 5777/4256/4 6246/4256/4 5815/1334/4
f 5777/4256/4 1597/3532/4 5849/3532/4 6246/4256/4
f 5818/4171/3 6247/4175/3 6034/4175/3 4070/4171/3
f 3500/4171/3 5764/4175/3 6247/4175/3 5818/4171/3
f 5764/4175/3 2331/4174/3 5814/4174/3 6247/4175/3
f 5873/3925/29 6248/3926/29 5977/3926/29 3992/3925/29
f 533/3925/29 5734/3926/29 6248/3926/29 5873/3925/29
f 5734/3926/29 2768/3922/29 5845/3922/29 6248/3926/29
f 5825/1336/4 6249/1335/4 6058/1335/4 4027/1336/4
f 2138/1336/4 5778/1335/4 6249/1335/4 5825/1336/4
f 5778/1335/4 3643/1334/4 5815/1334/4 6249/1335/4
f 5812/4215/3 6250/4214/3 6049/4214/3 4017/4215/3
f 1419/4215/3 5773/4214/3 6250/4214/3 5812/4215/3
f 5773/4214/3 3532/4213/3 5813/4213/3 6250/4214/3
f 5843/3548/1 6251/3547/1 5938/3547/1 3986/3548/1
f 418/3548/1 5715/3547/1 6251/3547/1 5843/3548/1
f 5715/3547/1 2894/3546/1 5811/3546/1 6251/3547/1
f 5813/4213/3 6252/4217/3 6050/4217/3 4075/4213/3
f 3532/4213/3 5774/4217/3 6252/4217/3 5813/4213/3
f 5774/4217/3 2288/4216/3 5810/4216/3 6252/4217/3
f 5839/3513/1 6253/3905/1 5980/3905/1 4049/3513/1
f 2884/3513/1 5735/3905/1 6253/3905/1 5839/3513/1
f 5735/3905/1 983/3520/1 5837/3520/1 6253/3905/1
f 5808/3553/1 6254/3552/1 5939/3552/1 4009/3553/1
f 986/3553/1 5716/3552/1 6254/3552/1 5808/3553/1
f 5716/3552/1 2895/3551/1 5809/3551/1 6254/3552/1
f 5838/3518/1 6255/3904/1 5981/3904/1 4050/3518/1
f 2885/3518/1 5736/3904/1 6255/3904/1 5838/3518/1
f 5736/3904/1 652/1936/1 5807/1936/1 6255/3904/1
f 5801/4200/3 6256/4199/3 6040/4199/3 4013/4200/3
f 1234/4200/3 5767/4199/3 6256/4199/3 5801/4200/3
f 5767/4199/3 3523/4198/3 5804/4198/3 6256/4199/3
f 5820/3873/29 6257/3874/29 5994/3874/29 3999/3873/29
f 756/3873/29 5746/3874/29 6257/3874/29 5820/3873/29
f 5746/3874/29 2999/3854/29 5859/3854/29 6257/3874/29
f 5797/4179/3 6258/4310/3 6081/4310/3 4037/4179/3
f 2327/4179/3 5802/4310/3 6258/4310/3 5797/4179/3
f 5802/4310/3 3818/4311/3 5798/4311/3 6258/4310/3
f 5804/4198/3 6259/4202/3 6041/4202/3 4072/4198/3
f 3523/4198/3 5768/4202/3 6259/4202/3 5804/4198/3
f 5768/4202/3 2300/4201/3 5877/4201/3 6259/4202/3
f 5892/4358/29 6260/4309/29 5941/4309/29 4056/4358/29
f 2897/4358/29 5717/4309/29 6260/4309/29 5892/4358/29
f 5717/4309/29 476/4253/29 5836/4253/29 6260/4309/29
f 5798/4311/3 6261/4308/3 6082/4308/3 4084/4311/3
f 3818/4311/3 5803/4308/3 6261/4308/3 5798/4311/3
f 5803/4308/3 1217/4210/3 5833/4210/3 6261/4308/3
f 5888/3893/29 6262/3895/29 5942/3895/29 4057/3893/29
f 2898/3893/29 5718/3895/29 6262/3895/29 5888/3893/29
f 5718/3895/29 987/3894/29 5891/3894/29 6262/3895/29
f 5796/1902/1 6263/1901/1 5922/1901/1 3994/1902/1
f 656/1902/1 5703/1901/1 6263/1901/1 5796/1902/1
f 5703/1901/1 2335/1900/1 5885/1900/1 6263/1901/1
f 5855/3527/1 6264/3903/1 5982/3903/1 4051/3527/1
f 2888/3527/1 5737/3903/1 6264/3903/1 5855/3527/1
f 5737/3903/1 656/1902/1 5796/1902/1 6264/3903/1
f 5886/1907/1 6265/1906/1 5923/1906/1 4003/1907/1
f 844/1907/1 5704/1906/1 6265/1906/1 5886/1907/1
f 5704/1906/1 2336/1905/1 5879/1905/1 6265/1906/1
f 5810/4216/3 6266/4304/3 6068/4304/3 4030/4216/3
f 2288/4216/3 5783/4304/3 6266/4304/3 5810/4216/3
f 5783/4304/3 3809/4303/3 5795/4303/3 6266/4304/3
f 5814/4174/3 6267/4301/3 6084/4301/3 4038/4174/3
f 2331/4174/3 5805/4301/3 6267/4301/3 5814/4174/3
f 5805/4301/3 3819/4302/3 5794/4302/3 6267/4301/3
f 5795/4303/3 6268/4300/3 6069/4300/3 4080/4303/3
f 3809/4303/3 5784/4300/3 6268/4300/3 5795/4303/3
f 5784/4300/3 1234/4200/3 5801/4200/3 6268/4300/3
f 5793/4206/29 6269/4299/29 5914/4299/29 4032/4206/29
f 2296/4206/29 5699/4299/29 6269/4299/29 5793/4206/29
f 5699/4299/29 667/3896/29 5887/3896/29 6269/4299/29
f 5794/4302/3 6270/4298/3 6085/4298/3 4085/4302/3
f 3819/4302/3 5806/4298/3 6270/4298/3 5794/4302/3
f 5806/4298/3 1409/4178/3 5792/4178/3 6270/4298/3
f 5792/4178/3 6271/4177/3 6036/4177/3 4015/4178/3
f 1409/4178/3 5765/4177/3 6271/4177/3 5792/4178/3
f 5765/4177/3 3503/4176/3 5791/4176/3 6271/4177/3
f 5791/4176/3 6272/4180/3 6037/4180/3 4071/4176/3
f 3503/4176/3 5766/4180/3 6272/4180/3 5791/4176/3
f 5766/4180/3 2327/4179/3 5797/4179/3 6272/4180/3
f 5832/4211/3 6273/4296/3 6071/4296/3 4031/4211/3
f 2292/4211/3 5785/4296/3 6273/4296/3 5832/4211/3
f 5785/4296/3 3810/4297/3 5790/4297/3 6273/4296/3
f 5790/4297/3 6274/4295/3 6072/4295/3 4081/4297/3
f 3810/4297/3 5786/4295/3 6274/4295/3 5790/4297/3
f 5786/4295/3 1419/4215/3 5812/4215/3 6274/4295/3
f 5861/4357/29 6275/4294/29 5943/4294/29 4058/4357/29
f 2948/4357/29 5719/4294/29 6275/4294/29 5861/4357/29
f 5719/4294/29 458/3930/29 5829/3930/29 6275/4294/29
f 5823/3536/1 6276/3901/1 5983/3901/1 4052/3536/1
f 2891/3536/1 5738/3901/1 6276/3901/1 5823/3536/1
f 5738/3901/1 985/3543/1 5821/3543/1 6276/3901/1
f 5858/3888/29 6277/3890/29 5944/3890/29 4059/3888/29
f 2949/3888/29 5720/3890/29 6277/3890/29 5858/3888/29
f 5720/3890/29 1000/3889/29 5860/3889/29 6277/3890/29
f 5822/3541/1 6278/3900/1 5984/3900/1 4053/3541/1
f 2892/3541/1 5739/3900/1 6278/3900/1 5822/3541/1
f 5739/3900/1 661/1849/1 5852/1849/1 6278/3900/1
f 5817/4274/29 6279/4280/29 5958/4280/29 4000/4274/29
f 764/4274/29 5721/4280/29 6279/4280/29 5817/4274/29
f 5721/4280/29 2020/4278/29 5819/4278/29 6279/4280/29
f 5874/4205/3 6280/4204/3 6043/4204/3 4016/4205/3
f 1418/4205/3 5769/4204/3 6280/4204/3 5874/4205/3
f 5769/4204/3 3526/4203/3 5787/4203/3 6280/4204/3
f 5851/4276/29 6281/4277/29 5959/4277/29 3991/4276/29
f 516/4276/29 5722/4277/29 6281/4277/29 5851/4276/29
f 5722/4277/29 2021/4273/29 5816/4273/29 6281/4277/29
f 5787/4203/3 6282/4207/3 6044/4207/3 4073/4203/3
f 3526/4203/3 5770/4207/3 6282/4207/3 5787/4203/3
f 5770/4207/3 2296/4206/3 5793/4206/3 6282/4207/3
f 5811/3546/1 6283/3899/1 5985/3899/1 4054/3546/1
f 2894/3546/1 5740/3899/1 6283/3899/1 5811/3546/1
f 5740/3899/1 986/3553/1 5808/3553/1 6283/3899/1
f 5807/1936/1 6284/1935/1 5925/1935/1 3993/1936/1
f 652/1936/1 5705/1935/1 6284/1935/1 5807/1936/1
f 5705/1935/1 2346/1934/1 5847/1934/1 6284/1935/1
f 5809/3551/1 6285/3898/1 5986/3898/1 4055/3551/1
f 2895/3551/1 5741/3898/1 6285/3898/1 5809/3551/1
f 5741/3898/1 665/1815/1 5893/1815/1 6285/3898/1
f 5848/1941/1 6286/1940/1 5926/1940/1 4004/1941/1
f 847/1941/1 5706/1940/1 6286/1940/1 5848/1941/1
f 5706/1940/1 2347/1939/1 5842/1939/1 6286/1940/1
f 6103/5577/38 6078/4313/38 4131/2745/38 5521/3960/38 4090/390/38 5489/389/38 4117/388/38 5515/4340/38 4099/2734/38 5496/2733/38 4132/2732/38 5522/3971/38 4088/376/38 5487/375/38 4115/374/38 5513/4342/38 4097/2772/38 5494/2771/38 4129/2770/38 5519/3941/38 4089/381/38 5488/380/38 4116/379/38 5514/4341/38 4098/2759/38 5495/2758/38 4130/2757/38 5520/3951/38 4086/405/38 5492/404/38 4121/403/38 5517/4329/38 4101/2672/38 5498/2671/38 4134/2670/38 5524/4012/38 4092/410/38 5493/409/38 4122/408/38 5518/4328/38 4102/2659/38 5499/2658/38 4135/2657/38 5525/4021/38 4087/395/38 5490/394/38 4119/393/38 5516/4333/38 4100/2705/38 5497/2704/38 4133/2703/38 5523/3989/38 4091/400/38 5491/399/38 6148/4405/38 5905/5570/38 6100/5569/38 6086/5567/38 6099/5566/38 5924/5568/38 6130/5617/38 6031/5616/38 6129/5615/38 5903/5560/38 6096/5559/38 6088/5557/38 6095/5556/38 5934/5558/38 6146/5623/38 6013/5622/38 6145/5621/38 5904/5565/38 6098/5564/38 6087/5562/38 6097/5561/38 5927/5563/38 6132/5620/38 6030/5619/38 6131/5618/38 5901/5550/38 6092/5549/38 6090/5547/38 6091/5546/38 5940/5548/38 6152/5629/38 6008/5628/38 6151/5627/38 5907/5584/38 6105/5583/38 6076/5581/38 6104/5580/38 5918/5582/38 6126/5608/38 6038/5607/38 6125/5606/38 5902/5555/38 6094/5554/38 6089/5552/38 6093/5551/38 5937/5553/38 6150/5626/38 6009/5625/38 6149/5624/38 5906/5578/38
f 4120/5641/38 6011/5641/38 6148/5641/38 5491/5641/38
f 6011/5641/4 4120/5641/4 4187/5641/4 5557/5641/4 6057/5641/4
f 6057/5641/4 5557/5641/4 5569/5641/4 4146/5641/4 4061/5641/4 6018/5641/4
f 4146/5641/39 4163/5641/39 4032/5641/39 675/5641/39 4061/5641/39
f 4131/2745/3 6078/4313/3 6033/5641/3 5573/5641/3 5545/5641/3
f 4032/5641/3 4163/5641/3 5573/5641/3 6033/5641/3
f 6350/4000/5 6384/4007/5 6360/4007/5 4272/4000/5
f 255/4000/40 6295/4007/40 6384/4007/40 6350/4000/40
f 6295/4007/40 1509/4005/40 6351/4005/40 6384/4007/40
f 6348/3947/5 6385/3949/5 6381/3949/5 4668/3947/5
f 1653/3947/40 6316/3949/40 6385/3949/40 6348/3947/40
f 6316/3949/40 37/3948/40 6349/3948/40 6385/3949/40
f 6346/3991/5 6386/3998/5 6364/3998/5 4312/3991/5
f 387/3991/40 6299/3998/40 6386/3998/40 6346/3991/40
f 6299/3998/40 1641/3995/40 6347/3995/40 6386/3998/40
f 6344/3962/5 6387/3970/5 6367/3970/5 4328/3962/5
f 436/3962/40 6302/3970/40 6387/3970/40 6344/3962/40
f 6302/3970/40 1689/3966/40 6345/3966/40 6387/3970/40
f 6342/3973/5 6388/3978/5 6363/3978/5 4288/3973/5
f 307/3973/40 6298/3978/40 6388/3978/40 6342/3973/40
f 6298/3978/40 1561/3976/40 6343/3976/40 6388/3978/40
f 6341/3999/5 6389/4001/5 6368/4001/5 4480/3999/5
f 1016/3999/40 6303/4001/40 6389/4001/40 6341/3999/40
f 6303/4001/40 255/4000/40 6350/4000/40 6389/4001/40
f 6339/3957/5 6390/3958/5 6377/3958/5 4628/3957/5
f 1521/3957/40 6312/3958/40 6390/3958/40 6339/3957/40
f 6312/3958/40 85/3945/40 6340/3945/40 6390/3958/40
f 6338/3990/5 6391/3992/5 6372/3992/5 4520/3990/5
f 1148/3990/40 6307/3992/40 6391/3992/40 6338/3990/40
f 6307/3992/40 387/3991/40 6346/3991/40 6391/3992/40
f 6337/3961/5 6392/3963/5 6375/3963/5 4536/3961/5
f 1197/3961/40 6310/3963/40 6392/3963/40 6337/3961/40
f 6310/3963/40 436/3962/40 6344/3962/40 6392/3963/40
f 6336/3972/5 6393/3974/5 6371/3974/5 4496/3972/5
f 1068/3972/40 6306/3974/40 6393/3974/40 6336/3972/40
f 6306/3974/40 307/3973/40 6342/3973/40 6393/3974/40
f 6335/3953/5 6394/3959/5 6361/3959/5 4276/3953/5
f 267/3953/40 6296/3959/40 6394/3959/40 6335/3953/40
f 6296/3959/40 1521/3957/40 6339/3957/40 6394/3959/40
f 6334/3943/5 6395/3950/5 6365/3950/5 4316/3943/5
f 399/3943/40 6300/3950/40 6395/3950/40 6334/3943/40
f 6300/3950/40 1653/3947/40 6348/3947/40 6395/3950/40
f 6332/4016/5 6396/4017/5 6358/4017/5 4228/4016/5
f 111/4016/40 6293/4017/40 6396/4017/40 6332/4016/40
f 6293/4017/40 1185/4013/40 6333/4013/40 6396/4017/40
f 6330/3996/5 6397/4025/5 6354/4025/5 4200/3996/5
f 25/3996/40 6289/4025/40 6397/4025/40 6330/3996/40
f 6289/4025/40 1056/4022/40 6331/4022/40 6397/4025/40
f 6329/3952/5 6398/3954/5 6369/3954/5 4484/3952/5
f 1028/3952/40 6304/3954/40 6398/3954/40 6329/3952/40
f 6304/3954/40 267/3953/40 6335/3953/40 6398/3954/40
f 6328/3942/5 6399/3944/5 6373/3944/5 4524/3942/5
f 1160/3942/40 6308/3944/40 6399/3944/40 6328/3942/40
f 6308/3944/40 399/3943/40 6334/3943/40 6399/3944/40
f 6327/4002/41 6400/4004/41 6352/4004/41 4192/4002/41 6431/4002/41
f 6/4002/42 6287/4004/42 6400/4004/42 6327/4002/42 6425/4002/42
f 6287/4004/40 1016/3999/40 6341/3999/40 6400/4004/40
f 6326/3993/5 6401/3994/5 6356/3994/5 4216/3993/5
f 73/3993/40 6291/3994/40 6401/3994/40 6326/3993/40
f 6291/3994/40 1148/3990/40 6338/3990/40 6401/3994/40
f 6325/3964/5 6402/3965/5 6359/3965/5 4232/3964/5
f 123/3964/40 6294/3965/40 6402/3965/40 6325/3964/40
f 6294/3965/40 1197/3961/40 6337/3961/40 6402/3965/40
f 6349/3948/5 6403/3975/5 6355/3975/5 4204/3948/5
f 37/3948/40 6290/3975/40 6403/3975/40 6349/3948/40
f 6290/3975/40 1068/3972/40 6336/3972/40 6403/3975/40
f 6323/4018/5 6404/4019/5 6382/4019/5 4676/4018/5
f 1677/4018/40 6317/4019/40 6404/4019/40 6323/4018/40
f 6317/4019/40 10/3955/40 6324/3955/40 6404/4019/40
f 6321/4026/5 6405/4027/5 6378/4027/5 4636/4026/5
f 1549/4026/40 6313/4027/40 6405/4027/40 6321/4026/40
f 6313/4027/40 111/4016/40 6332/4016/40 6405/4027/40
f 6324/3955/5 6406/3956/5 6353/3956/5 4195/3955/5
f 10/3955/40 6288/3956/40 6406/3956/40 6324/3955/40
f 6288/3956/40 1028/3952/40 6329/3952/40 6406/3956/40
f 6340/3945/5 6407/3946/5 6357/3946/5 4220/3945/5
f 85/3945/40 6292/3946/40 6407/3946/40 6340/3945/40
f 6292/3946/40 1160/3942/40 6328/3942/40 6407/3946/40
f 6347/3995/5 6408/3997/5 6380/3997/5 4664/3995/5
f 1641/3995/40 6315/3997/40 6408/3997/40 6347/3995/40
f 6315/3997/40 25/3996/40 6330/3996/40 6408/3997/40
f 6345/3966/5 6409/3969/5 6383/3969/5 4680/3966/5
f 1689/3966/40 6318/3969/40 6409/3969/40 6345/3966/40
f 6318/3969/43 2/3968/43 6424/3968/43 6322/3968/43 6409/3969/43
f 6320/4014/5 6410/4020/5 6366/4020/5 4324/4014/5
f 424/4014/40 6301/4020/40 6410/4020/40 6320/4014/40
f 6301/4020/40 1677/4018/40 6323/4018/40 6410/4020/40
f 6319/4023/5 6411/4028/5 6362/4028/5 4284/4023/5
f 295/4023/40 6297/4028/40 6411/4028/40 6319/4023/40
f 6297/4028/40 1549/4026/40 6321/4026/40 6411/4028/40
f 6351/4005/5 6412/4006/5 6376/4006/5 4624/4005/5
f 1509/4005/40 6311/4006/40 6412/4006/40 6351/4005/40
f 6311/4006/40 73/3993/40 6326/3993/40 6412/4006/40
f 6343/3976/5 6413/3977/5 6379/3977/5 4640/3976/5
f 1561/3976/40 6314/3977/40 6413/3977/40 6343/3976/40
f 6314/3977/40 123/3964/40 6325/3964/40 6413/3977/40
f 6333/4013/5 6414/4015/5 6374/4015/5 4532/4013/5
f 1185/4013/40 6309/4015/40 6414/4015/40 6333/4013/40
f 6309/4015/40 424/4014/40 6320/4014/40 6414/4015/40
f 6331/4022/5 6415/4024/5 6370/4024/5 4492/4022/5
f 1056/4022/40 6305/4024/40 6415/4024/40 6331/4022/40
f 6305/4024/40 295/4023/40 6319/4023/40 6415/4024/40
f 6419/4317/3 6432/4096/3 6417/4003/3 6/4002/3
f 1688/4098/3 6423/4097/3 6432/4096/3 6419/4317/3
f 6423/4097/3 3421/2207/3 6422/2211/3 6432/4096/3
f 6418/4318/4 6433/4074/4 6421/4072/4 1026/4071/4
f 2/3968/4 6416/3967/4 6433/4074/4 6418/4318/4
f 6416/3967/4 1017/2739/4 6420/4075/4 6433/4074/4
l 5521 6103
